model,disease,horizon,origin,cd_mun,time_idx,y_true,y_pred
seasonal_naive,hanseniase,1,origin_201912,3505708,240,0.0,0.0
seasonal_naive,hanseniase,1,origin_201912,3506003,240,2.0,0.0
seasonal_naive,hanseniase,1,origin_201912,3509502,240,0.0,3.0
seasonal_naive,hanseniase,1,origin_201912,3510609,240,0.0,0.0
seasonal_naive,hanseniase,1,origin_201912,3513801,240,0.0,0.0
seasonal_naive,hanseniase,1,origin_201912,3518701,240,0.0,3.0
seasonal_naive,hanseniase,1,origin_201912,3518800,240,0.0,0.0
seasonal_naive,hanseniase,1,origin_201912,3522208,240,0.0,0.0
seasonal_naive,hanseniase,1,origin_201912,3525904,240,0.0,1.0
seasonal_naive,hanseniase,1,origin_201912,3529401,240,0.0,0.0
seasonal_naive,hanseniase,1,origin_201912,3534401,240,0.0,0.0
seasonal_naive,hanseniase,1,origin_201912,3536505,240,0.0,0.0
seasonal_naive,hanseniase,1,origin_201912,3541000,240,0.0,0.0
seasonal_naive,hanseniase,1,origin_201912,3543402,240,1.0,3.0
seasonal_naive,hanseniase,1,origin_201912,3547809,240,0.0,1.0
seasonal_naive,hanseniase,1,origin_201912,3548500,240,0.0,1.0
seasonal_naive,hanseniase,1,origin_201912,3548708,240,0.0,0.0
seasonal_naive,hanseniase,1,origin_201912,3549805,240,0.0,0.0
seasonal_naive,hanseniase,1,origin_201912,3549904,240,0.0,0.0
seasonal_naive,hanseniase,1,origin_201912,3550308,240,9.0,4.0
seasonal_naive,hanseniase,1,origin_201912,3551009,240,1.0,0.0
seasonal_naive,hanseniase,1,origin_201912,3552205,240,0.0,0.0
seasonal_naive,hanseniase,1,origin_201912,3554102,240,0.0,0.0
seasonal_ma3,hanseniase,1,origin_201912,3505708,240,0.0,0.6666666865348816
seasonal_ma3,hanseniase,1,origin_201912,3506003,240,2.0,0.0
seasonal_ma3,hanseniase,1,origin_201912,3509502,240,0.0,1.6666666269302368
seasonal_ma3,hanseniase,1,origin_201912,3510609,240,0.0,0.0
seasonal_ma3,hanseniase,1,origin_201912,3513801,240,0.0,0.3333333432674408
seasonal_ma3,hanseniase,1,origin_201912,3518701,240,0.0,1.0
seasonal_ma3,hanseniase,1,origin_201912,3518800,240,0.0,0.0
seasonal_ma3,hanseniase,1,origin_201912,3522208,240,0.0,0.0
seasonal_ma3,hanseniase,1,origin_201912,3525904,240,0.0,0.3333333432674408
seasonal_ma3,hanseniase,1,origin_201912,3529401,240,0.0,0.0
seasonal_ma3,hanseniase,1,origin_201912,3534401,240,0.0,0.0
seasonal_ma3,hanseniase,1,origin_201912,3536505,240,0.0,0.0
seasonal_ma3,hanseniase,1,origin_201912,3541000,240,0.0,0.0
seasonal_ma3,hanseniase,1,origin_201912,3543402,240,1.0,1.6666666269302368
seasonal_ma3,hanseniase,1,origin_201912,3547809,240,0.0,0.3333333432674408
seasonal_ma3,hanseniase,1,origin_201912,3548500,240,0.0,0.3333333432674408
seasonal_ma3,hanseniase,1,origin_201912,3548708,240,0.0,0.0
seasonal_ma3,hanseniase,1,origin_201912,3549805,240,0.0,0.0
seasonal_ma3,hanseniase,1,origin_201912,3549904,240,0.0,0.0
seasonal_ma3,hanseniase,1,origin_201912,3550308,240,9.0,3.3333332538604736
seasonal_ma3,hanseniase,1,origin_201912,3551009,240,1.0,0.0
seasonal_ma3,hanseniase,1,origin_201912,3552205,240,0.0,0.0
seasonal_ma3,hanseniase,1,origin_201912,3554102,240,0.0,0.0
sarima,hanseniase,1,origin_201912,3505708,240,0.0,0.10551474243402481
sarima,hanseniase,1,origin_201912,3506003,240,2.0,-2.3423728942871094
sarima,hanseniase,1,origin_201912,3509502,240,0.0,1.4876209497451782
sarima,hanseniase,1,origin_201912,3510609,240,0.0,0.13333334028720856
sarima,hanseniase,1,origin_201912,3513801,240,0.0,0.24837709963321686
sarima,hanseniase,1,origin_201912,3518701,240,0.0,2.318976640701294
sarima,hanseniase,1,origin_201912,3518800,240,0.0,0.5688611268997192
sarima,hanseniase,1,origin_201912,3522208,240,0.0,0.006196349393576384
sarima,hanseniase,1,origin_201912,3525904,240,0.0,0.6891781091690063
sarima,hanseniase,1,origin_201912,3529401,240,0.0,0.0624999962747097
sarima,hanseniase,1,origin_201912,3534401,240,0.0,0.1780724823474884
sarima,hanseniase,1,origin_201912,3536505,240,0.0,0.03595379367470741
sarima,hanseniase,1,origin_201912,3541000,240,0.0,0.142305389046669
sarima,hanseniase,1,origin_201912,3543402,240,1.0,0.8602079153060913
sarima,hanseniase,1,origin_201912,3547809,240,0.0,0.11666666716337204
sarima,hanseniase,1,origin_201912,3548500,240,0.0,0.07932058721780777
sarima,hanseniase,1,origin_201912,3548708,240,0.0,0.12387463450431824
sarima,hanseniase,1,origin_201912,3549805,240,0.0,0.08548261970281601
sarima,hanseniase,1,origin_201912,3549904,240,0.0,0.14166668057441711
sarima,hanseniase,1,origin_201912,3550308,240,9.0,3.3709113597869873
sarima,hanseniase,1,origin_201912,3551009,240,1.0,0.0343310572206974
sarima,hanseniase,1,origin_201912,3552205,240,0.0,0.13749998807907104
sarima,hanseniase,1,origin_201912,3554102,240,0.0,0.4290478527545929
lgbm,hanseniase,1,origin_201912,3505708,240,0.0,0.029984379158729108
lgbm,hanseniase,1,origin_201912,3506003,240,2.0,0.2837838683203316
lgbm,hanseniase,1,origin_201912,3509502,240,0.0,1.3645778122083725
lgbm,hanseniase,1,origin_201912,3510609,240,0.0,0.09969047996379854
lgbm,hanseniase,1,origin_201912,3513801,240,0.0,0.09387911512279708
lgbm,hanseniase,1,origin_201912,3518701,240,0.0,0.738063794750097
lgbm,hanseniase,1,origin_201912,3518800,240,0.0,0.6411498048568047
lgbm,hanseniase,1,origin_201912,3522208,240,0.0,0.02446395829875116
lgbm,hanseniase,1,origin_201912,3525904,240,0.0,0.08171300710726347
lgbm,hanseniase,1,origin_201912,3529401,240,0.0,0.0220082348919164
lgbm,hanseniase,1,origin_201912,3534401,240,0.0,0.02700055032058024
lgbm,hanseniase,1,origin_201912,3536505,240,0.0,0.012370136363665438
lgbm,hanseniase,1,origin_201912,3541000,240,0.0,0.044204009259306176
lgbm,hanseniase,1,origin_201912,3543402,240,1.0,0.5607804959977233
lgbm,hanseniase,1,origin_201912,3547809,240,0.0,0.0590949762245555
lgbm,hanseniase,1,origin_201912,3548500,240,0.0,0.06840464197514119
lgbm,hanseniase,1,origin_201912,3548708,240,0.0,0.030633272965911503
lgbm,hanseniase,1,origin_201912,3549805,240,0.0,0.08113806396241456
lgbm,hanseniase,1,origin_201912,3549904,240,0.0,0.08105432044004217
lgbm,hanseniase,1,origin_201912,3550308,240,9.0,2.7629820002883303
lgbm,hanseniase,1,origin_201912,3551009,240,1.0,0.03154045584739214
lgbm,hanseniase,1,origin_201912,3552205,240,0.0,0.12290510993572928
lgbm,hanseniase,1,origin_201912,3554102,240,0.0,0.1389463546781044
catboost,hanseniase,1,origin_201912,3505708,240,0.0,0.059682248912332564
catboost,hanseniase,1,origin_201912,3506003,240,2.0,0.2529584326603209
catboost,hanseniase,1,origin_201912,3509502,240,0.0,1.631430018647676
catboost,hanseniase,1,origin_201912,3510609,240,0.0,0.1286583547704686
catboost,hanseniase,1,origin_201912,3513801,240,0.0,0.12225085215875196
catboost,hanseniase,1,origin_201912,3518701,240,0.0,1.513859893010664
catboost,hanseniase,1,origin_201912,3518800,240,0.0,0.6110483060825374
catboost,hanseniase,1,origin_201912,3522208,240,0.0,0.06344159228766054
catboost,hanseniase,1,origin_201912,3525904,240,0.0,0.14705705224193683
catboost,hanseniase,1,origin_201912,3529401,240,0.0,0.09641397118166965
catboost,hanseniase,1,origin_201912,3534401,240,0.0,0.06268441976550793
catboost,hanseniase,1,origin_201912,3536505,240,0.0,0.042273961915940926
catboost,hanseniase,1,origin_201912,3541000,240,0.0,0.07762835548695865
catboost,hanseniase,1,origin_201912,3543402,240,1.0,0.5287493942896068
catboost,hanseniase,1,origin_201912,3547809,240,0.0,0.1373029635610799
catboost,hanseniase,1,origin_201912,3548500,240,0.0,0.18579907195740625
catboost,hanseniase,1,origin_201912,3548708,240,0.0,0.1037805027372559
catboost,hanseniase,1,origin_201912,3549805,240,0.0,0.14232105616626922
catboost,hanseniase,1,origin_201912,3549904,240,0.0,0.1483829588373044
catboost,hanseniase,1,origin_201912,3550308,240,9.0,4.284607278116281
catboost,hanseniase,1,origin_201912,3551009,240,1.0,0.06614092734693991
catboost,hanseniase,1,origin_201912,3552205,240,0.0,0.17268621437571793
catboost,hanseniase,1,origin_201912,3554102,240,0.0,0.2700017417596773
xgboost,hanseniase,1,origin_201912,3505708,240,0.0,0.025777384638786316
xgboost,hanseniase,1,origin_201912,3506003,240,2.0,0.2797583043575287
xgboost,hanseniase,1,origin_201912,3509502,240,0.0,1.6223772764205933
xgboost,hanseniase,1,origin_201912,3510609,240,0.0,0.05706384778022766
xgboost,hanseniase,1,origin_201912,3513801,240,0.0,0.08245620876550674
xgboost,hanseniase,1,origin_201912,3518701,240,0.0,1.0192688703536987
xgboost,hanseniase,1,origin_201912,3518800,240,0.0,0.753476083278656
xgboost,hanseniase,1,origin_201912,3522208,240,0.0,0.012449675239622593
xgboost,hanseniase,1,origin_201912,3525904,240,0.0,0.10520783811807632
xgboost,hanseniase,1,origin_201912,3529401,240,0.0,0.019525840878486633
xgboost,hanseniase,1,origin_201912,3534401,240,0.0,0.019883377477526665
xgboost,hanseniase,1,origin_201912,3536505,240,0.0,0.008748642168939114
xgboost,hanseniase,1,origin_201912,3541000,240,0.0,0.0559990257024765
xgboost,hanseniase,1,origin_201912,3543402,240,1.0,0.6696316599845886
xgboost,hanseniase,1,origin_201912,3547809,240,0.0,0.09463081508874893
xgboost,hanseniase,1,origin_201912,3548500,240,0.0,0.06802162528038025
xgboost,hanseniase,1,origin_201912,3548708,240,0.0,0.020492905750870705
xgboost,hanseniase,1,origin_201912,3549805,240,0.0,0.08845983445644379
xgboost,hanseniase,1,origin_201912,3549904,240,0.0,0.1021227315068245
xgboost,hanseniase,1,origin_201912,3550308,240,9.0,2.0225930213928223
xgboost,hanseniase,1,origin_201912,3551009,240,1.0,0.025874320417642593
xgboost,hanseniase,1,origin_201912,3552205,240,0.0,0.10940525680780411
xgboost,hanseniase,1,origin_201912,3554102,240,0.0,0.2639538049697876
prophet,hanseniase,1,origin_201912,3505708,240,0.0,0.0006611824454560433
prophet,hanseniase,1,origin_201912,3506003,240,2.0,0.0
prophet,hanseniase,1,origin_201912,3509502,240,0.0,1.1296941297343832
prophet,hanseniase,1,origin_201912,3510609,240,0.0,0.17408582487059934
prophet,hanseniase,1,origin_201912,3513801,240,0.0,0.212522842374314
prophet,hanseniase,1,origin_201912,3518701,240,0.0,2.231152936887021
prophet,hanseniase,1,origin_201912,3518800,240,0.0,0.17629398409665767
prophet,hanseniase,1,origin_201912,3522208,240,0.0,0.002811025303077433
prophet,hanseniase,1,origin_201912,3525904,240,0.0,0.5135444237296483
prophet,hanseniase,1,origin_201912,3529401,240,0.0,0.007937871577214275
prophet,hanseniase,1,origin_201912,3534401,240,0.0,0.056897703158550084
prophet,hanseniase,1,origin_201912,3536505,240,0.0,0.038479359143287484
prophet,hanseniase,1,origin_201912,3541000,240,0.0,0.04211382061550408
prophet,hanseniase,1,origin_201912,3543402,240,1.0,1.3816073364765096
prophet,hanseniase,1,origin_201912,3547809,240,0.0,0.1671684475212598
prophet,hanseniase,1,origin_201912,3548500,240,0.0,0.07227463729893083
prophet,hanseniase,1,origin_201912,3548708,240,0.0,0.030188308476312688
prophet,hanseniase,1,origin_201912,3549805,240,0.0,0.012358733475495404
prophet,hanseniase,1,origin_201912,3549904,240,0.0,0.11337038908123084
prophet,hanseniase,1,origin_201912,3550308,240,9.0,3.9674575131151952
prophet,hanseniase,1,origin_201912,3551009,240,1.0,0.0
prophet,hanseniase,1,origin_201912,3552205,240,0.0,0.06332731397202895
prophet,hanseniase,1,origin_201912,3554102,240,0.0,0.06241158748145756
seasonal_naive,hanseniase,3,origin_201912,3505708,242,0.0,0.0
seasonal_naive,hanseniase,3,origin_201912,3506003,242,0.0,0.0
seasonal_naive,hanseniase,3,origin_201912,3509502,242,4.0,1.0
seasonal_naive,hanseniase,3,origin_201912,3510609,242,0.0,0.0
seasonal_naive,hanseniase,3,origin_201912,3513801,242,0.0,0.0
seasonal_naive,hanseniase,3,origin_201912,3518701,242,0.0,1.0
seasonal_naive,hanseniase,3,origin_201912,3518800,242,3.0,1.0
seasonal_naive,hanseniase,3,origin_201912,3522208,242,0.0,0.0
seasonal_naive,hanseniase,3,origin_201912,3525904,242,0.0,0.0
seasonal_naive,hanseniase,3,origin_201912,3529401,242,0.0,0.0
seasonal_naive,hanseniase,3,origin_201912,3534401,242,0.0,0.0
seasonal_naive,hanseniase,3,origin_201912,3536505,242,0.0,0.0
seasonal_naive,hanseniase,3,origin_201912,3541000,242,0.0,0.0
seasonal_naive,hanseniase,3,origin_201912,3543402,242,2.0,0.0
seasonal_naive,hanseniase,3,origin_201912,3547809,242,0.0,0.0
seasonal_naive,hanseniase,3,origin_201912,3548500,242,0.0,0.0
seasonal_naive,hanseniase,3,origin_201912,3548708,242,1.0,0.0
seasonal_naive,hanseniase,3,origin_201912,3549805,242,0.0,0.0
seasonal_naive,hanseniase,3,origin_201912,3549904,242,0.0,0.0
seasonal_naive,hanseniase,3,origin_201912,3550308,242,1.0,6.0
seasonal_naive,hanseniase,3,origin_201912,3551009,242,0.0,0.0
seasonal_naive,hanseniase,3,origin_201912,3552205,242,0.0,0.0
seasonal_naive,hanseniase,3,origin_201912,3554102,242,0.0,0.0
seasonal_ma3,hanseniase,3,origin_201912,3505708,242,0.0,0.6666666865348816
seasonal_ma3,hanseniase,3,origin_201912,3506003,242,0.0,0.3333333432674408
seasonal_ma3,hanseniase,3,origin_201912,3509502,242,4.0,0.3333333432674408
seasonal_ma3,hanseniase,3,origin_201912,3510609,242,0.0,0.0
seasonal_ma3,hanseniase,3,origin_201912,3513801,242,0.0,0.0
seasonal_ma3,hanseniase,3,origin_201912,3518701,242,0.0,0.3333333432674408
seasonal_ma3,hanseniase,3,origin_201912,3518800,242,3.0,0.6666666865348816
seasonal_ma3,hanseniase,3,origin_201912,3522208,242,0.0,0.0
seasonal_ma3,hanseniase,3,origin_201912,3525904,242,0.0,0.0
seasonal_ma3,hanseniase,3,origin_201912,3529401,242,0.0,0.0
seasonal_ma3,hanseniase,3,origin_201912,3534401,242,0.0,0.0
seasonal_ma3,hanseniase,3,origin_201912,3536505,242,0.0,0.0
seasonal_ma3,hanseniase,3,origin_201912,3541000,242,0.0,0.3333333432674408
seasonal_ma3,hanseniase,3,origin_201912,3543402,242,2.0,1.0
seasonal_ma3,hanseniase,3,origin_201912,3547809,242,0.0,0.0
seasonal_ma3,hanseniase,3,origin_201912,3548500,242,0.0,0.0
seasonal_ma3,hanseniase,3,origin_201912,3548708,242,1.0,0.0
seasonal_ma3,hanseniase,3,origin_201912,3549805,242,0.0,0.0
seasonal_ma3,hanseniase,3,origin_201912,3549904,242,0.0,1.0
seasonal_ma3,hanseniase,3,origin_201912,3550308,242,1.0,4.0
seasonal_ma3,hanseniase,3,origin_201912,3551009,242,0.0,0.0
seasonal_ma3,hanseniase,3,origin_201912,3552205,242,0.0,0.0
seasonal_ma3,hanseniase,3,origin_201912,3554102,242,0.0,0.0
sarima,hanseniase,3,origin_201912,3505708,242,0.0,0.09207410365343094
sarima,hanseniase,3,origin_201912,3506003,242,0.0,-3.244875907897949
sarima,hanseniase,3,origin_201912,3509502,242,4.0,1.3711707592010498
sarima,hanseniase,3,origin_201912,3510609,242,0.0,0.13333334028720856
sarima,hanseniase,3,origin_201912,3513801,242,0.0,0.12544122338294983
sarima,hanseniase,3,origin_201912,3518701,242,0.0,2.385509490966797
sarima,hanseniase,3,origin_201912,3518800,242,3.0,0.5688611268997192
sarima,hanseniase,3,origin_201912,3522208,242,0.0,0.009084171615540981
sarima,hanseniase,3,origin_201912,3525904,242,0.0,0.4419308304786682
sarima,hanseniase,3,origin_201912,3529401,242,0.0,0.0624999962747097
sarima,hanseniase,3,origin_201912,3534401,242,0.0,0.20568294823169708
sarima,hanseniase,3,origin_201912,3536505,242,0.0,0.043628592044115067
sarima,hanseniase,3,origin_201912,3541000,242,0.0,0.14177511632442474
sarima,hanseniase,3,origin_201912,3543402,242,2.0,1.0727540254592896
sarima,hanseniase,3,origin_201912,3547809,242,0.0,0.11666666716337204
sarima,hanseniase,3,origin_201912,3548500,242,0.0,0.08735590428113937
sarima,hanseniase,3,origin_201912,3548708,242,1.0,0.12193912267684937
sarima,hanseniase,3,origin_201912,3549805,242,0.0,0.08548261970281601
sarima,hanseniase,3,origin_201912,3549904,242,0.0,0.14166668057441711
sarima,hanseniase,3,origin_201912,3550308,242,1.0,4.712650775909424
sarima,hanseniase,3,origin_201912,3551009,242,0.0,0.03296449035406113
sarima,hanseniase,3,origin_201912,3552205,242,0.0,0.13749998807907104
sarima,hanseniase,3,origin_201912,3554102,242,0.0,0.3788042664527893
lgbm,hanseniase,3,origin_201912,3505708,242,0.0,0.0927402881333237
lgbm,hanseniase,3,origin_201912,3506003,242,0.0,0.3464567328731611
lgbm,hanseniase,3,origin_201912,3509502,242,4.0,1.9849863876366565
lgbm,hanseniase,3,origin_201912,3510609,242,0.0,0.12013851582852733
lgbm,hanseniase,3,origin_201912,3513801,242,0.0,0.19365500195652616
lgbm,hanseniase,3,origin_201912,3518701,242,0.0,0.7672471095325515
lgbm,hanseniase,3,origin_201912,3518800,242,3.0,0.6411022982031381
lgbm,hanseniase,3,origin_201912,3522208,242,0.0,0.07487359924679315
lgbm,hanseniase,3,origin_201912,3525904,242,0.0,0.19717306221301611
lgbm,hanseniase,3,origin_201912,3529401,242,0.0,0.06461941016962082
lgbm,hanseniase,3,origin_201912,3534401,242,0.0,0.11621702238038899
lgbm,hanseniase,3,origin_201912,3536505,242,0.0,0.034554523670544283
lgbm,hanseniase,3,origin_201912,3541000,242,0.0,0.06948217094054807
lgbm,hanseniase,3,origin_201912,3543402,242,2.0,0.8613537356923373
lgbm,hanseniase,3,origin_201912,3547809,242,0.0,0.08364941674336435
lgbm,hanseniase,3,origin_201912,3548500,242,0.0,0.09771407397459952
lgbm,hanseniase,3,origin_201912,3548708,242,1.0,0.11493232232456552
lgbm,hanseniase,3,origin_201912,3549805,242,0.0,0.10008486406696428
lgbm,hanseniase,3,origin_201912,3549904,242,0.0,0.2604780832392564
lgbm,hanseniase,3,origin_201912,3550308,242,1.0,3.9913485945342946
lgbm,hanseniase,3,origin_201912,3551009,242,0.0,0.05820895813725514
lgbm,hanseniase,3,origin_201912,3552205,242,0.0,0.14212770872104474
lgbm,hanseniase,3,origin_201912,3554102,242,0.0,0.30900610159403763
catboost,hanseniase,3,origin_201912,3505708,242,0.0,0.11273938094281197
catboost,hanseniase,3,origin_201912,3506003,242,0.0,0.36521117580978407
catboost,hanseniase,3,origin_201912,3509502,242,4.0,1.9547706563707952
catboost,hanseniase,3,origin_201912,3510609,242,0.0,0.13351317426841258
catboost,hanseniase,3,origin_201912,3513801,242,0.0,0.06795459223372059
catboost,hanseniase,3,origin_201912,3518701,242,0.0,0.8090891494461062
catboost,hanseniase,3,origin_201912,3518800,242,3.0,1.0244834089011974
catboost,hanseniase,3,origin_201912,3522208,242,0.0,0.06679168937056985
catboost,hanseniase,3,origin_201912,3525904,242,0.0,0.22195270998397554
catboost,hanseniase,3,origin_201912,3529401,242,0.0,0.11127142947821075
catboost,hanseniase,3,origin_201912,3534401,242,0.0,0.15408705521239688
catboost,hanseniase,3,origin_201912,3536505,242,0.0,0.0528406554619422
catboost,hanseniase,3,origin_201912,3541000,242,0.0,0.0863812321901639
catboost,hanseniase,3,origin_201912,3543402,242,2.0,0.7819726034532171
catboost,hanseniase,3,origin_201912,3547809,242,0.0,0.1478258501939306
catboost,hanseniase,3,origin_201912,3548500,242,0.0,0.11959766306637513
catboost,hanseniase,3,origin_201912,3548708,242,1.0,0.1293443547753767
catboost,hanseniase,3,origin_201912,3549805,242,0.0,0.15446664457123804
catboost,hanseniase,3,origin_201912,3549904,242,0.0,0.18349322364452436
catboost,hanseniase,3,origin_201912,3550308,242,1.0,2.7980423889435055
catboost,hanseniase,3,origin_201912,3551009,242,0.0,0.08220244735727099
catboost,hanseniase,3,origin_201912,3552205,242,0.0,0.13931167012359155
catboost,hanseniase,3,origin_201912,3554102,242,0.0,0.23574902713401935
xgboost,hanseniase,3,origin_201912,3505708,242,0.0,0.16201598942279816
xgboost,hanseniase,3,origin_201912,3506003,242,0.0,0.3578709661960602
xgboost,hanseniase,3,origin_201912,3509502,242,4.0,1.842450737953186
xgboost,hanseniase,3,origin_201912,3510609,242,0.0,0.08291219919919968
xgboost,hanseniase,3,origin_201912,3513801,242,0.0,0.15015147626399994
xgboost,hanseniase,3,origin_201912,3518701,242,0.0,1.4033836126327515
xgboost,hanseniase,3,origin_201912,3518800,242,3.0,1.0967342853546143
xgboost,hanseniase,3,origin_201912,3522208,242,0.0,0.048347167670726776
xgboost,hanseniase,3,origin_201912,3525904,242,0.0,0.21378394961357117
xgboost,hanseniase,3,origin_201912,3529401,242,0.0,0.07684631645679474
xgboost,hanseniase,3,origin_201912,3534401,242,0.0,0.09941238164901733
xgboost,hanseniase,3,origin_201912,3536505,242,0.0,0.03830670937895775
xgboost,hanseniase,3,origin_201912,3541000,242,0.0,0.09759082645177841
xgboost,hanseniase,3,origin_201912,3543402,242,2.0,1.0352365970611572
xgboost,hanseniase,3,origin_201912,3547809,242,0.0,0.0932435616850853
xgboost,hanseniase,3,origin_201912,3548500,242,0.0,0.06960420310497284
xgboost,hanseniase,3,origin_201912,3548708,242,1.0,0.09546617418527603
xgboost,hanseniase,3,origin_201912,3549805,242,0.0,0.13349281251430511
xgboost,hanseniase,3,origin_201912,3549904,242,0.0,0.177699476480484
xgboost,hanseniase,3,origin_201912,3550308,242,1.0,2.981367349624634
xgboost,hanseniase,3,origin_201912,3551009,242,0.0,0.04593472182750702
xgboost,hanseniase,3,origin_201912,3552205,242,0.0,0.13772748410701752
xgboost,hanseniase,3,origin_201912,3554102,242,0.0,0.3090328574180603
prophet,hanseniase,3,origin_201912,3505708,242,0.0,0.1029819426192049
prophet,hanseniase,3,origin_201912,3506003,242,0.0,0.0
prophet,hanseniase,3,origin_201912,3509502,242,4.0,1.2472887681425153
prophet,hanseniase,3,origin_201912,3510609,242,0.0,0.11646802530443431
prophet,hanseniase,3,origin_201912,3513801,242,0.0,0.16652289857326977
prophet,hanseniase,3,origin_201912,3518701,242,0.0,2.5839856283430445
prophet,hanseniase,3,origin_201912,3518800,242,3.0,0.07599274264711502
prophet,hanseniase,3,origin_201912,3522208,242,0.0,0.001862686574573412
prophet,hanseniase,3,origin_201912,3525904,242,0.0,1.067975476149614
prophet,hanseniase,3,origin_201912,3529401,242,0.0,0.05831098976837913
prophet,hanseniase,3,origin_201912,3534401,242,0.0,0.25457091171381147
prophet,hanseniase,3,origin_201912,3536505,242,0.0,0.006556162498655552
prophet,hanseniase,3,origin_201912,3541000,242,0.0,0.14270427834315066
prophet,hanseniase,3,origin_201912,3543402,242,2.0,1.1739214794585102
prophet,hanseniase,3,origin_201912,3547809,242,0.0,0.06443532724358661
prophet,hanseniase,3,origin_201912,3548500,242,0.0,0.02108636190620268
prophet,hanseniase,3,origin_201912,3548708,242,1.0,0.1313847643492861
prophet,hanseniase,3,origin_201912,3549805,242,0.0,0.7263094957087259
prophet,hanseniase,3,origin_201912,3549904,242,0.0,0.3165309281045076
prophet,hanseniase,3,origin_201912,3550308,242,1.0,4.691357716003334
prophet,hanseniase,3,origin_201912,3551009,242,0.0,0.06046395474367747
prophet,hanseniase,3,origin_201912,3552205,242,0.0,0.061823129272709325
prophet,hanseniase,3,origin_201912,3554102,242,0.0,0.03908758690755351
seasonal_naive,hanseniase,6,origin_201912,3505708,245,0.0,0.0
seasonal_naive,hanseniase,6,origin_201912,3506003,245,1.0,0.0
seasonal_naive,hanseniase,6,origin_201912,3509502,245,3.0,3.0
seasonal_naive,hanseniase,6,origin_201912,3510609,245,0.0,0.0
seasonal_naive,hanseniase,6,origin_201912,3513801,245,0.0,0.0
seasonal_naive,hanseniase,6,origin_201912,3518701,245,3.0,3.0
seasonal_naive,hanseniase,6,origin_201912,3518800,245,0.0,0.0
seasonal_naive,hanseniase,6,origin_201912,3522208,245,0.0,0.0
seasonal_naive,hanseniase,6,origin_201912,3525904,245,0.0,0.0
seasonal_naive,hanseniase,6,origin_201912,3529401,245,0.0,1.0
seasonal_naive,hanseniase,6,origin_201912,3534401,245,0.0,0.0
seasonal_naive,hanseniase,6,origin_201912,3536505,245,0.0,0.0
seasonal_naive,hanseniase,6,origin_201912,3541000,245,0.0,0.0
seasonal_naive,hanseniase,6,origin_201912,3543402,245,2.0,0.0
seasonal_naive,hanseniase,6,origin_201912,3547809,245,0.0,0.0
seasonal_naive,hanseniase,6,origin_201912,3548500,245,0.0,0.0
seasonal_naive,hanseniase,6,origin_201912,3548708,245,0.0,0.0
seasonal_naive,hanseniase,6,origin_201912,3549805,245,0.0,0.0
seasonal_naive,hanseniase,6,origin_201912,3549904,245,0.0,0.0
seasonal_naive,hanseniase,6,origin_201912,3550308,245,0.0,11.0
seasonal_naive,hanseniase,6,origin_201912,3551009,245,0.0,0.0
seasonal_naive,hanseniase,6,origin_201912,3552205,245,0.0,0.0
seasonal_naive,hanseniase,6,origin_201912,3554102,245,1.0,0.0
seasonal_ma3,hanseniase,6,origin_201912,3505708,245,0.0,0.0
seasonal_ma3,hanseniase,6,origin_201912,3506003,245,1.0,0.3333333432674408
seasonal_ma3,hanseniase,6,origin_201912,3509502,245,3.0,1.3333333730697632
seasonal_ma3,hanseniase,6,origin_201912,3510609,245,0.0,0.0
seasonal_ma3,hanseniase,6,origin_201912,3513801,245,0.0,0.0
seasonal_ma3,hanseniase,6,origin_201912,3518701,245,3.0,5.0
seasonal_ma3,hanseniase,6,origin_201912,3518800,245,0.0,0.3333333432674408
seasonal_ma3,hanseniase,6,origin_201912,3522208,245,0.0,0.0
seasonal_ma3,hanseniase,6,origin_201912,3525904,245,0.0,0.0
seasonal_ma3,hanseniase,6,origin_201912,3529401,245,0.0,0.3333333432674408
seasonal_ma3,hanseniase,6,origin_201912,3534401,245,0.0,0.0
seasonal_ma3,hanseniase,6,origin_201912,3536505,245,0.0,0.0
seasonal_ma3,hanseniase,6,origin_201912,3541000,245,0.0,0.0
seasonal_ma3,hanseniase,6,origin_201912,3543402,245,2.0,0.0
seasonal_ma3,hanseniase,6,origin_201912,3547809,245,0.0,0.0
seasonal_ma3,hanseniase,6,origin_201912,3548500,245,0.0,0.0
seasonal_ma3,hanseniase,6,origin_201912,3548708,245,0.0,0.3333333432674408
seasonal_ma3,hanseniase,6,origin_201912,3549805,245,0.0,0.3333333432674408
seasonal_ma3,hanseniase,6,origin_201912,3549904,245,0.0,0.0
seasonal_ma3,hanseniase,6,origin_201912,3550308,245,0.0,5.333333492279053
seasonal_ma3,hanseniase,6,origin_201912,3551009,245,0.0,0.0
seasonal_ma3,hanseniase,6,origin_201912,3552205,245,0.0,0.0
seasonal_ma3,hanseniase,6,origin_201912,3554102,245,1.0,0.0
sarima,hanseniase,6,origin_201912,3505708,245,0.0,0.0917644053697586
sarima,hanseniase,6,origin_201912,3506003,245,1.0,-4.049631118774414
sarima,hanseniase,6,origin_201912,3509502,245,3.0,1.246776819229126
sarima,hanseniase,6,origin_201912,3510609,245,0.0,0.13333334028720856
sarima,hanseniase,6,origin_201912,3513801,245,0.0,0.15540602803230286
sarima,hanseniase,6,origin_201912,3518701,245,3.0,0.2634565830230713
sarima,hanseniase,6,origin_201912,3518800,245,0.0,0.5688611268997192
sarima,hanseniase,6,origin_201912,3522208,245,0.0,0.012794815003871918
sarima,hanseniase,6,origin_201912,3525904,245,0.0,0.907023012638092
sarima,hanseniase,6,origin_201912,3529401,245,0.0,0.0624999962747097
sarima,hanseniase,6,origin_201912,3534401,245,0.0,0.20568294823169708
sarima,hanseniase,6,origin_201912,3536505,245,0.0,0.05284891650080681
sarima,hanseniase,6,origin_201912,3541000,245,0.0,0.14108724892139435
sarima,hanseniase,6,origin_201912,3543402,245,2.0,1.0820019245147705
sarima,hanseniase,6,origin_201912,3547809,245,0.0,0.11666666716337204
sarima,hanseniase,6,origin_201912,3548500,245,0.0,0.08742550760507584
sarima,hanseniase,6,origin_201912,3548708,245,0.0,0.1193900778889656
sarima,hanseniase,6,origin_201912,3549805,245,0.0,0.08548261970281601
sarima,hanseniase,6,origin_201912,3549904,245,0.0,0.14166668057441711
sarima,hanseniase,6,origin_201912,3550308,245,0.0,6.005160331726074
sarima,hanseniase,6,origin_201912,3551009,245,0.0,0.03091464191675186
sarima,hanseniase,6,origin_201912,3552205,245,0.0,0.13749998807907104
sarima,hanseniase,6,origin_201912,3554102,245,1.0,0.32140326499938965
lgbm,hanseniase,6,origin_201912,3505708,245,0.0,0.032795681203294264
lgbm,hanseniase,6,origin_201912,3506003,245,1.0,0.5999899775931399
lgbm,hanseniase,6,origin_201912,3509502,245,3.0,0.9017081541812902
lgbm,hanseniase,6,origin_201912,3510609,245,0.0,0.08745183643964188
lgbm,hanseniase,6,origin_201912,3513801,245,0.0,0.23986195435757326
lgbm,hanseniase,6,origin_201912,3518701,245,3.0,2.6690932240906853
lgbm,hanseniase,6,origin_201912,3518800,245,0.0,0.5223196965288005
lgbm,hanseniase,6,origin_201912,3522208,245,0.0,0.026353081990730335
lgbm,hanseniase,6,origin_201912,3525904,245,0.0,0.1564443582410252
lgbm,hanseniase,6,origin_201912,3529401,245,0.0,0.07882502802054366
lgbm,hanseniase,6,origin_201912,3534401,245,0.0,0.07766953078284212
lgbm,hanseniase,6,origin_201912,3536505,245,0.0,0.02082599180985367
lgbm,hanseniase,6,origin_201912,3541000,245,0.0,0.06481528022896092
lgbm,hanseniase,6,origin_201912,3543402,245,2.0,0.564269293324545
lgbm,hanseniase,6,origin_201912,3547809,245,0.0,0.10493206443379013
lgbm,hanseniase,6,origin_201912,3548500,245,0.0,0.07826229874020982
lgbm,hanseniase,6,origin_201912,3548708,245,0.0,0.07079526143137096
lgbm,hanseniase,6,origin_201912,3549805,245,0.0,0.20306326305826744
lgbm,hanseniase,6,origin_201912,3549904,245,0.0,0.11290275843025831
lgbm,hanseniase,6,origin_201912,3550308,245,0.0,5.296638895302393
lgbm,hanseniase,6,origin_201912,3551009,245,0.0,0.04682501011408447
lgbm,hanseniase,6,origin_201912,3552205,245,0.0,0.14049154800185615
lgbm,hanseniase,6,origin_201912,3554102,245,1.0,0.14764951670391682
catboost,hanseniase,6,origin_201912,3505708,245,0.0,0.10877270014736584
catboost,hanseniase,6,origin_201912,3506003,245,1.0,0.26719776399357825
catboost,hanseniase,6,origin_201912,3509502,245,3.0,0.9768552670688407
catboost,hanseniase,6,origin_201912,3510609,245,0.0,0.09532578279406338
catboost,hanseniase,6,origin_201912,3513801,245,0.0,0.15402374605493838
catboost,hanseniase,6,origin_201912,3518701,245,3.0,1.001817220720651
catboost,hanseniase,6,origin_201912,3518800,245,0.0,0.713079898216297
catboost,hanseniase,6,origin_201912,3522208,245,0.0,0.09395436047202037
catboost,hanseniase,6,origin_201912,3525904,245,0.0,0.23682357617802785
catboost,hanseniase,6,origin_201912,3529401,245,0.0,0.117612492343752
catboost,hanseniase,6,origin_201912,3534401,245,0.0,0.10465968007675427
catboost,hanseniase,6,origin_201912,3536505,245,0.0,0.04572428575676922
catboost,hanseniase,6,origin_201912,3541000,245,0.0,0.11888417212950905
catboost,hanseniase,6,origin_201912,3543402,245,2.0,0.8055210655590631
catboost,hanseniase,6,origin_201912,3547809,245,0.0,0.13827404235915022
catboost,hanseniase,6,origin_201912,3548500,245,0.0,0.1221659344853301
catboost,hanseniase,6,origin_201912,3548708,245,0.0,0.1539576799859726
catboost,hanseniase,6,origin_201912,3549805,245,0.0,0.25718759832868915
catboost,hanseniase,6,origin_201912,3549904,245,0.0,0.17578764086825793
catboost,hanseniase,6,origin_201912,3550308,245,0.0,2.482347567014078
catboost,hanseniase,6,origin_201912,3551009,245,0.0,0.10613339847647854
catboost,hanseniase,6,origin_201912,3552205,245,0.0,0.13494545144217635
catboost,hanseniase,6,origin_201912,3554102,245,1.0,0.22754118845311386
xgboost,hanseniase,6,origin_201912,3505708,245,0.0,0.049059394747018814
xgboost,hanseniase,6,origin_201912,3506003,245,1.0,0.5122780203819275
xgboost,hanseniase,6,origin_201912,3509502,245,3.0,1.0808416604995728
xgboost,hanseniase,6,origin_201912,3510609,245,0.0,0.05478386580944061
xgboost,hanseniase,6,origin_201912,3513801,245,0.0,0.12203063070774078
xgboost,hanseniase,6,origin_201912,3518701,245,3.0,2.1689789295196533
xgboost,hanseniase,6,origin_201912,3518800,245,0.0,0.8844226598739624
xgboost,hanseniase,6,origin_201912,3522208,245,0.0,0.018791355192661285
xgboost,hanseniase,6,origin_201912,3525904,245,0.0,0.17318344116210938
xgboost,hanseniase,6,origin_201912,3529401,245,0.0,0.0753793939948082
xgboost,hanseniase,6,origin_201912,3534401,245,0.0,0.05786261707544327
xgboost,hanseniase,6,origin_201912,3536505,245,0.0,0.017399191856384277
xgboost,hanseniase,6,origin_201912,3541000,245,0.0,0.07839435338973999
xgboost,hanseniase,6,origin_201912,3543402,245,2.0,0.7345738410949707
xgboost,hanseniase,6,origin_201912,3547809,245,0.0,0.10656401515007019
xgboost,hanseniase,6,origin_201912,3548500,245,0.0,0.07883325964212418
xgboost,hanseniase,6,origin_201912,3548708,245,0.0,0.08886385709047318
xgboost,hanseniase,6,origin_201912,3549805,245,0.0,0.23511172831058502
xgboost,hanseniase,6,origin_201912,3549904,245,0.0,0.09938008338212967
xgboost,hanseniase,6,origin_201912,3550308,245,0.0,3.834296226501465
xgboost,hanseniase,6,origin_201912,3551009,245,0.0,0.04287467524409294
xgboost,hanseniase,6,origin_201912,3552205,245,0.0,0.13758930563926697
xgboost,hanseniase,6,origin_201912,3554102,245,1.0,0.13725200295448303
prophet,hanseniase,6,origin_201912,3505708,245,0.0,0.006493299501541955
prophet,hanseniase,6,origin_201912,3506003,245,1.0,0.0
prophet,hanseniase,6,origin_201912,3509502,245,3.0,0.9374467407082475
prophet,hanseniase,6,origin_201912,3510609,245,0.0,0.06155087509682622
prophet,hanseniase,6,origin_201912,3513801,245,0.0,0.21274035896557583
prophet,hanseniase,6,origin_201912,3518701,245,3.0,3.2251186513146464
prophet,hanseniase,6,origin_201912,3518800,245,0.0,0.0
prophet,hanseniase,6,origin_201912,3522208,245,0.0,0.002838933452441475
prophet,hanseniase,6,origin_201912,3525904,245,0.0,0.0
prophet,hanseniase,6,origin_201912,3529401,245,0.0,0.1026911547561597
prophet,hanseniase,6,origin_201912,3534401,245,0.0,0.1005227930979504
prophet,hanseniase,6,origin_201912,3536505,245,0.0,0.0
prophet,hanseniase,6,origin_201912,3541000,245,0.0,0.09363730155376676
prophet,hanseniase,6,origin_201912,3543402,245,2.0,1.2432042727103696
prophet,hanseniase,6,origin_201912,3547809,245,0.0,0.11683410208763734
prophet,hanseniase,6,origin_201912,3548500,245,0.0,0.024154676752474943
prophet,hanseniase,6,origin_201912,3548708,245,0.0,0.2219963694133128
prophet,hanseniase,6,origin_201912,3549805,245,0.0,0.040949650038499485
prophet,hanseniase,6,origin_201912,3549904,245,0.0,0.16473222623020883
prophet,hanseniase,6,origin_201912,3550308,245,0.0,5.733683445287143
prophet,hanseniase,6,origin_201912,3551009,245,0.0,0.10466935757822599
prophet,hanseniase,6,origin_201912,3552205,245,0.0,0.06377815052171114
prophet,hanseniase,6,origin_201912,3554102,245,1.0,0.17193758245895602
seasonal_naive,hanseniase,12,origin_201912,3505708,251,0.0,0.0
seasonal_naive,hanseniase,12,origin_201912,3506003,251,1.0,1.0
seasonal_naive,hanseniase,12,origin_201912,3509502,251,6.0,2.0
seasonal_naive,hanseniase,12,origin_201912,3510609,251,0.0,0.0
seasonal_naive,hanseniase,12,origin_201912,3513801,251,0.0,0.0
seasonal_naive,hanseniase,12,origin_201912,3518701,251,2.0,1.0
seasonal_naive,hanseniase,12,origin_201912,3518800,251,1.0,0.0
seasonal_naive,hanseniase,12,origin_201912,3522208,251,0.0,0.0
seasonal_naive,hanseniase,12,origin_201912,3525904,251,0.0,0.0
seasonal_naive,hanseniase,12,origin_201912,3529401,251,0.0,0.0
seasonal_naive,hanseniase,12,origin_201912,3534401,251,0.0,0.0
seasonal_naive,hanseniase,12,origin_201912,3536505,251,0.0,0.0
seasonal_naive,hanseniase,12,origin_201912,3541000,251,0.0,0.0
seasonal_naive,hanseniase,12,origin_201912,3543402,251,1.0,0.0
seasonal_naive,hanseniase,12,origin_201912,3547809,251,0.0,0.0
seasonal_naive,hanseniase,12,origin_201912,3548500,251,0.0,0.0
seasonal_naive,hanseniase,12,origin_201912,3548708,251,0.0,0.0
seasonal_naive,hanseniase,12,origin_201912,3549805,251,0.0,0.0
seasonal_naive,hanseniase,12,origin_201912,3549904,251,0.0,0.0
seasonal_naive,hanseniase,12,origin_201912,3550308,251,2.0,0.0
seasonal_naive,hanseniase,12,origin_201912,3551009,251,0.0,0.0
seasonal_naive,hanseniase,12,origin_201912,3552205,251,0.0,0.0
seasonal_naive,hanseniase,12,origin_201912,3554102,251,0.0,2.0
seasonal_ma3,hanseniase,12,origin_201912,3505708,251,0.0,0.0
seasonal_ma3,hanseniase,12,origin_201912,3506003,251,1.0,0.6666666865348816
seasonal_ma3,hanseniase,12,origin_201912,3509502,251,6.0,1.3333333730697632
seasonal_ma3,hanseniase,12,origin_201912,3510609,251,0.0,0.0
seasonal_ma3,hanseniase,12,origin_201912,3513801,251,0.0,0.6666666865348816
seasonal_ma3,hanseniase,12,origin_201912,3518701,251,2.0,1.6666666269302368
seasonal_ma3,hanseniase,12,origin_201912,3518800,251,1.0,0.0
seasonal_ma3,hanseniase,12,origin_201912,3522208,251,0.0,0.0
seasonal_ma3,hanseniase,12,origin_201912,3525904,251,0.0,0.0
seasonal_ma3,hanseniase,12,origin_201912,3529401,251,0.0,0.0
seasonal_ma3,hanseniase,12,origin_201912,3534401,251,0.0,0.0
seasonal_ma3,hanseniase,12,origin_201912,3536505,251,0.0,0.0
seasonal_ma3,hanseniase,12,origin_201912,3541000,251,0.0,0.0
seasonal_ma3,hanseniase,12,origin_201912,3543402,251,1.0,0.6666666865348816
seasonal_ma3,hanseniase,12,origin_201912,3547809,251,0.0,0.0
seasonal_ma3,hanseniase,12,origin_201912,3548500,251,0.0,0.3333333432674408
seasonal_ma3,hanseniase,12,origin_201912,3548708,251,0.0,0.0
seasonal_ma3,hanseniase,12,origin_201912,3549805,251,0.0,0.0
seasonal_ma3,hanseniase,12,origin_201912,3549904,251,0.0,0.0
seasonal_ma3,hanseniase,12,origin_201912,3550308,251,2.0,1.6666666269302368
seasonal_ma3,hanseniase,12,origin_201912,3551009,251,0.0,0.0
seasonal_ma3,hanseniase,12,origin_201912,3552205,251,0.0,0.0
seasonal_ma3,hanseniase,12,origin_201912,3554102,251,0.0,0.6666666865348816
sarima,hanseniase,12,origin_201912,3505708,251,0.0,0.09176544100046158
sarima,hanseniase,12,origin_201912,3506003,251,1.0,-5.650411605834961
sarima,hanseniase,12,origin_201912,3509502,251,6.0,1.1098341941833496
sarima,hanseniase,12,origin_201912,3510609,251,0.0,0.13333334028720856
sarima,hanseniase,12,origin_201912,3513801,251,0.0,0.1525460183620453
sarima,hanseniase,12,origin_201912,3518701,251,2.0,2.4642717838287354
sarima,hanseniase,12,origin_201912,3518800,251,1.0,0.5688611268997192
sarima,hanseniase,12,origin_201912,3522208,251,0.0,0.01842801831662655
sarima,hanseniase,12,origin_201912,3525904,251,0.0,0.907023012638092
sarima,hanseniase,12,origin_201912,3529401,251,0.0,0.0624999962747097
sarima,hanseniase,12,origin_201912,3534401,251,0.0,0.20568294823169708
sarima,hanseniase,12,origin_201912,3536505,251,0.0,0.055681291967630386
sarima,hanseniase,12,origin_201912,3541000,251,0.0,0.14002537727355957
sarima,hanseniase,12,origin_201912,3543402,251,1.0,1.0820822715759277
sarima,hanseniase,12,origin_201912,3547809,251,0.0,0.11666666716337204
sarima,hanseniase,12,origin_201912,3548500,251,0.0,0.08742555975914001
sarima,hanseniase,12,origin_201912,3548708,251,0.0,0.11534822732210159
sarima,hanseniase,12,origin_201912,3549805,251,0.0,0.08548261970281601
sarima,hanseniase,12,origin_201912,3549904,251,0.0,0.14166668057441711
sarima,hanseniase,12,origin_201912,3550308,251,2.0,4.675434589385986
sarima,hanseniase,12,origin_201912,3551009,251,0.0,0.026814943179488182
sarima,hanseniase,12,origin_201912,3552205,251,0.0,0.13749998807907104
sarima,hanseniase,12,origin_201912,3554102,251,0.0,0.2504442632198334
lgbm,hanseniase,12,origin_201912,3505708,251,0.0,0.07384053922416214
lgbm,hanseniase,12,origin_201912,3506003,251,1.0,0.5400017675735636
lgbm,hanseniase,12,origin_201912,3509502,251,6.0,1.5261847518105767
lgbm,hanseniase,12,origin_201912,3510609,251,0.0,0.11735202679897311
lgbm,hanseniase,12,origin_201912,3513801,251,0.0,0.23394693111580858
lgbm,hanseniase,12,origin_201912,3518701,251,2.0,2.207039810113342
lgbm,hanseniase,12,origin_201912,3518800,251,1.0,1.0432271196854104
lgbm,hanseniase,12,origin_201912,3522208,251,0.0,0.07272434012481342
lgbm,hanseniase,12,origin_201912,3525904,251,0.0,0.19608777846889477
lgbm,hanseniase,12,origin_201912,3529401,251,0.0,0.05283822143214795
lgbm,hanseniase,12,origin_201912,3534401,251,0.0,0.07329325684439038
lgbm,hanseniase,12,origin_201912,3536505,251,0.0,0.0603619437186378
lgbm,hanseniase,12,origin_201912,3541000,251,0.0,0.10966256712556799
lgbm,hanseniase,12,origin_201912,3543402,251,1.0,1.5012465633573824
lgbm,hanseniase,12,origin_201912,3547809,251,0.0,0.13722956222912497
lgbm,hanseniase,12,origin_201912,3548500,251,0.0,0.0884295268877735
lgbm,hanseniase,12,origin_201912,3548708,251,0.0,0.09102874155358628
lgbm,hanseniase,12,origin_201912,3549805,251,0.0,0.2330283611509022
lgbm,hanseniase,12,origin_201912,3549904,251,0.0,0.09404038368962983
lgbm,hanseniase,12,origin_201912,3550308,251,2.0,2.283308202808683
lgbm,hanseniase,12,origin_201912,3551009,251,0.0,0.10692077300671447
lgbm,hanseniase,12,origin_201912,3552205,251,0.0,0.09001645602423843
lgbm,hanseniase,12,origin_201912,3554102,251,0.0,0.21087667909487348
catboost,hanseniase,12,origin_201912,3505708,251,0.0,0.11568923742331398
catboost,hanseniase,12,origin_201912,3506003,251,1.0,0.5056041419365246
catboost,hanseniase,12,origin_201912,3509502,251,6.0,1.64817475488576
catboost,hanseniase,12,origin_201912,3510609,251,0.0,0.13042779524310089
catboost,hanseniase,12,origin_201912,3513801,251,0.0,0.07055304597988897
catboost,hanseniase,12,origin_201912,3518701,251,2.0,1.0103082348571832
catboost,hanseniase,12,origin_201912,3518800,251,1.0,1.4637332999566444
catboost,hanseniase,12,origin_201912,3522208,251,0.0,0.08452092549644147
catboost,hanseniase,12,origin_201912,3525904,251,0.0,0.27570770763200436
catboost,hanseniase,12,origin_201912,3529401,251,0.0,0.11852008967768649
catboost,hanseniase,12,origin_201912,3534401,251,0.0,0.08065373720717722
catboost,hanseniase,12,origin_201912,3536505,251,0.0,0.05704365224798206
catboost,hanseniase,12,origin_201912,3541000,251,0.0,0.08793954927294326
catboost,hanseniase,12,origin_201912,3543402,251,1.0,1.186539664448511
catboost,hanseniase,12,origin_201912,3547809,251,0.0,0.17342736970063302
catboost,hanseniase,12,origin_201912,3548500,251,0.0,0.21920634226244715
catboost,hanseniase,12,origin_201912,3548708,251,0.0,0.12036781150231939
catboost,hanseniase,12,origin_201912,3549805,251,0.0,0.31582542479717
catboost,hanseniase,12,origin_201912,3549904,251,0.0,0.12318179418135648
catboost,hanseniase,12,origin_201912,3550308,251,2.0,3.0193822447410796
catboost,hanseniase,12,origin_201912,3551009,251,0.0,0.10673563765316665
catboost,hanseniase,12,origin_201912,3552205,251,0.0,0.1578868409932847
catboost,hanseniase,12,origin_201912,3554102,251,0.0,0.2741706739253273
xgboost,hanseniase,12,origin_201912,3505708,251,0.0,0.1069742888212204
xgboost,hanseniase,12,origin_201912,3506003,251,1.0,0.6222026944160461
xgboost,hanseniase,12,origin_201912,3509502,251,6.0,1.610235333442688
xgboost,hanseniase,12,origin_201912,3510609,251,0.0,0.16364681720733643
xgboost,hanseniase,12,origin_201912,3513801,251,0.0,0.2172895073890686
xgboost,hanseniase,12,origin_201912,3518701,251,2.0,2.2700135707855225
xgboost,hanseniase,12,origin_201912,3518800,251,1.0,1.0944206714630127
xgboost,hanseniase,12,origin_201912,3522208,251,0.0,0.05803699046373367
xgboost,hanseniase,12,origin_201912,3525904,251,0.0,0.2286076843738556
xgboost,hanseniase,12,origin_201912,3529401,251,0.0,0.06073637306690216
xgboost,hanseniase,12,origin_201912,3534401,251,0.0,0.0789598748087883
xgboost,hanseniase,12,origin_201912,3536505,251,0.0,0.05377703532576561
xgboost,hanseniase,12,origin_201912,3541000,251,0.0,0.1547207236289978
xgboost,hanseniase,12,origin_201912,3543402,251,1.0,1.15773606300354
xgboost,hanseniase,12,origin_201912,3547809,251,0.0,0.20750336349010468
xgboost,hanseniase,12,origin_201912,3548500,251,0.0,0.08642935752868652
xgboost,hanseniase,12,origin_201912,3548708,251,0.0,0.10713807493448257
xgboost,hanseniase,12,origin_201912,3549805,251,0.0,0.2858274579048157
xgboost,hanseniase,12,origin_201912,3549904,251,0.0,0.13010965287685394
xgboost,hanseniase,12,origin_201912,3550308,251,2.0,2.3297276496887207
xgboost,hanseniase,12,origin_201912,3551009,251,0.0,0.17207710444927216
xgboost,hanseniase,12,origin_201912,3552205,251,0.0,0.08638866245746613
xgboost,hanseniase,12,origin_201912,3554102,251,0.0,0.22723065316677094
prophet,hanseniase,12,origin_201912,3505708,251,0.0,0.002520384541126783
prophet,hanseniase,12,origin_201912,3506003,251,1.0,0.0
prophet,hanseniase,12,origin_201912,3509502,251,6.0,0.9707288765232445
prophet,hanseniase,12,origin_201912,3510609,251,0.0,0.1207184704977014
prophet,hanseniase,12,origin_201912,3513801,251,0.0,0.2672013744029055
prophet,hanseniase,12,origin_201912,3518701,251,2.0,2.7571572803324114
prophet,hanseniase,12,origin_201912,3518800,251,1.0,0.20680858139145536
prophet,hanseniase,12,origin_201912,3522208,251,0.0,0.05237856667820808
prophet,hanseniase,12,origin_201912,3525904,251,0.0,0.6530729535975663
prophet,hanseniase,12,origin_201912,3529401,251,0.0,0.05760044452901679
prophet,hanseniase,12,origin_201912,3534401,251,0.0,0.001967832212319054
prophet,hanseniase,12,origin_201912,3536505,251,0.0,0.12688555132859386
prophet,hanseniase,12,origin_201912,3541000,251,0.0,0.19280804308154018
prophet,hanseniase,12,origin_201912,3543402,251,1.0,0.9092560469423726
prophet,hanseniase,12,origin_201912,3547809,251,0.0,0.21534226040294707
prophet,hanseniase,12,origin_201912,3548500,251,0.0,0.07069787700137667
prophet,hanseniase,12,origin_201912,3548708,251,0.0,0.0
prophet,hanseniase,12,origin_201912,3549805,251,0.0,0.0
prophet,hanseniase,12,origin_201912,3549904,251,0.0,0.013202801688463967
prophet,hanseniase,12,origin_201912,3550308,251,2.0,3.994961600362073
prophet,hanseniase,12,origin_201912,3551009,251,0.0,0.35315419432926143
prophet,hanseniase,12,origin_201912,3552205,251,0.0,0.06256475227703472
prophet,hanseniase,12,origin_201912,3554102,251,0.0,0.1901301289118599
seasonal_naive,hanseniase,1,origin_202012,3505708,252,0.0,0.0
seasonal_naive,hanseniase,1,origin_202012,3506003,252,2.0,2.0
seasonal_naive,hanseniase,1,origin_202012,3509502,252,0.0,0.0
seasonal_naive,hanseniase,1,origin_202012,3510609,252,0.0,0.0
seasonal_naive,hanseniase,1,origin_202012,3513801,252,0.0,0.0
seasonal_naive,hanseniase,1,origin_202012,3518701,252,0.0,0.0
seasonal_naive,hanseniase,1,origin_202012,3518800,252,0.0,0.0
seasonal_naive,hanseniase,1,origin_202012,3522208,252,0.0,0.0
seasonal_naive,hanseniase,1,origin_202012,3525904,252,0.0,0.0
seasonal_naive,hanseniase,1,origin_202012,3529401,252,0.0,0.0
seasonal_naive,hanseniase,1,origin_202012,3534401,252,0.0,0.0
seasonal_naive,hanseniase,1,origin_202012,3536505,252,0.0,0.0
seasonal_naive,hanseniase,1,origin_202012,3541000,252,0.0,0.0
seasonal_naive,hanseniase,1,origin_202012,3543402,252,1.0,1.0
seasonal_naive,hanseniase,1,origin_202012,3547809,252,0.0,0.0
seasonal_naive,hanseniase,1,origin_202012,3548500,252,0.0,0.0
seasonal_naive,hanseniase,1,origin_202012,3548708,252,0.0,0.0
seasonal_naive,hanseniase,1,origin_202012,3549805,252,0.0,0.0
seasonal_naive,hanseniase,1,origin_202012,3549904,252,0.0,0.0
seasonal_naive,hanseniase,1,origin_202012,3550308,252,2.0,9.0
seasonal_naive,hanseniase,1,origin_202012,3551009,252,0.0,1.0
seasonal_naive,hanseniase,1,origin_202012,3552205,252,0.0,0.0
seasonal_naive,hanseniase,1,origin_202012,3554102,252,0.0,0.0
seasonal_ma3,hanseniase,1,origin_202012,3505708,252,0.0,0.0
seasonal_ma3,hanseniase,1,origin_202012,3506003,252,2.0,0.6666666865348816
seasonal_ma3,hanseniase,1,origin_202012,3509502,252,0.0,1.3333333730697632
seasonal_ma3,hanseniase,1,origin_202012,3510609,252,0.0,0.0
seasonal_ma3,hanseniase,1,origin_202012,3513801,252,0.0,0.3333333432674408
seasonal_ma3,hanseniase,1,origin_202012,3518701,252,0.0,1.0
seasonal_ma3,hanseniase,1,origin_202012,3518800,252,0.0,0.0
seasonal_ma3,hanseniase,1,origin_202012,3522208,252,0.0,0.0
seasonal_ma3,hanseniase,1,origin_202012,3525904,252,0.0,0.3333333432674408
seasonal_ma3,hanseniase,1,origin_202012,3529401,252,0.0,0.0
seasonal_ma3,hanseniase,1,origin_202012,3534401,252,0.0,0.0
seasonal_ma3,hanseniase,1,origin_202012,3536505,252,0.0,0.0
seasonal_ma3,hanseniase,1,origin_202012,3541000,252,0.0,0.0
seasonal_ma3,hanseniase,1,origin_202012,3543402,252,1.0,2.0
seasonal_ma3,hanseniase,1,origin_202012,3547809,252,0.0,0.3333333432674408
seasonal_ma3,hanseniase,1,origin_202012,3548500,252,0.0,0.3333333432674408
seasonal_ma3,hanseniase,1,origin_202012,3548708,252,0.0,0.0
seasonal_ma3,hanseniase,1,origin_202012,3549805,252,0.0,0.0
seasonal_ma3,hanseniase,1,origin_202012,3549904,252,0.0,0.0
seasonal_ma3,hanseniase,1,origin_202012,3550308,252,2.0,5.333333492279053
seasonal_ma3,hanseniase,1,origin_202012,3551009,252,0.0,0.3333333432674408
seasonal_ma3,hanseniase,1,origin_202012,3552205,252,0.0,0.0
seasonal_ma3,hanseniase,1,origin_202012,3554102,252,0.0,0.0
sarima,hanseniase,1,origin_202012,3505708,252,0.0,0.10280749201774597
sarima,hanseniase,1,origin_202012,3506003,252,2.0,-1.9133808612823486
sarima,hanseniase,1,origin_202012,3509502,252,0.0,4.104966163635254
sarima,hanseniase,1,origin_202012,3510609,252,0.0,0.1269841343164444
sarima,hanseniase,1,origin_202012,3513801,252,0.0,0.0737793818116188
sarima,hanseniase,1,origin_202012,3518701,252,0.0,1.1001198291778564
sarima,hanseniase,1,origin_202012,3518800,252,0.0,0.25447186827659607
sarima,hanseniase,1,origin_202012,3522208,252,0.0,0.025679314509034157
sarima,hanseniase,1,origin_202012,3525904,252,0.0,0.2456091344356537
sarima,hanseniase,1,origin_202012,3529401,252,0.0,0.0634920597076416
sarima,hanseniase,1,origin_202012,3534401,252,0.0,0.17945735156536102
sarima,hanseniase,1,origin_202012,3536505,252,0.0,-0.010732020251452923
sarima,hanseniase,1,origin_202012,3541000,252,0.0,0.05234517529606819
sarima,hanseniase,1,origin_202012,3543402,252,1.0,1.0504150390625
sarima,hanseniase,1,origin_202012,3547809,252,0.0,0.115079365670681
sarima,hanseniase,1,origin_202012,3548500,252,0.0,0.0873015969991684
sarima,hanseniase,1,origin_202012,3548708,252,0.0,0.09379850327968597
sarima,hanseniase,1,origin_202012,3549805,252,0.0,0.038360849022865295
sarima,hanseniase,1,origin_202012,3549904,252,0.0,0.1349206417798996
sarima,hanseniase,1,origin_202012,3550308,252,2.0,3.7350692749023438
sarima,hanseniase,1,origin_202012,3551009,252,0.0,0.1269841343164444
sarima,hanseniase,1,origin_202012,3552205,252,0.0,0.130952388048172
sarima,hanseniase,1,origin_202012,3554102,252,0.0,0.12767907977104187
lgbm,hanseniase,1,origin_202012,3505708,252,0.0,0.03226000440834003
lgbm,hanseniase,1,origin_202012,3506003,252,2.0,0.5011636599712767
lgbm,hanseniase,1,origin_202012,3509502,252,0.0,4.208797406730101
lgbm,hanseniase,1,origin_202012,3510609,252,0.0,0.042829798328660115
lgbm,hanseniase,1,origin_202012,3513801,252,0.0,0.045834962605282664
lgbm,hanseniase,1,origin_202012,3518701,252,0.0,0.29372912998957723
lgbm,hanseniase,1,origin_202012,3518800,252,0.0,0.30109942996849265
lgbm,hanseniase,1,origin_202012,3522208,252,0.0,0.031036928310454945
lgbm,hanseniase,1,origin_202012,3525904,252,0.0,0.06418800642487738
lgbm,hanseniase,1,origin_202012,3529401,252,0.0,0.0337755742305663
lgbm,hanseniase,1,origin_202012,3534401,252,0.0,0.06621704793056475
lgbm,hanseniase,1,origin_202012,3536505,252,0.0,0.027521640241896777
lgbm,hanseniase,1,origin_202012,3541000,252,0.0,0.047164733094183155
lgbm,hanseniase,1,origin_202012,3543402,252,1.0,0.8444399280755922
lgbm,hanseniase,1,origin_202012,3547809,252,0.0,0.04101989614188236
lgbm,hanseniase,1,origin_202012,3548500,252,0.0,0.017910191011477866
lgbm,hanseniase,1,origin_202012,3548708,252,0.0,0.06330064414752821
lgbm,hanseniase,1,origin_202012,3549805,252,0.0,0.07539655088386159
lgbm,hanseniase,1,origin_202012,3549904,252,0.0,0.042798399814512056
lgbm,hanseniase,1,origin_202012,3550308,252,2.0,2.0754122804783193
lgbm,hanseniase,1,origin_202012,3551009,252,0.0,0.06523488037612898
lgbm,hanseniase,1,origin_202012,3552205,252,0.0,0.028341398573833245
lgbm,hanseniase,1,origin_202012,3554102,252,0.0,0.033752951402394274
catboost,hanseniase,1,origin_202012,3505708,252,0.0,0.05084840373079133
catboost,hanseniase,1,origin_202012,3506003,252,2.0,0.4891268276961706
catboost,hanseniase,1,origin_202012,3509502,252,0.0,4.090402721308937
catboost,hanseniase,1,origin_202012,3510609,252,0.0,0.07544047080893075
catboost,hanseniase,1,origin_202012,3513801,252,0.0,0.050368034205372086
catboost,hanseniase,1,origin_202012,3518701,252,0.0,0.3165975141556241
catboost,hanseniase,1,origin_202012,3518800,252,0.0,0.2969684839191572
catboost,hanseniase,1,origin_202012,3522208,252,0.0,0.05388504397832836
catboost,hanseniase,1,origin_202012,3525904,252,0.0,0.09851663673966225
catboost,hanseniase,1,origin_202012,3529401,252,0.0,0.08178842202294073
catboost,hanseniase,1,origin_202012,3534401,252,0.0,0.07833197182342391
catboost,hanseniase,1,origin_202012,3536505,252,0.0,0.0252760990308731
catboost,hanseniase,1,origin_202012,3541000,252,0.0,0.043941833499843125
catboost,hanseniase,1,origin_202012,3543402,252,1.0,0.7552749639465391
catboost,hanseniase,1,origin_202012,3547809,252,0.0,0.10143313458354271
catboost,hanseniase,1,origin_202012,3548500,252,0.0,0.06145081802570897
catboost,hanseniase,1,origin_202012,3548708,252,0.0,0.16100055731257923
catboost,hanseniase,1,origin_202012,3549805,252,0.0,0.14034617464276192
catboost,hanseniase,1,origin_202012,3549904,252,0.0,0.09275587153163041
catboost,hanseniase,1,origin_202012,3550308,252,2.0,1.5186628050772928
catboost,hanseniase,1,origin_202012,3551009,252,0.0,0.10108868155889478
catboost,hanseniase,1,origin_202012,3552205,252,0.0,0.08020214580982411
catboost,hanseniase,1,origin_202012,3554102,252,0.0,0.08508971940270262
xgboost,hanseniase,1,origin_202012,3505708,252,0.0,0.03652970865368843
xgboost,hanseniase,1,origin_202012,3506003,252,2.0,0.5506645441055298
xgboost,hanseniase,1,origin_202012,3509502,252,0.0,3.3594062328338623
xgboost,hanseniase,1,origin_202012,3510609,252,0.0,0.06185837835073471
xgboost,hanseniase,1,origin_202012,3513801,252,0.0,0.03686625510454178
xgboost,hanseniase,1,origin_202012,3518701,252,0.0,0.2989498972892761
xgboost,hanseniase,1,origin_202012,3518800,252,0.0,0.2884271442890167
xgboost,hanseniase,1,origin_202012,3522208,252,0.0,0.015714401379227638
xgboost,hanseniase,1,origin_202012,3525904,252,0.0,0.05798035487532616
xgboost,hanseniase,1,origin_202012,3529401,252,0.0,0.029992030933499336
xgboost,hanseniase,1,origin_202012,3534401,252,0.0,0.03689941391348839
xgboost,hanseniase,1,origin_202012,3536505,252,0.0,0.021338753402233124
xgboost,hanseniase,1,origin_202012,3541000,252,0.0,0.037759628146886826
xgboost,hanseniase,1,origin_202012,3543402,252,1.0,1.0726103782653809
xgboost,hanseniase,1,origin_202012,3547809,252,0.0,0.07400114834308624
xgboost,hanseniase,1,origin_202012,3548500,252,0.0,0.023845436051487923
xgboost,hanseniase,1,origin_202012,3548708,252,0.0,0.08108107000589371
xgboost,hanseniase,1,origin_202012,3549805,252,0.0,0.07833389937877655
xgboost,hanseniase,1,origin_202012,3549904,252,0.0,0.04420190677046776
xgboost,hanseniase,1,origin_202012,3550308,252,2.0,1.5523059368133545
xgboost,hanseniase,1,origin_202012,3551009,252,0.0,0.04899590089917183
xgboost,hanseniase,1,origin_202012,3552205,252,0.0,0.031052574515342712
xgboost,hanseniase,1,origin_202012,3554102,252,0.0,0.03513551130890846
prophet,hanseniase,1,origin_202012,3505708,252,0.0,0.0
prophet,hanseniase,1,origin_202012,3506003,252,2.0,0.0
prophet,hanseniase,1,origin_202012,3509502,252,0.0,1.877450306201141
prophet,hanseniase,1,origin_202012,3510609,252,0.0,0.20447465021005676
prophet,hanseniase,1,origin_202012,3513801,252,0.0,0.19559327748140615
prophet,hanseniase,1,origin_202012,3518701,252,0.0,1.6345337735578542
prophet,hanseniase,1,origin_202012,3518800,252,0.0,0.14244876762368086
prophet,hanseniase,1,origin_202012,3522208,252,0.0,0.00265649675424183
prophet,hanseniase,1,origin_202012,3525904,252,0.0,0.20503540138073567
prophet,hanseniase,1,origin_202012,3529401,252,0.0,0.007743878822629821
prophet,hanseniase,1,origin_202012,3534401,252,0.0,0.05241501384174402
prophet,hanseniase,1,origin_202012,3536505,252,0.0,0.01878307674907273
prophet,hanseniase,1,origin_202012,3541000,252,0.0,0.022679665826131894
prophet,hanseniase,1,origin_202012,3543402,252,1.0,1.6684734631606908
prophet,hanseniase,1,origin_202012,3547809,252,0.0,0.1540887956651161
prophet,hanseniase,1,origin_202012,3548500,252,0.0,0.0647003218928133
prophet,hanseniase,1,origin_202012,3548708,252,0.0,0.05384630213518585
prophet,hanseniase,1,origin_202012,3549805,252,0.0,0.2580513039095512
prophet,hanseniase,1,origin_202012,3549904,252,0.0,0.07550789695737396
prophet,hanseniase,1,origin_202012,3550308,252,2.0,3.527539497369106
prophet,hanseniase,1,origin_202012,3551009,252,0.0,0.03868888439957879
prophet,hanseniase,1,origin_202012,3552205,252,0.0,0.03686615778295372
prophet,hanseniase,1,origin_202012,3554102,252,0.0,0.021603675840902697
seasonal_naive,hanseniase,3,origin_202012,3505708,254,0.0,0.0
seasonal_naive,hanseniase,3,origin_202012,3506003,254,2.0,0.0
seasonal_naive,hanseniase,3,origin_202012,3509502,254,3.0,4.0
seasonal_naive,hanseniase,3,origin_202012,3510609,254,0.0,0.0
seasonal_naive,hanseniase,3,origin_202012,3513801,254,0.0,0.0
seasonal_naive,hanseniase,3,origin_202012,3518701,254,0.0,0.0
seasonal_naive,hanseniase,3,origin_202012,3518800,254,0.0,3.0
seasonal_naive,hanseniase,3,origin_202012,3522208,254,0.0,0.0
seasonal_naive,hanseniase,3,origin_202012,3525904,254,0.0,0.0
seasonal_naive,hanseniase,3,origin_202012,3529401,254,0.0,0.0
seasonal_naive,hanseniase,3,origin_202012,3534401,254,0.0,0.0
seasonal_naive,hanseniase,3,origin_202012,3536505,254,0.0,0.0
seasonal_naive,hanseniase,3,origin_202012,3541000,254,0.0,0.0
seasonal_naive,hanseniase,3,origin_202012,3543402,254,1.0,2.0
seasonal_naive,hanseniase,3,origin_202012,3547809,254,0.0,0.0
seasonal_naive,hanseniase,3,origin_202012,3548500,254,0.0,0.0
seasonal_naive,hanseniase,3,origin_202012,3548708,254,0.0,1.0
seasonal_naive,hanseniase,3,origin_202012,3549805,254,0.0,0.0
seasonal_naive,hanseniase,3,origin_202012,3549904,254,0.0,0.0
seasonal_naive,hanseniase,3,origin_202012,3550308,254,2.0,1.0
seasonal_naive,hanseniase,3,origin_202012,3551009,254,0.0,0.0
seasonal_naive,hanseniase,3,origin_202012,3552205,254,0.0,0.0
seasonal_naive,hanseniase,3,origin_202012,3554102,254,0.0,0.0
seasonal_ma3,hanseniase,3,origin_202012,3505708,254,0.0,0.3333333432674408
seasonal_ma3,hanseniase,3,origin_202012,3506003,254,2.0,0.0
seasonal_ma3,hanseniase,3,origin_202012,3509502,254,3.0,1.6666666269302368
seasonal_ma3,hanseniase,3,origin_202012,3510609,254,0.0,0.0
seasonal_ma3,hanseniase,3,origin_202012,3513801,254,0.0,0.0
seasonal_ma3,hanseniase,3,origin_202012,3518701,254,0.0,0.3333333432674408
seasonal_ma3,hanseniase,3,origin_202012,3518800,254,0.0,1.3333333730697632
seasonal_ma3,hanseniase,3,origin_202012,3522208,254,0.0,0.0
seasonal_ma3,hanseniase,3,origin_202012,3525904,254,0.0,0.0
seasonal_ma3,hanseniase,3,origin_202012,3529401,254,0.0,0.0
seasonal_ma3,hanseniase,3,origin_202012,3534401,254,0.0,0.0
seasonal_ma3,hanseniase,3,origin_202012,3536505,254,0.0,0.0
seasonal_ma3,hanseniase,3,origin_202012,3541000,254,0.0,0.3333333432674408
seasonal_ma3,hanseniase,3,origin_202012,3543402,254,1.0,1.0
seasonal_ma3,hanseniase,3,origin_202012,3547809,254,0.0,0.0
seasonal_ma3,hanseniase,3,origin_202012,3548500,254,0.0,0.0
seasonal_ma3,hanseniase,3,origin_202012,3548708,254,0.0,0.3333333432674408
seasonal_ma3,hanseniase,3,origin_202012,3549805,254,0.0,0.0
seasonal_ma3,hanseniase,3,origin_202012,3549904,254,0.0,0.0
seasonal_ma3,hanseniase,3,origin_202012,3550308,254,2.0,3.0
seasonal_ma3,hanseniase,3,origin_202012,3551009,254,0.0,0.0
seasonal_ma3,hanseniase,3,origin_202012,3552205,254,0.0,0.0
seasonal_ma3,hanseniase,3,origin_202012,3554102,254,0.0,0.0
sarima,hanseniase,3,origin_202012,3505708,254,0.0,0.08987261354923248
sarima,hanseniase,3,origin_202012,3506003,254,2.0,-2.7232859134674072
sarima,hanseniase,3,origin_202012,3509502,254,3.0,4.104966163635254
sarima,hanseniase,3,origin_202012,3510609,254,0.0,0.1269841343164444
sarima,hanseniase,3,origin_202012,3513801,254,0.0,0.0900164470076561
sarima,hanseniase,3,origin_202012,3518701,254,0.0,0.6742687821388245
sarima,hanseniase,3,origin_202012,3518800,254,0.0,0.2315891981124878
sarima,hanseniase,3,origin_202012,3522208,254,0.0,0.026269713416695595
sarima,hanseniase,3,origin_202012,3525904,254,0.0,0.6563093662261963
sarima,hanseniase,3,origin_202012,3529401,254,0.0,0.0634920597076416
sarima,hanseniase,3,origin_202012,3534401,254,0.0,0.20332849025726318
sarima,hanseniase,3,origin_202012,3536505,254,0.0,-0.013514205813407898
sarima,hanseniase,3,origin_202012,3541000,254,0.0,0.05234517529606819
sarima,hanseniase,3,origin_202012,3543402,254,1.0,1.0628223419189453
sarima,hanseniase,3,origin_202012,3547809,254,0.0,0.115079365670681
sarima,hanseniase,3,origin_202012,3548500,254,0.0,0.0873015969991684
sarima,hanseniase,3,origin_202012,3548708,254,0.0,0.09501197189092636
sarima,hanseniase,3,origin_202012,3549805,254,0.0,0.038360849022865295
sarima,hanseniase,3,origin_202012,3549904,254,0.0,0.1349206417798996
sarima,hanseniase,3,origin_202012,3550308,254,2.0,4.43623161315918
sarima,hanseniase,3,origin_202012,3551009,254,0.0,0.1269841343164444
sarima,hanseniase,3,origin_202012,3552205,254,0.0,0.130952388048172
sarima,hanseniase,3,origin_202012,3554102,254,0.0,0.13444268703460693
lgbm,hanseniase,3,origin_202012,3505708,254,0.0,0.11849060343911028
lgbm,hanseniase,3,origin_202012,3506003,254,2.0,0.6717403660057754
lgbm,hanseniase,3,origin_202012,3509502,254,3.0,5.280833882917772
lgbm,hanseniase,3,origin_202012,3510609,254,0.0,0.07860522239904764
lgbm,hanseniase,3,origin_202012,3513801,254,0.0,0.1807966192745166
lgbm,hanseniase,3,origin_202012,3518701,254,0.0,0.4536949238829506
lgbm,hanseniase,3,origin_202012,3518800,254,0.0,0.707323669822622
lgbm,hanseniase,3,origin_202012,3522208,254,0.0,0.03339974088056993
lgbm,hanseniase,3,origin_202012,3525904,254,0.0,0.141609613264988
lgbm,hanseniase,3,origin_202012,3529401,254,0.0,0.09277239366554456
lgbm,hanseniase,3,origin_202012,3534401,254,0.0,0.19054598278995383
lgbm,hanseniase,3,origin_202012,3536505,254,0.0,0.03896465911845524
lgbm,hanseniase,3,origin_202012,3541000,254,0.0,0.057921057168147536
lgbm,hanseniase,3,origin_202012,3543402,254,1.0,1.1526134229022564
lgbm,hanseniase,3,origin_202012,3547809,254,0.0,0.08977038343063572
lgbm,hanseniase,3,origin_202012,3548500,254,0.0,0.06214507068436468
lgbm,hanseniase,3,origin_202012,3548708,254,0.0,0.11797717019619085
lgbm,hanseniase,3,origin_202012,3549805,254,0.0,0.17915728002286047
lgbm,hanseniase,3,origin_202012,3549904,254,0.0,0.14775902909623598
lgbm,hanseniase,3,origin_202012,3550308,254,2.0,1.4658275176363342
lgbm,hanseniase,3,origin_202012,3551009,254,0.0,0.050954349118266656
lgbm,hanseniase,3,origin_202012,3552205,254,0.0,0.10378368603300056
lgbm,hanseniase,3,origin_202012,3554102,254,0.0,0.12663052610541406
catboost,hanseniase,3,origin_202012,3505708,254,0.0,0.1278846625285881
catboost,hanseniase,3,origin_202012,3506003,254,2.0,0.9651807747888954
catboost,hanseniase,3,origin_202012,3509502,254,3.0,4.875586697674682
catboost,hanseniase,3,origin_202012,3510609,254,0.0,0.09813718471238159
catboost,hanseniase,3,origin_202012,3513801,254,0.0,0.043010771632832116
catboost,hanseniase,3,origin_202012,3518701,254,0.0,0.4616495432751129
catboost,hanseniase,3,origin_202012,3518800,254,0.0,0.36967255810890953
catboost,hanseniase,3,origin_202012,3522208,254,0.0,0.07008685900274089
catboost,hanseniase,3,origin_202012,3525904,254,0.0,0.22450353339073076
catboost,hanseniase,3,origin_202012,3529401,254,0.0,0.10358836362488584
catboost,hanseniase,3,origin_202012,3534401,254,0.0,0.11293877808503641
catboost,hanseniase,3,origin_202012,3536505,254,0.0,0.04972999009659969
catboost,hanseniase,3,origin_202012,3541000,254,0.0,0.06817176571459184
catboost,hanseniase,3,origin_202012,3543402,254,1.0,1.834807614956837
catboost,hanseniase,3,origin_202012,3547809,254,0.0,0.10899882596110898
catboost,hanseniase,3,origin_202012,3548500,254,0.0,0.09258063111569659
catboost,hanseniase,3,origin_202012,3548708,254,0.0,0.1647885575316725
catboost,hanseniase,3,origin_202012,3549805,254,0.0,0.44692525557429624
catboost,hanseniase,3,origin_202012,3549904,254,0.0,0.1161648294015602
catboost,hanseniase,3,origin_202012,3550308,254,2.0,2.522740797414064
catboost,hanseniase,3,origin_202012,3551009,254,0.0,0.08459305470573478
catboost,hanseniase,3,origin_202012,3552205,254,0.0,0.10460884193761867
catboost,hanseniase,3,origin_202012,3554102,254,0.0,0.1598117798579085
xgboost,hanseniase,3,origin_202012,3505708,254,0.0,0.1441705822944641
xgboost,hanseniase,3,origin_202012,3506003,254,2.0,0.8467958569526672
xgboost,hanseniase,3,origin_202012,3509502,254,3.0,4.170276641845703
xgboost,hanseniase,3,origin_202012,3510609,254,0.0,0.0889148935675621
xgboost,hanseniase,3,origin_202012,3513801,254,0.0,0.11085933446884155
xgboost,hanseniase,3,origin_202012,3518701,254,0.0,0.4787546694278717
xgboost,hanseniase,3,origin_202012,3518800,254,0.0,0.5211890339851379
xgboost,hanseniase,3,origin_202012,3522208,254,0.0,0.024204015731811523
xgboost,hanseniase,3,origin_202012,3525904,254,0.0,0.17748510837554932
xgboost,hanseniase,3,origin_202012,3529401,254,0.0,0.06368225812911987
xgboost,hanseniase,3,origin_202012,3534401,254,0.0,0.12369322031736374
xgboost,hanseniase,3,origin_202012,3536505,254,0.0,0.03732907772064209
xgboost,hanseniase,3,origin_202012,3541000,254,0.0,0.08349571377038956
xgboost,hanseniase,3,origin_202012,3543402,254,1.0,1.210720419883728
xgboost,hanseniase,3,origin_202012,3547809,254,0.0,0.09304835647344589
xgboost,hanseniase,3,origin_202012,3548500,254,0.0,0.05381525680422783
xgboost,hanseniase,3,origin_202012,3548708,254,0.0,0.1320534199476242
xgboost,hanseniase,3,origin_202012,3549805,254,0.0,0.17288385331630707
xgboost,hanseniase,3,origin_202012,3549904,254,0.0,0.16621552407741547
xgboost,hanseniase,3,origin_202012,3550308,254,2.0,2.148209571838379
xgboost,hanseniase,3,origin_202012,3551009,254,0.0,0.052858177572488785
xgboost,hanseniase,3,origin_202012,3552205,254,0.0,0.10483303666114807
xgboost,hanseniase,3,origin_202012,3554102,254,0.0,0.20992664992809296
prophet,hanseniase,3,origin_202012,3505708,254,0.0,0.09050065647184652
prophet,hanseniase,3,origin_202012,3506003,254,2.0,0.0
prophet,hanseniase,3,origin_202012,3509502,254,3.0,2.2396493907936588
prophet,hanseniase,3,origin_202012,3510609,254,0.0,0.08381692689392392
prophet,hanseniase,3,origin_202012,3513801,254,0.0,0.14451238353117044
prophet,hanseniase,3,origin_202012,3518701,254,0.0,1.8909859964727205
prophet,hanseniase,3,origin_202012,3518800,254,0.0,0.17212022363565588
prophet,hanseniase,3,origin_202012,3522208,254,0.0,0.001824772296146894
prophet,hanseniase,3,origin_202012,3525904,254,0.0,0.7599831702039793
prophet,hanseniase,3,origin_202012,3529401,254,0.0,0.05564574815940947
prophet,hanseniase,3,origin_202012,3534401,254,0.0,0.2472058644249662
prophet,hanseniase,3,origin_202012,3536505,254,0.0,0.0193573455862584
prophet,hanseniase,3,origin_202012,3541000,254,0.0,0.11323017361305247
prophet,hanseniase,3,origin_202012,3543402,254,1.0,1.045935820265089
prophet,hanseniase,3,origin_202012,3547809,254,0.0,0.05646638123044091
prophet,hanseniase,3,origin_202012,3548500,254,0.0,0.017776039895848944
prophet,hanseniase,3,origin_202012,3548708,254,0.0,0.19820409643301348
prophet,hanseniase,3,origin_202012,3549805,254,0.0,0.5288257386612035
prophet,hanseniase,3,origin_202012,3549904,254,0.0,0.27044551416994267
prophet,hanseniase,3,origin_202012,3550308,254,2.0,3.8243055027162596
prophet,hanseniase,3,origin_202012,3551009,254,0.0,0.06325257788420185
prophet,hanseniase,3,origin_202012,3552205,254,0.0,0.03646719990913812
prophet,hanseniase,3,origin_202012,3554102,254,0.0,0.021761126682874332
seasonal_naive,hanseniase,6,origin_202012,3505708,257,0.0,0.0
seasonal_naive,hanseniase,6,origin_202012,3506003,257,0.0,1.0
seasonal_naive,hanseniase,6,origin_202012,3509502,257,4.0,3.0
seasonal_naive,hanseniase,6,origin_202012,3510609,257,0.0,0.0
seasonal_naive,hanseniase,6,origin_202012,3513801,257,0.0,0.0
seasonal_naive,hanseniase,6,origin_202012,3518701,257,0.0,3.0
seasonal_naive,hanseniase,6,origin_202012,3518800,257,1.0,0.0
seasonal_naive,hanseniase,6,origin_202012,3522208,257,0.0,0.0
seasonal_naive,hanseniase,6,origin_202012,3525904,257,0.0,0.0
seasonal_naive,hanseniase,6,origin_202012,3529401,257,0.0,0.0
seasonal_naive,hanseniase,6,origin_202012,3534401,257,0.0,0.0
seasonal_naive,hanseniase,6,origin_202012,3536505,257,0.0,0.0
seasonal_naive,hanseniase,6,origin_202012,3541000,257,0.0,0.0
seasonal_naive,hanseniase,6,origin_202012,3543402,257,0.0,2.0
seasonal_naive,hanseniase,6,origin_202012,3547809,257,0.0,0.0
seasonal_naive,hanseniase,6,origin_202012,3548500,257,0.0,0.0
seasonal_naive,hanseniase,6,origin_202012,3548708,257,0.0,0.0
seasonal_naive,hanseniase,6,origin_202012,3549805,257,0.0,0.0
seasonal_naive,hanseniase,6,origin_202012,3549904,257,0.0,0.0
seasonal_naive,hanseniase,6,origin_202012,3550308,257,2.0,0.0
seasonal_naive,hanseniase,6,origin_202012,3551009,257,0.0,0.0
seasonal_naive,hanseniase,6,origin_202012,3552205,257,0.0,0.0
seasonal_naive,hanseniase,6,origin_202012,3554102,257,0.0,1.0
seasonal_ma3,hanseniase,6,origin_202012,3505708,257,0.0,0.0
seasonal_ma3,hanseniase,6,origin_202012,3506003,257,0.0,0.3333333432674408
seasonal_ma3,hanseniase,6,origin_202012,3509502,257,4.0,2.3333332538604736
seasonal_ma3,hanseniase,6,origin_202012,3510609,257,0.0,0.0
seasonal_ma3,hanseniase,6,origin_202012,3513801,257,0.0,0.0
seasonal_ma3,hanseniase,6,origin_202012,3518701,257,0.0,6.0
seasonal_ma3,hanseniase,6,origin_202012,3518800,257,1.0,0.3333333432674408
seasonal_ma3,hanseniase,6,origin_202012,3522208,257,0.0,0.0
seasonal_ma3,hanseniase,6,origin_202012,3525904,257,0.0,0.0
seasonal_ma3,hanseniase,6,origin_202012,3529401,257,0.0,0.3333333432674408
seasonal_ma3,hanseniase,6,origin_202012,3534401,257,0.0,0.0
seasonal_ma3,hanseniase,6,origin_202012,3536505,257,0.0,0.0
seasonal_ma3,hanseniase,6,origin_202012,3541000,257,0.0,0.0
seasonal_ma3,hanseniase,6,origin_202012,3543402,257,0.0,0.6666666865348816
seasonal_ma3,hanseniase,6,origin_202012,3547809,257,0.0,0.0
seasonal_ma3,hanseniase,6,origin_202012,3548500,257,0.0,0.0
seasonal_ma3,hanseniase,6,origin_202012,3548708,257,0.0,0.3333333432674408
seasonal_ma3,hanseniase,6,origin_202012,3549805,257,0.0,0.0
seasonal_ma3,hanseniase,6,origin_202012,3549904,257,0.0,0.0
seasonal_ma3,hanseniase,6,origin_202012,3550308,257,2.0,4.666666507720947
seasonal_ma3,hanseniase,6,origin_202012,3551009,257,0.0,0.0
seasonal_ma3,hanseniase,6,origin_202012,3552205,257,0.0,0.0
seasonal_ma3,hanseniase,6,origin_202012,3554102,257,0.0,0.3333333432674408
sarima,hanseniase,6,origin_202012,3505708,257,0.0,0.08958360552787781
sarima,hanseniase,6,origin_202012,3506003,257,0.0,-3.4820687770843506
sarima,hanseniase,6,origin_202012,3509502,257,4.0,4.104966163635254
sarima,hanseniase,6,origin_202012,3510609,257,0.0,0.1269841343164444
sarima,hanseniase,6,origin_202012,3513801,257,0.0,0.12028578668832779
sarima,hanseniase,6,origin_202012,3518701,257,0.0,0.7932513356208801
sarima,hanseniase,6,origin_202012,3518800,257,1.0,0.19726517796516418
sarima,hanseniase,6,origin_202012,3522208,257,0.0,0.027025990188121796
sarima,hanseniase,6,origin_202012,3525904,257,0.0,0.8585509061813354
sarima,hanseniase,6,origin_202012,3529401,257,0.0,0.0634920597076416
sarima,hanseniase,6,origin_202012,3534401,257,0.0,0.20332849025726318
sarima,hanseniase,6,origin_202012,3536505,257,0.0,-0.017437385395169258
sarima,hanseniase,6,origin_202012,3541000,257,0.0,0.05234517529606819
sarima,hanseniase,6,origin_202012,3543402,257,0.0,1.0633584260940552
sarima,hanseniase,6,origin_202012,3547809,257,0.0,0.115079365670681
sarima,hanseniase,6,origin_202012,3548500,257,0.0,0.0873015969991684
sarima,hanseniase,6,origin_202012,3548708,257,0.0,0.09659523516893387
sarima,hanseniase,6,origin_202012,3549805,257,0.0,0.038360849022865295
sarima,hanseniase,6,origin_202012,3549904,257,0.0,0.1349206417798996
sarima,hanseniase,6,origin_202012,3550308,257,2.0,4.836462497711182
sarima,hanseniase,6,origin_202012,3551009,257,0.0,0.1269841343164444
sarima,hanseniase,6,origin_202012,3552205,257,0.0,0.130952388048172
sarima,hanseniase,6,origin_202012,3554102,257,0.0,0.14201977849006653
lgbm,hanseniase,6,origin_202012,3505708,257,0.0,0.07141300095392163
lgbm,hanseniase,6,origin_202012,3506003,257,0.0,0.6586403429128148
lgbm,hanseniase,6,origin_202012,3509502,257,4.0,2.192479498755922
lgbm,hanseniase,6,origin_202012,3510609,257,0.0,0.11338438700691986
lgbm,hanseniase,6,origin_202012,3513801,257,0.0,0.28805606893784996
lgbm,hanseniase,6,origin_202012,3518701,257,0.0,1.2309704777800827
lgbm,hanseniase,6,origin_202012,3518800,257,1.0,0.3538565580887071
lgbm,hanseniase,6,origin_202012,3522208,257,0.0,0.033236852424306226
lgbm,hanseniase,6,origin_202012,3525904,257,0.0,0.08171593705726292
lgbm,hanseniase,6,origin_202012,3529401,257,0.0,0.07009467105522986
lgbm,hanseniase,6,origin_202012,3534401,257,0.0,0.11235682826089023
lgbm,hanseniase,6,origin_202012,3536505,257,0.0,0.03050445370522351
lgbm,hanseniase,6,origin_202012,3541000,257,0.0,0.05627123862484522
lgbm,hanseniase,6,origin_202012,3543402,257,0.0,0.7285213036524034
lgbm,hanseniase,6,origin_202012,3547809,257,0.0,0.14103727442775416
lgbm,hanseniase,6,origin_202012,3548500,257,0.0,0.07981773404548041
lgbm,hanseniase,6,origin_202012,3548708,257,0.0,0.14419337624836637
lgbm,hanseniase,6,origin_202012,3549805,257,0.0,0.1588875164470267
lgbm,hanseniase,6,origin_202012,3549904,257,0.0,0.07084902966811082
lgbm,hanseniase,6,origin_202012,3550308,257,2.0,1.1996036995935566
lgbm,hanseniase,6,origin_202012,3551009,257,0.0,0.09728519405084142
lgbm,hanseniase,6,origin_202012,3552205,257,0.0,0.07136731821349852
lgbm,hanseniase,6,origin_202012,3554102,257,0.0,0.13245212753749946
catboost,hanseniase,6,origin_202012,3505708,257,0.0,0.11623811910167778
catboost,hanseniase,6,origin_202012,3506003,257,0.0,0.5603159291181451
catboost,hanseniase,6,origin_202012,3509502,257,4.0,2.5010359533368285
catboost,hanseniase,6,origin_202012,3510609,257,0.0,0.11069113552135926
catboost,hanseniase,6,origin_202012,3513801,257,0.0,0.05074908439286407
catboost,hanseniase,6,origin_202012,3518701,257,0.0,0.7413740959874041
catboost,hanseniase,6,origin_202012,3518800,257,1.0,0.22023042041509397
catboost,hanseniase,6,origin_202012,3522208,257,0.0,0.08969594182487484
catboost,hanseniase,6,origin_202012,3525904,257,0.0,0.2127374507701423
catboost,hanseniase,6,origin_202012,3529401,257,0.0,0.1208125365246316
catboost,hanseniase,6,origin_202012,3534401,257,0.0,0.14436745747174892
catboost,hanseniase,6,origin_202012,3536505,257,0.0,0.045582436971133525
catboost,hanseniase,6,origin_202012,3541000,257,0.0,0.09159445932929894
catboost,hanseniase,6,origin_202012,3543402,257,0.0,0.7198365697046968
catboost,hanseniase,6,origin_202012,3547809,257,0.0,0.2009668947245397
catboost,hanseniase,6,origin_202012,3548500,257,0.0,0.10776112259286269
catboost,hanseniase,6,origin_202012,3548708,257,0.0,0.18286563281618154
catboost,hanseniase,6,origin_202012,3549805,257,0.0,0.16806999214979662
catboost,hanseniase,6,origin_202012,3549904,257,0.0,0.15546265183226168
catboost,hanseniase,6,origin_202012,3550308,257,2.0,1.8646115408909316
catboost,hanseniase,6,origin_202012,3551009,257,0.0,0.10060782134164181
catboost,hanseniase,6,origin_202012,3552205,257,0.0,0.12691528533533816
catboost,hanseniase,6,origin_202012,3554102,257,0.0,0.18173964834552467
xgboost,hanseniase,6,origin_202012,3505708,257,0.0,0.12307340651750565
xgboost,hanseniase,6,origin_202012,3506003,257,0.0,0.613341748714447
xgboost,hanseniase,6,origin_202012,3509502,257,4.0,3.6858444213867188
xgboost,hanseniase,6,origin_202012,3510609,257,0.0,0.08574040234088898
xgboost,hanseniase,6,origin_202012,3513801,257,0.0,0.14132364094257355
xgboost,hanseniase,6,origin_202012,3518701,257,0.0,0.930404782295227
xgboost,hanseniase,6,origin_202012,3518800,257,1.0,0.3891681730747223
xgboost,hanseniase,6,origin_202012,3522208,257,0.0,0.03020313009619713
xgboost,hanseniase,6,origin_202012,3525904,257,0.0,0.10017194598913193
xgboost,hanseniase,6,origin_202012,3529401,257,0.0,0.09931075572967529
xgboost,hanseniase,6,origin_202012,3534401,257,0.0,0.0971173495054245
xgboost,hanseniase,6,origin_202012,3536505,257,0.0,0.03020142950117588
xgboost,hanseniase,6,origin_202012,3541000,257,0.0,0.10273052752017975
xgboost,hanseniase,6,origin_202012,3543402,257,0.0,0.731053352355957
xgboost,hanseniase,6,origin_202012,3547809,257,0.0,0.12177704274654388
xgboost,hanseniase,6,origin_202012,3548500,257,0.0,0.0904318168759346
xgboost,hanseniase,6,origin_202012,3548708,257,0.0,0.1582203507423401
xgboost,hanseniase,6,origin_202012,3549805,257,0.0,0.2040669471025467
xgboost,hanseniase,6,origin_202012,3549904,257,0.0,0.09350614994764328
xgboost,hanseniase,6,origin_202012,3550308,257,2.0,2.5804295539855957
xgboost,hanseniase,6,origin_202012,3551009,257,0.0,0.10091397911310196
xgboost,hanseniase,6,origin_202012,3552205,257,0.0,0.10332073271274567
xgboost,hanseniase,6,origin_202012,3554102,257,0.0,0.14556770026683807
prophet,hanseniase,6,origin_202012,3505708,257,0.0,0.0
prophet,hanseniase,6,origin_202012,3506003,257,0.0,0.0
prophet,hanseniase,6,origin_202012,3509502,257,4.0,1.8812777254235886
prophet,hanseniase,6,origin_202012,3510609,257,0.0,0.07084030853794383
prophet,hanseniase,6,origin_202012,3513801,257,0.0,0.18820134870783847
prophet,hanseniase,6,origin_202012,3518701,257,0.0,2.7994838664685817
prophet,hanseniase,6,origin_202012,3518800,257,1.0,0.0
prophet,hanseniase,6,origin_202012,3522208,257,0.0,0.002641815308322991
prophet,hanseniase,6,origin_202012,3525904,257,0.0,0.0
prophet,hanseniase,6,origin_202012,3529401,257,0.0,0.09948491376355126
prophet,hanseniase,6,origin_202012,3534401,257,0.0,0.10125331556190117
prophet,hanseniase,6,origin_202012,3536505,257,0.0,0.0
prophet,hanseniase,6,origin_202012,3541000,257,0.0,0.06629367366406089
prophet,hanseniase,6,origin_202012,3543402,257,0.0,1.179606217300111
prophet,hanseniase,6,origin_202012,3547809,257,0.0,0.10590679983099927
prophet,hanseniase,6,origin_202012,3548500,257,0.0,0.018513156636638772
prophet,hanseniase,6,origin_202012,3548708,257,0.0,0.24503137122149385
prophet,hanseniase,6,origin_202012,3549805,257,0.0,0.01834109457247335
prophet,hanseniase,6,origin_202012,3549904,257,0.0,0.12122988565348249
prophet,hanseniase,6,origin_202012,3550308,257,2.0,4.725039384536018
prophet,hanseniase,6,origin_202012,3551009,257,0.0,0.012913874223518418
prophet,hanseniase,6,origin_202012,3552205,257,0.0,0.037881711695083725
prophet,hanseniase,6,origin_202012,3554102,257,0.0,0.21144332614241662
seasonal_naive,hanseniase,12,origin_202012,3505708,263,0.0,0.0
seasonal_naive,hanseniase,12,origin_202012,3506003,263,0.0,1.0
seasonal_naive,hanseniase,12,origin_202012,3509502,263,1.0,6.0
seasonal_naive,hanseniase,12,origin_202012,3510609,263,0.0,0.0
seasonal_naive,hanseniase,12,origin_202012,3513801,263,0.0,0.0
seasonal_naive,hanseniase,12,origin_202012,3518701,263,1.0,2.0
seasonal_naive,hanseniase,12,origin_202012,3518800,263,1.0,1.0
seasonal_naive,hanseniase,12,origin_202012,3522208,263,0.0,0.0
seasonal_naive,hanseniase,12,origin_202012,3525904,263,0.0,0.0
seasonal_naive,hanseniase,12,origin_202012,3529401,263,0.0,0.0
seasonal_naive,hanseniase,12,origin_202012,3534401,263,0.0,0.0
seasonal_naive,hanseniase,12,origin_202012,3536505,263,0.0,0.0
seasonal_naive,hanseniase,12,origin_202012,3541000,263,0.0,0.0
seasonal_naive,hanseniase,12,origin_202012,3543402,263,2.0,1.0
seasonal_naive,hanseniase,12,origin_202012,3547809,263,1.0,0.0
seasonal_naive,hanseniase,12,origin_202012,3548500,263,1.0,0.0
seasonal_naive,hanseniase,12,origin_202012,3548708,263,1.0,0.0
seasonal_naive,hanseniase,12,origin_202012,3549805,263,0.0,0.0
seasonal_naive,hanseniase,12,origin_202012,3549904,263,0.0,0.0
seasonal_naive,hanseniase,12,origin_202012,3550308,263,3.0,2.0
seasonal_naive,hanseniase,12,origin_202012,3551009,263,1.0,0.0
seasonal_naive,hanseniase,12,origin_202012,3552205,263,0.0,0.0
seasonal_naive,hanseniase,12,origin_202012,3554102,263,0.0,0.0
seasonal_ma3,hanseniase,12,origin_202012,3505708,263,0.0,0.0
seasonal_ma3,hanseniase,12,origin_202012,3506003,263,0.0,0.6666666865348816
seasonal_ma3,hanseniase,12,origin_202012,3509502,263,1.0,3.3333332538604736
seasonal_ma3,hanseniase,12,origin_202012,3510609,263,0.0,0.0
seasonal_ma3,hanseniase,12,origin_202012,3513801,263,0.0,0.0
seasonal_ma3,hanseniase,12,origin_202012,3518701,263,1.0,2.0
seasonal_ma3,hanseniase,12,origin_202012,3518800,263,1.0,0.3333333432674408
seasonal_ma3,hanseniase,12,origin_202012,3522208,263,0.0,0.0
seasonal_ma3,hanseniase,12,origin_202012,3525904,263,0.0,0.0
seasonal_ma3,hanseniase,12,origin_202012,3529401,263,0.0,0.0
seasonal_ma3,hanseniase,12,origin_202012,3534401,263,0.0,0.0
seasonal_ma3,hanseniase,12,origin_202012,3536505,263,0.0,0.0
seasonal_ma3,hanseniase,12,origin_202012,3541000,263,0.0,0.0
seasonal_ma3,hanseniase,12,origin_202012,3543402,263,2.0,0.3333333432674408
seasonal_ma3,hanseniase,12,origin_202012,3547809,263,1.0,0.0
seasonal_ma3,hanseniase,12,origin_202012,3548500,263,1.0,0.3333333432674408
seasonal_ma3,hanseniase,12,origin_202012,3548708,263,1.0,0.0
seasonal_ma3,hanseniase,12,origin_202012,3549805,263,0.0,0.0
seasonal_ma3,hanseniase,12,origin_202012,3549904,263,0.0,0.0
seasonal_ma3,hanseniase,12,origin_202012,3550308,263,3.0,0.6666666865348816
seasonal_ma3,hanseniase,12,origin_202012,3551009,263,1.0,0.0
seasonal_ma3,hanseniase,12,origin_202012,3552205,263,0.0,0.0
seasonal_ma3,hanseniase,12,origin_202012,3554102,263,0.0,0.6666666865348816
sarima,hanseniase,12,origin_202012,3505708,263,0.0,0.08958452939987183
sarima,hanseniase,12,origin_202012,3506003,263,0.0,-4.992919445037842
sarima,hanseniase,12,origin_202012,3509502,263,1.0,4.104966163635254
sarima,hanseniase,12,origin_202012,3510609,263,0.0,0.1269841343164444
sarima,hanseniase,12,origin_202012,3513801,263,0.0,0.13793811202049255
sarima,hanseniase,12,origin_202012,3518701,263,1.0,0.9381399750709534
sarima,hanseniase,12,origin_202012,3518800,263,1.0,0.12861712276935577
sarima,hanseniase,12,origin_202012,3522208,263,0.0,0.02816786803305149
sarima,hanseniase,12,origin_202012,3525904,263,0.0,0.8649511933326721
sarima,hanseniase,12,origin_202012,3529401,263,0.0,0.0634920597076416
sarima,hanseniase,12,origin_202012,3534401,263,0.0,0.20332849025726318
sarima,hanseniase,12,origin_202012,3536505,263,0.0,-0.02132311277091503
sarima,hanseniase,12,origin_202012,3541000,263,0.0,0.05234517529606819
sarima,hanseniase,12,origin_202012,3543402,263,2.0,1.0633630752563477
sarima,hanseniase,12,origin_202012,3547809,263,1.0,0.115079365670681
sarima,hanseniase,12,origin_202012,3548500,263,1.0,0.0873015969991684
sarima,hanseniase,12,origin_202012,3548708,263,1.0,0.09906457364559174
sarima,hanseniase,12,origin_202012,3549805,263,0.0,0.038360849022865295
sarima,hanseniase,12,origin_202012,3549904,263,0.0,0.1349206417798996
sarima,hanseniase,12,origin_202012,3550308,263,3.0,4.965412616729736
sarima,hanseniase,12,origin_202012,3551009,263,1.0,0.1269841343164444
sarima,hanseniase,12,origin_202012,3552205,263,0.0,0.130952388048172
sarima,hanseniase,12,origin_202012,3554102,263,0.0,0.15107400715351105
lgbm,hanseniase,12,origin_202012,3505708,263,0.0,0.06599945254381594
lgbm,hanseniase,12,origin_202012,3506003,263,0.0,0.5921914084920368
lgbm,hanseniase,12,origin_202012,3509502,263,1.0,2.7784326239852764
lgbm,hanseniase,12,origin_202012,3510609,263,0.0,0.03713695174581309
lgbm,hanseniase,12,origin_202012,3513801,263,0.0,0.07890845102540875
lgbm,hanseniase,12,origin_202012,3518701,263,1.0,1.442927885358012
lgbm,hanseniase,12,origin_202012,3518800,263,1.0,0.38015734896906195
lgbm,hanseniase,12,origin_202012,3522208,263,0.0,0.02542123426313746
lgbm,hanseniase,12,origin_202012,3525904,263,0.0,0.10769740318551647
lgbm,hanseniase,12,origin_202012,3529401,263,0.0,0.06897253497701386
lgbm,hanseniase,12,origin_202012,3534401,263,0.0,0.08352955366357523
lgbm,hanseniase,12,origin_202012,3536505,263,0.0,0.029547676177613433
lgbm,hanseniase,12,origin_202012,3541000,263,0.0,0.07738718897003637
lgbm,hanseniase,12,origin_202012,3543402,263,2.0,0.5843035381448846
lgbm,hanseniase,12,origin_202012,3547809,263,1.0,0.07445117916083918
lgbm,hanseniase,12,origin_202012,3548500,263,1.0,0.03926467641463985
lgbm,hanseniase,12,origin_202012,3548708,263,1.0,0.04432348789744077
lgbm,hanseniase,12,origin_202012,3549805,263,0.0,0.11816334259745659
lgbm,hanseniase,12,origin_202012,3549904,263,0.0,0.04934413314348661
lgbm,hanseniase,12,origin_202012,3550308,263,3.0,1.2452874815564008
lgbm,hanseniase,12,origin_202012,3551009,263,1.0,0.07657023880681611
lgbm,hanseniase,12,origin_202012,3552205,263,0.0,0.056833121595970135
lgbm,hanseniase,12,origin_202012,3554102,263,0.0,0.05653942326360996
catboost,hanseniase,12,origin_202012,3505708,263,0.0,0.11378831359052738
catboost,hanseniase,12,origin_202012,3506003,263,0.0,0.6840567364817752
catboost,hanseniase,12,origin_202012,3509502,263,1.0,3.3505993329816874
catboost,hanseniase,12,origin_202012,3510609,263,0.0,0.06419726381711358
catboost,hanseniase,12,origin_202012,3513801,263,0.0,0.030153160969131922
catboost,hanseniase,12,origin_202012,3518701,263,1.0,0.7864504642808215
catboost,hanseniase,12,origin_202012,3518800,263,1.0,0.2992764912849048
catboost,hanseniase,12,origin_202012,3522208,263,0.0,0.06299041588845077
catboost,hanseniase,12,origin_202012,3525904,263,0.0,0.168417457373298
catboost,hanseniase,12,origin_202012,3529401,263,0.0,0.09114222932169475
catboost,hanseniase,12,origin_202012,3534401,263,0.0,0.07036962798619582
catboost,hanseniase,12,origin_202012,3536505,263,0.0,0.03900198727262117
catboost,hanseniase,12,origin_202012,3541000,263,0.0,0.07377601893083469
catboost,hanseniase,12,origin_202012,3543402,263,2.0,0.3600838222661309
catboost,hanseniase,12,origin_202012,3547809,263,1.0,0.09359450333141314
catboost,hanseniase,12,origin_202012,3548500,263,1.0,0.06397198248735844
catboost,hanseniase,12,origin_202012,3548708,263,1.0,0.10285351656077653
catboost,hanseniase,12,origin_202012,3549805,263,0.0,0.07799786300597601
catboost,hanseniase,12,origin_202012,3549904,263,0.0,0.08515145367369273
catboost,hanseniase,12,origin_202012,3550308,263,3.0,2.5176762177887033
catboost,hanseniase,12,origin_202012,3551009,263,1.0,0.09423786557455444
catboost,hanseniase,12,origin_202012,3552205,263,0.0,0.10303515692494145
catboost,hanseniase,12,origin_202012,3554102,263,0.0,0.04009781328319316
xgboost,hanseniase,12,origin_202012,3505708,263,0.0,0.11507522314786911
xgboost,hanseniase,12,origin_202012,3506003,263,0.0,0.5592439770698547
xgboost,hanseniase,12,origin_202012,3509502,263,1.0,2.9026565551757812
xgboost,hanseniase,12,origin_202012,3510609,263,0.0,0.07527986168861389
xgboost,hanseniase,12,origin_202012,3513801,263,0.0,0.15493471920490265
xgboost,hanseniase,12,origin_202012,3518701,263,1.0,1.6011261940002441
xgboost,hanseniase,12,origin_202012,3518800,263,1.0,0.4658116102218628
xgboost,hanseniase,12,origin_202012,3522208,263,0.0,0.02451207861304283
xgboost,hanseniase,12,origin_202012,3525904,263,0.0,0.13613435626029968
xgboost,hanseniase,12,origin_202012,3529401,263,0.0,0.05150826647877693
xgboost,hanseniase,12,origin_202012,3534401,263,0.0,0.09211601316928864
xgboost,hanseniase,12,origin_202012,3536505,263,0.0,0.02005433663725853
xgboost,hanseniase,12,origin_202012,3541000,263,0.0,0.07918518036603928
xgboost,hanseniase,12,origin_202012,3543402,263,2.0,0.6117616891860962
xgboost,hanseniase,12,origin_202012,3547809,263,1.0,0.09897007793188095
xgboost,hanseniase,12,origin_202012,3548500,263,1.0,0.06027870625257492
xgboost,hanseniase,12,origin_202012,3548708,263,1.0,0.07435790449380875
xgboost,hanseniase,12,origin_202012,3549805,263,0.0,0.1428532749414444
xgboost,hanseniase,12,origin_202012,3549904,263,0.0,0.06796149909496307
xgboost,hanseniase,12,origin_202012,3550308,263,3.0,1.4007525444030762
xgboost,hanseniase,12,origin_202012,3551009,263,1.0,0.07627138495445251
xgboost,hanseniase,12,origin_202012,3552205,263,0.0,0.07517741620540619
xgboost,hanseniase,12,origin_202012,3554102,263,0.0,0.08636994659900665
prophet,hanseniase,12,origin_202012,3505708,263,0.0,0.0
prophet,hanseniase,12,origin_202012,3506003,263,0.0,0.0
prophet,hanseniase,12,origin_202012,3509502,263,1.0,2.151879513031056
prophet,hanseniase,12,origin_202012,3510609,263,0.0,0.12157041184830536
prophet,hanseniase,12,origin_202012,3513801,263,0.0,0.23631538575885994
prophet,hanseniase,12,origin_202012,3518701,263,1.0,2.2079782176828404
prophet,hanseniase,12,origin_202012,3518800,263,1.0,0.19133299649337515
prophet,hanseniase,12,origin_202012,3522208,263,0.0,0.04982841331036346
prophet,hanseniase,12,origin_202012,3525904,263,0.0,0.23252972845456776
prophet,hanseniase,12,origin_202012,3529401,263,0.0,0.0544888411548302
prophet,hanseniase,12,origin_202012,3534401,263,0.0,0.004893228480873646
prophet,hanseniase,12,origin_202012,3536505,263,0.0,0.08689999592987399
prophet,hanseniase,12,origin_202012,3541000,263,0.0,0.1598273392784392
prophet,hanseniase,12,origin_202012,3543402,263,2.0,0.8151761806804575
prophet,hanseniase,12,origin_202012,3547809,263,1.0,0.20005871496806876
prophet,hanseniase,12,origin_202012,3548500,263,1.0,0.06500395347164664
prophet,hanseniase,12,origin_202012,3548708,263,1.0,0.006154812354715156
prophet,hanseniase,12,origin_202012,3549805,263,0.0,0.09865615563761204
prophet,hanseniase,12,origin_202012,3549904,263,0.0,0.0
prophet,hanseniase,12,origin_202012,3550308,263,3.0,3.1543392582190197
prophet,hanseniase,12,origin_202012,3551009,263,1.0,0.22813362371201956
prophet,hanseniase,12,origin_202012,3552205,263,0.0,0.03631754792600033
prophet,hanseniase,12,origin_202012,3554102,263,0.0,0.20718787171551722
seasonal_naive,hanseniase,1,origin_202112,3505708,264,0.0,0.0
seasonal_naive,hanseniase,1,origin_202112,3506003,264,0.0,2.0
seasonal_naive,hanseniase,1,origin_202112,3509502,264,0.0,0.0
seasonal_naive,hanseniase,1,origin_202112,3510609,264,0.0,0.0
seasonal_naive,hanseniase,1,origin_202112,3513801,264,0.0,0.0
seasonal_naive,hanseniase,1,origin_202112,3518701,264,0.0,0.0
seasonal_naive,hanseniase,1,origin_202112,3518800,264,0.0,0.0
seasonal_naive,hanseniase,1,origin_202112,3522208,264,0.0,0.0
seasonal_naive,hanseniase,1,origin_202112,3525904,264,0.0,0.0
seasonal_naive,hanseniase,1,origin_202112,3529401,264,0.0,0.0
seasonal_naive,hanseniase,1,origin_202112,3534401,264,0.0,0.0
seasonal_naive,hanseniase,1,origin_202112,3536505,264,1.0,0.0
seasonal_naive,hanseniase,1,origin_202112,3541000,264,0.0,0.0
seasonal_naive,hanseniase,1,origin_202112,3543402,264,0.0,1.0
seasonal_naive,hanseniase,1,origin_202112,3547809,264,0.0,0.0
seasonal_naive,hanseniase,1,origin_202112,3548500,264,0.0,0.0
seasonal_naive,hanseniase,1,origin_202112,3548708,264,0.0,0.0
seasonal_naive,hanseniase,1,origin_202112,3549805,264,0.0,0.0
seasonal_naive,hanseniase,1,origin_202112,3549904,264,0.0,0.0
seasonal_naive,hanseniase,1,origin_202112,3550308,264,2.0,2.0
seasonal_naive,hanseniase,1,origin_202112,3551009,264,0.0,0.0
seasonal_naive,hanseniase,1,origin_202112,3552205,264,0.0,0.0
seasonal_naive,hanseniase,1,origin_202112,3554102,264,0.0,0.0
seasonal_ma3,hanseniase,1,origin_202112,3505708,264,0.0,0.0
seasonal_ma3,hanseniase,1,origin_202112,3506003,264,0.0,1.3333333730697632
seasonal_ma3,hanseniase,1,origin_202112,3509502,264,0.0,1.0
seasonal_ma3,hanseniase,1,origin_202112,3510609,264,0.0,0.0
seasonal_ma3,hanseniase,1,origin_202112,3513801,264,0.0,0.0
seasonal_ma3,hanseniase,1,origin_202112,3518701,264,0.0,1.0
seasonal_ma3,hanseniase,1,origin_202112,3518800,264,0.0,0.0
seasonal_ma3,hanseniase,1,origin_202112,3522208,264,0.0,0.0
seasonal_ma3,hanseniase,1,origin_202112,3525904,264,0.0,0.3333333432674408
seasonal_ma3,hanseniase,1,origin_202112,3529401,264,0.0,0.0
seasonal_ma3,hanseniase,1,origin_202112,3534401,264,0.0,0.0
seasonal_ma3,hanseniase,1,origin_202112,3536505,264,1.0,0.0
seasonal_ma3,hanseniase,1,origin_202112,3541000,264,0.0,0.0
seasonal_ma3,hanseniase,1,origin_202112,3543402,264,0.0,1.6666666269302368
seasonal_ma3,hanseniase,1,origin_202112,3547809,264,0.0,0.3333333432674408
seasonal_ma3,hanseniase,1,origin_202112,3548500,264,0.0,0.3333333432674408
seasonal_ma3,hanseniase,1,origin_202112,3548708,264,0.0,0.0
seasonal_ma3,hanseniase,1,origin_202112,3549805,264,0.0,0.0
seasonal_ma3,hanseniase,1,origin_202112,3549904,264,0.0,0.0
seasonal_ma3,hanseniase,1,origin_202112,3550308,264,2.0,5.0
seasonal_ma3,hanseniase,1,origin_202112,3551009,264,0.0,0.3333333432674408
seasonal_ma3,hanseniase,1,origin_202112,3552205,264,0.0,0.0
seasonal_ma3,hanseniase,1,origin_202112,3554102,264,0.0,0.0
sarima,hanseniase,1,origin_202112,3505708,264,0.0,0.0967751145362854
sarima,hanseniase,1,origin_202112,3506003,264,0.0,-1.8769084215164185
sarima,hanseniase,1,origin_202112,3509502,264,0.0,2.791111469268799
sarima,hanseniase,1,origin_202112,3510609,264,0.0,0.12121212482452393
sarima,hanseniase,1,origin_202112,3513801,264,0.0,0.06952239573001862
sarima,hanseniase,1,origin_202112,3518701,264,0.0,0.9608142375946045
sarima,hanseniase,1,origin_202112,3518800,264,0.0,0.4144534170627594
sarima,hanseniase,1,origin_202112,3522208,264,0.0,-0.005310969427227974
sarima,hanseniase,1,origin_202112,3525904,264,0.0,0.6913957595825195
sarima,hanseniase,1,origin_202112,3529401,264,0.0,0.06060606241226196
sarima,hanseniase,1,origin_202112,3534401,264,0.0,0.17494036257266998
sarima,hanseniase,1,origin_202112,3536505,264,1.0,-0.012807377614080906
sarima,hanseniase,1,origin_202112,3541000,264,0.0,0.016960442066192627
sarima,hanseniase,1,origin_202112,3543402,264,0.0,1.2428125143051147
sarima,hanseniase,1,origin_202112,3547809,264,0.0,0.11742423474788666
sarima,hanseniase,1,origin_202112,3548500,264,0.0,0.08712120354175568
sarima,hanseniase,1,origin_202112,3548708,264,0.0,0.10170356929302216
sarima,hanseniase,1,origin_202112,3549805,264,0.0,0.017276128754019737
sarima,hanseniase,1,origin_202112,3549904,264,0.0,0.12878787517547607
sarima,hanseniase,1,origin_202112,3550308,264,2.0,3.155153274536133
sarima,hanseniase,1,origin_202112,3551009,264,0.0,0.1401515156030655
sarima,hanseniase,1,origin_202112,3552205,264,0.0,0.125
sarima,hanseniase,1,origin_202112,3554102,264,0.0,0.09510507434606552
lgbm,hanseniase,1,origin_202112,3505708,264,0.0,0.06403440253229022
lgbm,hanseniase,1,origin_202112,3506003,264,0.0,0.5614080256282026
lgbm,hanseniase,1,origin_202112,3509502,264,0.0,1.856681366687878
lgbm,hanseniase,1,origin_202112,3510609,264,0.0,0.11632645791987926
lgbm,hanseniase,1,origin_202112,3513801,264,0.0,0.048273083027424724
lgbm,hanseniase,1,origin_202112,3518701,264,0.0,0.12661452091833522
lgbm,hanseniase,1,origin_202112,3518800,264,0.0,0.30529650329311064
lgbm,hanseniase,1,origin_202112,3522208,264,0.0,0.027496794236541743
lgbm,hanseniase,1,origin_202112,3525904,264,0.0,0.08622325046823635
lgbm,hanseniase,1,origin_202112,3529401,264,0.0,0.03380463348155619
lgbm,hanseniase,1,origin_202112,3534401,264,0.0,0.048205443697368296
lgbm,hanseniase,1,origin_202112,3536505,264,1.0,0.027428513998959497
lgbm,hanseniase,1,origin_202112,3541000,264,0.0,0.04325789070714765
lgbm,hanseniase,1,origin_202112,3543402,264,0.0,0.7055562399278101
lgbm,hanseniase,1,origin_202112,3547809,264,0.0,0.18022296276285085
lgbm,hanseniase,1,origin_202112,3548500,264,0.0,0.0644662805854255
lgbm,hanseniase,1,origin_202112,3548708,264,0.0,0.058584169896550596
lgbm,hanseniase,1,origin_202112,3549805,264,0.0,0.04308157257667664
lgbm,hanseniase,1,origin_202112,3549904,264,0.0,0.07018303204568
lgbm,hanseniase,1,origin_202112,3550308,264,2.0,1.9683001135756801
lgbm,hanseniase,1,origin_202112,3551009,264,0.0,0.22158637265378012
lgbm,hanseniase,1,origin_202112,3552205,264,0.0,0.060464161047646424
lgbm,hanseniase,1,origin_202112,3554102,264,0.0,0.03995623198577596
catboost,hanseniase,1,origin_202112,3505708,264,0.0,0.08781156752252896
catboost,hanseniase,1,origin_202112,3506003,264,0.0,0.48940801563904174
catboost,hanseniase,1,origin_202112,3509502,264,0.0,1.6365694564963191
catboost,hanseniase,1,origin_202112,3510609,264,0.0,0.08027436698062769
catboost,hanseniase,1,origin_202112,3513801,264,0.0,0.08565117012476542
catboost,hanseniase,1,origin_202112,3518701,264,0.0,0.08898387675804856
catboost,hanseniase,1,origin_202112,3518800,264,0.0,0.3995759050411644
catboost,hanseniase,1,origin_202112,3522208,264,0.0,0.051599207520008135
catboost,hanseniase,1,origin_202112,3525904,264,0.0,0.1346933047519356
catboost,hanseniase,1,origin_202112,3529401,264,0.0,0.09405683002829536
catboost,hanseniase,1,origin_202112,3534401,264,0.0,0.092608733898903
catboost,hanseniase,1,origin_202112,3536505,264,1.0,0.049147427303436936
catboost,hanseniase,1,origin_202112,3541000,264,0.0,0.08474333726789797
catboost,hanseniase,1,origin_202112,3543402,264,0.0,0.6952848294138283
catboost,hanseniase,1,origin_202112,3547809,264,0.0,0.165862626012978
catboost,hanseniase,1,origin_202112,3548500,264,0.0,0.08976815487397959
catboost,hanseniase,1,origin_202112,3548708,264,0.0,0.10555994301487913
catboost,hanseniase,1,origin_202112,3549805,264,0.0,0.09762022037875165
catboost,hanseniase,1,origin_202112,3549904,264,0.0,0.10005570268185264
catboost,hanseniase,1,origin_202112,3550308,264,2.0,2.224103180418088
catboost,hanseniase,1,origin_202112,3551009,264,0.0,0.22948565955792016
catboost,hanseniase,1,origin_202112,3552205,264,0.0,0.09985569115791963
catboost,hanseniase,1,origin_202112,3554102,264,0.0,0.04743719974564876
xgboost,hanseniase,1,origin_202112,3505708,264,0.0,0.08403489738702774
xgboost,hanseniase,1,origin_202112,3506003,264,0.0,0.565855860710144
xgboost,hanseniase,1,origin_202112,3509502,264,0.0,1.9310353994369507
xgboost,hanseniase,1,origin_202112,3510609,264,0.0,0.17320597171783447
xgboost,hanseniase,1,origin_202112,3513801,264,0.0,0.06687606871128082
xgboost,hanseniase,1,origin_202112,3518701,264,0.0,0.08450579643249512
xgboost,hanseniase,1,origin_202112,3518800,264,0.0,0.526041567325592
xgboost,hanseniase,1,origin_202112,3522208,264,0.0,0.02378653734922409
xgboost,hanseniase,1,origin_202112,3525904,264,0.0,0.12150286883115768
xgboost,hanseniase,1,origin_202112,3529401,264,0.0,0.0533558651804924
xgboost,hanseniase,1,origin_202112,3534401,264,0.0,0.06987902522087097
xgboost,hanseniase,1,origin_202112,3536505,264,1.0,0.016852259635925293
xgboost,hanseniase,1,origin_202112,3541000,264,0.0,0.034882694482803345
xgboost,hanseniase,1,origin_202112,3543402,264,0.0,0.986833393573761
xgboost,hanseniase,1,origin_202112,3547809,264,0.0,0.11641107499599457
xgboost,hanseniase,1,origin_202112,3548500,264,0.0,0.04379003122448921
xgboost,hanseniase,1,origin_202112,3548708,264,0.0,0.07388313859701157
xgboost,hanseniase,1,origin_202112,3549805,264,0.0,0.037368543446063995
xgboost,hanseniase,1,origin_202112,3549904,264,0.0,0.10712239146232605
xgboost,hanseniase,1,origin_202112,3550308,264,2.0,2.102085590362549
xgboost,hanseniase,1,origin_202112,3551009,264,0.0,0.2281492054462433
xgboost,hanseniase,1,origin_202112,3552205,264,0.0,0.0579913891851902
xgboost,hanseniase,1,origin_202112,3554102,264,0.0,0.0782201811671257
prophet,hanseniase,1,origin_202112,3505708,264,0.0,0.0
prophet,hanseniase,1,origin_202112,3506003,264,0.0,0.0
prophet,hanseniase,1,origin_202112,3509502,264,0.0,1.9339023173535697
prophet,hanseniase,1,origin_202112,3510609,264,0.0,0.15451791939323922
prophet,hanseniase,1,origin_202112,3513801,264,0.0,0.1475397906352112
prophet,hanseniase,1,origin_202112,3518701,264,0.0,1.1934388481160971
prophet,hanseniase,1,origin_202112,3518800,264,0.0,0.13764403341290415
prophet,hanseniase,1,origin_202112,3522208,264,0.0,0.004258632210789835
prophet,hanseniase,1,origin_202112,3525904,264,0.0,0.06130843223991972
prophet,hanseniase,1,origin_202112,3529401,264,0.0,0.006639627350038146
prophet,hanseniase,1,origin_202112,3534401,264,0.0,0.03928718800643605
prophet,hanseniase,1,origin_202112,3536505,264,1.0,0.01439788090098848
prophet,hanseniase,1,origin_202112,3541000,264,0.0,0.006471127162781292
prophet,hanseniase,1,origin_202112,3543402,264,0.0,1.3116980518317827
prophet,hanseniase,1,origin_202112,3547809,264,0.0,0.16098979268346633
prophet,hanseniase,1,origin_202112,3548500,264,0.0,0.07566676237346245
prophet,hanseniase,1,origin_202112,3548708,264,0.0,0.029629950103329486
prophet,hanseniase,1,origin_202112,3549805,264,0.0,0.09532237758220058
prophet,hanseniase,1,origin_202112,3549904,264,0.0,0.04741198999149715
prophet,hanseniase,1,origin_202112,3550308,264,2.0,3.0893277623988986
prophet,hanseniase,1,origin_202112,3551009,264,0.0,0.08390810384836628
prophet,hanseniase,1,origin_202112,3552205,264,0.0,0.019128915983577938
prophet,hanseniase,1,origin_202112,3554102,264,0.0,0.013772320351075368
seasonal_naive,hanseniase,3,origin_202112,3505708,266,0.0,0.0
seasonal_naive,hanseniase,3,origin_202112,3506003,266,0.0,2.0
seasonal_naive,hanseniase,3,origin_202112,3509502,266,1.0,3.0
seasonal_naive,hanseniase,3,origin_202112,3510609,266,1.0,0.0
seasonal_naive,hanseniase,3,origin_202112,3513801,266,1.0,0.0
seasonal_naive,hanseniase,3,origin_202112,3518701,266,1.0,0.0
seasonal_naive,hanseniase,3,origin_202112,3518800,266,0.0,0.0
seasonal_naive,hanseniase,3,origin_202112,3522208,266,1.0,0.0
seasonal_naive,hanseniase,3,origin_202112,3525904,266,0.0,0.0
seasonal_naive,hanseniase,3,origin_202112,3529401,266,0.0,0.0
seasonal_naive,hanseniase,3,origin_202112,3534401,266,2.0,0.0
seasonal_naive,hanseniase,3,origin_202112,3536505,266,0.0,0.0
seasonal_naive,hanseniase,3,origin_202112,3541000,266,0.0,0.0
seasonal_naive,hanseniase,3,origin_202112,3543402,266,0.0,1.0
seasonal_naive,hanseniase,3,origin_202112,3547809,266,0.0,0.0
seasonal_naive,hanseniase,3,origin_202112,3548500,266,0.0,0.0
seasonal_naive,hanseniase,3,origin_202112,3548708,266,0.0,0.0
seasonal_naive,hanseniase,3,origin_202112,3549805,266,0.0,0.0
seasonal_naive,hanseniase,3,origin_202112,3549904,266,0.0,0.0
seasonal_naive,hanseniase,3,origin_202112,3550308,266,2.0,2.0
seasonal_naive,hanseniase,3,origin_202112,3551009,266,0.0,0.0
seasonal_naive,hanseniase,3,origin_202112,3552205,266,0.0,0.0
seasonal_naive,hanseniase,3,origin_202112,3554102,266,0.0,0.0
seasonal_ma3,hanseniase,3,origin_202112,3505708,266,0.0,0.0
seasonal_ma3,hanseniase,3,origin_202112,3506003,266,0.0,0.6666666865348816
seasonal_ma3,hanseniase,3,origin_202112,3509502,266,1.0,2.6666667461395264
seasonal_ma3,hanseniase,3,origin_202112,3510609,266,1.0,0.0
seasonal_ma3,hanseniase,3,origin_202112,3513801,266,1.0,0.0
seasonal_ma3,hanseniase,3,origin_202112,3518701,266,1.0,0.3333333432674408
seasonal_ma3,hanseniase,3,origin_202112,3518800,266,0.0,1.3333333730697632
seasonal_ma3,hanseniase,3,origin_202112,3522208,266,1.0,0.0
seasonal_ma3,hanseniase,3,origin_202112,3525904,266,0.0,0.0
seasonal_ma3,hanseniase,3,origin_202112,3529401,266,0.0,0.0
seasonal_ma3,hanseniase,3,origin_202112,3534401,266,2.0,0.0
seasonal_ma3,hanseniase,3,origin_202112,3536505,266,0.0,0.0
seasonal_ma3,hanseniase,3,origin_202112,3541000,266,0.0,0.0
seasonal_ma3,hanseniase,3,origin_202112,3543402,266,0.0,1.0
seasonal_ma3,hanseniase,3,origin_202112,3547809,266,0.0,0.0
seasonal_ma3,hanseniase,3,origin_202112,3548500,266,0.0,0.0
seasonal_ma3,hanseniase,3,origin_202112,3548708,266,0.0,0.3333333432674408
seasonal_ma3,hanseniase,3,origin_202112,3549805,266,0.0,0.0
seasonal_ma3,hanseniase,3,origin_202112,3549904,266,0.0,0.0
seasonal_ma3,hanseniase,3,origin_202112,3550308,266,2.0,3.0
seasonal_ma3,hanseniase,3,origin_202112,3551009,266,0.0,0.0
seasonal_ma3,hanseniase,3,origin_202112,3552205,266,0.0,0.0
seasonal_ma3,hanseniase,3,origin_202112,3554102,266,0.0,0.0
sarima,hanseniase,3,origin_202112,3505708,266,0.0,0.08474370837211609
sarima,hanseniase,3,origin_202112,3506003,266,0.0,-2.538679599761963
sarima,hanseniase,3,origin_202112,3509502,266,1.0,2.791111469268799
sarima,hanseniase,3,origin_202112,3510609,266,1.0,0.12121212482452393
sarima,hanseniase,3,origin_202112,3513801,266,1.0,0.08508875221014023
sarima,hanseniase,3,origin_202112,3518701,266,1.0,0.5108062624931335
sarima,hanseniase,3,origin_202112,3518800,266,0.0,0.4144534170627594
sarima,hanseniase,3,origin_202112,3522208,266,1.0,-0.0008001042297109962
sarima,hanseniase,3,origin_202112,3525904,266,0.0,0.5694634318351746
sarima,hanseniase,3,origin_202112,3529401,266,0.0,0.06060606241226196
sarima,hanseniase,3,origin_202112,3534401,266,2.0,0.1971087008714676
sarima,hanseniase,3,origin_202112,3536505,266,0.0,-0.015956690534949303
sarima,hanseniase,3,origin_202112,3541000,266,0.0,0.016960442066192627
sarima,hanseniase,3,origin_202112,3543402,266,0.0,1.0480083227157593
sarima,hanseniase,3,origin_202112,3547809,266,0.0,0.11742423474788666
sarima,hanseniase,3,origin_202112,3548500,266,0.0,0.08712120354175568
sarima,hanseniase,3,origin_202112,3548708,266,0.0,0.10202773660421371
sarima,hanseniase,3,origin_202112,3549805,266,0.0,0.017276128754019737
sarima,hanseniase,3,origin_202112,3549904,266,0.0,0.12878787517547607
sarima,hanseniase,3,origin_202112,3550308,266,2.0,3.799325466156006
sarima,hanseniase,3,origin_202112,3551009,266,0.0,0.1401515156030655
sarima,hanseniase,3,origin_202112,3552205,266,0.0,0.125
sarima,hanseniase,3,origin_202112,3554102,266,0.0,0.10756966471672058
lgbm,hanseniase,3,origin_202112,3505708,266,0.0,0.07172484701630885
lgbm,hanseniase,3,origin_202112,3506003,266,0.0,0.6497137260434308
lgbm,hanseniase,3,origin_202112,3509502,266,1.0,1.8878211176882194
lgbm,hanseniase,3,origin_202112,3510609,266,1.0,0.04743964438937516
lgbm,hanseniase,3,origin_202112,3513801,266,1.0,0.043753680536618364
lgbm,hanseniase,3,origin_202112,3518701,266,1.0,0.17399219610634736
lgbm,hanseniase,3,origin_202112,3518800,266,0.0,0.54396854226734
lgbm,hanseniase,3,origin_202112,3522208,266,1.0,0.026546782305984944
lgbm,hanseniase,3,origin_202112,3525904,266,0.0,0.15843851733642478
lgbm,hanseniase,3,origin_202112,3529401,266,0.0,0.02804641066865043
lgbm,hanseniase,3,origin_202112,3534401,266,2.0,0.08560774166590096
lgbm,hanseniase,3,origin_202112,3536505,266,0.0,0.030506557127667436
lgbm,hanseniase,3,origin_202112,3541000,266,0.0,0.04094409652979549
lgbm,hanseniase,3,origin_202112,3543402,266,0.0,0.7496513058318295
lgbm,hanseniase,3,origin_202112,3547809,266,0.0,0.08390034840712275
lgbm,hanseniase,3,origin_202112,3548500,266,0.0,0.06354862388081267
lgbm,hanseniase,3,origin_202112,3548708,266,0.0,0.10909788338238421
lgbm,hanseniase,3,origin_202112,3549805,266,0.0,0.1684017462011321
lgbm,hanseniase,3,origin_202112,3549904,266,0.0,0.1301409386440016
lgbm,hanseniase,3,origin_202112,3550308,266,2.0,2.7480866825859
lgbm,hanseniase,3,origin_202112,3551009,266,0.0,0.14427683296611413
lgbm,hanseniase,3,origin_202112,3552205,266,0.0,0.06616572946281568
lgbm,hanseniase,3,origin_202112,3554102,266,0.0,0.1062078220037252
catboost,hanseniase,3,origin_202112,3505708,266,0.0,0.07953502197467317
catboost,hanseniase,3,origin_202112,3506003,266,0.0,0.7013747079893133
catboost,hanseniase,3,origin_202112,3509502,266,1.0,2.4060236592565643
catboost,hanseniase,3,origin_202112,3510609,266,1.0,0.04915495709518987
catboost,hanseniase,3,origin_202112,3513801,266,1.0,0.04900814206654562
catboost,hanseniase,3,origin_202112,3518701,266,1.0,0.09707164116360598
catboost,hanseniase,3,origin_202112,3518800,266,0.0,0.45483421468895074
catboost,hanseniase,3,origin_202112,3522208,266,1.0,0.04730692960443434
catboost,hanseniase,3,origin_202112,3525904,266,0.0,0.14672722480081402
catboost,hanseniase,3,origin_202112,3529401,266,0.0,0.05979807513219439
catboost,hanseniase,3,origin_202112,3534401,266,2.0,0.09791016289276652
catboost,hanseniase,3,origin_202112,3536505,266,0.0,0.028526233789266105
catboost,hanseniase,3,origin_202112,3541000,266,0.0,0.04597872524423576
catboost,hanseniase,3,origin_202112,3543402,266,0.0,0.5903131470541507
catboost,hanseniase,3,origin_202112,3547809,266,0.0,0.1179209830564489
catboost,hanseniase,3,origin_202112,3548500,266,0.0,0.09809350742996197
catboost,hanseniase,3,origin_202112,3548708,266,0.0,0.11674473257470953
catboost,hanseniase,3,origin_202112,3549805,266,0.0,0.16082361354845184
catboost,hanseniase,3,origin_202112,3549904,266,0.0,0.1151404563710079
catboost,hanseniase,3,origin_202112,3550308,266,2.0,2.735027005689748
catboost,hanseniase,3,origin_202112,3551009,266,0.0,0.16879751518771913
catboost,hanseniase,3,origin_202112,3552205,266,0.0,0.09975298940187119
catboost,hanseniase,3,origin_202112,3554102,266,0.0,0.11155818998614056
xgboost,hanseniase,3,origin_202112,3505708,266,0.0,0.07134423404932022
xgboost,hanseniase,3,origin_202112,3506003,266,0.0,0.6578241586685181
xgboost,hanseniase,3,origin_202112,3509502,266,1.0,2.327507495880127
xgboost,hanseniase,3,origin_202112,3510609,266,1.0,0.05572306737303734
xgboost,hanseniase,3,origin_202112,3513801,266,1.0,0.05438317358493805
xgboost,hanseniase,3,origin_202112,3518701,266,1.0,0.16141681373119354
xgboost,hanseniase,3,origin_202112,3518800,266,0.0,0.7313147187232971
xgboost,hanseniase,3,origin_202112,3522208,266,1.0,0.02028280310332775
xgboost,hanseniase,3,origin_202112,3525904,266,0.0,0.15531578660011292
xgboost,hanseniase,3,origin_202112,3529401,266,0.0,0.03826829418540001
xgboost,hanseniase,3,origin_202112,3534401,266,2.0,0.08451956510543823
xgboost,hanseniase,3,origin_202112,3536505,266,0.0,0.016389193013310432
xgboost,hanseniase,3,origin_202112,3541000,266,0.0,0.04697048291563988
xgboost,hanseniase,3,origin_202112,3543402,266,0.0,0.5911772847175598
xgboost,hanseniase,3,origin_202112,3547809,266,0.0,0.0840224102139473
xgboost,hanseniase,3,origin_202112,3548500,266,0.0,0.08774783462285995
xgboost,hanseniase,3,origin_202112,3548708,266,0.0,0.09566114097833633
xgboost,hanseniase,3,origin_202112,3549805,266,0.0,0.13735410571098328
xgboost,hanseniase,3,origin_202112,3549904,266,0.0,0.10640161484479904
xgboost,hanseniase,3,origin_202112,3550308,266,2.0,3.2654244899749756
xgboost,hanseniase,3,origin_202112,3551009,266,0.0,0.17638996243476868
xgboost,hanseniase,3,origin_202112,3552205,266,0.0,0.055845800787210464
xgboost,hanseniase,3,origin_202112,3554102,266,0.0,0.07700429856777191
prophet,hanseniase,3,origin_202112,3505708,266,0.0,0.07977692684514716
prophet,hanseniase,3,origin_202112,3506003,266,0.0,0.0
prophet,hanseniase,3,origin_202112,3509502,266,1.0,2.4083587754148743
prophet,hanseniase,3,origin_202112,3510609,266,1.0,0.04673502748579722
prophet,hanseniase,3,origin_202112,3513801,266,1.0,0.10295540360776692
prophet,hanseniase,3,origin_202112,3518701,266,1.0,1.400883604835261
prophet,hanseniase,3,origin_202112,3518800,266,0.0,0.18905061847520527
prophet,hanseniase,3,origin_202112,3522208,266,1.0,0.0030780496278102823
prophet,hanseniase,3,origin_202112,3525904,266,0.0,0.8039455985752713
prophet,hanseniase,3,origin_202112,3529401,266,0.0,0.05161164447776065
prophet,hanseniase,3,origin_202112,3534401,266,2.0,0.22347965856547453
prophet,hanseniase,3,origin_202112,3536505,266,0.0,0.027394819603136333
prophet,hanseniase,3,origin_202112,3541000,266,0.0,0.09679671525864605
prophet,hanseniase,3,origin_202112,3543402,266,0.0,1.1557438855785402
prophet,hanseniase,3,origin_202112,3547809,266,0.0,0.07575052510663227
prophet,hanseniase,3,origin_202112,3548500,266,0.0,0.028232706529813856
prophet,hanseniase,3,origin_202112,3548708,266,0.0,0.15658418277422465
prophet,hanseniase,3,origin_202112,3549805,266,0.0,0.37112029844977434
prophet,hanseniase,3,origin_202112,3549904,266,0.0,0.13529227595468218
prophet,hanseniase,3,origin_202112,3550308,266,2.0,3.377883767632194
prophet,hanseniase,3,origin_202112,3551009,266,0.0,0.06133382404249274
prophet,hanseniase,3,origin_202112,3552205,266,0.0,0.016900248084316102
prophet,hanseniase,3,origin_202112,3554102,266,0.0,0.01583901262001297
seasonal_naive,hanseniase,6,origin_202112,3505708,269,0.0,0.0
seasonal_naive,hanseniase,6,origin_202112,3506003,269,0.0,0.0
seasonal_naive,hanseniase,6,origin_202112,3509502,269,2.0,4.0
seasonal_naive,hanseniase,6,origin_202112,3510609,269,0.0,0.0
seasonal_naive,hanseniase,6,origin_202112,3513801,269,0.0,0.0
seasonal_naive,hanseniase,6,origin_202112,3518701,269,0.0,0.0
seasonal_naive,hanseniase,6,origin_202112,3518800,269,0.0,1.0
seasonal_naive,hanseniase,6,origin_202112,3522208,269,0.0,0.0
seasonal_naive,hanseniase,6,origin_202112,3525904,269,0.0,0.0
seasonal_naive,hanseniase,6,origin_202112,3529401,269,0.0,0.0
seasonal_naive,hanseniase,6,origin_202112,3534401,269,0.0,0.0
seasonal_naive,hanseniase,6,origin_202112,3536505,269,0.0,0.0
seasonal_naive,hanseniase,6,origin_202112,3541000,269,0.0,0.0
seasonal_naive,hanseniase,6,origin_202112,3543402,269,0.0,0.0
seasonal_naive,hanseniase,6,origin_202112,3547809,269,0.0,0.0
seasonal_naive,hanseniase,6,origin_202112,3548500,269,0.0,0.0
seasonal_naive,hanseniase,6,origin_202112,3548708,269,0.0,0.0
seasonal_naive,hanseniase,6,origin_202112,3549805,269,0.0,0.0
seasonal_naive,hanseniase,6,origin_202112,3549904,269,0.0,0.0
seasonal_naive,hanseniase,6,origin_202112,3550308,269,20.0,2.0
seasonal_naive,hanseniase,6,origin_202112,3551009,269,0.0,0.0
seasonal_naive,hanseniase,6,origin_202112,3552205,269,0.0,0.0
seasonal_naive,hanseniase,6,origin_202112,3554102,269,0.0,0.0
seasonal_ma3,hanseniase,6,origin_202112,3505708,269,0.0,0.0
seasonal_ma3,hanseniase,6,origin_202112,3506003,269,0.0,0.3333333432674408
seasonal_ma3,hanseniase,6,origin_202112,3509502,269,2.0,3.3333332538604736
seasonal_ma3,hanseniase,6,origin_202112,3510609,269,0.0,0.0
seasonal_ma3,hanseniase,6,origin_202112,3513801,269,0.0,0.0
seasonal_ma3,hanseniase,6,origin_202112,3518701,269,0.0,2.0
seasonal_ma3,hanseniase,6,origin_202112,3518800,269,0.0,0.3333333432674408
seasonal_ma3,hanseniase,6,origin_202112,3522208,269,0.0,0.0
seasonal_ma3,hanseniase,6,origin_202112,3525904,269,0.0,0.0
seasonal_ma3,hanseniase,6,origin_202112,3529401,269,0.0,0.3333333432674408
seasonal_ma3,hanseniase,6,origin_202112,3534401,269,0.0,0.0
seasonal_ma3,hanseniase,6,origin_202112,3536505,269,0.0,0.0
seasonal_ma3,hanseniase,6,origin_202112,3541000,269,0.0,0.0
seasonal_ma3,hanseniase,6,origin_202112,3543402,269,0.0,0.6666666865348816
seasonal_ma3,hanseniase,6,origin_202112,3547809,269,0.0,0.0
seasonal_ma3,hanseniase,6,origin_202112,3548500,269,0.0,0.0
seasonal_ma3,hanseniase,6,origin_202112,3548708,269,0.0,0.0
seasonal_ma3,hanseniase,6,origin_202112,3549805,269,0.0,0.0
seasonal_ma3,hanseniase,6,origin_202112,3549904,269,0.0,0.0
seasonal_ma3,hanseniase,6,origin_202112,3550308,269,20.0,4.333333492279053
seasonal_ma3,hanseniase,6,origin_202112,3551009,269,0.0,0.0
seasonal_ma3,hanseniase,6,origin_202112,3552205,269,0.0,0.0
seasonal_ma3,hanseniase,6,origin_202112,3554102,269,0.0,0.3333333432674408
sarima,hanseniase,6,origin_202112,3505708,269,0.0,0.08448272943496704
sarima,hanseniase,6,origin_202112,3506003,269,0.0,-3.259026288986206
sarima,hanseniase,6,origin_202112,3509502,269,2.0,2.791111469268799
sarima,hanseniase,6,origin_202112,3510609,269,0.0,0.12121212482452393
sarima,hanseniase,6,origin_202112,3513801,269,0.0,0.11416710913181305
sarima,hanseniase,6,origin_202112,3518701,269,0.0,0.6555165648460388
sarima,hanseniase,6,origin_202112,3518800,269,0.0,0.4144534170627594
sarima,hanseniase,6,origin_202112,3522208,269,0.0,0.004947833251208067
sarima,hanseniase,6,origin_202112,3525904,269,0.0,0.8566299080848694
sarima,hanseniase,6,origin_202112,3529401,269,0.0,0.06060606241226196
sarima,hanseniase,6,origin_202112,3534401,269,0.0,0.1971087008714676
sarima,hanseniase,6,origin_202112,3536505,269,0.0,-0.020312154665589333
sarima,hanseniase,6,origin_202112,3541000,269,0.0,0.016960442066192627
sarima,hanseniase,6,origin_202112,3543402,269,0.0,1.0389080047607422
sarima,hanseniase,6,origin_202112,3547809,269,0.0,0.11742423474788666
sarima,hanseniase,6,origin_202112,3548500,269,0.0,0.08712120354175568
sarima,hanseniase,6,origin_202112,3548708,269,0.0,0.10244882106781006
sarima,hanseniase,6,origin_202112,3549805,269,0.0,0.017276128754019737
sarima,hanseniase,6,origin_202112,3549904,269,0.0,0.12878787517547607
sarima,hanseniase,6,origin_202112,3550308,269,20.0,4.088089942932129
sarima,hanseniase,6,origin_202112,3551009,269,0.0,0.1401515156030655
sarima,hanseniase,6,origin_202112,3552205,269,0.0,0.125
sarima,hanseniase,6,origin_202112,3554102,269,0.0,0.1216110810637474
lgbm,hanseniase,6,origin_202112,3505708,269,0.0,0.07481883595710542
lgbm,hanseniase,6,origin_202112,3506003,269,0.0,0.5091121996678258
lgbm,hanseniase,6,origin_202112,3509502,269,2.0,1.6744233904607626
lgbm,hanseniase,6,origin_202112,3510609,269,0.0,0.09037595899836663
lgbm,hanseniase,6,origin_202112,3513801,269,0.0,0.04162888781970591
lgbm,hanseniase,6,origin_202112,3518701,269,0.0,0.18094000764106694
lgbm,hanseniase,6,origin_202112,3518800,269,0.0,0.6598151665151722
lgbm,hanseniase,6,origin_202112,3522208,269,0.0,0.03333579239658015
lgbm,hanseniase,6,origin_202112,3525904,269,0.0,0.13508680852814425
lgbm,hanseniase,6,origin_202112,3529401,269,0.0,0.03566272953501345
lgbm,hanseniase,6,origin_202112,3534401,269,0.0,0.11781590371210483
lgbm,hanseniase,6,origin_202112,3536505,269,0.0,0.02304489768696943
lgbm,hanseniase,6,origin_202112,3541000,269,0.0,0.03211470282004234
lgbm,hanseniase,6,origin_202112,3543402,269,0.0,0.5320047049186231
lgbm,hanseniase,6,origin_202112,3547809,269,0.0,0.073471412720532
lgbm,hanseniase,6,origin_202112,3548500,269,0.0,0.03988423053401689
lgbm,hanseniase,6,origin_202112,3548708,269,0.0,0.06895910985317436
lgbm,hanseniase,6,origin_202112,3549805,269,0.0,0.07958850722956223
lgbm,hanseniase,6,origin_202112,3549904,269,0.0,0.057608207451756335
lgbm,hanseniase,6,origin_202112,3550308,269,20.0,4.44780123570326
lgbm,hanseniase,6,origin_202112,3551009,269,0.0,0.0876592166661469
lgbm,hanseniase,6,origin_202112,3552205,269,0.0,0.10568367937232855
lgbm,hanseniase,6,origin_202112,3554102,269,0.0,0.08079253323962257
catboost,hanseniase,6,origin_202112,3505708,269,0.0,0.09526593835251292
catboost,hanseniase,6,origin_202112,3506003,269,0.0,0.21984980546310365
catboost,hanseniase,6,origin_202112,3509502,269,2.0,2.856773816138156
catboost,hanseniase,6,origin_202112,3510609,269,0.0,0.0813550515217003
catboost,hanseniase,6,origin_202112,3513801,269,0.0,0.09649983014016524
catboost,hanseniase,6,origin_202112,3518701,269,0.0,0.17697598842322432
catboost,hanseniase,6,origin_202112,3518800,269,0.0,0.4261541179255225
catboost,hanseniase,6,origin_202112,3522208,269,0.0,0.06428146525768583
catboost,hanseniase,6,origin_202112,3525904,269,0.0,0.19115966077312357
catboost,hanseniase,6,origin_202112,3529401,269,0.0,0.0811053383538244
catboost,hanseniase,6,origin_202112,3534401,269,0.0,0.13134187434480613
catboost,hanseniase,6,origin_202112,3536505,269,0.0,0.022842074192045956
catboost,hanseniase,6,origin_202112,3541000,269,0.0,0.08118200036249516
catboost,hanseniase,6,origin_202112,3543402,269,0.0,0.4479261873455573
catboost,hanseniase,6,origin_202112,3547809,269,0.0,0.1094082042366058
catboost,hanseniase,6,origin_202112,3548500,269,0.0,0.12068892107881297
catboost,hanseniase,6,origin_202112,3548708,269,0.0,0.1122672993722459
catboost,hanseniase,6,origin_202112,3549805,269,0.0,0.11142831039248763
catboost,hanseniase,6,origin_202112,3549904,269,0.0,0.09527505270915139
catboost,hanseniase,6,origin_202112,3550308,269,20.0,2.568682773052317
catboost,hanseniase,6,origin_202112,3551009,269,0.0,0.2012432666814521
catboost,hanseniase,6,origin_202112,3552205,269,0.0,0.10417432210464057
catboost,hanseniase,6,origin_202112,3554102,269,0.0,0.07869129508454739
xgboost,hanseniase,6,origin_202112,3505708,269,0.0,0.07971495389938354
xgboost,hanseniase,6,origin_202112,3506003,269,0.0,0.39663779735565186
xgboost,hanseniase,6,origin_202112,3509502,269,2.0,2.3983428478240967
xgboost,hanseniase,6,origin_202112,3510609,269,0.0,0.05144237354397774
xgboost,hanseniase,6,origin_202112,3513801,269,0.0,0.06252890080213547
xgboost,hanseniase,6,origin_202112,3518701,269,0.0,0.16756553947925568
xgboost,hanseniase,6,origin_202112,3518800,269,0.0,0.522563099861145
xgboost,hanseniase,6,origin_202112,3522208,269,0.0,0.02521399036049843
xgboost,hanseniase,6,origin_202112,3525904,269,0.0,0.17267872393131256
xgboost,hanseniase,6,origin_202112,3529401,269,0.0,0.045432981103658676
xgboost,hanseniase,6,origin_202112,3534401,269,0.0,0.10944298654794693
xgboost,hanseniase,6,origin_202112,3536505,269,0.0,0.014458151534199715
xgboost,hanseniase,6,origin_202112,3541000,269,0.0,0.04231742024421692
xgboost,hanseniase,6,origin_202112,3543402,269,0.0,0.4741097688674927
xgboost,hanseniase,6,origin_202112,3547809,269,0.0,0.0758020356297493
xgboost,hanseniase,6,origin_202112,3548500,269,0.0,0.04792695865035057
xgboost,hanseniase,6,origin_202112,3548708,269,0.0,0.10423754900693893
xgboost,hanseniase,6,origin_202112,3549805,269,0.0,0.08627934753894806
xgboost,hanseniase,6,origin_202112,3549904,269,0.0,0.07409107685089111
xgboost,hanseniase,6,origin_202112,3550308,269,20.0,4.577003479003906
xgboost,hanseniase,6,origin_202112,3551009,269,0.0,0.11104646325111389
xgboost,hanseniase,6,origin_202112,3552205,269,0.0,0.09635420143604279
xgboost,hanseniase,6,origin_202112,3554102,269,0.0,0.11814044415950775
prophet,hanseniase,6,origin_202112,3505708,269,0.0,0.0
prophet,hanseniase,6,origin_202112,3506003,269,0.0,0.0
prophet,hanseniase,6,origin_202112,3509502,269,2.0,2.1120793429927
prophet,hanseniase,6,origin_202112,3510609,269,0.0,0.06611593152973473
prophet,hanseniase,6,origin_202112,3513801,269,0.0,0.14786202266674583
prophet,hanseniase,6,origin_202112,3518701,269,0.0,2.3192964442302606
prophet,hanseniase,6,origin_202112,3518800,269,0.0,0.0
prophet,hanseniase,6,origin_202112,3522208,269,0.0,0.0038342557686502077
prophet,hanseniase,6,origin_202112,3525904,269,0.0,0.0
prophet,hanseniase,6,origin_202112,3529401,269,0.0,0.09408035937952593
prophet,hanseniase,6,origin_202112,3534401,269,0.0,0.08762473050187883
prophet,hanseniase,6,origin_202112,3536505,269,0.0,0.0
prophet,hanseniase,6,origin_202112,3541000,269,0.0,0.05014964733613082
prophet,hanseniase,6,origin_202112,3543402,269,0.0,1.0910888852630554
prophet,hanseniase,6,origin_202112,3547809,269,0.0,0.11830248673654513
prophet,hanseniase,6,origin_202112,3548500,269,0.0,0.0350027277880723
prophet,hanseniase,6,origin_202112,3548708,269,0.0,0.2356699472920661
prophet,hanseniase,6,origin_202112,3549805,269,0.0,0.0
prophet,hanseniase,6,origin_202112,3549904,269,0.0,0.14024436451022768
prophet,hanseniase,6,origin_202112,3550308,269,20.0,4.219773798240481
prophet,hanseniase,6,origin_202112,3551009,269,0.0,0.010924988267739688
prophet,hanseniase,6,origin_202112,3552205,269,0.0,0.018582371271368227
prophet,hanseniase,6,origin_202112,3554102,269,0.0,0.19643404325099065
seasonal_naive,hanseniase,12,origin_202112,3505708,275,0.0,0.0
seasonal_naive,hanseniase,12,origin_202112,3506003,275,1.0,0.0
seasonal_naive,hanseniase,12,origin_202112,3509502,275,1.0,1.0
seasonal_naive,hanseniase,12,origin_202112,3510609,275,0.0,0.0
seasonal_naive,hanseniase,12,origin_202112,3513801,275,0.0,0.0
seasonal_naive,hanseniase,12,origin_202112,3518701,275,0.0,1.0
seasonal_naive,hanseniase,12,origin_202112,3518800,275,1.0,1.0
seasonal_naive,hanseniase,12,origin_202112,3522208,275,0.0,0.0
seasonal_naive,hanseniase,12,origin_202112,3525904,275,1.0,0.0
seasonal_naive,hanseniase,12,origin_202112,3529401,275,0.0,0.0
seasonal_naive,hanseniase,12,origin_202112,3534401,275,0.0,0.0
seasonal_naive,hanseniase,12,origin_202112,3536505,275,0.0,0.0
seasonal_naive,hanseniase,12,origin_202112,3541000,275,0.0,0.0
seasonal_naive,hanseniase,12,origin_202112,3543402,275,0.0,2.0
seasonal_naive,hanseniase,12,origin_202112,3547809,275,0.0,1.0
seasonal_naive,hanseniase,12,origin_202112,3548500,275,1.0,1.0
seasonal_naive,hanseniase,12,origin_202112,3548708,275,0.0,1.0
seasonal_naive,hanseniase,12,origin_202112,3549805,275,0.0,0.0
seasonal_naive,hanseniase,12,origin_202112,3549904,275,0.0,0.0
seasonal_naive,hanseniase,12,origin_202112,3550308,275,1.0,3.0
seasonal_naive,hanseniase,12,origin_202112,3551009,275,1.0,1.0
seasonal_naive,hanseniase,12,origin_202112,3552205,275,0.0,0.0
seasonal_naive,hanseniase,12,origin_202112,3554102,275,1.0,0.0
seasonal_ma3,hanseniase,12,origin_202112,3505708,275,0.0,0.0
seasonal_ma3,hanseniase,12,origin_202112,3506003,275,1.0,0.6666666865348816
seasonal_ma3,hanseniase,12,origin_202112,3509502,275,1.0,3.0
seasonal_ma3,hanseniase,12,origin_202112,3510609,275,0.0,0.0
seasonal_ma3,hanseniase,12,origin_202112,3513801,275,0.0,0.0
seasonal_ma3,hanseniase,12,origin_202112,3518701,275,0.0,1.3333333730697632
seasonal_ma3,hanseniase,12,origin_202112,3518800,275,1.0,0.6666666865348816
seasonal_ma3,hanseniase,12,origin_202112,3522208,275,0.0,0.0
seasonal_ma3,hanseniase,12,origin_202112,3525904,275,1.0,0.0
seasonal_ma3,hanseniase,12,origin_202112,3529401,275,0.0,0.0
seasonal_ma3,hanseniase,12,origin_202112,3534401,275,0.0,0.0
seasonal_ma3,hanseniase,12,origin_202112,3536505,275,0.0,0.0
seasonal_ma3,hanseniase,12,origin_202112,3541000,275,0.0,0.0
seasonal_ma3,hanseniase,12,origin_202112,3543402,275,0.0,1.0
seasonal_ma3,hanseniase,12,origin_202112,3547809,275,0.0,0.3333333432674408
seasonal_ma3,hanseniase,12,origin_202112,3548500,275,1.0,0.3333333432674408
seasonal_ma3,hanseniase,12,origin_202112,3548708,275,0.0,0.3333333432674408
seasonal_ma3,hanseniase,12,origin_202112,3549805,275,0.0,0.0
seasonal_ma3,hanseniase,12,origin_202112,3549904,275,0.0,0.0
seasonal_ma3,hanseniase,12,origin_202112,3550308,275,1.0,1.6666666269302368
seasonal_ma3,hanseniase,12,origin_202112,3551009,275,1.0,0.3333333432674408
seasonal_ma3,hanseniase,12,origin_202112,3552205,275,0.0,0.0
seasonal_ma3,hanseniase,12,origin_202112,3554102,275,1.0,0.6666666865348816
sarima,hanseniase,12,origin_202112,3505708,275,0.0,0.08448352664709091
sarima,hanseniase,12,origin_202112,3506003,275,1.0,-4.695930004119873
sarima,hanseniase,12,origin_202112,3509502,275,1.0,2.791111469268799
sarima,hanseniase,12,origin_202112,3510609,275,0.0,0.12121212482452393
sarima,hanseniase,12,origin_202112,3513801,275,0.0,0.13148760795593262
sarima,hanseniase,12,origin_202112,3518701,275,0.0,0.8596054911613464
sarima,hanseniase,12,origin_202112,3518800,275,1.0,0.4144534170627594
sarima,hanseniase,12,origin_202112,3522208,275,0.0,0.01354648731648922
sarima,hanseniase,12,origin_202112,3525904,275,1.0,0.830647885799408
sarima,hanseniase,12,origin_202112,3529401,275,0.0,0.06060606241226196
sarima,hanseniase,12,origin_202112,3534401,275,0.0,0.1971087008714676
sarima,hanseniase,12,origin_202112,3536505,275,0.0,-0.02421998791396618
sarima,hanseniase,12,origin_202112,3541000,275,0.0,0.016960442066192627
sarima,hanseniase,12,origin_202112,3543402,275,0.0,1.0388201475143433
sarima,hanseniase,12,origin_202112,3547809,275,0.0,0.11742423474788666
sarima,hanseniase,12,origin_202112,3548500,275,1.0,0.08712120354175568
sarima,hanseniase,12,origin_202112,3548708,275,0.0,0.10310043394565582
sarima,hanseniase,12,origin_202112,3549805,275,0.0,0.017276128754019737
sarima,hanseniase,12,origin_202112,3549904,275,0.0,0.12878787517547607
sarima,hanseniase,12,origin_202112,3550308,275,1.0,4.175262451171875
sarima,hanseniase,12,origin_202112,3551009,275,1.0,0.1401515156030655
sarima,hanseniase,12,origin_202112,3552205,275,0.0,0.125
sarima,hanseniase,12,origin_202112,3554102,275,1.0,0.13855144381523132
lgbm,hanseniase,12,origin_202112,3505708,275,0.0,0.07105990310389403
lgbm,hanseniase,12,origin_202112,3506003,275,1.0,0.4956235129715776
lgbm,hanseniase,12,origin_202112,3509502,275,1.0,1.8789744207826873
lgbm,hanseniase,12,origin_202112,3510609,275,0.0,0.0696987536306221
lgbm,hanseniase,12,origin_202112,3513801,275,0.0,0.08582691704187188
lgbm,hanseniase,12,origin_202112,3518701,275,0.0,0.24430794795062183
lgbm,hanseniase,12,origin_202112,3518800,275,1.0,0.35232264902608457
lgbm,hanseniase,12,origin_202112,3522208,275,0.0,0.047428054869194276
lgbm,hanseniase,12,origin_202112,3525904,275,1.0,0.12569176609910526
lgbm,hanseniase,12,origin_202112,3529401,275,0.0,0.047148046646850815
lgbm,hanseniase,12,origin_202112,3534401,275,0.0,0.07128696140433097
lgbm,hanseniase,12,origin_202112,3536505,275,0.0,0.021533415017749302
lgbm,hanseniase,12,origin_202112,3541000,275,0.0,0.09565819568015367
lgbm,hanseniase,12,origin_202112,3543402,275,0.0,0.7648983578323862
lgbm,hanseniase,12,origin_202112,3547809,275,0.0,0.10081195516074057
lgbm,hanseniase,12,origin_202112,3548500,275,1.0,0.08938133685796912
lgbm,hanseniase,12,origin_202112,3548708,275,0.0,0.08184539510985409
lgbm,hanseniase,12,origin_202112,3549805,275,0.0,0.12021180891873721
lgbm,hanseniase,12,origin_202112,3549904,275,0.0,0.06168458749113672
lgbm,hanseniase,12,origin_202112,3550308,275,1.0,2.724477100254658
lgbm,hanseniase,12,origin_202112,3551009,275,1.0,0.19668830688860373
lgbm,hanseniase,12,origin_202112,3552205,275,0.0,0.04999346099231329
lgbm,hanseniase,12,origin_202112,3554102,275,1.0,0.12252983428590128
catboost,hanseniase,12,origin_202112,3505708,275,0.0,0.10013401955473106
catboost,hanseniase,12,origin_202112,3506003,275,1.0,0.47024839591624784
catboost,hanseniase,12,origin_202112,3509502,275,1.0,1.5758109750123086
catboost,hanseniase,12,origin_202112,3510609,275,0.0,0.07994451085173314
catboost,hanseniase,12,origin_202112,3513801,275,0.0,0.08150660034882903
catboost,hanseniase,12,origin_202112,3518701,275,0.0,0.13061127501345898
catboost,hanseniase,12,origin_202112,3518800,275,1.0,0.5280177335181575
catboost,hanseniase,12,origin_202112,3522208,275,0.0,0.06960867266089173
catboost,hanseniase,12,origin_202112,3525904,275,1.0,0.201511544016699
catboost,hanseniase,12,origin_202112,3529401,275,0.0,0.07629169943927612
catboost,hanseniase,12,origin_202112,3534401,275,0.0,0.07592750004261986
catboost,hanseniase,12,origin_202112,3536505,275,0.0,0.03512811589407248
catboost,hanseniase,12,origin_202112,3541000,275,0.0,0.09710080224775351
catboost,hanseniase,12,origin_202112,3543402,275,0.0,0.5469286158605172
catboost,hanseniase,12,origin_202112,3547809,275,0.0,0.1193847554089963
catboost,hanseniase,12,origin_202112,3548500,275,1.0,0.09823023599014098
catboost,hanseniase,12,origin_202112,3548708,275,0.0,0.10552098294983261
catboost,hanseniase,12,origin_202112,3549805,275,0.0,0.13705116446693058
catboost,hanseniase,12,origin_202112,3549904,275,0.0,0.05899624997199489
catboost,hanseniase,12,origin_202112,3550308,275,1.0,2.121439164408399
catboost,hanseniase,12,origin_202112,3551009,275,1.0,0.23602380489872052
catboost,hanseniase,12,origin_202112,3552205,275,0.0,0.07384314607096074
catboost,hanseniase,12,origin_202112,3554102,275,1.0,0.0646984907072167
xgboost,hanseniase,12,origin_202112,3505708,275,0.0,0.10037896782159805
xgboost,hanseniase,12,origin_202112,3506003,275,1.0,0.5534614324569702
xgboost,hanseniase,12,origin_202112,3509502,275,1.0,2.690781593322754
xgboost,hanseniase,12,origin_202112,3510609,275,0.0,0.09322477877140045
xgboost,hanseniase,12,origin_202112,3513801,275,0.0,0.10823263227939606
xgboost,hanseniase,12,origin_202112,3518701,275,0.0,0.33596715331077576
xgboost,hanseniase,12,origin_202112,3518800,275,1.0,0.4546181857585907
xgboost,hanseniase,12,origin_202112,3522208,275,0.0,0.03737249970436096
xgboost,hanseniase,12,origin_202112,3525904,275,1.0,0.13767482340335846
xgboost,hanseniase,12,origin_202112,3529401,275,0.0,0.03739096596837044
xgboost,hanseniase,12,origin_202112,3534401,275,0.0,0.07435677200555801
xgboost,hanseniase,12,origin_202112,3536505,275,0.0,0.024256644770503044
xgboost,hanseniase,12,origin_202112,3541000,275,0.0,0.08073501288890839
xgboost,hanseniase,12,origin_202112,3543402,275,0.0,0.7471354007720947
xgboost,hanseniase,12,origin_202112,3547809,275,0.0,0.1511913239955902
xgboost,hanseniase,12,origin_202112,3548500,275,1.0,0.08665937930345535
xgboost,hanseniase,12,origin_202112,3548708,275,0.0,0.08380923420190811
xgboost,hanseniase,12,origin_202112,3549805,275,0.0,0.13912613689899445
xgboost,hanseniase,12,origin_202112,3549904,275,0.0,0.11768734455108643
xgboost,hanseniase,12,origin_202112,3550308,275,1.0,2.8640239238739014
xgboost,hanseniase,12,origin_202112,3551009,275,1.0,0.2880719304084778
xgboost,hanseniase,12,origin_202112,3552205,275,0.0,0.0553676001727581
xgboost,hanseniase,12,origin_202112,3554102,275,1.0,0.14265601336956024
prophet,hanseniase,12,origin_202112,3505708,275,0.0,0.0
prophet,hanseniase,12,origin_202112,3506003,275,1.0,0.0
prophet,hanseniase,12,origin_202112,3509502,275,1.0,2.238049263043098
prophet,hanseniase,12,origin_202112,3510609,275,0.0,0.11092492736342402
prophet,hanseniase,12,origin_202112,3513801,275,0.0,0.19240563449014936
prophet,hanseniase,12,origin_202112,3518701,275,0.0,1.7525332073967541
prophet,hanseniase,12,origin_202112,3518800,275,1.0,0.26368679843247095
prophet,hanseniase,12,origin_202112,3522208,275,0.0,0.04874470607487404
prophet,hanseniase,12,origin_202112,3525904,275,1.0,0.12701517930595502
prophet,hanseniase,12,origin_202112,3529401,275,0.0,0.05088449913849864
prophet,hanseniase,12,origin_202112,3534401,275,0.0,0.0
prophet,hanseniase,12,origin_202112,3536505,275,0.0,0.04619191759473375
prophet,hanseniase,12,origin_202112,3541000,275,0.0,0.14131600507380482
prophet,hanseniase,12,origin_202112,3543402,275,0.0,0.7777763467251373
prophet,hanseniase,12,origin_202112,3547809,275,0.0,0.2576313788463218
prophet,hanseniase,12,origin_202112,3548500,275,1.0,0.12297594036131003
prophet,hanseniase,12,origin_202112,3548708,275,0.0,0.03154819049985971
prophet,hanseniase,12,origin_202112,3549805,275,0.0,0.1903741904748788
prophet,hanseniase,12,origin_202112,3549904,275,0.0,0.0
prophet,hanseniase,12,origin_202112,3550308,275,1.0,2.768734873863355
prophet,hanseniase,12,origin_202112,3551009,275,1.0,0.20358208661531457
prophet,hanseniase,12,origin_202112,3552205,275,0.0,0.01892941661722884
prophet,hanseniase,12,origin_202112,3554102,275,1.0,0.1989708520542673
seasonal_naive,hanseniase,1,origin_202212,3505708,276,0.0,0.0
seasonal_naive,hanseniase,1,origin_202212,3506003,276,0.0,0.0
seasonal_naive,hanseniase,1,origin_202212,3509502,276,0.0,0.0
seasonal_naive,hanseniase,1,origin_202212,3510609,276,0.0,0.0
seasonal_naive,hanseniase,1,origin_202212,3513801,276,0.0,0.0
seasonal_naive,hanseniase,1,origin_202212,3518701,276,0.0,0.0
seasonal_naive,hanseniase,1,origin_202212,3518800,276,0.0,0.0
seasonal_naive,hanseniase,1,origin_202212,3522208,276,0.0,0.0
seasonal_naive,hanseniase,1,origin_202212,3525904,276,0.0,0.0
seasonal_naive,hanseniase,1,origin_202212,3529401,276,0.0,0.0
seasonal_naive,hanseniase,1,origin_202212,3534401,276,0.0,0.0
seasonal_naive,hanseniase,1,origin_202212,3536505,276,0.0,1.0
seasonal_naive,hanseniase,1,origin_202212,3541000,276,0.0,0.0
seasonal_naive,hanseniase,1,origin_202212,3543402,276,0.0,0.0
seasonal_naive,hanseniase,1,origin_202212,3547809,276,0.0,0.0
seasonal_naive,hanseniase,1,origin_202212,3548500,276,0.0,0.0
seasonal_naive,hanseniase,1,origin_202212,3548708,276,0.0,0.0
seasonal_naive,hanseniase,1,origin_202212,3549805,276,0.0,0.0
seasonal_naive,hanseniase,1,origin_202212,3549904,276,1.0,0.0
seasonal_naive,hanseniase,1,origin_202212,3550308,276,2.0,2.0
seasonal_naive,hanseniase,1,origin_202212,3551009,276,0.0,0.0
seasonal_naive,hanseniase,1,origin_202212,3552205,276,0.0,0.0
seasonal_naive,hanseniase,1,origin_202212,3554102,276,1.0,0.0
seasonal_ma3,hanseniase,1,origin_202212,3505708,276,0.0,0.0
seasonal_ma3,hanseniase,1,origin_202212,3506003,276,0.0,1.3333333730697632
seasonal_ma3,hanseniase,1,origin_202212,3509502,276,0.0,0.0
seasonal_ma3,hanseniase,1,origin_202212,3510609,276,0.0,0.0
seasonal_ma3,hanseniase,1,origin_202212,3513801,276,0.0,0.0
seasonal_ma3,hanseniase,1,origin_202212,3518701,276,0.0,0.0
seasonal_ma3,hanseniase,1,origin_202212,3518800,276,0.0,0.0
seasonal_ma3,hanseniase,1,origin_202212,3522208,276,0.0,0.0
seasonal_ma3,hanseniase,1,origin_202212,3525904,276,0.0,0.0
seasonal_ma3,hanseniase,1,origin_202212,3529401,276,0.0,0.0
seasonal_ma3,hanseniase,1,origin_202212,3534401,276,0.0,0.0
seasonal_ma3,hanseniase,1,origin_202212,3536505,276,0.0,0.3333333432674408
seasonal_ma3,hanseniase,1,origin_202212,3541000,276,0.0,0.0
seasonal_ma3,hanseniase,1,origin_202212,3543402,276,0.0,0.6666666865348816
seasonal_ma3,hanseniase,1,origin_202212,3547809,276,0.0,0.0
seasonal_ma3,hanseniase,1,origin_202212,3548500,276,0.0,0.0
seasonal_ma3,hanseniase,1,origin_202212,3548708,276,0.0,0.0
seasonal_ma3,hanseniase,1,origin_202212,3549805,276,0.0,0.0
seasonal_ma3,hanseniase,1,origin_202212,3549904,276,1.0,0.0
seasonal_ma3,hanseniase,1,origin_202212,3550308,276,2.0,4.333333492279053
seasonal_ma3,hanseniase,1,origin_202212,3551009,276,0.0,0.3333333432674408
seasonal_ma3,hanseniase,1,origin_202212,3552205,276,0.0,0.0
seasonal_ma3,hanseniase,1,origin_202212,3554102,276,1.0,0.0
sarima,hanseniase,1,origin_202212,3505708,276,0.0,0.12811240553855896
sarima,hanseniase,1,origin_202212,3506003,276,0.0,-1.6276482343673706
sarima,hanseniase,1,origin_202212,3509502,276,0.0,1.3011808395385742
sarima,hanseniase,1,origin_202212,3510609,276,0.0,0.1195652186870575
sarima,hanseniase,1,origin_202212,3513801,276,0.0,0.07287051528692245
sarima,hanseniase,1,origin_202212,3518701,276,0.0,0.6481887698173523
sarima,hanseniase,1,origin_202212,3518800,276,0.0,0.6072670221328735
sarima,hanseniase,1,origin_202212,3522208,276,0.0,-0.009089738130569458
sarima,hanseniase,1,origin_202212,3525904,276,0.0,0.5484683513641357
sarima,hanseniase,1,origin_202212,3529401,276,0.0,0.05797101557254791
sarima,hanseniase,1,origin_202212,3534401,276,0.0,0.17691300809383392
sarima,hanseniase,1,origin_202212,3536505,276,0.0,0.05262531340122223
sarima,hanseniase,1,origin_202212,3541000,276,0.0,0.005530505441129208
sarima,hanseniase,1,origin_202212,3543402,276,0.0,0.3666173815727234
sarima,hanseniase,1,origin_202212,3547809,276,0.0,0.04867337644100189
sarima,hanseniase,1,origin_202212,3548500,276,0.0,0.08695652335882187
sarima,hanseniase,1,origin_202212,3548708,276,0.0,0.14911040663719177
sarima,hanseniase,1,origin_202212,3549805,276,0.0,0.007845824584364891
sarima,hanseniase,1,origin_202212,3549904,276,1.0,0.12681159377098083
sarima,hanseniase,1,origin_202212,3550308,276,2.0,1.9124219417572021
sarima,hanseniase,1,origin_202212,3551009,276,0.0,0.12405676394701004
sarima,hanseniase,1,origin_202212,3552205,276,0.0,0.08734109252691269
sarima,hanseniase,1,origin_202212,3554102,276,1.0,0.18018220365047455
lgbm,hanseniase,1,origin_202212,3505708,276,0.0,0.09502398746951672
lgbm,hanseniase,1,origin_202212,3506003,276,0.0,0.5454326239459618
lgbm,hanseniase,1,origin_202212,3509502,276,0.0,1.1370435496186981
lgbm,hanseniase,1,origin_202212,3510609,276,0.0,0.07394596822084996
lgbm,hanseniase,1,origin_202212,3513801,276,0.0,0.11153158552271557
lgbm,hanseniase,1,origin_202212,3518701,276,0.0,0.1227221674847232
lgbm,hanseniase,1,origin_202212,3518800,276,0.0,0.7769919004245062
lgbm,hanseniase,1,origin_202212,3522208,276,0.0,0.02151466635877783
lgbm,hanseniase,1,origin_202212,3525904,276,0.0,0.13012652670172636
lgbm,hanseniase,1,origin_202212,3529401,276,0.0,0.051852238923179486
lgbm,hanseniase,1,origin_202212,3534401,276,0.0,0.13193944266187113
lgbm,hanseniase,1,origin_202212,3536505,276,0.0,0.0279245850336807
lgbm,hanseniase,1,origin_202212,3541000,276,0.0,0.0505392370195629
lgbm,hanseniase,1,origin_202212,3543402,276,0.0,0.29958188713480194
lgbm,hanseniase,1,origin_202212,3547809,276,0.0,0.07200453322237524
lgbm,hanseniase,1,origin_202212,3548500,276,0.0,0.0645765644446111
lgbm,hanseniase,1,origin_202212,3548708,276,0.0,0.069026880444338
lgbm,hanseniase,1,origin_202212,3549805,276,0.0,0.07241329484549171
lgbm,hanseniase,1,origin_202212,3549904,276,1.0,0.08237432199651529
lgbm,hanseniase,1,origin_202212,3550308,276,2.0,2.7139196979895153
lgbm,hanseniase,1,origin_202212,3551009,276,0.0,0.29067766989283117
lgbm,hanseniase,1,origin_202212,3552205,276,0.0,0.047518971832626385
lgbm,hanseniase,1,origin_202212,3554102,276,1.0,0.0752630063375534
catboost,hanseniase,1,origin_202212,3505708,276,0.0,0.12163919449820916
catboost,hanseniase,1,origin_202212,3506003,276,0.0,0.4015040307564592
catboost,hanseniase,1,origin_202212,3509502,276,0.0,1.0694524784492185
catboost,hanseniase,1,origin_202212,3510609,276,0.0,0.08954752021360675
catboost,hanseniase,1,origin_202212,3513801,276,0.0,0.1087423628266908
catboost,hanseniase,1,origin_202212,3518701,276,0.0,0.11968285026136549
catboost,hanseniase,1,origin_202212,3518800,276,0.0,0.7803080253844392
catboost,hanseniase,1,origin_202212,3522208,276,0.0,0.06819739447656022
catboost,hanseniase,1,origin_202212,3525904,276,0.0,0.18895024951777908
catboost,hanseniase,1,origin_202212,3529401,276,0.0,0.08243202134261637
catboost,hanseniase,1,origin_202212,3534401,276,0.0,0.13084732529465917
catboost,hanseniase,1,origin_202212,3536505,276,0.0,0.06925135174318346
catboost,hanseniase,1,origin_202212,3541000,276,0.0,0.08559936569567113
catboost,hanseniase,1,origin_202212,3543402,276,0.0,0.2876563181126513
catboost,hanseniase,1,origin_202212,3547809,276,0.0,0.0928199760779089
catboost,hanseniase,1,origin_202212,3548500,276,0.0,0.10673859975702502
catboost,hanseniase,1,origin_202212,3548708,276,0.0,0.1026392087473117
catboost,hanseniase,1,origin_202212,3549805,276,0.0,0.12458296533309823
catboost,hanseniase,1,origin_202212,3549904,276,1.0,0.10376055913891413
catboost,hanseniase,1,origin_202212,3550308,276,2.0,1.9446423600134197
catboost,hanseniase,1,origin_202212,3551009,276,0.0,0.27567639044953507
catboost,hanseniase,1,origin_202212,3552205,276,0.0,0.09672859477865381
catboost,hanseniase,1,origin_202212,3554102,276,1.0,0.10683947863556599
xgboost,hanseniase,1,origin_202212,3505708,276,0.0,0.09029033780097961
xgboost,hanseniase,1,origin_202212,3506003,276,0.0,0.42143818736076355
xgboost,hanseniase,1,origin_202212,3509502,276,0.0,1.0215263366699219
xgboost,hanseniase,1,origin_202212,3510609,276,0.0,0.05694196745753288
xgboost,hanseniase,1,origin_202212,3513801,276,0.0,0.08392783254384995
xgboost,hanseniase,1,origin_202212,3518701,276,0.0,0.09968877583742142
xgboost,hanseniase,1,origin_202212,3518800,276,0.0,0.7647910714149475
xgboost,hanseniase,1,origin_202212,3522208,276,0.0,0.010739447548985481
xgboost,hanseniase,1,origin_202212,3525904,276,0.0,0.12485012412071228
xgboost,hanseniase,1,origin_202212,3529401,276,0.0,0.0391271710395813
xgboost,hanseniase,1,origin_202212,3534401,276,0.0,0.06653504073619843
xgboost,hanseniase,1,origin_202212,3536505,276,0.0,0.018543843179941177
xgboost,hanseniase,1,origin_202212,3541000,276,0.0,0.025101641193032265
xgboost,hanseniase,1,origin_202212,3543402,276,0.0,0.4465176463127136
xgboost,hanseniase,1,origin_202212,3547809,276,0.0,0.06702952086925507
xgboost,hanseniase,1,origin_202212,3548500,276,0.0,0.04730198532342911
xgboost,hanseniase,1,origin_202212,3548708,276,0.0,0.05966288968920708
xgboost,hanseniase,1,origin_202212,3549805,276,0.0,0.052682727575302124
xgboost,hanseniase,1,origin_202212,3549904,276,1.0,0.06612283736467361
xgboost,hanseniase,1,origin_202212,3550308,276,2.0,1.952233076095581
xgboost,hanseniase,1,origin_202212,3551009,276,0.0,0.25963547825813293
xgboost,hanseniase,1,origin_202212,3552205,276,0.0,0.040753211826086044
xgboost,hanseniase,1,origin_202212,3554102,276,1.0,0.06277282536029816
prophet,hanseniase,1,origin_202212,3505708,276,0.0,0.0
prophet,hanseniase,1,origin_202212,3506003,276,0.0,0.0
prophet,hanseniase,1,origin_202212,3509502,276,0.0,1.5251950273392783
prophet,hanseniase,1,origin_202212,3510609,276,0.0,0.13904300083134835
prophet,hanseniase,1,origin_202212,3513801,276,0.0,0.14388496782407606
prophet,hanseniase,1,origin_202212,3518701,276,0.0,0.9064005302874403
prophet,hanseniase,1,origin_202212,3518800,276,0.0,0.13351350913813037
prophet,hanseniase,1,origin_202212,3522208,276,0.0,0.007080355343664531
prophet,hanseniase,1,origin_202212,3525904,276,0.0,0.0
prophet,hanseniase,1,origin_202212,3529401,276,0.0,0.0
prophet,hanseniase,1,origin_202212,3534401,276,0.0,0.03563939638315214
prophet,hanseniase,1,origin_202212,3536505,276,0.0,0.08811470968405705
prophet,hanseniase,1,origin_202212,3541000,276,0.0,0.0
prophet,hanseniase,1,origin_202212,3543402,276,0.0,0.9131713468556486
prophet,hanseniase,1,origin_202212,3547809,276,0.0,0.13032732916058323
prophet,hanseniase,1,origin_202212,3548500,276,0.0,0.07388854441388305
prophet,hanseniase,1,origin_202212,3548708,276,0.0,0.041517300474461394
prophet,hanseniase,1,origin_202212,3549805,276,0.0,0.0
prophet,hanseniase,1,origin_202212,3549904,276,1.0,0.06085100808420216
prophet,hanseniase,1,origin_202212,3550308,276,2.0,2.78959219351078
prophet,hanseniase,1,origin_202212,3551009,276,0.0,0.17611098415879473
prophet,hanseniase,1,origin_202212,3552205,276,0.0,0.0
prophet,hanseniase,1,origin_202212,3554102,276,1.0,0.0008243185656568522
seasonal_naive,hanseniase,3,origin_202212,3505708,278,0.0,0.0
seasonal_naive,hanseniase,3,origin_202212,3506003,278,1.0,0.0
seasonal_naive,hanseniase,3,origin_202212,3509502,278,0.0,1.0
seasonal_naive,hanseniase,3,origin_202212,3510609,278,0.0,1.0
seasonal_naive,hanseniase,3,origin_202212,3513801,278,0.0,1.0
seasonal_naive,hanseniase,3,origin_202212,3518701,278,0.0,1.0
seasonal_naive,hanseniase,3,origin_202212,3518800,278,0.0,0.0
seasonal_naive,hanseniase,3,origin_202212,3522208,278,0.0,1.0
seasonal_naive,hanseniase,3,origin_202212,3525904,278,0.0,0.0
seasonal_naive,hanseniase,3,origin_202212,3529401,278,0.0,0.0
seasonal_naive,hanseniase,3,origin_202212,3534401,278,0.0,2.0
seasonal_naive,hanseniase,3,origin_202212,3536505,278,0.0,0.0
seasonal_naive,hanseniase,3,origin_202212,3541000,278,0.0,0.0
seasonal_naive,hanseniase,3,origin_202212,3543402,278,3.0,0.0
seasonal_naive,hanseniase,3,origin_202212,3547809,278,0.0,0.0
seasonal_naive,hanseniase,3,origin_202212,3548500,278,0.0,0.0
seasonal_naive,hanseniase,3,origin_202212,3548708,278,0.0,0.0
seasonal_naive,hanseniase,3,origin_202212,3549805,278,0.0,0.0
seasonal_naive,hanseniase,3,origin_202212,3549904,278,0.0,0.0
seasonal_naive,hanseniase,3,origin_202212,3550308,278,0.0,2.0
seasonal_naive,hanseniase,3,origin_202212,3551009,278,0.0,0.0
seasonal_naive,hanseniase,3,origin_202212,3552205,278,0.0,0.0
seasonal_naive,hanseniase,3,origin_202212,3554102,278,0.0,0.0
seasonal_ma3,hanseniase,3,origin_202212,3505708,278,0.0,0.0
seasonal_ma3,hanseniase,3,origin_202212,3506003,278,1.0,0.6666666865348816
seasonal_ma3,hanseniase,3,origin_202212,3509502,278,0.0,2.6666667461395264
seasonal_ma3,hanseniase,3,origin_202212,3510609,278,0.0,0.3333333432674408
seasonal_ma3,hanseniase,3,origin_202212,3513801,278,0.0,0.3333333432674408
seasonal_ma3,hanseniase,3,origin_202212,3518701,278,0.0,0.3333333432674408
seasonal_ma3,hanseniase,3,origin_202212,3518800,278,0.0,1.0
seasonal_ma3,hanseniase,3,origin_202212,3522208,278,0.0,0.3333333432674408
seasonal_ma3,hanseniase,3,origin_202212,3525904,278,0.0,0.0
seasonal_ma3,hanseniase,3,origin_202212,3529401,278,0.0,0.0
seasonal_ma3,hanseniase,3,origin_202212,3534401,278,0.0,0.6666666865348816
seasonal_ma3,hanseniase,3,origin_202212,3536505,278,0.0,0.0
seasonal_ma3,hanseniase,3,origin_202212,3541000,278,0.0,0.0
seasonal_ma3,hanseniase,3,origin_202212,3543402,278,3.0,1.0
seasonal_ma3,hanseniase,3,origin_202212,3547809,278,0.0,0.0
seasonal_ma3,hanseniase,3,origin_202212,3548500,278,0.0,0.0
seasonal_ma3,hanseniase,3,origin_202212,3548708,278,0.0,0.3333333432674408
seasonal_ma3,hanseniase,3,origin_202212,3549805,278,0.0,0.0
seasonal_ma3,hanseniase,3,origin_202212,3549904,278,0.0,0.0
seasonal_ma3,hanseniase,3,origin_202212,3550308,278,0.0,1.6666666269302368
seasonal_ma3,hanseniase,3,origin_202212,3551009,278,0.0,0.0
seasonal_ma3,hanseniase,3,origin_202212,3552205,278,0.0,0.0
seasonal_ma3,hanseniase,3,origin_202212,3554102,278,0.0,0.0
sarima,hanseniase,3,origin_202212,3505708,278,0.0,0.11226213723421097
sarima,hanseniase,3,origin_202212,3506003,278,1.0,-2.346740961074829
sarima,hanseniase,3,origin_202212,3509502,278,0.0,1.3011808395385742
sarima,hanseniase,3,origin_202212,3510609,278,0.0,0.1195652186870575
sarima,hanseniase,3,origin_202212,3513801,278,0.0,0.08986850082874298
sarima,hanseniase,3,origin_202212,3518701,278,0.0,0.09135089069604874
sarima,hanseniase,3,origin_202212,3518800,278,0.0,0.6072670221328735
sarima,hanseniase,3,origin_202212,3522208,278,0.0,-0.00509510887786746
sarima,hanseniase,3,origin_202212,3525904,278,0.0,1.114147424697876
sarima,hanseniase,3,origin_202212,3529401,278,0.0,0.05797101557254791
sarima,hanseniase,3,origin_202212,3534401,278,0.0,-0.06508579105138779
sarima,hanseniase,3,origin_202212,3536505,278,0.0,0.05366209149360657
sarima,hanseniase,3,origin_202212,3541000,278,0.0,0.005530505441129208
sarima,hanseniase,3,origin_202212,3543402,278,3.0,0.3904895484447479
sarima,hanseniase,3,origin_202212,3547809,278,0.0,0.1722547560930252
sarima,hanseniase,3,origin_202212,3548500,278,0.0,0.08695652335882187
sarima,hanseniase,3,origin_202212,3548708,278,0.0,0.14431482553482056
sarima,hanseniase,3,origin_202212,3549805,278,0.0,0.007845824584364891
sarima,hanseniase,3,origin_202212,3549904,278,0.0,0.12681159377098083
sarima,hanseniase,3,origin_202212,3550308,278,0.0,2.3074941635131836
sarima,hanseniase,3,origin_202212,3551009,278,0.0,0.12405676394701004
sarima,hanseniase,3,origin_202212,3552205,278,0.0,0.09939373284578323
sarima,hanseniase,3,origin_202212,3554102,278,0.0,0.1749604195356369
lgbm,hanseniase,3,origin_202212,3505708,278,0.0,0.1204990142995156
lgbm,hanseniase,3,origin_202212,3506003,278,1.0,0.23458082132464425
lgbm,hanseniase,3,origin_202212,3509502,278,0.0,1.3865769899262261
lgbm,hanseniase,3,origin_202212,3510609,278,0.0,0.06292687517127996
lgbm,hanseniase,3,origin_202212,3513801,278,0.0,0.12747140689667416
lgbm,hanseniase,3,origin_202212,3518701,278,0.0,0.16576769455663978
lgbm,hanseniase,3,origin_202212,3518800,278,0.0,0.763722919778026
lgbm,hanseniase,3,origin_202212,3522208,278,0.0,0.02978231380650957
lgbm,hanseniase,3,origin_202212,3525904,278,0.0,0.15964964489484587
lgbm,hanseniase,3,origin_202212,3529401,278,0.0,0.07247671778978795
lgbm,hanseniase,3,origin_202212,3534401,278,0.0,0.17152958078405003
lgbm,hanseniase,3,origin_202212,3536505,278,0.0,0.03517328645492688
lgbm,hanseniase,3,origin_202212,3541000,278,0.0,0.054621671264715434
lgbm,hanseniase,3,origin_202212,3543402,278,3.0,0.2841095428266783
lgbm,hanseniase,3,origin_202212,3547809,278,0.0,0.07290259462496843
lgbm,hanseniase,3,origin_202212,3548500,278,0.0,0.13749909459462967
lgbm,hanseniase,3,origin_202212,3548708,278,0.0,0.06725902847002103
lgbm,hanseniase,3,origin_202212,3549805,278,0.0,0.12516748597485344
lgbm,hanseniase,3,origin_202212,3549904,278,0.0,0.08800141125950052
lgbm,hanseniase,3,origin_202212,3550308,278,0.0,2.177217371758273
lgbm,hanseniase,3,origin_202212,3551009,278,0.0,0.1922439204996005
lgbm,hanseniase,3,origin_202212,3552205,278,0.0,0.0959788931638687
lgbm,hanseniase,3,origin_202212,3554102,278,0.0,0.06775599056332109
catboost,hanseniase,3,origin_202212,3505708,278,0.0,0.11044227351707697
catboost,hanseniase,3,origin_202212,3506003,278,1.0,0.2898454730987094
catboost,hanseniase,3,origin_202212,3509502,278,0.0,1.4570380539876047
catboost,hanseniase,3,origin_202212,3510609,278,0.0,0.08302777963296748
catboost,hanseniase,3,origin_202212,3513801,278,0.0,0.10123206533222281
catboost,hanseniase,3,origin_202212,3518701,278,0.0,0.1451649687059773
catboost,hanseniase,3,origin_202212,3518800,278,0.0,0.8249383647322944
catboost,hanseniase,3,origin_202212,3522208,278,0.0,0.05200864485002006
catboost,hanseniase,3,origin_202212,3525904,278,0.0,0.20310356685832356
catboost,hanseniase,3,origin_202212,3529401,278,0.0,0.07795507489475725
catboost,hanseniase,3,origin_202212,3534401,278,0.0,0.10615220790540764
catboost,hanseniase,3,origin_202212,3536505,278,0.0,0.07618258996272523
catboost,hanseniase,3,origin_202212,3541000,278,0.0,0.07949747814463093
catboost,hanseniase,3,origin_202212,3543402,278,3.0,0.32232616538242836
catboost,hanseniase,3,origin_202212,3547809,278,0.0,0.09567936772492414
catboost,hanseniase,3,origin_202212,3548500,278,0.0,0.11115738142953868
catboost,hanseniase,3,origin_202212,3548708,278,0.0,0.10613136466314721
catboost,hanseniase,3,origin_202212,3549805,278,0.0,0.16933649454971467
catboost,hanseniase,3,origin_202212,3549904,278,0.0,0.09215962798914035
catboost,hanseniase,3,origin_202212,3550308,278,0.0,2.1919984447521346
catboost,hanseniase,3,origin_202212,3551009,278,0.0,0.21191053870515988
catboost,hanseniase,3,origin_202212,3552205,278,0.0,0.09137549394983592
catboost,hanseniase,3,origin_202212,3554102,278,0.0,0.052661064466586374
xgboost,hanseniase,3,origin_202212,3505708,278,0.0,0.19772686064243317
xgboost,hanseniase,3,origin_202212,3506003,278,1.0,0.3137010335922241
xgboost,hanseniase,3,origin_202212,3509502,278,0.0,1.2923450469970703
xgboost,hanseniase,3,origin_202212,3510609,278,0.0,0.09509870409965515
xgboost,hanseniase,3,origin_202212,3513801,278,0.0,0.19303546845912933
xgboost,hanseniase,3,origin_202212,3518701,278,0.0,0.12456739693880081
xgboost,hanseniase,3,origin_202212,3518800,278,0.0,0.9320650100708008
xgboost,hanseniase,3,origin_202212,3522208,278,0.0,0.03582916408777237
xgboost,hanseniase,3,origin_202212,3525904,278,0.0,0.18168461322784424
xgboost,hanseniase,3,origin_202212,3529401,278,0.0,0.06727913022041321
xgboost,hanseniase,3,origin_202212,3534401,278,0.0,0.13424095511436462
xgboost,hanseniase,3,origin_202212,3536505,278,0.0,0.04502899572253227
xgboost,hanseniase,3,origin_202212,3541000,278,0.0,0.056608352810144424
xgboost,hanseniase,3,origin_202212,3543402,278,3.0,0.29205307364463806
xgboost,hanseniase,3,origin_202212,3547809,278,0.0,0.077641062438488
xgboost,hanseniase,3,origin_202212,3548500,278,0.0,0.11552032828330994
xgboost,hanseniase,3,origin_202212,3548708,278,0.0,0.08752483129501343
xgboost,hanseniase,3,origin_202212,3549805,278,0.0,0.12660153210163116
xgboost,hanseniase,3,origin_202212,3549904,278,0.0,0.1340702921152115
xgboost,hanseniase,3,origin_202212,3550308,278,0.0,2.540173292160034
xgboost,hanseniase,3,origin_202212,3551009,278,0.0,0.2684694230556488
xgboost,hanseniase,3,origin_202212,3552205,278,0.0,0.0862506777048111
xgboost,hanseniase,3,origin_202212,3554102,278,0.0,0.13086417317390442
prophet,hanseniase,3,origin_202212,3505708,278,0.0,0.08606559747903907
prophet,hanseniase,3,origin_202212,3506003,278,1.0,0.0
prophet,hanseniase,3,origin_202212,3509502,278,0.0,2.004515715461811
prophet,hanseniase,3,origin_202212,3510609,278,0.0,0.08941691315637967
prophet,hanseniase,3,origin_202212,3513801,278,0.0,0.1446562742293001
prophet,hanseniase,3,origin_202212,3518701,278,0.0,1.0583923747386415
prophet,hanseniase,3,origin_202212,3518800,278,0.0,0.19706491551957908
prophet,hanseniase,3,origin_202212,3522208,278,0.0,0.04771627819080648
prophet,hanseniase,3,origin_202212,3525904,278,0.0,0.8148335317558524
prophet,hanseniase,3,origin_202212,3529401,278,0.0,0.02493086624159717
prophet,hanseniase,3,origin_202212,3534401,278,0.0,0.29364449217924027
prophet,hanseniase,3,origin_202212,3536505,278,0.0,0.06890441640673443
prophet,hanseniase,3,origin_202212,3541000,278,0.0,0.07978840598525408
prophet,hanseniase,3,origin_202212,3543402,278,3.0,1.093834568205966
prophet,hanseniase,3,origin_202212,3547809,278,0.0,0.04327212211773204
prophet,hanseniase,3,origin_202212,3548500,278,0.0,0.02131811941961964
prophet,hanseniase,3,origin_202212,3548708,278,0.0,0.0
prophet,hanseniase,3,origin_202212,3549805,278,0.0,0.24073842760846187
prophet,hanseniase,3,origin_202212,3549904,278,0.0,0.0
prophet,hanseniase,3,origin_202212,3550308,278,0.0,3.0651964415649653
prophet,hanseniase,3,origin_202212,3551009,278,0.0,0.08650946779319346
prophet,hanseniase,3,origin_202212,3552205,278,0.0,0.0
prophet,hanseniase,3,origin_202212,3554102,278,0.0,0.017630971332357248
seasonal_naive,hanseniase,6,origin_202212,3505708,281,0.0,0.0
seasonal_naive,hanseniase,6,origin_202212,3506003,281,1.0,0.0
seasonal_naive,hanseniase,6,origin_202212,3509502,281,2.0,2.0
seasonal_naive,hanseniase,6,origin_202212,3510609,281,0.0,0.0
seasonal_naive,hanseniase,6,origin_202212,3513801,281,1.0,0.0
seasonal_naive,hanseniase,6,origin_202212,3518701,281,0.0,0.0
seasonal_naive,hanseniase,6,origin_202212,3518800,281,0.0,0.0
seasonal_naive,hanseniase,6,origin_202212,3522208,281,0.0,0.0
seasonal_naive,hanseniase,6,origin_202212,3525904,281,0.0,0.0
seasonal_naive,hanseniase,6,origin_202212,3529401,281,0.0,0.0
seasonal_naive,hanseniase,6,origin_202212,3534401,281,0.0,0.0
seasonal_naive,hanseniase,6,origin_202212,3536505,281,0.0,0.0
seasonal_naive,hanseniase,6,origin_202212,3541000,281,0.0,0.0
seasonal_naive,hanseniase,6,origin_202212,3543402,281,0.0,0.0
seasonal_naive,hanseniase,6,origin_202212,3547809,281,0.0,0.0
seasonal_naive,hanseniase,6,origin_202212,3548500,281,0.0,0.0
seasonal_naive,hanseniase,6,origin_202212,3548708,281,0.0,0.0
seasonal_naive,hanseniase,6,origin_202212,3549805,281,0.0,0.0
seasonal_naive,hanseniase,6,origin_202212,3549904,281,2.0,0.0
seasonal_naive,hanseniase,6,origin_202212,3550308,281,2.0,20.0
seasonal_naive,hanseniase,6,origin_202212,3551009,281,0.0,0.0
seasonal_naive,hanseniase,6,origin_202212,3552205,281,0.0,0.0
seasonal_naive,hanseniase,6,origin_202212,3554102,281,1.0,0.0
seasonal_ma3,hanseniase,6,origin_202212,3505708,281,0.0,0.0
seasonal_ma3,hanseniase,6,origin_202212,3506003,281,1.0,0.3333333432674408
seasonal_ma3,hanseniase,6,origin_202212,3509502,281,2.0,3.0
seasonal_ma3,hanseniase,6,origin_202212,3510609,281,0.0,0.0
seasonal_ma3,hanseniase,6,origin_202212,3513801,281,1.0,0.0
seasonal_ma3,hanseniase,6,origin_202212,3518701,281,0.0,1.0
seasonal_ma3,hanseniase,6,origin_202212,3518800,281,0.0,0.3333333432674408
seasonal_ma3,hanseniase,6,origin_202212,3522208,281,0.0,0.0
seasonal_ma3,hanseniase,6,origin_202212,3525904,281,0.0,0.0
seasonal_ma3,hanseniase,6,origin_202212,3529401,281,0.0,0.0
seasonal_ma3,hanseniase,6,origin_202212,3534401,281,0.0,0.0
seasonal_ma3,hanseniase,6,origin_202212,3536505,281,0.0,0.0
seasonal_ma3,hanseniase,6,origin_202212,3541000,281,0.0,0.0
seasonal_ma3,hanseniase,6,origin_202212,3543402,281,0.0,0.6666666865348816
seasonal_ma3,hanseniase,6,origin_202212,3547809,281,0.0,0.0
seasonal_ma3,hanseniase,6,origin_202212,3548500,281,0.0,0.0
seasonal_ma3,hanseniase,6,origin_202212,3548708,281,0.0,0.0
seasonal_ma3,hanseniase,6,origin_202212,3549805,281,0.0,0.0
seasonal_ma3,hanseniase,6,origin_202212,3549904,281,2.0,0.0
seasonal_ma3,hanseniase,6,origin_202212,3550308,281,2.0,7.333333492279053
seasonal_ma3,hanseniase,6,origin_202212,3551009,281,0.0,0.0
seasonal_ma3,hanseniase,6,origin_202212,3552205,281,0.0,0.0
seasonal_ma3,hanseniase,6,origin_202212,3554102,281,1.0,0.3333333432674408
sarima,hanseniase,6,origin_202212,3505708,281,0.0,0.11192240566015244
sarima,hanseniase,6,origin_202212,3506003,281,1.0,-3.0340416431427
sarima,hanseniase,6,origin_202212,3509502,281,2.0,1.3011808395385742
sarima,hanseniase,6,origin_202212,3510609,281,0.0,0.1195652186870575
sarima,hanseniase,6,origin_202212,3513801,281,1.0,0.11840487271547318
sarima,hanseniase,6,origin_202212,3518701,281,0.0,0.20594578981399536
sarima,hanseniase,6,origin_202212,3518800,281,0.0,0.6072670221328735
sarima,hanseniase,6,origin_202212,3522208,281,0.0,0.00019919549231417477
sarima,hanseniase,6,origin_202212,3525904,281,0.0,0.8017188906669617
sarima,hanseniase,6,origin_202212,3529401,281,0.0,0.05797101557254791
sarima,hanseniase,6,origin_202212,3534401,281,0.0,0.19613955914974213
sarima,hanseniase,6,origin_202212,3536505,281,0.0,0.054724667221307755
sarima,hanseniase,6,origin_202212,3541000,281,0.0,0.005530505441129208
sarima,hanseniase,6,origin_202212,3543402,281,0.0,0.3988233804702759
sarima,hanseniase,6,origin_202212,3547809,281,0.0,0.10392389446496964
sarima,hanseniase,6,origin_202212,3548500,281,0.0,0.08695652335882187
sarima,hanseniase,6,origin_202212,3548708,281,0.0,0.13803870975971222
sarima,hanseniase,6,origin_202212,3549805,281,0.0,0.007845824584364891
sarima,hanseniase,6,origin_202212,3549904,281,2.0,0.12681159377098083
sarima,hanseniase,6,origin_202212,3550308,281,2.0,2.404491662979126
sarima,hanseniase,6,origin_202212,3551009,281,0.0,0.12405676394701004
sarima,hanseniase,6,origin_202212,3552205,281,0.0,0.10943713039159775
sarima,hanseniase,6,origin_202212,3554102,281,1.0,0.16909831762313843
lgbm,hanseniase,6,origin_202212,3505708,281,0.0,0.10910824565451344
lgbm,hanseniase,6,origin_202212,3506003,281,1.0,0.4167902599465152
lgbm,hanseniase,6,origin_202212,3509502,281,2.0,1.0894467938052594
lgbm,hanseniase,6,origin_202212,3510609,281,0.0,0.09922902747205721
lgbm,hanseniase,6,origin_202212,3513801,281,1.0,0.16365434006360885
lgbm,hanseniase,6,origin_202212,3518701,281,0.0,0.15685368208251185
lgbm,hanseniase,6,origin_202212,3518800,281,0.0,0.5731679969012166
lgbm,hanseniase,6,origin_202212,3522208,281,0.0,0.04473157826764923
lgbm,hanseniase,6,origin_202212,3525904,281,0.0,0.13570303516681664
lgbm,hanseniase,6,origin_202212,3529401,281,0.0,0.05996779586351576
lgbm,hanseniase,6,origin_202212,3534401,281,0.0,0.1229665223478013
lgbm,hanseniase,6,origin_202212,3536505,281,0.0,0.03500982775575897
lgbm,hanseniase,6,origin_202212,3541000,281,0.0,0.06925671606377182
lgbm,hanseniase,6,origin_202212,3543402,281,0.0,0.25283958129129075
lgbm,hanseniase,6,origin_202212,3547809,281,0.0,0.08627073677188397
lgbm,hanseniase,6,origin_202212,3548500,281,0.0,0.08188988593065678
lgbm,hanseniase,6,origin_202212,3548708,281,0.0,0.08992455513800113
lgbm,hanseniase,6,origin_202212,3549805,281,0.0,0.07668629775138677
lgbm,hanseniase,6,origin_202212,3549904,281,2.0,0.13030895769734566
lgbm,hanseniase,6,origin_202212,3550308,281,2.0,2.0213148151840463
lgbm,hanseniase,6,origin_202212,3551009,281,0.0,0.19271665165920207
lgbm,hanseniase,6,origin_202212,3552205,281,0.0,0.12810624499344336
lgbm,hanseniase,6,origin_202212,3554102,281,1.0,0.12455356345043592
catboost,hanseniase,6,origin_202212,3505708,281,0.0,0.11361137566676528
catboost,hanseniase,6,origin_202212,3506003,281,1.0,0.3152318564878893
catboost,hanseniase,6,origin_202212,3509502,281,2.0,1.1828555093374769
catboost,hanseniase,6,origin_202212,3510609,281,0.0,0.09257438531886863
catboost,hanseniase,6,origin_202212,3513801,281,1.0,0.11031211067809765
catboost,hanseniase,6,origin_202212,3518701,281,0.0,0.21608127782654737
catboost,hanseniase,6,origin_202212,3518800,281,0.0,0.7911503989716963
catboost,hanseniase,6,origin_202212,3522208,281,0.0,0.07975153540443844
catboost,hanseniase,6,origin_202212,3525904,281,0.0,0.243522911868947
catboost,hanseniase,6,origin_202212,3529401,281,0.0,0.09137035628184574
catboost,hanseniase,6,origin_202212,3534401,281,0.0,0.11132050434381685
catboost,hanseniase,6,origin_202212,3536505,281,0.0,0.0568000094153731
catboost,hanseniase,6,origin_202212,3541000,281,0.0,0.11351965885110796
catboost,hanseniase,6,origin_202212,3543402,281,0.0,0.2974595562678183
catboost,hanseniase,6,origin_202212,3547809,281,0.0,0.10954191469582915
catboost,hanseniase,6,origin_202212,3548500,281,0.0,0.11647315139917565
catboost,hanseniase,6,origin_202212,3548708,281,0.0,0.12452911735684818
catboost,hanseniase,6,origin_202212,3549805,281,0.0,0.14548511333019037
catboost,hanseniase,6,origin_202212,3549904,281,2.0,0.1291965904987638
catboost,hanseniase,6,origin_202212,3550308,281,2.0,1.459949633966796
catboost,hanseniase,6,origin_202212,3551009,281,0.0,0.2534200505412872
catboost,hanseniase,6,origin_202212,3552205,281,0.0,0.11285514896423819
catboost,hanseniase,6,origin_202212,3554102,281,1.0,0.12228393835751393
xgboost,hanseniase,6,origin_202212,3505708,281,0.0,0.10589626431465149
xgboost,hanseniase,6,origin_202212,3506003,281,1.0,0.34345629811286926
xgboost,hanseniase,6,origin_202212,3509502,281,2.0,1.1996476650238037
xgboost,hanseniase,6,origin_202212,3510609,281,0.0,0.11843385547399521
xgboost,hanseniase,6,origin_202212,3513801,281,1.0,0.17129936814308167
xgboost,hanseniase,6,origin_202212,3518701,281,0.0,0.19333477318286896
xgboost,hanseniase,6,origin_202212,3518800,281,0.0,0.7108190655708313
xgboost,hanseniase,6,origin_202212,3522208,281,0.0,0.027147440239787102
xgboost,hanseniase,6,origin_202212,3525904,281,0.0,0.1728857457637787
xgboost,hanseniase,6,origin_202212,3529401,281,0.0,0.0668090432882309
xgboost,hanseniase,6,origin_202212,3534401,281,0.0,0.08065830171108246
xgboost,hanseniase,6,origin_202212,3536505,281,0.0,0.018721602857112885
xgboost,hanseniase,6,origin_202212,3541000,281,0.0,0.05389772728085518
xgboost,hanseniase,6,origin_202212,3543402,281,0.0,0.2667984068393707
xgboost,hanseniase,6,origin_202212,3547809,281,0.0,0.11422841250896454
xgboost,hanseniase,6,origin_202212,3548500,281,0.0,0.07955746352672577
xgboost,hanseniase,6,origin_202212,3548708,281,0.0,0.15200401842594147
xgboost,hanseniase,6,origin_202212,3549805,281,0.0,0.08611713349819183
xgboost,hanseniase,6,origin_202212,3549904,281,2.0,0.11524136364459991
xgboost,hanseniase,6,origin_202212,3550308,281,2.0,2.321723699569702
xgboost,hanseniase,6,origin_202212,3551009,281,0.0,0.23481924831867218
xgboost,hanseniase,6,origin_202212,3552205,281,0.0,0.12348492443561554
xgboost,hanseniase,6,origin_202212,3554102,281,1.0,0.12413956969976425
prophet,hanseniase,6,origin_202212,3505708,281,0.0,0.0
prophet,hanseniase,6,origin_202212,3506003,281,1.0,0.0
prophet,hanseniase,6,origin_202212,3509502,281,2.0,1.7473251442519915
prophet,hanseniase,6,origin_202212,3510609,281,0.0,0.09445636652719874
prophet,hanseniase,6,origin_202212,3513801,281,1.0,0.14597206505589486
prophet,hanseniase,6,origin_202212,3518701,281,0.0,1.9499513821165917
prophet,hanseniase,6,origin_202212,3518800,281,0.0,0.0
prophet,hanseniase,6,origin_202212,3522208,281,0.0,0.006273130298355384
prophet,hanseniase,6,origin_202212,3525904,281,0.0,0.0
prophet,hanseniase,6,origin_202212,3529401,281,0.0,0.0757749333306247
prophet,hanseniase,6,origin_202212,3534401,281,0.0,0.08399040557735357
prophet,hanseniase,6,origin_202212,3536505,281,0.0,0.0
prophet,hanseniase,6,origin_202212,3541000,281,0.0,0.03447008944966262
prophet,hanseniase,6,origin_202212,3543402,281,0.0,0.8693770139683014
prophet,hanseniase,6,origin_202212,3547809,281,0.0,0.08650879026966649
prophet,hanseniase,6,origin_202212,3548500,281,0.0,0.03824515327467953
prophet,hanseniase,6,origin_202212,3548708,281,0.0,0.42131672938722364
prophet,hanseniase,6,origin_202212,3549805,281,0.0,0.0
prophet,hanseniase,6,origin_202212,3549904,281,2.0,0.1912314836609897
prophet,hanseniase,6,origin_202212,3550308,281,2.0,4.6511727918685954
prophet,hanseniase,6,origin_202212,3551009,281,0.0,0.022124197066298035
prophet,hanseniase,6,origin_202212,3552205,281,0.0,0.0
prophet,hanseniase,6,origin_202212,3554102,281,1.0,0.1807218276234005
seasonal_naive,hanseniase,12,origin_202212,3505708,287,0.0,0.0
seasonal_naive,hanseniase,12,origin_202212,3506003,287,0.0,1.0
seasonal_naive,hanseniase,12,origin_202212,3509502,287,0.0,1.0
seasonal_naive,hanseniase,12,origin_202212,3510609,287,0.0,0.0
seasonal_naive,hanseniase,12,origin_202212,3513801,287,0.0,0.0
seasonal_naive,hanseniase,12,origin_202212,3518701,287,0.0,0.0
seasonal_naive,hanseniase,12,origin_202212,3518800,287,1.0,1.0
seasonal_naive,hanseniase,12,origin_202212,3522208,287,0.0,0.0
seasonal_naive,hanseniase,12,origin_202212,3525904,287,0.0,1.0
seasonal_naive,hanseniase,12,origin_202212,3529401,287,0.0,0.0
seasonal_naive,hanseniase,12,origin_202212,3534401,287,0.0,0.0
seasonal_naive,hanseniase,12,origin_202212,3536505,287,0.0,0.0
seasonal_naive,hanseniase,12,origin_202212,3541000,287,0.0,0.0
seasonal_naive,hanseniase,12,origin_202212,3543402,287,2.0,0.0
seasonal_naive,hanseniase,12,origin_202212,3547809,287,0.0,0.0
seasonal_naive,hanseniase,12,origin_202212,3548500,287,0.0,1.0
seasonal_naive,hanseniase,12,origin_202212,3548708,287,0.0,0.0
seasonal_naive,hanseniase,12,origin_202212,3549805,287,0.0,0.0
seasonal_naive,hanseniase,12,origin_202212,3549904,287,0.0,0.0
seasonal_naive,hanseniase,12,origin_202212,3550308,287,1.0,1.0
seasonal_naive,hanseniase,12,origin_202212,3551009,287,0.0,1.0
seasonal_naive,hanseniase,12,origin_202212,3552205,287,1.0,0.0
seasonal_naive,hanseniase,12,origin_202212,3554102,287,0.0,1.0
seasonal_ma3,hanseniase,12,origin_202212,3505708,287,0.0,0.0
seasonal_ma3,hanseniase,12,origin_202212,3506003,287,0.0,0.6666666865348816
seasonal_ma3,hanseniase,12,origin_202212,3509502,287,0.0,2.6666667461395264
seasonal_ma3,hanseniase,12,origin_202212,3510609,287,0.0,0.0
seasonal_ma3,hanseniase,12,origin_202212,3513801,287,0.0,0.0
seasonal_ma3,hanseniase,12,origin_202212,3518701,287,0.0,1.0
seasonal_ma3,hanseniase,12,origin_202212,3518800,287,1.0,1.0
seasonal_ma3,hanseniase,12,origin_202212,3522208,287,0.0,0.0
seasonal_ma3,hanseniase,12,origin_202212,3525904,287,0.0,0.3333333432674408
seasonal_ma3,hanseniase,12,origin_202212,3529401,287,0.0,0.0
seasonal_ma3,hanseniase,12,origin_202212,3534401,287,0.0,0.0
seasonal_ma3,hanseniase,12,origin_202212,3536505,287,0.0,0.0
seasonal_ma3,hanseniase,12,origin_202212,3541000,287,0.0,0.0
seasonal_ma3,hanseniase,12,origin_202212,3543402,287,2.0,1.0
seasonal_ma3,hanseniase,12,origin_202212,3547809,287,0.0,0.3333333432674408
seasonal_ma3,hanseniase,12,origin_202212,3548500,287,0.0,0.6666666865348816
seasonal_ma3,hanseniase,12,origin_202212,3548708,287,0.0,0.3333333432674408
seasonal_ma3,hanseniase,12,origin_202212,3549805,287,0.0,0.0
seasonal_ma3,hanseniase,12,origin_202212,3549904,287,0.0,0.0
seasonal_ma3,hanseniase,12,origin_202212,3550308,287,1.0,2.0
seasonal_ma3,hanseniase,12,origin_202212,3551009,287,0.0,0.6666666865348816
seasonal_ma3,hanseniase,12,origin_202212,3552205,287,1.0,0.0
seasonal_ma3,hanseniase,12,origin_202212,3554102,287,0.0,0.3333333432674408
sarima,hanseniase,12,origin_202212,3505708,287,0.0,0.11192343384027481
sarima,hanseniase,12,origin_202212,3506003,287,0.0,-4.403392791748047
sarima,hanseniase,12,origin_202212,3509502,287,0.0,1.3011808395385742
sarima,hanseniase,12,origin_202212,3510609,287,0.0,0.1195652186870575
sarima,hanseniase,12,origin_202212,3513801,287,0.0,0.1338697075843811
sarima,hanseniase,12,origin_202212,3518701,287,0.0,0.3043360710144043
sarima,hanseniase,12,origin_202212,3518800,287,1.0,0.6072670221328735
sarima,hanseniase,12,origin_202212,3522208,287,0.0,0.00868859700858593
sarima,hanseniase,12,origin_202212,3525904,287,0.0,0.8011351823806763
sarima,hanseniase,12,origin_202212,3529401,287,0.0,0.05797101557254791
sarima,hanseniase,12,origin_202212,3534401,287,0.0,0.19613955914974213
sarima,hanseniase,12,origin_202212,3536505,287,0.0,0.055814363062381744
sarima,hanseniase,12,origin_202212,3541000,287,0.0,0.005530505441129208
sarima,hanseniase,12,origin_202212,3543402,287,2.0,0.38292938470840454
sarima,hanseniase,12,origin_202212,3547809,287,0.0,0.17199552059173584
sarima,hanseniase,12,origin_202212,3548500,287,0.0,0.08695652335882187
sarima,hanseniase,12,origin_202212,3548708,287,0.0,0.12819711863994598
sarima,hanseniase,12,origin_202212,3549805,287,0.0,0.007845824584364891
sarima,hanseniase,12,origin_202212,3549904,287,0.0,0.12681159377098083
sarima,hanseniase,12,origin_202212,3550308,287,1.0,2.3064281940460205
sarima,hanseniase,12,origin_202212,3551009,287,0.0,0.3468344509601593
sarima,hanseniase,12,origin_202212,3552205,287,1.0,0.11670822650194168
sarima,hanseniase,12,origin_202212,3554102,287,0.0,0.1620679795742035
lgbm,hanseniase,12,origin_202212,3505708,287,0.0,0.11723108986878306
lgbm,hanseniase,12,origin_202212,3506003,287,0.0,0.4712136340908944
lgbm,hanseniase,12,origin_202212,3509502,287,0.0,1.4381456474043268
lgbm,hanseniase,12,origin_202212,3510609,287,0.0,0.14457594188428993
lgbm,hanseniase,12,origin_202212,3513801,287,0.0,0.1994168578222767
lgbm,hanseniase,12,origin_202212,3518701,287,0.0,0.29990307631430374
lgbm,hanseniase,12,origin_202212,3518800,287,1.0,0.9126152481029619
lgbm,hanseniase,12,origin_202212,3522208,287,0.0,0.04426007954812433
lgbm,hanseniase,12,origin_202212,3525904,287,0.0,0.26150554256770536
lgbm,hanseniase,12,origin_202212,3529401,287,0.0,0.06273028621393521
lgbm,hanseniase,12,origin_202212,3534401,287,0.0,0.09972268050630537
lgbm,hanseniase,12,origin_202212,3536505,287,0.0,0.027559294698227134
lgbm,hanseniase,12,origin_202212,3541000,287,0.0,0.09864498417949835
lgbm,hanseniase,12,origin_202212,3543402,287,2.0,0.332877681605252
lgbm,hanseniase,12,origin_202212,3547809,287,0.0,0.21345680635659733
lgbm,hanseniase,12,origin_202212,3548500,287,0.0,0.1305463078452596
lgbm,hanseniase,12,origin_202212,3548708,287,0.0,0.125821234919709
lgbm,hanseniase,12,origin_202212,3549805,287,0.0,0.13713916119202582
lgbm,hanseniase,12,origin_202212,3549904,287,0.0,0.08720821373760718
lgbm,hanseniase,12,origin_202212,3550308,287,1.0,2.7284987805920777
lgbm,hanseniase,12,origin_202212,3551009,287,0.0,0.2983276296943059
lgbm,hanseniase,12,origin_202212,3552205,287,1.0,0.07782150011428934
lgbm,hanseniase,12,origin_202212,3554102,287,0.0,0.10698598600545972
catboost,hanseniase,12,origin_202212,3505708,287,0.0,0.15948528957621083
catboost,hanseniase,12,origin_202212,3506003,287,0.0,0.46416213634460457
catboost,hanseniase,12,origin_202212,3509502,287,0.0,1.5030662479475185
catboost,hanseniase,12,origin_202212,3510609,287,0.0,0.11928682110044458
catboost,hanseniase,12,origin_202212,3513801,287,0.0,0.11476942547181396
catboost,hanseniase,12,origin_202212,3518701,287,0.0,0.2909670749039181
catboost,hanseniase,12,origin_202212,3518800,287,1.0,0.7250020440363615
catboost,hanseniase,12,origin_202212,3522208,287,0.0,0.0940129749320808
catboost,hanseniase,12,origin_202212,3525904,287,0.0,0.29468747816214486
catboost,hanseniase,12,origin_202212,3529401,287,0.0,0.09816110383878136
catboost,hanseniase,12,origin_202212,3534401,287,0.0,0.10938294947680768
catboost,hanseniase,12,origin_202212,3536505,287,0.0,0.028335167580829226
catboost,hanseniase,12,origin_202212,3541000,287,0.0,0.11637396467510684
catboost,hanseniase,12,origin_202212,3543402,287,2.0,0.31423655853698823
catboost,hanseniase,12,origin_202212,3547809,287,0.0,0.12355670680968488
catboost,hanseniase,12,origin_202212,3548500,287,0.0,0.14163355922068718
catboost,hanseniase,12,origin_202212,3548708,287,0.0,0.13873439571673168
catboost,hanseniase,12,origin_202212,3549805,287,0.0,0.12687730728862895
catboost,hanseniase,12,origin_202212,3549904,287,0.0,0.10962657173408485
catboost,hanseniase,12,origin_202212,3550308,287,1.0,2.1075719230767613
catboost,hanseniase,12,origin_202212,3551009,287,0.0,0.4056248434074838
catboost,hanseniase,12,origin_202212,3552205,287,1.0,0.10111587220115117
catboost,hanseniase,12,origin_202212,3554102,287,0.0,0.1354049295971653
xgboost,hanseniase,12,origin_202212,3505708,287,0.0,0.18442262709140778
xgboost,hanseniase,12,origin_202212,3506003,287,0.0,0.634265661239624
xgboost,hanseniase,12,origin_202212,3509502,287,0.0,1.0889159440994263
xgboost,hanseniase,12,origin_202212,3510609,287,0.0,0.16034093499183655
xgboost,hanseniase,12,origin_202212,3513801,287,0.0,0.2308606058359146
xgboost,hanseniase,12,origin_202212,3518701,287,0.0,0.25298213958740234
xgboost,hanseniase,12,origin_202212,3518800,287,1.0,0.8295878171920776
xgboost,hanseniase,12,origin_202212,3522208,287,0.0,0.037274960428476334
xgboost,hanseniase,12,origin_202212,3525904,287,0.0,0.17767386138439178
xgboost,hanseniase,12,origin_202212,3529401,287,0.0,0.05896281823515892
xgboost,hanseniase,12,origin_202212,3534401,287,0.0,0.07771920412778854
xgboost,hanseniase,12,origin_202212,3536505,287,0.0,0.026115775108337402
xgboost,hanseniase,12,origin_202212,3541000,287,0.0,0.12391761690378189
xgboost,hanseniase,12,origin_202212,3543402,287,2.0,0.3905583322048187
xgboost,hanseniase,12,origin_202212,3547809,287,0.0,0.1794964224100113
xgboost,hanseniase,12,origin_202212,3548500,287,0.0,0.16110511124134064
xgboost,hanseniase,12,origin_202212,3548708,287,0.0,0.14246150851249695
xgboost,hanseniase,12,origin_202212,3549805,287,0.0,0.11657077074050903
xgboost,hanseniase,12,origin_202212,3549904,287,0.0,0.0978061705827713
xgboost,hanseniase,12,origin_202212,3550308,287,1.0,2.3852219581604004
xgboost,hanseniase,12,origin_202212,3551009,287,0.0,0.4976493716239929
xgboost,hanseniase,12,origin_202212,3552205,287,1.0,0.08461567759513855
xgboost,hanseniase,12,origin_202212,3554102,287,0.0,0.19089367985725403
prophet,hanseniase,12,origin_202212,3505708,287,0.0,0.0
prophet,hanseniase,12,origin_202212,3506003,287,0.0,0.0
prophet,hanseniase,12,origin_202212,3509502,287,0.0,1.7811401932161164
prophet,hanseniase,12,origin_202212,3510609,287,0.0,0.13373601508251576
prophet,hanseniase,12,origin_202212,3513801,287,0.0,0.187828663849677
prophet,hanseniase,12,origin_202212,3518701,287,0.0,1.3737929399733537
prophet,hanseniase,12,origin_202212,3518800,287,1.0,0.3230763004203172
prophet,hanseniase,12,origin_202212,3522208,287,0.0,0.04930401371413693
prophet,hanseniase,12,origin_202212,3525904,287,0.0,0.0900553425693228
prophet,hanseniase,12,origin_202212,3529401,287,0.0,0.025687925954107266
prophet,hanseniase,12,origin_202212,3534401,287,0.0,0.0
prophet,hanseniase,12,origin_202212,3536505,287,0.0,0.05142111395058967
prophet,hanseniase,12,origin_202212,3541000,287,0.0,0.12174109770399072
prophet,hanseniase,12,origin_202212,3543402,287,2.0,0.46944925469855237
prophet,hanseniase,12,origin_202212,3547809,287,0.0,0.2161793952338631
prophet,hanseniase,12,origin_202212,3548500,287,0.0,0.1670036291608174
prophet,hanseniase,12,origin_202212,3548708,287,0.0,0.018762084818613467
prophet,hanseniase,12,origin_202212,3549805,287,0.0,0.27492289471475173
prophet,hanseniase,12,origin_202212,3549904,287,0.0,0.0005667786670192076
prophet,hanseniase,12,origin_202212,3550308,287,1.0,2.423358902146963
prophet,hanseniase,12,origin_202212,3551009,287,0.0,0.21579177653126003
prophet,hanseniase,12,origin_202212,3552205,287,1.0,0.0
prophet,hanseniase,12,origin_202212,3554102,287,0.0,0.27120524025886916
seasonal_naive,hepatite,1,origin_201912,3505708,240,0.0,0.0
seasonal_naive,hepatite,1,origin_201912,3506003,240,4.0,1.0
seasonal_naive,hepatite,1,origin_201912,3509502,240,0.0,1.0
seasonal_naive,hepatite,1,origin_201912,3510609,240,1.0,0.0
seasonal_naive,hepatite,1,origin_201912,3513801,240,0.0,0.0
seasonal_naive,hepatite,1,origin_201912,3518701,240,0.0,0.0
seasonal_naive,hepatite,1,origin_201912,3518800,240,0.0,0.0
seasonal_naive,hepatite,1,origin_201912,3522208,240,0.0,0.0
seasonal_naive,hepatite,1,origin_201912,3525904,240,0.0,0.0
seasonal_naive,hepatite,1,origin_201912,3529401,240,0.0,0.0
seasonal_naive,hepatite,1,origin_201912,3534401,240,1.0,0.0
seasonal_naive,hepatite,1,origin_201912,3536505,240,0.0,0.0
seasonal_naive,hepatite,1,origin_201912,3541000,240,0.0,0.0
seasonal_naive,hepatite,1,origin_201912,3543402,240,0.0,0.0
seasonal_naive,hepatite,1,origin_201912,3547809,240,0.0,0.0
seasonal_naive,hepatite,1,origin_201912,3548500,240,0.0,2.0
seasonal_naive,hepatite,1,origin_201912,3548708,240,0.0,0.0
seasonal_naive,hepatite,1,origin_201912,3549805,240,0.0,0.0
seasonal_naive,hepatite,1,origin_201912,3549904,240,0.0,0.0
seasonal_naive,hepatite,1,origin_201912,3550308,240,0.0,0.0
seasonal_naive,hepatite,1,origin_201912,3551009,240,0.0,0.0
seasonal_naive,hepatite,1,origin_201912,3552205,240,0.0,1.0
seasonal_naive,hepatite,1,origin_201912,3554102,240,0.0,0.0
seasonal_ma3,hepatite,1,origin_201912,3505708,240,0.0,0.6666666865348816
seasonal_ma3,hepatite,1,origin_201912,3506003,240,4.0,0.3333333432674408
seasonal_ma3,hepatite,1,origin_201912,3509502,240,0.0,2.3333332538604736
seasonal_ma3,hepatite,1,origin_201912,3510609,240,1.0,0.3333333432674408
seasonal_ma3,hepatite,1,origin_201912,3513801,240,0.0,0.0
seasonal_ma3,hepatite,1,origin_201912,3518701,240,0.0,0.0
seasonal_ma3,hepatite,1,origin_201912,3518800,240,0.0,0.0
seasonal_ma3,hepatite,1,origin_201912,3522208,240,0.0,0.0
seasonal_ma3,hepatite,1,origin_201912,3525904,240,0.0,0.0
seasonal_ma3,hepatite,1,origin_201912,3529401,240,0.0,0.0
seasonal_ma3,hepatite,1,origin_201912,3534401,240,1.0,0.6666666865348816
seasonal_ma3,hepatite,1,origin_201912,3536505,240,0.0,0.3333333432674408
seasonal_ma3,hepatite,1,origin_201912,3541000,240,0.0,0.0
seasonal_ma3,hepatite,1,origin_201912,3543402,240,0.0,0.0
seasonal_ma3,hepatite,1,origin_201912,3547809,240,0.0,0.0
seasonal_ma3,hepatite,1,origin_201912,3548500,240,0.0,0.6666666865348816
seasonal_ma3,hepatite,1,origin_201912,3548708,240,0.0,0.0
seasonal_ma3,hepatite,1,origin_201912,3549805,240,0.0,0.0
seasonal_ma3,hepatite,1,origin_201912,3549904,240,0.0,0.0
seasonal_ma3,hepatite,1,origin_201912,3550308,240,0.0,0.0
seasonal_ma3,hepatite,1,origin_201912,3551009,240,0.0,0.0
seasonal_ma3,hepatite,1,origin_201912,3552205,240,0.0,0.3333333432674408
seasonal_ma3,hepatite,1,origin_201912,3554102,240,0.0,0.0
sarima,hepatite,1,origin_201912,3505708,240,0.0,0.2885840833187103
sarima,hepatite,1,origin_201912,3506003,240,4.0,1.3823829889297485
sarima,hepatite,1,origin_201912,3509502,240,0.0,1.4089181423187256
sarima,hepatite,1,origin_201912,3510609,240,1.0,-0.030052097514271736
sarima,hepatite,1,origin_201912,3513801,240,0.0,-0.11762197315692902
sarima,hepatite,1,origin_201912,3518701,240,0.0,2.257701453345362e-05
sarima,hepatite,1,origin_201912,3518800,240,0.0,2.0901072161905176e-07
sarima,hepatite,1,origin_201912,3522208,240,0.0,0.0793241485953331
sarima,hepatite,1,origin_201912,3525904,240,0.0,0.00015937467105686665
sarima,hepatite,1,origin_201912,3529401,240,0.0,2.477885630014498e-07
sarima,hepatite,1,origin_201912,3534401,240,1.0,0.05676525458693504
sarima,hepatite,1,origin_201912,3536505,240,0.0,-0.0006508763763122261
sarima,hepatite,1,origin_201912,3541000,240,0.0,0.009682459756731987
sarima,hepatite,1,origin_201912,3543402,240,0.0,-0.011360916309058666
sarima,hepatite,1,origin_201912,3547809,240,0.0,0.0016492413124069571
sarima,hepatite,1,origin_201912,3548500,240,0.0,0.8658965826034546
sarima,hepatite,1,origin_201912,3548708,240,0.0,0.45359286665916443
sarima,hepatite,1,origin_201912,3549805,240,0.0,9.850797261234945e-12
sarima,hepatite,1,origin_201912,3549904,240,0.0,0.012399719096720219
sarima,hepatite,1,origin_201912,3550308,240,0.0,1.3245843193065707e-27
sarima,hepatite,1,origin_201912,3551009,240,0.0,1.580255411681719e-05
sarima,hepatite,1,origin_201912,3552205,240,0.0,0.17780232429504395
sarima,hepatite,1,origin_201912,3554102,240,0.0,0.005770047660917044
lgbm,hepatite,1,origin_201912,3505708,240,0.0,0.10199146216665696
lgbm,hepatite,1,origin_201912,3506003,240,4.0,1.1572175857932767
lgbm,hepatite,1,origin_201912,3509502,240,0.0,2.170395415504793
lgbm,hepatite,1,origin_201912,3510609,240,1.0,0.4205771656275722
lgbm,hepatite,1,origin_201912,3513801,240,0.0,0.01057906752895195
lgbm,hepatite,1,origin_201912,3518701,240,0.0,0.017128511797435377
lgbm,hepatite,1,origin_201912,3518800,240,0.0,0.018545702323237028
lgbm,hepatite,1,origin_201912,3522208,240,0.0,0.06784155778325691
lgbm,hepatite,1,origin_201912,3525904,240,0.0,0.01684038896951858
lgbm,hepatite,1,origin_201912,3529401,240,0.0,0.011707194733593388
lgbm,hepatite,1,origin_201912,3534401,240,1.0,0.3628456834061133
lgbm,hepatite,1,origin_201912,3536505,240,0.0,0.023542872354145747
lgbm,hepatite,1,origin_201912,3541000,240,0.0,0.009721745033707273
lgbm,hepatite,1,origin_201912,3543402,240,0.0,0.014275954997840491
lgbm,hepatite,1,origin_201912,3547809,240,0.0,0.010484237770934046
lgbm,hepatite,1,origin_201912,3548500,240,0.0,0.7252633729701415
lgbm,hepatite,1,origin_201912,3548708,240,0.0,0.3638085205222105
lgbm,hepatite,1,origin_201912,3549805,240,0.0,0.010363238439709356
lgbm,hepatite,1,origin_201912,3549904,240,0.0,0.0633811735378339
lgbm,hepatite,1,origin_201912,3550308,240,0.0,0.011067098656713703
lgbm,hepatite,1,origin_201912,3551009,240,0.0,0.014536560212430443
lgbm,hepatite,1,origin_201912,3552205,240,0.0,0.18396557921287682
lgbm,hepatite,1,origin_201912,3554102,240,0.0,0.01270567281998644
catboost,hepatite,1,origin_201912,3505708,240,0.0,0.14113419908054778
catboost,hepatite,1,origin_201912,3506003,240,4.0,1.7798360517844707
catboost,hepatite,1,origin_201912,3509502,240,0.0,1.3617215444882131
catboost,hepatite,1,origin_201912,3510609,240,1.0,0.40906842421296913
catboost,hepatite,1,origin_201912,3513801,240,0.0,0.03906898729453731
catboost,hepatite,1,origin_201912,3518701,240,0.0,0.04604432598866824
catboost,hepatite,1,origin_201912,3518800,240,0.0,0.038963669026855274
catboost,hepatite,1,origin_201912,3522208,240,0.0,0.08706126172287643
catboost,hepatite,1,origin_201912,3525904,240,0.0,0.04987406553987328
catboost,hepatite,1,origin_201912,3529401,240,0.0,0.044063817258569414
catboost,hepatite,1,origin_201912,3534401,240,1.0,0.4500826644520483
catboost,hepatite,1,origin_201912,3536505,240,0.0,0.04029587197705186
catboost,hepatite,1,origin_201912,3541000,240,0.0,0.04341659689111812
catboost,hepatite,1,origin_201912,3543402,240,0.0,0.02748722052590272
catboost,hepatite,1,origin_201912,3547809,240,0.0,0.05364956011694331
catboost,hepatite,1,origin_201912,3548500,240,0.0,0.8346373292539652
catboost,hepatite,1,origin_201912,3548708,240,0.0,0.6652817023120913
catboost,hepatite,1,origin_201912,3549805,240,0.0,0.026982398247106232
catboost,hepatite,1,origin_201912,3549904,240,0.0,0.13045757741696506
catboost,hepatite,1,origin_201912,3550308,240,0.0,0.0344725815500516
catboost,hepatite,1,origin_201912,3551009,240,0.0,0.04292134106338289
catboost,hepatite,1,origin_201912,3552205,240,0.0,0.21261215033775221
catboost,hepatite,1,origin_201912,3554102,240,0.0,0.03932433184727341
xgboost,hepatite,1,origin_201912,3505708,240,0.0,0.21220983564853668
xgboost,hepatite,1,origin_201912,3506003,240,4.0,0.9918056130409241
xgboost,hepatite,1,origin_201912,3509502,240,0.0,1.945836067199707
xgboost,hepatite,1,origin_201912,3510609,240,1.0,0.39110684394836426
xgboost,hepatite,1,origin_201912,3513801,240,0.0,0.008916345424950123
xgboost,hepatite,1,origin_201912,3518701,240,0.0,0.013083094730973244
xgboost,hepatite,1,origin_201912,3518800,240,0.0,0.021131854504346848
xgboost,hepatite,1,origin_201912,3522208,240,0.0,0.05964403226971626
xgboost,hepatite,1,origin_201912,3525904,240,0.0,0.02216659113764763
xgboost,hepatite,1,origin_201912,3529401,240,0.0,0.012512719258666039
xgboost,hepatite,1,origin_201912,3534401,240,1.0,0.38397666811943054
xgboost,hepatite,1,origin_201912,3536505,240,0.0,0.018335824832320213
xgboost,hepatite,1,origin_201912,3541000,240,0.0,0.012014868669211864
xgboost,hepatite,1,origin_201912,3543402,240,0.0,0.011210592463612556
xgboost,hepatite,1,origin_201912,3547809,240,0.0,0.0134836845099926
xgboost,hepatite,1,origin_201912,3548500,240,0.0,0.762481153011322
xgboost,hepatite,1,origin_201912,3548708,240,0.0,0.4852263033390045
xgboost,hepatite,1,origin_201912,3549805,240,0.0,0.008980943821370602
xgboost,hepatite,1,origin_201912,3549904,240,0.0,0.08323883265256882
xgboost,hepatite,1,origin_201912,3550308,240,0.0,0.011613230220973492
xgboost,hepatite,1,origin_201912,3551009,240,0.0,0.019904250279068947
xgboost,hepatite,1,origin_201912,3552205,240,0.0,0.16036584973335266
xgboost,hepatite,1,origin_201912,3554102,240,0.0,0.01435813307762146
prophet,hepatite,1,origin_201912,3505708,240,0.0,0.0
prophet,hepatite,1,origin_201912,3506003,240,4.0,0.17371117267720226
prophet,hepatite,1,origin_201912,3509502,240,0.0,1.4102957569359942
prophet,hepatite,1,origin_201912,3510609,240,1.0,0.16040936383391313
prophet,hepatite,1,origin_201912,3513801,240,0.0,0.0
prophet,hepatite,1,origin_201912,3518701,240,0.0,0.0
prophet,hepatite,1,origin_201912,3518800,240,0.0,0.0
prophet,hepatite,1,origin_201912,3522208,240,0.0,0.0672841143702306
prophet,hepatite,1,origin_201912,3525904,240,0.0,0.02684570160154276
prophet,hepatite,1,origin_201912,3529401,240,0.0,0.0
prophet,hepatite,1,origin_201912,3534401,240,1.0,0.0
prophet,hepatite,1,origin_201912,3536505,240,0.0,0.01087249184414732
prophet,hepatite,1,origin_201912,3541000,240,0.0,0.0
prophet,hepatite,1,origin_201912,3543402,240,0.0,0.0
prophet,hepatite,1,origin_201912,3547809,240,0.0,0.0
prophet,hepatite,1,origin_201912,3548500,240,0.0,0.0
prophet,hepatite,1,origin_201912,3548708,240,0.0,0.0
prophet,hepatite,1,origin_201912,3549805,240,0.0,0.0
prophet,hepatite,1,origin_201912,3549904,240,0.0,0.0
prophet,hepatite,1,origin_201912,3550308,240,0.0,0.0
prophet,hepatite,1,origin_201912,3551009,240,0.0,0.0
prophet,hepatite,1,origin_201912,3552205,240,0.0,0.0
prophet,hepatite,1,origin_201912,3554102,240,0.0,0.0
seasonal_naive,hepatite,3,origin_201912,3505708,242,0.0,0.0
seasonal_naive,hepatite,3,origin_201912,3506003,242,1.0,0.0
seasonal_naive,hepatite,3,origin_201912,3509502,242,2.0,2.0
seasonal_naive,hepatite,3,origin_201912,3510609,242,0.0,1.0
seasonal_naive,hepatite,3,origin_201912,3513801,242,0.0,0.0
seasonal_naive,hepatite,3,origin_201912,3518701,242,0.0,0.0
seasonal_naive,hepatite,3,origin_201912,3518800,242,0.0,0.0
seasonal_naive,hepatite,3,origin_201912,3522208,242,0.0,0.0
seasonal_naive,hepatite,3,origin_201912,3525904,242,0.0,0.0
seasonal_naive,hepatite,3,origin_201912,3529401,242,0.0,0.0
seasonal_naive,hepatite,3,origin_201912,3534401,242,0.0,1.0
seasonal_naive,hepatite,3,origin_201912,3536505,242,0.0,0.0
seasonal_naive,hepatite,3,origin_201912,3541000,242,0.0,0.0
seasonal_naive,hepatite,3,origin_201912,3543402,242,0.0,0.0
seasonal_naive,hepatite,3,origin_201912,3547809,242,0.0,0.0
seasonal_naive,hepatite,3,origin_201912,3548500,242,1.0,1.0
seasonal_naive,hepatite,3,origin_201912,3548708,242,0.0,0.0
seasonal_naive,hepatite,3,origin_201912,3549805,242,0.0,0.0
seasonal_naive,hepatite,3,origin_201912,3549904,242,0.0,1.0
seasonal_naive,hepatite,3,origin_201912,3550308,242,0.0,0.0
seasonal_naive,hepatite,3,origin_201912,3551009,242,0.0,0.0
seasonal_naive,hepatite,3,origin_201912,3552205,242,0.0,0.0
seasonal_naive,hepatite,3,origin_201912,3554102,242,0.0,0.0
seasonal_ma3,hepatite,3,origin_201912,3505708,242,0.0,0.3333333432674408
seasonal_ma3,hepatite,3,origin_201912,3506003,242,1.0,1.0
seasonal_ma3,hepatite,3,origin_201912,3509502,242,2.0,1.3333333730697632
seasonal_ma3,hepatite,3,origin_201912,3510609,242,0.0,0.3333333432674408
seasonal_ma3,hepatite,3,origin_201912,3513801,242,0.0,0.0
seasonal_ma3,hepatite,3,origin_201912,3518701,242,0.0,0.0
seasonal_ma3,hepatite,3,origin_201912,3518800,242,0.0,0.3333333432674408
seasonal_ma3,hepatite,3,origin_201912,3522208,242,0.0,0.0
seasonal_ma3,hepatite,3,origin_201912,3525904,242,0.0,0.0
seasonal_ma3,hepatite,3,origin_201912,3529401,242,0.0,0.0
seasonal_ma3,hepatite,3,origin_201912,3534401,242,0.0,0.6666666865348816
seasonal_ma3,hepatite,3,origin_201912,3536505,242,0.0,0.0
seasonal_ma3,hepatite,3,origin_201912,3541000,242,0.0,0.0
seasonal_ma3,hepatite,3,origin_201912,3543402,242,0.0,0.0
seasonal_ma3,hepatite,3,origin_201912,3547809,242,0.0,0.0
seasonal_ma3,hepatite,3,origin_201912,3548500,242,1.0,0.6666666865348816
seasonal_ma3,hepatite,3,origin_201912,3548708,242,0.0,0.0
seasonal_ma3,hepatite,3,origin_201912,3549805,242,0.0,0.0
seasonal_ma3,hepatite,3,origin_201912,3549904,242,0.0,0.3333333432674408
seasonal_ma3,hepatite,3,origin_201912,3550308,242,0.0,0.0
seasonal_ma3,hepatite,3,origin_201912,3551009,242,0.0,0.0
seasonal_ma3,hepatite,3,origin_201912,3552205,242,0.0,0.0
seasonal_ma3,hepatite,3,origin_201912,3554102,242,0.0,0.0
sarima,hepatite,3,origin_201912,3505708,242,0.0,0.3709399998188019
sarima,hepatite,3,origin_201912,3506003,242,1.0,1.3421317338943481
sarima,hepatite,3,origin_201912,3509502,242,2.0,1.4089181423187256
sarima,hepatite,3,origin_201912,3510609,242,0.0,0.4690142869949341
sarima,hepatite,3,origin_201912,3513801,242,0.0,-0.15994799137115479
sarima,hepatite,3,origin_201912,3518701,242,0.0,2.799665162456222e-05
sarima,hepatite,3,origin_201912,3518800,242,0.0,2.0901072161905176e-07
sarima,hepatite,3,origin_201912,3522208,242,0.0,0.0793241485953331
sarima,hepatite,3,origin_201912,3525904,242,0.0,0.00013344697072170675
sarima,hepatite,3,origin_201912,3529401,242,0.0,3.1492538710153894e-07
sarima,hepatite,3,origin_201912,3534401,242,0.0,0.5255393385887146
sarima,hepatite,3,origin_201912,3536505,242,0.0,-0.0017870849696919322
sarima,hepatite,3,origin_201912,3541000,242,0.0,0.011745612137019634
sarima,hepatite,3,origin_201912,3543402,242,0.0,-0.010825763456523418
sarima,hepatite,3,origin_201912,3547809,242,0.0,0.0016492413124069571
sarima,hepatite,3,origin_201912,3548500,242,1.0,0.8386813402175903
sarima,hepatite,3,origin_201912,3548708,242,0.0,0.4247114360332489
sarima,hepatite,3,origin_201912,3549805,242,0.0,9.850797261234945e-12
sarima,hepatite,3,origin_201912,3549904,242,0.0,0.012399719096720219
sarima,hepatite,3,origin_201912,3550308,242,0.0,9.185956870243164e-28
sarima,hepatite,3,origin_201912,3551009,242,0.0,1.9138546122121625e-05
sarima,hepatite,3,origin_201912,3552205,242,0.0,0.19851666688919067
sarima,hepatite,3,origin_201912,3554102,242,0.0,0.005770047660917044
lgbm,hepatite,3,origin_201912,3505708,242,0.0,0.12199475679876737
lgbm,hepatite,3,origin_201912,3506003,242,1.0,1.2624487680279117
lgbm,hepatite,3,origin_201912,3509502,242,2.0,1.6464589459117869
lgbm,hepatite,3,origin_201912,3510609,242,0.0,0.264927404444895
lgbm,hepatite,3,origin_201912,3513801,242,0.0,0.008296604969154877
lgbm,hepatite,3,origin_201912,3518701,242,0.0,0.017690128778314388
lgbm,hepatite,3,origin_201912,3518800,242,0.0,0.017623938142181116
lgbm,hepatite,3,origin_201912,3522208,242,0.0,0.05336911888774853
lgbm,hepatite,3,origin_201912,3525904,242,0.0,0.013818914562140941
lgbm,hepatite,3,origin_201912,3529401,242,0.0,0.01090055002000271
lgbm,hepatite,3,origin_201912,3534401,242,0.0,0.4304007503927828
lgbm,hepatite,3,origin_201912,3536505,242,0.0,0.010395264763417057
lgbm,hepatite,3,origin_201912,3541000,242,0.0,0.022066819154136098
lgbm,hepatite,3,origin_201912,3543402,242,0.0,0.040595452153791185
lgbm,hepatite,3,origin_201912,3547809,242,0.0,0.01550476899298385
lgbm,hepatite,3,origin_201912,3548500,242,1.0,0.8062363283947848
lgbm,hepatite,3,origin_201912,3548708,242,0.0,0.41315418932164194
lgbm,hepatite,3,origin_201912,3549805,242,0.0,0.011441360199188729
lgbm,hepatite,3,origin_201912,3549904,242,0.0,0.11808394442527514
lgbm,hepatite,3,origin_201912,3550308,242,0.0,0.013058687154896132
lgbm,hepatite,3,origin_201912,3551009,242,0.0,0.02486189092714612
lgbm,hepatite,3,origin_201912,3552205,242,0.0,0.21837246526818038
lgbm,hepatite,3,origin_201912,3554102,242,0.0,0.016313648489982645
catboost,hepatite,3,origin_201912,3505708,242,0.0,0.10724291380974854
catboost,hepatite,3,origin_201912,3506003,242,1.0,1.6133295440959934
catboost,hepatite,3,origin_201912,3509502,242,2.0,0.8615583592886054
catboost,hepatite,3,origin_201912,3510609,242,0.0,0.3481691751514188
catboost,hepatite,3,origin_201912,3513801,242,0.0,0.02500163936094359
catboost,hepatite,3,origin_201912,3518701,242,0.0,0.031262265549077725
catboost,hepatite,3,origin_201912,3518800,242,0.0,0.034139394255928684
catboost,hepatite,3,origin_201912,3522208,242,0.0,0.06688350723897615
catboost,hepatite,3,origin_201912,3525904,242,0.0,0.04393479914157555
catboost,hepatite,3,origin_201912,3529401,242,0.0,0.04502616195454746
catboost,hepatite,3,origin_201912,3534401,242,0.0,0.4357445559002681
catboost,hepatite,3,origin_201912,3536505,242,0.0,0.026681670962997697
catboost,hepatite,3,origin_201912,3541000,242,0.0,0.02134968914217427
catboost,hepatite,3,origin_201912,3543402,242,0.0,0.04685304648691812
catboost,hepatite,3,origin_201912,3547809,242,0.0,0.0582585181647747
catboost,hepatite,3,origin_201912,3548500,242,1.0,0.941544312020614
catboost,hepatite,3,origin_201912,3548708,242,0.0,0.4235581922105793
catboost,hepatite,3,origin_201912,3549805,242,0.0,0.039459012840831253
catboost,hepatite,3,origin_201912,3549904,242,0.0,0.14129765636771202
catboost,hepatite,3,origin_201912,3550308,242,0.0,0.016125938880534863
catboost,hepatite,3,origin_201912,3551009,242,0.0,0.029223348617513068
catboost,hepatite,3,origin_201912,3552205,242,0.0,0.1531952994242753
catboost,hepatite,3,origin_201912,3554102,242,0.0,0.04279879801094632
xgboost,hepatite,3,origin_201912,3505708,242,0.0,0.13280099630355835
xgboost,hepatite,3,origin_201912,3506003,242,1.0,1.4180574417114258
xgboost,hepatite,3,origin_201912,3509502,242,2.0,1.7952626943588257
xgboost,hepatite,3,origin_201912,3510609,242,0.0,0.3752008378505707
xgboost,hepatite,3,origin_201912,3513801,242,0.0,0.005570755340158939
xgboost,hepatite,3,origin_201912,3518701,242,0.0,0.013039317913353443
xgboost,hepatite,3,origin_201912,3518800,242,0.0,0.031231006607413292
xgboost,hepatite,3,origin_201912,3522208,242,0.0,0.032135989516973495
xgboost,hepatite,3,origin_201912,3525904,242,0.0,0.02953324466943741
xgboost,hepatite,3,origin_201912,3529401,242,0.0,0.011762254871428013
xgboost,hepatite,3,origin_201912,3534401,242,0.0,0.48678508400917053
xgboost,hepatite,3,origin_201912,3536505,242,0.0,0.019599495455622673
xgboost,hepatite,3,origin_201912,3541000,242,0.0,0.011372726410627365
xgboost,hepatite,3,origin_201912,3543402,242,0.0,0.02214263565838337
xgboost,hepatite,3,origin_201912,3547809,242,0.0,0.014581584371626377
xgboost,hepatite,3,origin_201912,3548500,242,1.0,0.8381497859954834
xgboost,hepatite,3,origin_201912,3548708,242,0.0,0.479348748922348
xgboost,hepatite,3,origin_201912,3549805,242,0.0,0.012072009034454823
xgboost,hepatite,3,origin_201912,3549904,242,0.0,0.08532731980085373
xgboost,hepatite,3,origin_201912,3550308,242,0.0,0.014599326066672802
xgboost,hepatite,3,origin_201912,3551009,242,0.0,0.016135340556502342
xgboost,hepatite,3,origin_201912,3552205,242,0.0,0.1668110489845276
xgboost,hepatite,3,origin_201912,3554102,242,0.0,0.016627348959445953
prophet,hepatite,3,origin_201912,3505708,242,0.0,0.180337616587805
prophet,hepatite,3,origin_201912,3506003,242,1.0,0.740162699503357
prophet,hepatite,3,origin_201912,3509502,242,2.0,1.4673475794176363
prophet,hepatite,3,origin_201912,3510609,242,0.0,0.0
prophet,hepatite,3,origin_201912,3513801,242,0.0,0.0
prophet,hepatite,3,origin_201912,3518701,242,0.0,0.0
prophet,hepatite,3,origin_201912,3518800,242,0.0,0.0
prophet,hepatite,3,origin_201912,3522208,242,0.0,0.0
prophet,hepatite,3,origin_201912,3525904,242,0.0,0.0
prophet,hepatite,3,origin_201912,3529401,242,0.0,0.0
prophet,hepatite,3,origin_201912,3534401,242,0.0,0.0
prophet,hepatite,3,origin_201912,3536505,242,0.0,0.0
prophet,hepatite,3,origin_201912,3541000,242,0.0,0.0
prophet,hepatite,3,origin_201912,3543402,242,0.0,0.0
prophet,hepatite,3,origin_201912,3547809,242,0.0,0.0
prophet,hepatite,3,origin_201912,3548500,242,1.0,0.0
prophet,hepatite,3,origin_201912,3548708,242,0.0,0.31105276185366443
prophet,hepatite,3,origin_201912,3549805,242,0.0,0.0
prophet,hepatite,3,origin_201912,3549904,242,0.0,0.0
prophet,hepatite,3,origin_201912,3550308,242,0.0,0.0
prophet,hepatite,3,origin_201912,3551009,242,0.0,0.0
prophet,hepatite,3,origin_201912,3552205,242,0.0,0.0
prophet,hepatite,3,origin_201912,3554102,242,0.0,0.0
seasonal_naive,hepatite,6,origin_201912,3505708,245,1.0,0.0
seasonal_naive,hepatite,6,origin_201912,3506003,245,0.0,0.0
seasonal_naive,hepatite,6,origin_201912,3509502,245,0.0,2.0
seasonal_naive,hepatite,6,origin_201912,3510609,245,1.0,0.0
seasonal_naive,hepatite,6,origin_201912,3513801,245,0.0,0.0
seasonal_naive,hepatite,6,origin_201912,3518701,245,0.0,0.0
seasonal_naive,hepatite,6,origin_201912,3518800,245,0.0,0.0
seasonal_naive,hepatite,6,origin_201912,3522208,245,0.0,0.0
seasonal_naive,hepatite,6,origin_201912,3525904,245,0.0,0.0
seasonal_naive,hepatite,6,origin_201912,3529401,245,0.0,0.0
seasonal_naive,hepatite,6,origin_201912,3534401,245,0.0,1.0
seasonal_naive,hepatite,6,origin_201912,3536505,245,0.0,0.0
seasonal_naive,hepatite,6,origin_201912,3541000,245,0.0,0.0
seasonal_naive,hepatite,6,origin_201912,3543402,245,0.0,0.0
seasonal_naive,hepatite,6,origin_201912,3547809,245,0.0,0.0
seasonal_naive,hepatite,6,origin_201912,3548500,245,0.0,0.0
seasonal_naive,hepatite,6,origin_201912,3548708,245,1.0,0.0
seasonal_naive,hepatite,6,origin_201912,3549805,245,0.0,0.0
seasonal_naive,hepatite,6,origin_201912,3549904,245,0.0,2.0
seasonal_naive,hepatite,6,origin_201912,3550308,245,0.0,0.0
seasonal_naive,hepatite,6,origin_201912,3551009,245,0.0,0.0
seasonal_naive,hepatite,6,origin_201912,3552205,245,0.0,0.0
seasonal_naive,hepatite,6,origin_201912,3554102,245,0.0,0.0
seasonal_ma3,hepatite,6,origin_201912,3505708,245,1.0,0.3333333432674408
seasonal_ma3,hepatite,6,origin_201912,3506003,245,0.0,0.6666666865348816
seasonal_ma3,hepatite,6,origin_201912,3509502,245,0.0,1.6666666269302368
seasonal_ma3,hepatite,6,origin_201912,3510609,245,1.0,0.0
seasonal_ma3,hepatite,6,origin_201912,3513801,245,0.0,0.0
seasonal_ma3,hepatite,6,origin_201912,3518701,245,0.0,0.0
seasonal_ma3,hepatite,6,origin_201912,3518800,245,0.0,0.0
seasonal_ma3,hepatite,6,origin_201912,3522208,245,0.0,0.0
seasonal_ma3,hepatite,6,origin_201912,3525904,245,0.0,0.0
seasonal_ma3,hepatite,6,origin_201912,3529401,245,0.0,0.0
seasonal_ma3,hepatite,6,origin_201912,3534401,245,0.0,0.3333333432674408
seasonal_ma3,hepatite,6,origin_201912,3536505,245,0.0,0.0
seasonal_ma3,hepatite,6,origin_201912,3541000,245,0.0,0.0
seasonal_ma3,hepatite,6,origin_201912,3543402,245,0.0,0.0
seasonal_ma3,hepatite,6,origin_201912,3547809,245,0.0,0.0
seasonal_ma3,hepatite,6,origin_201912,3548500,245,0.0,1.0
seasonal_ma3,hepatite,6,origin_201912,3548708,245,1.0,0.0
seasonal_ma3,hepatite,6,origin_201912,3549805,245,0.0,0.0
seasonal_ma3,hepatite,6,origin_201912,3549904,245,0.0,0.6666666865348816
seasonal_ma3,hepatite,6,origin_201912,3550308,245,0.0,0.0
seasonal_ma3,hepatite,6,origin_201912,3551009,245,0.0,0.0
seasonal_ma3,hepatite,6,origin_201912,3552205,245,0.0,0.3333333432674408
seasonal_ma3,hepatite,6,origin_201912,3554102,245,0.0,0.0
sarima,hepatite,6,origin_201912,3505708,245,1.0,0.5018019676208496
sarima,hepatite,6,origin_201912,3506003,245,0.0,1.3421317338943481
sarima,hepatite,6,origin_201912,3509502,245,0.0,1.4089181423187256
sarima,hepatite,6,origin_201912,3510609,245,1.0,0.8201482892036438
sarima,hepatite,6,origin_201912,3513801,245,0.0,-0.16979637742042542
sarima,hepatite,6,origin_201912,3518701,245,0.0,2.822074748110026e-05
sarima,hepatite,6,origin_201912,3518800,245,0.0,2.0901072161905176e-07
sarima,hepatite,6,origin_201912,3522208,245,0.0,0.0793241485953331
sarima,hepatite,6,origin_201912,3525904,245,0.0,0.00013344697072170675
sarima,hepatite,6,origin_201912,3529401,245,0.0,3.1492538710153894e-07
sarima,hepatite,6,origin_201912,3534401,245,0.0,0.5101877450942993
sarima,hepatite,6,origin_201912,3536505,245,0.0,-0.003682715818285942
sarima,hepatite,6,origin_201912,3541000,245,0.0,0.012108183465898037
sarima,hepatite,6,origin_201912,3543402,245,0.0,0.008039322681725025
sarima,hepatite,6,origin_201912,3547809,245,0.0,0.0016492413124069571
sarima,hepatite,6,origin_201912,3548500,245,0.0,0.8208184838294983
sarima,hepatite,6,origin_201912,3548708,245,1.0,0.4370715320110321
sarima,hepatite,6,origin_201912,3549805,245,0.0,9.850797261234945e-12
sarima,hepatite,6,origin_201912,3549904,245,0.0,0.012399719096720219
sarima,hepatite,6,origin_201912,3550308,245,0.0,9.185956870243164e-28
sarima,hepatite,6,origin_201912,3551009,245,0.0,1.9138546122121625e-05
sarima,hepatite,6,origin_201912,3552205,245,0.0,0.19851666688919067
sarima,hepatite,6,origin_201912,3554102,245,0.0,0.005770047660917044
lgbm,hepatite,6,origin_201912,3505708,245,1.0,0.15232193941634892
lgbm,hepatite,6,origin_201912,3506003,245,0.0,1.6032847249351243
lgbm,hepatite,6,origin_201912,3509502,245,0.0,2.720618266411531
lgbm,hepatite,6,origin_201912,3510609,245,1.0,0.3492154094155014
lgbm,hepatite,6,origin_201912,3513801,245,0.0,0.010840183112734242
lgbm,hepatite,6,origin_201912,3518701,245,0.0,0.015157352465116208
lgbm,hepatite,6,origin_201912,3518800,245,0.0,0.0432756452426986
lgbm,hepatite,6,origin_201912,3522208,245,0.0,0.06716334982968089
lgbm,hepatite,6,origin_201912,3525904,245,0.0,0.020497099595198676
lgbm,hepatite,6,origin_201912,3529401,245,0.0,0.013669806447579029
lgbm,hepatite,6,origin_201912,3534401,245,0.0,0.5553783650267738
lgbm,hepatite,6,origin_201912,3536505,245,0.0,0.03698773221471966
lgbm,hepatite,6,origin_201912,3541000,245,0.0,0.01155594912332523
lgbm,hepatite,6,origin_201912,3543402,245,0.0,0.012038795793764693
lgbm,hepatite,6,origin_201912,3547809,245,0.0,0.01924263408324711
lgbm,hepatite,6,origin_201912,3548500,245,0.0,1.151714014392362
lgbm,hepatite,6,origin_201912,3548708,245,1.0,0.6684447096784021
lgbm,hepatite,6,origin_201912,3549805,245,0.0,0.010470414777648068
lgbm,hepatite,6,origin_201912,3549904,245,0.0,0.1174625981632259
lgbm,hepatite,6,origin_201912,3550308,245,0.0,0.018879301568893947
lgbm,hepatite,6,origin_201912,3551009,245,0.0,0.01624872756647831
lgbm,hepatite,6,origin_201912,3552205,245,0.0,0.23706531378181428
lgbm,hepatite,6,origin_201912,3554102,245,0.0,0.016365796248530948
catboost,hepatite,6,origin_201912,3505708,245,1.0,0.1707827508687295
catboost,hepatite,6,origin_201912,3506003,245,0.0,1.1474983304447244
catboost,hepatite,6,origin_201912,3509502,245,0.0,1.9367234960774837
catboost,hepatite,6,origin_201912,3510609,245,1.0,0.31855160559608353
catboost,hepatite,6,origin_201912,3513801,245,0.0,0.028038687561545313
catboost,hepatite,6,origin_201912,3518701,245,0.0,0.029063950188634065
catboost,hepatite,6,origin_201912,3518800,245,0.0,0.04853152657302693
catboost,hepatite,6,origin_201912,3522208,245,0.0,0.06921649298167111
catboost,hepatite,6,origin_201912,3525904,245,0.0,0.075452938991387
catboost,hepatite,6,origin_201912,3529401,245,0.0,0.04721162513817657
catboost,hepatite,6,origin_201912,3534401,245,0.0,0.6720060317060296
catboost,hepatite,6,origin_201912,3536505,245,0.0,0.052544898915873904
catboost,hepatite,6,origin_201912,3541000,245,0.0,0.0261279596287769
catboost,hepatite,6,origin_201912,3543402,245,0.0,0.023581999363010718
catboost,hepatite,6,origin_201912,3547809,245,0.0,0.05498225227549736
catboost,hepatite,6,origin_201912,3548500,245,0.0,1.0905529391453748
catboost,hepatite,6,origin_201912,3548708,245,1.0,0.6037731184579325
catboost,hepatite,6,origin_201912,3549805,245,0.0,0.02242776501263674
catboost,hepatite,6,origin_201912,3549904,245,0.0,0.10077151960231662
catboost,hepatite,6,origin_201912,3550308,245,0.0,0.02678024346555453
catboost,hepatite,6,origin_201912,3551009,245,0.0,0.03399624137241507
catboost,hepatite,6,origin_201912,3552205,245,0.0,0.2029563259411678
catboost,hepatite,6,origin_201912,3554102,245,0.0,0.042871461289762824
xgboost,hepatite,6,origin_201912,3505708,245,1.0,0.11895157396793365
xgboost,hepatite,6,origin_201912,3506003,245,0.0,1.1453086137771606
xgboost,hepatite,6,origin_201912,3509502,245,0.0,2.3640928268432617
xgboost,hepatite,6,origin_201912,3510609,245,1.0,0.36311614513397217
xgboost,hepatite,6,origin_201912,3513801,245,0.0,0.0059273638762533665
xgboost,hepatite,6,origin_201912,3518701,245,0.0,0.016763897612690926
xgboost,hepatite,6,origin_201912,3518800,245,0.0,0.02257498912513256
xgboost,hepatite,6,origin_201912,3522208,245,0.0,0.06307535618543625
xgboost,hepatite,6,origin_201912,3525904,245,0.0,0.019391078501939774
xgboost,hepatite,6,origin_201912,3529401,245,0.0,0.009878581389784813
xgboost,hepatite,6,origin_201912,3534401,245,0.0,0.5245715975761414
xgboost,hepatite,6,origin_201912,3536505,245,0.0,0.026702668517827988
xgboost,hepatite,6,origin_201912,3541000,245,0.0,0.014645183458924294
xgboost,hepatite,6,origin_201912,3543402,245,0.0,0.012828906998038292
xgboost,hepatite,6,origin_201912,3547809,245,0.0,0.02142692543566227
xgboost,hepatite,6,origin_201912,3548500,245,0.0,1.0805833339691162
xgboost,hepatite,6,origin_201912,3548708,245,1.0,0.6110880970954895
xgboost,hepatite,6,origin_201912,3549805,245,0.0,0.010531577281653881
xgboost,hepatite,6,origin_201912,3549904,245,0.0,0.11685574054718018
xgboost,hepatite,6,origin_201912,3550308,245,0.0,0.02069753035902977
xgboost,hepatite,6,origin_201912,3551009,245,0.0,0.021159976720809937
xgboost,hepatite,6,origin_201912,3552205,245,0.0,0.20270194113254547
xgboost,hepatite,6,origin_201912,3554102,245,0.0,0.0197379682213068
prophet,hepatite,6,origin_201912,3505708,245,1.0,0.6621789412026342
prophet,hepatite,6,origin_201912,3506003,245,0.0,0.03285246394979812
prophet,hepatite,6,origin_201912,3509502,245,0.0,1.7672632760525266
prophet,hepatite,6,origin_201912,3510609,245,1.0,0.0
prophet,hepatite,6,origin_201912,3513801,245,0.0,0.0
prophet,hepatite,6,origin_201912,3518701,245,0.0,0.0
prophet,hepatite,6,origin_201912,3518800,245,0.0,0.0
prophet,hepatite,6,origin_201912,3522208,245,0.0,0.10895293597799367
prophet,hepatite,6,origin_201912,3525904,245,0.0,0.0
prophet,hepatite,6,origin_201912,3529401,245,0.0,0.0
prophet,hepatite,6,origin_201912,3534401,245,0.0,0.6467322454727893
prophet,hepatite,6,origin_201912,3536505,245,0.0,0.0
prophet,hepatite,6,origin_201912,3541000,245,0.0,0.0
prophet,hepatite,6,origin_201912,3543402,245,0.0,0.0
prophet,hepatite,6,origin_201912,3547809,245,0.0,0.0
prophet,hepatite,6,origin_201912,3548500,245,0.0,0.8926142573054104
prophet,hepatite,6,origin_201912,3548708,245,1.0,0.06394487387592254
prophet,hepatite,6,origin_201912,3549805,245,0.0,0.0
prophet,hepatite,6,origin_201912,3549904,245,0.0,0.0
prophet,hepatite,6,origin_201912,3550308,245,0.0,0.0
prophet,hepatite,6,origin_201912,3551009,245,0.0,0.0
prophet,hepatite,6,origin_201912,3552205,245,0.0,0.0
prophet,hepatite,6,origin_201912,3554102,245,0.0,0.0
seasonal_naive,hepatite,12,origin_201912,3505708,251,2.0,0.0
seasonal_naive,hepatite,12,origin_201912,3506003,251,2.0,1.0
seasonal_naive,hepatite,12,origin_201912,3509502,251,2.0,1.0
seasonal_naive,hepatite,12,origin_201912,3510609,251,0.0,0.0
seasonal_naive,hepatite,12,origin_201912,3513801,251,0.0,0.0
seasonal_naive,hepatite,12,origin_201912,3518701,251,0.0,0.0
seasonal_naive,hepatite,12,origin_201912,3518800,251,0.0,0.0
seasonal_naive,hepatite,12,origin_201912,3522208,251,0.0,0.0
seasonal_naive,hepatite,12,origin_201912,3525904,251,0.0,0.0
seasonal_naive,hepatite,12,origin_201912,3529401,251,0.0,0.0
seasonal_naive,hepatite,12,origin_201912,3534401,251,1.0,1.0
seasonal_naive,hepatite,12,origin_201912,3536505,251,0.0,0.0
seasonal_naive,hepatite,12,origin_201912,3541000,251,0.0,0.0
seasonal_naive,hepatite,12,origin_201912,3543402,251,0.0,0.0
seasonal_naive,hepatite,12,origin_201912,3547809,251,0.0,0.0
seasonal_naive,hepatite,12,origin_201912,3548500,251,1.0,1.0
seasonal_naive,hepatite,12,origin_201912,3548708,251,0.0,0.0
seasonal_naive,hepatite,12,origin_201912,3549805,251,0.0,0.0
seasonal_naive,hepatite,12,origin_201912,3549904,251,0.0,0.0
seasonal_naive,hepatite,12,origin_201912,3550308,251,0.0,0.0
seasonal_naive,hepatite,12,origin_201912,3551009,251,0.0,0.0
seasonal_naive,hepatite,12,origin_201912,3552205,251,0.0,0.0
seasonal_naive,hepatite,12,origin_201912,3554102,251,0.0,0.0
seasonal_ma3,hepatite,12,origin_201912,3505708,251,2.0,0.3333333432674408
seasonal_ma3,hepatite,12,origin_201912,3506003,251,2.0,0.6666666865348816
seasonal_ma3,hepatite,12,origin_201912,3509502,251,2.0,1.6666666269302368
seasonal_ma3,hepatite,12,origin_201912,3510609,251,0.0,0.0
seasonal_ma3,hepatite,12,origin_201912,3513801,251,0.0,0.0
seasonal_ma3,hepatite,12,origin_201912,3518701,251,0.0,0.0
seasonal_ma3,hepatite,12,origin_201912,3518800,251,0.0,0.0
seasonal_ma3,hepatite,12,origin_201912,3522208,251,0.0,0.0
seasonal_ma3,hepatite,12,origin_201912,3525904,251,0.0,0.0
seasonal_ma3,hepatite,12,origin_201912,3529401,251,0.0,0.0
seasonal_ma3,hepatite,12,origin_201912,3534401,251,1.0,0.3333333432674408
seasonal_ma3,hepatite,12,origin_201912,3536505,251,0.0,0.0
seasonal_ma3,hepatite,12,origin_201912,3541000,251,0.0,0.0
seasonal_ma3,hepatite,12,origin_201912,3543402,251,0.0,0.0
seasonal_ma3,hepatite,12,origin_201912,3547809,251,0.0,0.0
seasonal_ma3,hepatite,12,origin_201912,3548500,251,1.0,1.0
seasonal_ma3,hepatite,12,origin_201912,3548708,251,0.0,0.3333333432674408
seasonal_ma3,hepatite,12,origin_201912,3549805,251,0.0,0.0
seasonal_ma3,hepatite,12,origin_201912,3549904,251,0.0,0.0
seasonal_ma3,hepatite,12,origin_201912,3550308,251,0.0,0.0
seasonal_ma3,hepatite,12,origin_201912,3551009,251,0.0,0.0
seasonal_ma3,hepatite,12,origin_201912,3552205,251,0.0,0.0
seasonal_ma3,hepatite,12,origin_201912,3554102,251,0.0,0.0
sarima,hepatite,12,origin_201912,3505708,251,2.0,0.6732394695281982
sarima,hepatite,12,origin_201912,3506003,251,2.0,1.3421317338943481
sarima,hepatite,12,origin_201912,3509502,251,2.0,1.4089181423187256
sarima,hepatite,12,origin_201912,3510609,251,0.0,0.8424475193023682
sarima,hepatite,12,origin_201912,3513801,251,0.0,-0.201699897646904
sarima,hepatite,12,origin_201912,3518701,251,0.0,2.8222555556567386e-05
sarima,hepatite,12,origin_201912,3518800,251,0.0,2.0901072161905176e-07
sarima,hepatite,12,origin_201912,3522208,251,0.0,0.0793241485953331
sarima,hepatite,12,origin_201912,3525904,251,0.0,0.00013344697072170675
sarima,hepatite,12,origin_201912,3529401,251,0.0,3.1492538710153894e-07
sarima,hepatite,12,origin_201912,3534401,251,1.0,0.47694382071495056
sarima,hepatite,12,origin_201912,3536505,251,0.0,-0.007600775454193354
sarima,hepatite,12,origin_201912,3541000,251,0.0,0.012280059047043324
sarima,hepatite,12,origin_201912,3543402,251,0.0,0.006705016363412142
sarima,hepatite,12,origin_201912,3547809,251,0.0,0.0016492413124069571
sarima,hepatite,12,origin_201912,3548500,251,1.0,0.8120588064193726
sarima,hepatite,12,origin_201912,3548708,251,0.0,0.5411030054092407
sarima,hepatite,12,origin_201912,3549805,251,0.0,9.850797261234945e-12
sarima,hepatite,12,origin_201912,3549904,251,0.0,0.012399719096720219
sarima,hepatite,12,origin_201912,3550308,251,0.0,9.185956870243164e-28
sarima,hepatite,12,origin_201912,3551009,251,0.0,1.9138546122121625e-05
sarima,hepatite,12,origin_201912,3552205,251,0.0,0.19851666688919067
sarima,hepatite,12,origin_201912,3554102,251,0.0,0.005770047660917044
lgbm,hepatite,12,origin_201912,3505708,251,2.0,0.10109548812624644
lgbm,hepatite,12,origin_201912,3506003,251,2.0,0.8816465811732305
lgbm,hepatite,12,origin_201912,3509502,251,2.0,2.1756902124283872
lgbm,hepatite,12,origin_201912,3510609,251,0.0,0.30430063854535766
lgbm,hepatite,12,origin_201912,3513801,251,0.0,0.012183925044104277
lgbm,hepatite,12,origin_201912,3518701,251,0.0,0.012601340812177808
lgbm,hepatite,12,origin_201912,3518800,251,0.0,0.02155795462163585
lgbm,hepatite,12,origin_201912,3522208,251,0.0,0.06317035453838941
lgbm,hepatite,12,origin_201912,3525904,251,0.0,0.0359183587983983
lgbm,hepatite,12,origin_201912,3529401,251,0.0,0.01315854645633123
lgbm,hepatite,12,origin_201912,3534401,251,1.0,0.6449830905053023
lgbm,hepatite,12,origin_201912,3536505,251,0.0,0.020782573724297704
lgbm,hepatite,12,origin_201912,3541000,251,0.0,0.007903401058383072
lgbm,hepatite,12,origin_201912,3543402,251,0.0,0.011527562775886662
lgbm,hepatite,12,origin_201912,3547809,251,0.0,0.016550321217944437
lgbm,hepatite,12,origin_201912,3548500,251,1.0,0.9075187683953233
lgbm,hepatite,12,origin_201912,3548708,251,0.0,0.44128580391378885
lgbm,hepatite,12,origin_201912,3549805,251,0.0,0.009612891335815627
lgbm,hepatite,12,origin_201912,3549904,251,0.0,0.11673267381435715
lgbm,hepatite,12,origin_201912,3550308,251,0.0,0.0158777939181134
lgbm,hepatite,12,origin_201912,3551009,251,0.0,0.015759490866750048
lgbm,hepatite,12,origin_201912,3552205,251,0.0,0.19210128152210498
lgbm,hepatite,12,origin_201912,3554102,251,0.0,0.01734019378421041
catboost,hepatite,12,origin_201912,3505708,251,2.0,0.19028899515063447
catboost,hepatite,12,origin_201912,3506003,251,2.0,1.4557259286978188
catboost,hepatite,12,origin_201912,3509502,251,2.0,1.8703013967146667
catboost,hepatite,12,origin_201912,3510609,251,0.0,0.3396334184372326
catboost,hepatite,12,origin_201912,3513801,251,0.0,0.03259986808763971
catboost,hepatite,12,origin_201912,3518701,251,0.0,0.04585375234706717
catboost,hepatite,12,origin_201912,3518800,251,0.0,0.04939665206459527
catboost,hepatite,12,origin_201912,3522208,251,0.0,0.08546657757069663
catboost,hepatite,12,origin_201912,3525904,251,0.0,0.04476958499576099
catboost,hepatite,12,origin_201912,3529401,251,0.0,0.045815753850190134
catboost,hepatite,12,origin_201912,3534401,251,1.0,0.4618844226612962
catboost,hepatite,12,origin_201912,3536505,251,0.0,0.033426519282657635
catboost,hepatite,12,origin_201912,3541000,251,0.0,0.0354788362761048
catboost,hepatite,12,origin_201912,3543402,251,0.0,0.02992917506502687
catboost,hepatite,12,origin_201912,3547809,251,0.0,0.06415431610837653
catboost,hepatite,12,origin_201912,3548500,251,1.0,0.9244999340346912
catboost,hepatite,12,origin_201912,3548708,251,0.0,0.5718304142112225
catboost,hepatite,12,origin_201912,3549805,251,0.0,0.02319037236702687
catboost,hepatite,12,origin_201912,3549904,251,0.0,0.1839231003268923
catboost,hepatite,12,origin_201912,3550308,251,0.0,0.02725459260054679
catboost,hepatite,12,origin_201912,3551009,251,0.0,0.04629248686773208
catboost,hepatite,12,origin_201912,3552205,251,0.0,0.17130217730024136
catboost,hepatite,12,origin_201912,3554102,251,0.0,0.08065780966335669
xgboost,hepatite,12,origin_201912,3505708,251,2.0,0.1145433783531189
xgboost,hepatite,12,origin_201912,3506003,251,2.0,1.1952396631240845
xgboost,hepatite,12,origin_201912,3509502,251,2.0,2.339984655380249
xgboost,hepatite,12,origin_201912,3510609,251,0.0,0.3739677965641022
xgboost,hepatite,12,origin_201912,3513801,251,0.0,0.00796253141015768
xgboost,hepatite,12,origin_201912,3518701,251,0.0,0.015951184555888176
xgboost,hepatite,12,origin_201912,3518800,251,0.0,0.02315240353345871
xgboost,hepatite,12,origin_201912,3522208,251,0.0,0.04608820378780365
xgboost,hepatite,12,origin_201912,3525904,251,0.0,0.026758916676044464
xgboost,hepatite,12,origin_201912,3529401,251,0.0,0.013223523274064064
xgboost,hepatite,12,origin_201912,3534401,251,1.0,0.4964314103126526
xgboost,hepatite,12,origin_201912,3536505,251,0.0,0.022642886266112328
xgboost,hepatite,12,origin_201912,3541000,251,0.0,0.012491502799093723
xgboost,hepatite,12,origin_201912,3543402,251,0.0,0.016038022935390472
xgboost,hepatite,12,origin_201912,3547809,251,0.0,0.016551172360777855
xgboost,hepatite,12,origin_201912,3548500,251,1.0,0.9974826574325562
xgboost,hepatite,12,origin_201912,3548708,251,0.0,0.3650243580341339
xgboost,hepatite,12,origin_201912,3549805,251,0.0,0.014330971986055374
xgboost,hepatite,12,origin_201912,3549904,251,0.0,0.11176349967718124
xgboost,hepatite,12,origin_201912,3550308,251,0.0,0.013764825649559498
xgboost,hepatite,12,origin_201912,3551009,251,0.0,0.03301098570227623
xgboost,hepatite,12,origin_201912,3552205,251,0.0,0.17862075567245483
xgboost,hepatite,12,origin_201912,3554102,251,0.0,0.017145752906799316
prophet,hepatite,12,origin_201912,3505708,251,2.0,0.26569825261757285
prophet,hepatite,12,origin_201912,3506003,251,2.0,0.0
prophet,hepatite,12,origin_201912,3509502,251,2.0,1.5409409885957015
prophet,hepatite,12,origin_201912,3510609,251,0.0,0.48937324959807216
prophet,hepatite,12,origin_201912,3513801,251,0.0,0.0
prophet,hepatite,12,origin_201912,3518701,251,0.0,0.0
prophet,hepatite,12,origin_201912,3518800,251,0.0,0.0
prophet,hepatite,12,origin_201912,3522208,251,0.0,0.0
prophet,hepatite,12,origin_201912,3525904,251,0.0,0.0
prophet,hepatite,12,origin_201912,3529401,251,0.0,0.0
prophet,hepatite,12,origin_201912,3534401,251,1.0,0.1718042784772396
prophet,hepatite,12,origin_201912,3536505,251,0.0,0.0
prophet,hepatite,12,origin_201912,3541000,251,0.0,0.0
prophet,hepatite,12,origin_201912,3543402,251,0.0,0.0
prophet,hepatite,12,origin_201912,3547809,251,0.0,0.0
prophet,hepatite,12,origin_201912,3548500,251,1.0,0.0
prophet,hepatite,12,origin_201912,3548708,251,0.0,0.0
prophet,hepatite,12,origin_201912,3549805,251,0.0,0.0
prophet,hepatite,12,origin_201912,3549904,251,0.0,0.0
prophet,hepatite,12,origin_201912,3550308,251,0.0,0.0
prophet,hepatite,12,origin_201912,3551009,251,0.0,0.0
prophet,hepatite,12,origin_201912,3552205,251,0.0,0.0
prophet,hepatite,12,origin_201912,3554102,251,0.0,0.0
seasonal_naive,hepatite,1,origin_202012,3505708,252,0.0,0.0
seasonal_naive,hepatite,1,origin_202012,3506003,252,0.0,4.0
seasonal_naive,hepatite,1,origin_202012,3509502,252,2.0,0.0
seasonal_naive,hepatite,1,origin_202012,3510609,252,0.0,1.0
seasonal_naive,hepatite,1,origin_202012,3513801,252,0.0,0.0
seasonal_naive,hepatite,1,origin_202012,3518701,252,0.0,0.0
seasonal_naive,hepatite,1,origin_202012,3518800,252,0.0,0.0
seasonal_naive,hepatite,1,origin_202012,3522208,252,0.0,0.0
seasonal_naive,hepatite,1,origin_202012,3525904,252,0.0,0.0
seasonal_naive,hepatite,1,origin_202012,3529401,252,0.0,0.0
seasonal_naive,hepatite,1,origin_202012,3534401,252,0.0,1.0
seasonal_naive,hepatite,1,origin_202012,3536505,252,0.0,0.0
seasonal_naive,hepatite,1,origin_202012,3541000,252,0.0,0.0
seasonal_naive,hepatite,1,origin_202012,3543402,252,0.0,0.0
seasonal_naive,hepatite,1,origin_202012,3547809,252,0.0,0.0
seasonal_naive,hepatite,1,origin_202012,3548500,252,1.0,0.0
seasonal_naive,hepatite,1,origin_202012,3548708,252,0.0,0.0
seasonal_naive,hepatite,1,origin_202012,3549805,252,0.0,0.0
seasonal_naive,hepatite,1,origin_202012,3549904,252,0.0,0.0
seasonal_naive,hepatite,1,origin_202012,3550308,252,0.0,0.0
seasonal_naive,hepatite,1,origin_202012,3551009,252,0.0,0.0
seasonal_naive,hepatite,1,origin_202012,3552205,252,0.0,0.0
seasonal_naive,hepatite,1,origin_202012,3554102,252,0.0,0.0
seasonal_ma3,hepatite,1,origin_202012,3505708,252,0.0,0.3333333432674408
seasonal_ma3,hepatite,1,origin_202012,3506003,252,0.0,1.6666666269302368
seasonal_ma3,hepatite,1,origin_202012,3509502,252,2.0,1.0
seasonal_ma3,hepatite,1,origin_202012,3510609,252,0.0,0.6666666865348816
seasonal_ma3,hepatite,1,origin_202012,3513801,252,0.0,0.0
seasonal_ma3,hepatite,1,origin_202012,3518701,252,0.0,0.0
seasonal_ma3,hepatite,1,origin_202012,3518800,252,0.0,0.0
seasonal_ma3,hepatite,1,origin_202012,3522208,252,0.0,0.0
seasonal_ma3,hepatite,1,origin_202012,3525904,252,0.0,0.0
seasonal_ma3,hepatite,1,origin_202012,3529401,252,0.0,0.0
seasonal_ma3,hepatite,1,origin_202012,3534401,252,0.0,1.0
seasonal_ma3,hepatite,1,origin_202012,3536505,252,0.0,0.3333333432674408
seasonal_ma3,hepatite,1,origin_202012,3541000,252,0.0,0.0
seasonal_ma3,hepatite,1,origin_202012,3543402,252,0.0,0.0
seasonal_ma3,hepatite,1,origin_202012,3547809,252,0.0,0.0
seasonal_ma3,hepatite,1,origin_202012,3548500,252,1.0,0.6666666865348816
seasonal_ma3,hepatite,1,origin_202012,3548708,252,0.0,0.0
seasonal_ma3,hepatite,1,origin_202012,3549805,252,0.0,0.0
seasonal_ma3,hepatite,1,origin_202012,3549904,252,0.0,0.0
seasonal_ma3,hepatite,1,origin_202012,3550308,252,0.0,0.0
seasonal_ma3,hepatite,1,origin_202012,3551009,252,0.0,0.0
seasonal_ma3,hepatite,1,origin_202012,3552205,252,0.0,0.3333333432674408
seasonal_ma3,hepatite,1,origin_202012,3554102,252,0.0,0.0
sarima,hepatite,1,origin_202012,3505708,252,0.0,0.6594576239585876
sarima,hepatite,1,origin_202012,3506003,252,0.0,1.178399920463562
sarima,hepatite,1,origin_202012,3509502,252,2.0,1.0713618993759155
sarima,hepatite,1,origin_202012,3510609,252,0.0,0.34379664063453674
sarima,hepatite,1,origin_202012,3513801,252,0.0,-0.1252649426460266
sarima,hepatite,1,origin_202012,3518701,252,0.0,6.304439011728391e-06
sarima,hepatite,1,origin_202012,3518800,252,0.0,1.1372431885092738e-09
sarima,hepatite,1,origin_202012,3522208,252,0.0,0.03074847348034382
sarima,hepatite,1,origin_202012,3525904,252,0.0,2.4296488845720887e-05
sarima,hepatite,1,origin_202012,3529401,252,0.0,4.7452754614596415e-08
sarima,hepatite,1,origin_202012,3534401,252,0.0,0.4358764588832855
sarima,hepatite,1,origin_202012,3536505,252,0.0,-0.006850522942841053
sarima,hepatite,1,origin_202012,3541000,252,0.0,0.0029937480576336384
sarima,hepatite,1,origin_202012,3543402,252,0.0,-0.005289608146995306
sarima,hepatite,1,origin_202012,3547809,252,0.0,2.6243373213219456e-05
sarima,hepatite,1,origin_202012,3548500,252,1.0,0.7298573851585388
sarima,hepatite,1,origin_202012,3548708,252,0.0,0.4670042395591736
sarima,hepatite,1,origin_202012,3549805,252,0.0,6.18023590203548e-13
sarima,hepatite,1,origin_202012,3549904,252,0.0,1.546747057545872e-06
sarima,hepatite,1,origin_202012,3550308,252,0.0,-3.649085276547704e-33
sarima,hepatite,1,origin_202012,3551009,252,0.0,3.8201064853637945e-06
sarima,hepatite,1,origin_202012,3552205,252,0.0,0.03301062062382698
sarima,hepatite,1,origin_202012,3554102,252,0.0,0.07596643269062042
lgbm,hepatite,1,origin_202012,3505708,252,0.0,0.4723886381889043
lgbm,hepatite,1,origin_202012,3506003,252,0.0,1.303081140783153
lgbm,hepatite,1,origin_202012,3509502,252,2.0,1.0228132068959153
lgbm,hepatite,1,origin_202012,3510609,252,0.0,0.3184358066272757
lgbm,hepatite,1,origin_202012,3513801,252,0.0,0.009537793388395511
lgbm,hepatite,1,origin_202012,3518701,252,0.0,0.00997133849870645
lgbm,hepatite,1,origin_202012,3518800,252,0.0,0.011086256492738533
lgbm,hepatite,1,origin_202012,3522208,252,0.0,0.029195002906811564
lgbm,hepatite,1,origin_202012,3525904,252,0.0,0.010227791948373248
lgbm,hepatite,1,origin_202012,3529401,252,0.0,0.00945729057010499
lgbm,hepatite,1,origin_202012,3534401,252,0.0,0.31058341046386373
lgbm,hepatite,1,origin_202012,3536505,252,0.0,0.020926876852058896
lgbm,hepatite,1,origin_202012,3541000,252,0.0,0.00821406528552601
lgbm,hepatite,1,origin_202012,3543402,252,0.0,0.01468992597803147
lgbm,hepatite,1,origin_202012,3547809,252,0.0,0.010521320658227192
lgbm,hepatite,1,origin_202012,3548500,252,1.0,0.4106386443909302
lgbm,hepatite,1,origin_202012,3548708,252,0.0,0.29943026399280204
lgbm,hepatite,1,origin_202012,3549805,252,0.0,0.013385993994161393
lgbm,hepatite,1,origin_202012,3549904,252,0.0,0.014658576557624621
lgbm,hepatite,1,origin_202012,3550308,252,0.0,0.010955709054201792
lgbm,hepatite,1,origin_202012,3551009,252,0.0,0.01229187896779783
lgbm,hepatite,1,origin_202012,3552205,252,0.0,0.07654317669094447
lgbm,hepatite,1,origin_202012,3554102,252,0.0,0.04797728645827866
catboost,hepatite,1,origin_202012,3505708,252,0.0,0.5372848175648445
catboost,hepatite,1,origin_202012,3506003,252,0.0,1.7515486787981258
catboost,hepatite,1,origin_202012,3509502,252,2.0,1.0476083302436445
catboost,hepatite,1,origin_202012,3510609,252,0.0,0.35841541921507586
catboost,hepatite,1,origin_202012,3513801,252,0.0,0.03307619128864409
catboost,hepatite,1,origin_202012,3518701,252,0.0,0.018502271846229712
catboost,hepatite,1,origin_202012,3518800,252,0.0,0.027758240596790426
catboost,hepatite,1,origin_202012,3522208,252,0.0,0.04008949734593855
catboost,hepatite,1,origin_202012,3525904,252,0.0,0.037082960854253035
catboost,hepatite,1,origin_202012,3529401,252,0.0,0.03718048647174654
catboost,hepatite,1,origin_202012,3534401,252,0.0,0.2627168418242169
catboost,hepatite,1,origin_202012,3536505,252,0.0,0.029457577189258684
catboost,hepatite,1,origin_202012,3541000,252,0.0,0.020718298319778092
catboost,hepatite,1,origin_202012,3543402,252,0.0,0.026342265250100454
catboost,hepatite,1,origin_202012,3547809,252,0.0,0.03374147935068039
catboost,hepatite,1,origin_202012,3548500,252,1.0,0.5328357090642829
catboost,hepatite,1,origin_202012,3548708,252,0.0,0.4858888323390115
catboost,hepatite,1,origin_202012,3549805,252,0.0,0.016293576117934475
catboost,hepatite,1,origin_202012,3549904,252,0.0,0.0460485820775417
catboost,hepatite,1,origin_202012,3550308,252,0.0,0.028115688257830278
catboost,hepatite,1,origin_202012,3551009,252,0.0,0.023613059980621298
catboost,hepatite,1,origin_202012,3552205,252,0.0,0.04971528753550638
catboost,hepatite,1,origin_202012,3554102,252,0.0,0.05691959247878889
xgboost,hepatite,1,origin_202012,3505708,252,0.0,0.6702354550361633
xgboost,hepatite,1,origin_202012,3506003,252,0.0,1.1691854000091553
xgboost,hepatite,1,origin_202012,3509502,252,2.0,1.1896601915359497
xgboost,hepatite,1,origin_202012,3510609,252,0.0,0.5598106980323792
xgboost,hepatite,1,origin_202012,3513801,252,0.0,0.007250541355460882
xgboost,hepatite,1,origin_202012,3518701,252,0.0,0.011651952750980854
xgboost,hepatite,1,origin_202012,3518800,252,0.0,0.019343353807926178
xgboost,hepatite,1,origin_202012,3522208,252,0.0,0.03870660811662674
xgboost,hepatite,1,origin_202012,3525904,252,0.0,0.02443733997642994
xgboost,hepatite,1,origin_202012,3529401,252,0.0,0.01200934685766697
xgboost,hepatite,1,origin_202012,3534401,252,0.0,0.6491758227348328
xgboost,hepatite,1,origin_202012,3536505,252,0.0,0.027117017656564713
xgboost,hepatite,1,origin_202012,3541000,252,0.0,0.010192492045462132
xgboost,hepatite,1,origin_202012,3543402,252,0.0,0.011634120717644691
xgboost,hepatite,1,origin_202012,3547809,252,0.0,0.00911591574549675
xgboost,hepatite,1,origin_202012,3548500,252,1.0,0.5019742250442505
xgboost,hepatite,1,origin_202012,3548708,252,0.0,0.4385673403739929
xgboost,hepatite,1,origin_202012,3549805,252,0.0,0.0106702521443367
xgboost,hepatite,1,origin_202012,3549904,252,0.0,0.016833120957016945
xgboost,hepatite,1,origin_202012,3550308,252,0.0,0.012927941046655178
xgboost,hepatite,1,origin_202012,3551009,252,0.0,0.014548178762197495
xgboost,hepatite,1,origin_202012,3552205,252,0.0,0.09306133538484573
xgboost,hepatite,1,origin_202012,3554102,252,0.0,0.04421168938279152
prophet,hepatite,1,origin_202012,3505708,252,0.0,0.0
prophet,hepatite,1,origin_202012,3506003,252,0.0,0.0
prophet,hepatite,1,origin_202012,3509502,252,2.0,1.05916707433147
prophet,hepatite,1,origin_202012,3510609,252,0.0,0.06419914558521268
prophet,hepatite,1,origin_202012,3513801,252,0.0,0.0
prophet,hepatite,1,origin_202012,3518701,252,0.0,0.0
prophet,hepatite,1,origin_202012,3518800,252,0.0,0.0
prophet,hepatite,1,origin_202012,3522208,252,0.0,0.0212982640030948
prophet,hepatite,1,origin_202012,3525904,252,0.0,0.0
prophet,hepatite,1,origin_202012,3529401,252,0.0,0.0
prophet,hepatite,1,origin_202012,3534401,252,0.0,0.19444588610594238
prophet,hepatite,1,origin_202012,3536505,252,0.0,0.016388851300272587
prophet,hepatite,1,origin_202012,3541000,252,0.0,0.0
prophet,hepatite,1,origin_202012,3543402,252,0.0,0.0
prophet,hepatite,1,origin_202012,3547809,252,0.0,0.0
prophet,hepatite,1,origin_202012,3548500,252,1.0,0.0
prophet,hepatite,1,origin_202012,3548708,252,0.0,0.0
prophet,hepatite,1,origin_202012,3549805,252,0.0,0.0
prophet,hepatite,1,origin_202012,3549904,252,0.0,0.0
prophet,hepatite,1,origin_202012,3550308,252,0.0,0.0
prophet,hepatite,1,origin_202012,3551009,252,0.0,0.0
prophet,hepatite,1,origin_202012,3552205,252,0.0,0.0
prophet,hepatite,1,origin_202012,3554102,252,0.0,0.0
seasonal_naive,hepatite,3,origin_202012,3505708,254,1.0,0.0
seasonal_naive,hepatite,3,origin_202012,3506003,254,2.0,1.0
seasonal_naive,hepatite,3,origin_202012,3509502,254,2.0,2.0
seasonal_naive,hepatite,3,origin_202012,3510609,254,0.0,0.0
seasonal_naive,hepatite,3,origin_202012,3513801,254,0.0,0.0
seasonal_naive,hepatite,3,origin_202012,3518701,254,0.0,0.0
seasonal_naive,hepatite,3,origin_202012,3518800,254,0.0,0.0
seasonal_naive,hepatite,3,origin_202012,3522208,254,0.0,0.0
seasonal_naive,hepatite,3,origin_202012,3525904,254,0.0,0.0
seasonal_naive,hepatite,3,origin_202012,3529401,254,0.0,0.0
seasonal_naive,hepatite,3,origin_202012,3534401,254,0.0,0.0
seasonal_naive,hepatite,3,origin_202012,3536505,254,0.0,0.0
seasonal_naive,hepatite,3,origin_202012,3541000,254,0.0,0.0
seasonal_naive,hepatite,3,origin_202012,3543402,254,0.0,0.0
seasonal_naive,hepatite,3,origin_202012,3547809,254,0.0,0.0
seasonal_naive,hepatite,3,origin_202012,3548500,254,0.0,1.0
seasonal_naive,hepatite,3,origin_202012,3548708,254,0.0,0.0
seasonal_naive,hepatite,3,origin_202012,3549805,254,0.0,0.0
seasonal_naive,hepatite,3,origin_202012,3549904,254,0.0,0.0
seasonal_naive,hepatite,3,origin_202012,3550308,254,0.0,0.0
seasonal_naive,hepatite,3,origin_202012,3551009,254,0.0,0.0
seasonal_naive,hepatite,3,origin_202012,3552205,254,0.0,0.0
seasonal_naive,hepatite,3,origin_202012,3554102,254,0.0,0.0
seasonal_ma3,hepatite,3,origin_202012,3505708,254,1.0,0.3333333432674408
seasonal_ma3,hepatite,3,origin_202012,3506003,254,2.0,1.0
seasonal_ma3,hepatite,3,origin_202012,3509502,254,2.0,2.0
seasonal_ma3,hepatite,3,origin_202012,3510609,254,0.0,0.3333333432674408
seasonal_ma3,hepatite,3,origin_202012,3513801,254,0.0,0.0
seasonal_ma3,hepatite,3,origin_202012,3518701,254,0.0,0.0
seasonal_ma3,hepatite,3,origin_202012,3518800,254,0.0,0.0
seasonal_ma3,hepatite,3,origin_202012,3522208,254,0.0,0.0
seasonal_ma3,hepatite,3,origin_202012,3525904,254,0.0,0.0
seasonal_ma3,hepatite,3,origin_202012,3529401,254,0.0,0.0
seasonal_ma3,hepatite,3,origin_202012,3534401,254,0.0,0.3333333432674408
seasonal_ma3,hepatite,3,origin_202012,3536505,254,0.0,0.0
seasonal_ma3,hepatite,3,origin_202012,3541000,254,0.0,0.0
seasonal_ma3,hepatite,3,origin_202012,3543402,254,0.0,0.0
seasonal_ma3,hepatite,3,origin_202012,3547809,254,0.0,0.0
seasonal_ma3,hepatite,3,origin_202012,3548500,254,0.0,1.0
seasonal_ma3,hepatite,3,origin_202012,3548708,254,0.0,0.0
seasonal_ma3,hepatite,3,origin_202012,3549805,254,0.0,0.0
seasonal_ma3,hepatite,3,origin_202012,3549904,254,0.0,0.3333333432674408
seasonal_ma3,hepatite,3,origin_202012,3550308,254,0.0,0.0
seasonal_ma3,hepatite,3,origin_202012,3551009,254,0.0,0.0
seasonal_ma3,hepatite,3,origin_202012,3552205,254,0.0,0.0
seasonal_ma3,hepatite,3,origin_202012,3554102,254,0.0,0.0
sarima,hepatite,3,origin_202012,3505708,254,1.0,0.8452175855636597
sarima,hepatite,3,origin_202012,3506003,254,2.0,1.2936906814575195
sarima,hepatite,3,origin_202012,3509502,254,2.0,1.0713618993759155
sarima,hepatite,3,origin_202012,3510609,254,0.0,0.3731219172477722
sarima,hepatite,3,origin_202012,3513801,254,0.0,-0.1749989539384842
sarima,hepatite,3,origin_202012,3518701,254,0.0,7.818774065526668e-06
sarima,hepatite,3,origin_202012,3518800,254,0.0,1.1372431885092738e-09
sarima,hepatite,3,origin_202012,3522208,254,0.0,0.03074847348034382
sarima,hepatite,3,origin_202012,3525904,254,0.0,2.0343841242720373e-05
sarima,hepatite,3,origin_202012,3529401,254,0.0,6.03097944917863e-08
sarima,hepatite,3,origin_202012,3534401,254,0.0,0.08923184126615524
sarima,hepatite,3,origin_202012,3536505,254,0.0,-0.007710128091275692
sarima,hepatite,3,origin_202012,3541000,254,0.0,0.0036320844665169716
sarima,hepatite,3,origin_202012,3543402,254,0.0,-0.0050530810840427876
sarima,hepatite,3,origin_202012,3547809,254,0.0,2.6243373213219456e-05
sarima,hepatite,3,origin_202012,3548500,254,0.0,0.7057451605796814
sarima,hepatite,3,origin_202012,3548708,254,0.0,0.4530870318412781
sarima,hepatite,3,origin_202012,3549805,254,0.0,6.18023590203548e-13
sarima,hepatite,3,origin_202012,3549904,254,0.0,1.546747057545872e-06
sarima,hepatite,3,origin_202012,3550308,254,0.0,-2.791122071925256e-33
sarima,hepatite,3,origin_202012,3551009,254,0.0,4.626548616215587e-06
sarima,hepatite,3,origin_202012,3552205,254,0.0,0.03686866536736488
sarima,hepatite,3,origin_202012,3554102,254,0.0,0.07596643269062042
lgbm,hepatite,3,origin_202012,3505708,254,1.0,0.4990650310264112
lgbm,hepatite,3,origin_202012,3506003,254,2.0,1.4721058167959147
lgbm,hepatite,3,origin_202012,3509502,254,2.0,1.1285954631433108
lgbm,hepatite,3,origin_202012,3510609,254,0.0,0.2654556846964488
lgbm,hepatite,3,origin_202012,3513801,254,0.0,0.010196375455177285
lgbm,hepatite,3,origin_202012,3518701,254,0.0,0.015567976713687115
lgbm,hepatite,3,origin_202012,3518800,254,0.0,0.020039597837192297
lgbm,hepatite,3,origin_202012,3522208,254,0.0,0.026791293582894133
lgbm,hepatite,3,origin_202012,3525904,254,0.0,0.022529610732690282
lgbm,hepatite,3,origin_202012,3529401,254,0.0,0.011773787819840563
lgbm,hepatite,3,origin_202012,3534401,254,0.0,0.24964050804291624
lgbm,hepatite,3,origin_202012,3536505,254,0.0,0.03449259080256196
lgbm,hepatite,3,origin_202012,3541000,254,0.0,0.01297093228314368
lgbm,hepatite,3,origin_202012,3543402,254,0.0,0.02214276995427249
lgbm,hepatite,3,origin_202012,3547809,254,0.0,0.013023515452178714
lgbm,hepatite,3,origin_202012,3548500,254,0.0,0.46117437727736554
lgbm,hepatite,3,origin_202012,3548708,254,0.0,0.751820851703623
lgbm,hepatite,3,origin_202012,3549805,254,0.0,0.011137544765596174
lgbm,hepatite,3,origin_202012,3549904,254,0.0,0.017744884536090834
lgbm,hepatite,3,origin_202012,3550308,254,0.0,0.01480836155359016
lgbm,hepatite,3,origin_202012,3551009,254,0.0,0.017581043304630093
lgbm,hepatite,3,origin_202012,3552205,254,0.0,0.042977736245617924
lgbm,hepatite,3,origin_202012,3554102,254,0.0,0.02915283171897066
catboost,hepatite,3,origin_202012,3505708,254,1.0,0.6029597447369456
catboost,hepatite,3,origin_202012,3506003,254,2.0,2.0366509743896426
catboost,hepatite,3,origin_202012,3509502,254,2.0,0.9864458412392695
catboost,hepatite,3,origin_202012,3510609,254,0.0,0.27588521649245534
catboost,hepatite,3,origin_202012,3513801,254,0.0,0.025512433998228067
catboost,hepatite,3,origin_202012,3518701,254,0.0,0.030989575802781125
catboost,hepatite,3,origin_202012,3518800,254,0.0,0.025022793061987562
catboost,hepatite,3,origin_202012,3522208,254,0.0,0.061170561336190504
catboost,hepatite,3,origin_202012,3525904,254,0.0,0.05627316858084028
catboost,hepatite,3,origin_202012,3529401,254,0.0,0.03652273927895776
catboost,hepatite,3,origin_202012,3534401,254,0.0,0.16012483845707176
catboost,hepatite,3,origin_202012,3536505,254,0.0,0.04433081717075481
catboost,hepatite,3,origin_202012,3541000,254,0.0,0.02872927267237498
catboost,hepatite,3,origin_202012,3543402,254,0.0,0.04268318362319654
catboost,hepatite,3,origin_202012,3547809,254,0.0,0.03229236415669448
catboost,hepatite,3,origin_202012,3548500,254,0.0,0.5833044540345845
catboost,hepatite,3,origin_202012,3548708,254,0.0,0.5522388276755106
catboost,hepatite,3,origin_202012,3549805,254,0.0,0.02316930895979499
catboost,hepatite,3,origin_202012,3549904,254,0.0,0.0592123614184583
catboost,hepatite,3,origin_202012,3550308,254,0.0,0.02532543638044315
catboost,hepatite,3,origin_202012,3551009,254,0.0,0.0355574102897679
catboost,hepatite,3,origin_202012,3552205,254,0.0,0.041757517397753595
catboost,hepatite,3,origin_202012,3554102,254,0.0,0.05342280879984798
xgboost,hepatite,3,origin_202012,3505708,254,1.0,0.5810338854789734
xgboost,hepatite,3,origin_202012,3506003,254,2.0,1.46986985206604
xgboost,hepatite,3,origin_202012,3509502,254,2.0,1.1484068632125854
xgboost,hepatite,3,origin_202012,3510609,254,0.0,0.24627266824245453
xgboost,hepatite,3,origin_202012,3513801,254,0.0,0.005690833553671837
xgboost,hepatite,3,origin_202012,3518701,254,0.0,0.015286893583834171
xgboost,hepatite,3,origin_202012,3518800,254,0.0,0.02790704183280468
xgboost,hepatite,3,origin_202012,3522208,254,0.0,0.021397018805146217
xgboost,hepatite,3,origin_202012,3525904,254,0.0,0.015181106515228748
xgboost,hepatite,3,origin_202012,3529401,254,0.0,0.014784947969019413
xgboost,hepatite,3,origin_202012,3534401,254,0.0,0.24659250676631927
xgboost,hepatite,3,origin_202012,3536505,254,0.0,0.020158961415290833
xgboost,hepatite,3,origin_202012,3541000,254,0.0,0.011756669729948044
xgboost,hepatite,3,origin_202012,3543402,254,0.0,0.017228001728653908
xgboost,hepatite,3,origin_202012,3547809,254,0.0,0.01545888464897871
xgboost,hepatite,3,origin_202012,3548500,254,0.0,0.6026268005371094
xgboost,hepatite,3,origin_202012,3548708,254,0.0,0.5513123273849487
xgboost,hepatite,3,origin_202012,3549805,254,0.0,0.01144467107951641
xgboost,hepatite,3,origin_202012,3549904,254,0.0,0.029418209567666054
xgboost,hepatite,3,origin_202012,3550308,254,0.0,0.014906422235071659
xgboost,hepatite,3,origin_202012,3551009,254,0.0,0.01582319475710392
xgboost,hepatite,3,origin_202012,3552205,254,0.0,0.05636562779545784
xgboost,hepatite,3,origin_202012,3554102,254,0.0,0.03131930157542229
prophet,hepatite,3,origin_202012,3505708,254,1.0,0.22508108784276726
prophet,hepatite,3,origin_202012,3506003,254,2.0,0.5353910626532945
prophet,hepatite,3,origin_202012,3509502,254,2.0,1.2553282063517028
prophet,hepatite,3,origin_202012,3510609,254,0.0,0.0
prophet,hepatite,3,origin_202012,3513801,254,0.0,0.0
prophet,hepatite,3,origin_202012,3518701,254,0.0,0.0
prophet,hepatite,3,origin_202012,3518800,254,0.0,0.0
prophet,hepatite,3,origin_202012,3522208,254,0.0,0.0
prophet,hepatite,3,origin_202012,3525904,254,0.0,0.0
prophet,hepatite,3,origin_202012,3529401,254,0.0,0.0
prophet,hepatite,3,origin_202012,3534401,254,0.0,0.0
prophet,hepatite,3,origin_202012,3536505,254,0.0,0.0
prophet,hepatite,3,origin_202012,3541000,254,0.0,0.0
prophet,hepatite,3,origin_202012,3543402,254,0.0,0.0
prophet,hepatite,3,origin_202012,3547809,254,0.0,0.0
prophet,hepatite,3,origin_202012,3548500,254,0.0,0.0
prophet,hepatite,3,origin_202012,3548708,254,0.0,0.24324575379656538
prophet,hepatite,3,origin_202012,3549805,254,0.0,0.0
prophet,hepatite,3,origin_202012,3549904,254,0.0,0.0
prophet,hepatite,3,origin_202012,3550308,254,0.0,0.0
prophet,hepatite,3,origin_202012,3551009,254,0.0,0.0
prophet,hepatite,3,origin_202012,3552205,254,0.0,0.0
prophet,hepatite,3,origin_202012,3554102,254,0.0,0.21053215856224095
seasonal_naive,hepatite,6,origin_202012,3505708,257,0.0,1.0
seasonal_naive,hepatite,6,origin_202012,3506003,257,1.0,0.0
seasonal_naive,hepatite,6,origin_202012,3509502,257,1.0,0.0
seasonal_naive,hepatite,6,origin_202012,3510609,257,0.0,1.0
seasonal_naive,hepatite,6,origin_202012,3513801,257,0.0,0.0
seasonal_naive,hepatite,6,origin_202012,3518701,257,0.0,0.0
seasonal_naive,hepatite,6,origin_202012,3518800,257,0.0,0.0
seasonal_naive,hepatite,6,origin_202012,3522208,257,0.0,0.0
seasonal_naive,hepatite,6,origin_202012,3525904,257,0.0,0.0
seasonal_naive,hepatite,6,origin_202012,3529401,257,0.0,0.0
seasonal_naive,hepatite,6,origin_202012,3534401,257,0.0,0.0
seasonal_naive,hepatite,6,origin_202012,3536505,257,0.0,0.0
seasonal_naive,hepatite,6,origin_202012,3541000,257,0.0,0.0
seasonal_naive,hepatite,6,origin_202012,3543402,257,0.0,0.0
seasonal_naive,hepatite,6,origin_202012,3547809,257,0.0,0.0
seasonal_naive,hepatite,6,origin_202012,3548500,257,0.0,0.0
seasonal_naive,hepatite,6,origin_202012,3548708,257,1.0,1.0
seasonal_naive,hepatite,6,origin_202012,3549805,257,0.0,0.0
seasonal_naive,hepatite,6,origin_202012,3549904,257,0.0,0.0
seasonal_naive,hepatite,6,origin_202012,3550308,257,0.0,0.0
seasonal_naive,hepatite,6,origin_202012,3551009,257,0.0,0.0
seasonal_naive,hepatite,6,origin_202012,3552205,257,0.0,0.0
seasonal_naive,hepatite,6,origin_202012,3554102,257,0.0,0.0
seasonal_ma3,hepatite,6,origin_202012,3505708,257,0.0,0.3333333432674408
seasonal_ma3,hepatite,6,origin_202012,3506003,257,1.0,0.6666666865348816
seasonal_ma3,hepatite,6,origin_202012,3509502,257,1.0,1.3333333730697632
seasonal_ma3,hepatite,6,origin_202012,3510609,257,0.0,0.3333333432674408
seasonal_ma3,hepatite,6,origin_202012,3513801,257,0.0,0.0
seasonal_ma3,hepatite,6,origin_202012,3518701,257,0.0,0.0
seasonal_ma3,hepatite,6,origin_202012,3518800,257,0.0,0.0
seasonal_ma3,hepatite,6,origin_202012,3522208,257,0.0,0.0
seasonal_ma3,hepatite,6,origin_202012,3525904,257,0.0,0.0
seasonal_ma3,hepatite,6,origin_202012,3529401,257,0.0,0.0
seasonal_ma3,hepatite,6,origin_202012,3534401,257,0.0,0.3333333432674408
seasonal_ma3,hepatite,6,origin_202012,3536505,257,0.0,0.0
seasonal_ma3,hepatite,6,origin_202012,3541000,257,0.0,0.0
seasonal_ma3,hepatite,6,origin_202012,3543402,257,0.0,0.0
seasonal_ma3,hepatite,6,origin_202012,3547809,257,0.0,0.0
seasonal_ma3,hepatite,6,origin_202012,3548500,257,0.0,0.6666666865348816
seasonal_ma3,hepatite,6,origin_202012,3548708,257,1.0,0.3333333432674408
seasonal_ma3,hepatite,6,origin_202012,3549805,257,0.0,0.0
seasonal_ma3,hepatite,6,origin_202012,3549904,257,0.0,0.6666666865348816
seasonal_ma3,hepatite,6,origin_202012,3550308,257,0.0,0.0
seasonal_ma3,hepatite,6,origin_202012,3551009,257,0.0,0.0
seasonal_ma3,hepatite,6,origin_202012,3552205,257,0.0,0.0
seasonal_ma3,hepatite,6,origin_202012,3554102,257,0.0,0.0
sarima,hepatite,6,origin_202012,3505708,257,0.0,0.8598233461380005
sarima,hepatite,6,origin_202012,3506003,257,1.0,1.2936906814575195
sarima,hepatite,6,origin_202012,3509502,257,1.0,1.0713618993759155
sarima,hepatite,6,origin_202012,3510609,257,0.0,0.7262969613075256
sarima,hepatite,6,origin_202012,3513801,257,0.0,-0.2013140618801117
sarima,hepatite,6,origin_202012,3518701,257,0.0,7.881459168856964e-06
sarima,hepatite,6,origin_202012,3518800,257,0.0,1.1372431885092738e-09
sarima,hepatite,6,origin_202012,3522208,257,0.0,0.03074847348034382
sarima,hepatite,6,origin_202012,3525904,257,0.0,2.0343841242720373e-05
sarima,hepatite,6,origin_202012,3529401,257,0.0,6.03097944917863e-08
sarima,hepatite,6,origin_202012,3534401,257,0.0,0.10400722175836563
sarima,hepatite,6,origin_202012,3536505,257,0.0,-0.010549045167863369
sarima,hepatite,6,origin_202012,3541000,257,0.0,0.003744365181773901
sarima,hepatite,6,origin_202012,3543402,257,0.0,0.003333569038659334
sarima,hepatite,6,origin_202012,3547809,257,0.0,2.6243373213219456e-05
sarima,hepatite,6,origin_202012,3548500,257,0.0,0.6898619532585144
sarima,hepatite,6,origin_202012,3548708,257,1.0,0.27553772926330566
sarima,hepatite,6,origin_202012,3549805,257,0.0,6.18023590203548e-13
sarima,hepatite,6,origin_202012,3549904,257,0.0,1.546747057545872e-06
sarima,hepatite,6,origin_202012,3550308,257,0.0,-2.791122071925256e-33
sarima,hepatite,6,origin_202012,3551009,257,0.0,4.626548616215587e-06
sarima,hepatite,6,origin_202012,3552205,257,0.0,0.03686866536736488
sarima,hepatite,6,origin_202012,3554102,257,0.0,0.07596643269062042
lgbm,hepatite,6,origin_202012,3505708,257,0.0,0.5696329183132604
lgbm,hepatite,6,origin_202012,3506003,257,1.0,0.9155924043282576
lgbm,hepatite,6,origin_202012,3509502,257,1.0,1.1195855830752743
lgbm,hepatite,6,origin_202012,3510609,257,0.0,0.3500370309604653
lgbm,hepatite,6,origin_202012,3513801,257,0.0,0.013061306875598012
lgbm,hepatite,6,origin_202012,3518701,257,0.0,0.011031720029813464
lgbm,hepatite,6,origin_202012,3518800,257,0.0,0.02178231377744308
lgbm,hepatite,6,origin_202012,3522208,257,0.0,0.04010020652142601
lgbm,hepatite,6,origin_202012,3525904,257,0.0,0.018643738994641994
lgbm,hepatite,6,origin_202012,3529401,257,0.0,0.016073055930489355
lgbm,hepatite,6,origin_202012,3534401,257,0.0,0.2741559070633132
lgbm,hepatite,6,origin_202012,3536505,257,0.0,0.017605269984489212
lgbm,hepatite,6,origin_202012,3541000,257,0.0,0.009790265266311804
lgbm,hepatite,6,origin_202012,3543402,257,0.0,0.011919008189104614
lgbm,hepatite,6,origin_202012,3547809,257,0.0,0.02133805451905919
lgbm,hepatite,6,origin_202012,3548500,257,0.0,0.5939449315728621
lgbm,hepatite,6,origin_202012,3548708,257,1.0,0.6610718399731568
lgbm,hepatite,6,origin_202012,3549805,257,0.0,0.011063039292097772
lgbm,hepatite,6,origin_202012,3549904,257,0.0,0.013383821704035735
lgbm,hepatite,6,origin_202012,3550308,257,0.0,0.02191448785940445
lgbm,hepatite,6,origin_202012,3551009,257,0.0,0.012201282501443426
lgbm,hepatite,6,origin_202012,3552205,257,0.0,0.10784359576131176
lgbm,hepatite,6,origin_202012,3554102,257,0.0,0.03292733223782613
catboost,hepatite,6,origin_202012,3505708,257,0.0,0.5601851028176001
catboost,hepatite,6,origin_202012,3506003,257,1.0,1.0446913179142785
catboost,hepatite,6,origin_202012,3509502,257,1.0,0.7183169765190138
catboost,hepatite,6,origin_202012,3510609,257,0.0,0.2919397749602025
catboost,hepatite,6,origin_202012,3513801,257,0.0,0.02615203624943131
catboost,hepatite,6,origin_202012,3518701,257,0.0,0.01869930715286953
catboost,hepatite,6,origin_202012,3518800,257,0.0,0.02370934799033537
catboost,hepatite,6,origin_202012,3522208,257,0.0,0.04420191919460639
catboost,hepatite,6,origin_202012,3525904,257,0.0,0.029047171960621128
catboost,hepatite,6,origin_202012,3529401,257,0.0,0.028188752436732308
catboost,hepatite,6,origin_202012,3534401,257,0.0,0.2649908306020643
catboost,hepatite,6,origin_202012,3536505,257,0.0,0.026229112061326436
catboost,hepatite,6,origin_202012,3541000,257,0.0,0.026979860910506928
catboost,hepatite,6,origin_202012,3543402,257,0.0,0.03963819441048969
catboost,hepatite,6,origin_202012,3547809,257,0.0,0.026269103453397342
catboost,hepatite,6,origin_202012,3548500,257,0.0,0.7235350163335399
catboost,hepatite,6,origin_202012,3548708,257,1.0,0.5771960023094823
catboost,hepatite,6,origin_202012,3549805,257,0.0,0.023298064838676653
catboost,hepatite,6,origin_202012,3549904,257,0.0,0.033224101080086346
catboost,hepatite,6,origin_202012,3550308,257,0.0,0.016759881048672456
catboost,hepatite,6,origin_202012,3551009,257,0.0,0.02568076876828913
catboost,hepatite,6,origin_202012,3552205,257,0.0,0.03813769674202907
catboost,hepatite,6,origin_202012,3554102,257,0.0,0.04463730167689707
xgboost,hepatite,6,origin_202012,3505708,257,0.0,0.6702987551689148
xgboost,hepatite,6,origin_202012,3506003,257,1.0,0.6493324041366577
xgboost,hepatite,6,origin_202012,3509502,257,1.0,1.0406930446624756
xgboost,hepatite,6,origin_202012,3510609,257,0.0,0.31257396936416626
xgboost,hepatite,6,origin_202012,3513801,257,0.0,0.005933409556746483
xgboost,hepatite,6,origin_202012,3518701,257,0.0,0.011035303585231304
xgboost,hepatite,6,origin_202012,3518800,257,0.0,0.015689026564359665
xgboost,hepatite,6,origin_202012,3522208,257,0.0,0.034188661724328995
xgboost,hepatite,6,origin_202012,3525904,257,0.0,0.01760224811732769
xgboost,hepatite,6,origin_202012,3529401,257,0.0,0.01379707083106041
xgboost,hepatite,6,origin_202012,3534401,257,0.0,0.4176592230796814
xgboost,hepatite,6,origin_202012,3536505,257,0.0,0.01734071597456932
xgboost,hepatite,6,origin_202012,3541000,257,0.0,0.010365631431341171
xgboost,hepatite,6,origin_202012,3543402,257,0.0,0.011411414481699467
xgboost,hepatite,6,origin_202012,3547809,257,0.0,0.01773637905716896
xgboost,hepatite,6,origin_202012,3548500,257,0.0,0.9279412627220154
xgboost,hepatite,6,origin_202012,3548708,257,1.0,0.653336226940155
xgboost,hepatite,6,origin_202012,3549805,257,0.0,0.011102048680186272
xgboost,hepatite,6,origin_202012,3549904,257,0.0,0.022524775937199593
xgboost,hepatite,6,origin_202012,3550308,257,0.0,0.017098823562264442
xgboost,hepatite,6,origin_202012,3551009,257,0.0,0.013410490937530994
xgboost,hepatite,6,origin_202012,3552205,257,0.0,0.05133296549320221
xgboost,hepatite,6,origin_202012,3554102,257,0.0,0.03468044102191925
prophet,hepatite,6,origin_202012,3505708,257,0.0,0.7268844590531723
prophet,hepatite,6,origin_202012,3506003,257,1.0,0.0
prophet,hepatite,6,origin_202012,3509502,257,1.0,1.460304356588515
prophet,hepatite,6,origin_202012,3510609,257,0.0,0.0
prophet,hepatite,6,origin_202012,3513801,257,0.0,0.0
prophet,hepatite,6,origin_202012,3518701,257,0.0,0.0
prophet,hepatite,6,origin_202012,3518800,257,0.0,0.0
prophet,hepatite,6,origin_202012,3522208,257,0.0,0.06204385501078455
prophet,hepatite,6,origin_202012,3525904,257,0.0,0.0
prophet,hepatite,6,origin_202012,3529401,257,0.0,0.0
prophet,hepatite,6,origin_202012,3534401,257,0.0,0.4938238543163627
prophet,hepatite,6,origin_202012,3536505,257,0.0,0.0
prophet,hepatite,6,origin_202012,3541000,257,0.0,0.0
prophet,hepatite,6,origin_202012,3543402,257,0.0,0.0
prophet,hepatite,6,origin_202012,3547809,257,0.0,0.0
prophet,hepatite,6,origin_202012,3548500,257,0.0,0.6242630032721709
prophet,hepatite,6,origin_202012,3548708,257,1.0,0.06066319687316263
prophet,hepatite,6,origin_202012,3549805,257,0.0,0.0
prophet,hepatite,6,origin_202012,3549904,257,0.0,0.0
prophet,hepatite,6,origin_202012,3550308,257,0.0,0.0
prophet,hepatite,6,origin_202012,3551009,257,0.0,0.0
prophet,hepatite,6,origin_202012,3552205,257,0.0,0.0
prophet,hepatite,6,origin_202012,3554102,257,0.0,0.0
seasonal_naive,hepatite,12,origin_202012,3505708,263,0.0,2.0
seasonal_naive,hepatite,12,origin_202012,3506003,263,0.0,2.0
seasonal_naive,hepatite,12,origin_202012,3509502,263,2.0,2.0
seasonal_naive,hepatite,12,origin_202012,3510609,263,0.0,0.0
seasonal_naive,hepatite,12,origin_202012,3513801,263,0.0,0.0
seasonal_naive,hepatite,12,origin_202012,3518701,263,0.0,0.0
seasonal_naive,hepatite,12,origin_202012,3518800,263,0.0,0.0
seasonal_naive,hepatite,12,origin_202012,3522208,263,0.0,0.0
seasonal_naive,hepatite,12,origin_202012,3525904,263,0.0,0.0
seasonal_naive,hepatite,12,origin_202012,3529401,263,0.0,0.0
seasonal_naive,hepatite,12,origin_202012,3534401,263,0.0,1.0
seasonal_naive,hepatite,12,origin_202012,3536505,263,0.0,0.0
seasonal_naive,hepatite,12,origin_202012,3541000,263,0.0,0.0
seasonal_naive,hepatite,12,origin_202012,3543402,263,0.0,0.0
seasonal_naive,hepatite,12,origin_202012,3547809,263,0.0,0.0
seasonal_naive,hepatite,12,origin_202012,3548500,263,0.0,1.0
seasonal_naive,hepatite,12,origin_202012,3548708,263,0.0,0.0
seasonal_naive,hepatite,12,origin_202012,3549805,263,0.0,0.0
seasonal_naive,hepatite,12,origin_202012,3549904,263,0.0,0.0
seasonal_naive,hepatite,12,origin_202012,3550308,263,0.0,0.0
seasonal_naive,hepatite,12,origin_202012,3551009,263,0.0,0.0
seasonal_naive,hepatite,12,origin_202012,3552205,263,0.0,0.0
seasonal_naive,hepatite,12,origin_202012,3554102,263,0.0,0.0
seasonal_ma3,hepatite,12,origin_202012,3505708,263,0.0,1.0
seasonal_ma3,hepatite,12,origin_202012,3506003,263,0.0,1.0
seasonal_ma3,hepatite,12,origin_202012,3509502,263,2.0,1.3333333730697632
seasonal_ma3,hepatite,12,origin_202012,3510609,263,0.0,0.0
seasonal_ma3,hepatite,12,origin_202012,3513801,263,0.0,0.0
seasonal_ma3,hepatite,12,origin_202012,3518701,263,0.0,0.0
seasonal_ma3,hepatite,12,origin_202012,3518800,263,0.0,0.0
seasonal_ma3,hepatite,12,origin_202012,3522208,263,0.0,0.0
seasonal_ma3,hepatite,12,origin_202012,3525904,263,0.0,0.0
seasonal_ma3,hepatite,12,origin_202012,3529401,263,0.0,0.0
seasonal_ma3,hepatite,12,origin_202012,3534401,263,0.0,0.6666666865348816
seasonal_ma3,hepatite,12,origin_202012,3536505,263,0.0,0.0
seasonal_ma3,hepatite,12,origin_202012,3541000,263,0.0,0.0
seasonal_ma3,hepatite,12,origin_202012,3543402,263,0.0,0.0
seasonal_ma3,hepatite,12,origin_202012,3547809,263,0.0,0.0
seasonal_ma3,hepatite,12,origin_202012,3548500,263,0.0,1.0
seasonal_ma3,hepatite,12,origin_202012,3548708,263,0.0,0.3333333432674408
seasonal_ma3,hepatite,12,origin_202012,3549805,263,0.0,0.0
seasonal_ma3,hepatite,12,origin_202012,3549904,263,0.0,0.0
seasonal_ma3,hepatite,12,origin_202012,3550308,263,0.0,0.0
seasonal_ma3,hepatite,12,origin_202012,3551009,263,0.0,0.0
seasonal_ma3,hepatite,12,origin_202012,3552205,263,0.0,0.0
seasonal_ma3,hepatite,12,origin_202012,3554102,263,0.0,0.0
sarima,hepatite,12,origin_202012,3505708,263,0.0,0.8731021285057068
sarima,hepatite,12,origin_202012,3506003,263,0.0,1.2936906814575195
sarima,hepatite,12,origin_202012,3509502,263,2.0,1.0713618993759155
sarima,hepatite,12,origin_202012,3510609,263,0.0,0.8762981295585632
sarima,hepatite,12,origin_202012,3513801,263,0.0,-0.23851433396339417
sarima,hepatite,12,origin_202012,3518701,263,0.0,7.881965757405851e-06
sarima,hepatite,12,origin_202012,3518800,263,0.0,1.1372431885092738e-09
sarima,hepatite,12,origin_202012,3522208,263,0.0,0.03074847348034382
sarima,hepatite,12,origin_202012,3525904,263,0.0,2.0343841242720373e-05
sarima,hepatite,12,origin_202012,3529401,263,0.0,6.03097944917863e-08
sarima,hepatite,12,origin_202012,3534401,263,0.0,0.22608783841133118
sarima,hepatite,12,origin_202012,3536505,263,0.0,-0.014535278081893921
sarima,hepatite,12,origin_202012,3541000,263,0.0,0.0037975949235260487
sarima,hepatite,12,origin_202012,3543402,263,0.0,0.002743240213021636
sarima,hepatite,12,origin_202012,3547809,263,0.0,2.6243373213219456e-05
sarima,hepatite,12,origin_202012,3548500,263,0.0,0.68202805519104
sarima,hepatite,12,origin_202012,3548708,263,0.0,0.5078260898590088
sarima,hepatite,12,origin_202012,3549805,263,0.0,6.18023590203548e-13
sarima,hepatite,12,origin_202012,3549904,263,0.0,1.546747057545872e-06
sarima,hepatite,12,origin_202012,3550308,263,0.0,-2.791122071925256e-33
sarima,hepatite,12,origin_202012,3551009,263,0.0,4.626548616215587e-06
sarima,hepatite,12,origin_202012,3552205,263,0.0,0.03686866536736488
sarima,hepatite,12,origin_202012,3554102,263,0.0,0.07596643269062042
lgbm,hepatite,12,origin_202012,3505708,263,0.0,0.7845141168061291
lgbm,hepatite,12,origin_202012,3506003,263,0.0,1.3069458069913742
lgbm,hepatite,12,origin_202012,3509502,263,2.0,0.9989994172843352
lgbm,hepatite,12,origin_202012,3510609,263,0.0,0.3303821832396736
lgbm,hepatite,12,origin_202012,3513801,263,0.0,0.019071752901920192
lgbm,hepatite,12,origin_202012,3518701,263,0.0,0.026919520522445194
lgbm,hepatite,12,origin_202012,3518800,263,0.0,0.031739085538433784
lgbm,hepatite,12,origin_202012,3522208,263,0.0,0.05186715854981134
lgbm,hepatite,12,origin_202012,3525904,263,0.0,0.07665005527481453
lgbm,hepatite,12,origin_202012,3529401,263,0.0,0.014589450836405579
lgbm,hepatite,12,origin_202012,3534401,263,0.0,0.4797392786006636
lgbm,hepatite,12,origin_202012,3536505,263,0.0,0.053281984865983775
lgbm,hepatite,12,origin_202012,3541000,263,0.0,0.021110516383072184
lgbm,hepatite,12,origin_202012,3543402,263,0.0,0.01295037557457453
lgbm,hepatite,12,origin_202012,3547809,263,0.0,0.015171634352323701
lgbm,hepatite,12,origin_202012,3548500,263,0.0,0.5296165038392926
lgbm,hepatite,12,origin_202012,3548708,263,0.0,0.4197867457197793
lgbm,hepatite,12,origin_202012,3549805,263,0.0,0.012143201307853652
lgbm,hepatite,12,origin_202012,3549904,263,0.0,0.028002044187192175
lgbm,hepatite,12,origin_202012,3550308,263,0.0,0.01704430984693009
lgbm,hepatite,12,origin_202012,3551009,263,0.0,0.02733839807559776
lgbm,hepatite,12,origin_202012,3552205,263,0.0,0.1074662995624684
lgbm,hepatite,12,origin_202012,3554102,263,0.0,0.027328134801141366
catboost,hepatite,12,origin_202012,3505708,263,0.0,0.6335538658526301
catboost,hepatite,12,origin_202012,3506003,263,0.0,1.7746249883157987
catboost,hepatite,12,origin_202012,3509502,263,2.0,1.0080335813628978
catboost,hepatite,12,origin_202012,3510609,263,0.0,0.2763913237674408
catboost,hepatite,12,origin_202012,3513801,263,0.0,0.04645776578327353
catboost,hepatite,12,origin_202012,3518701,263,0.0,0.02244619491384897
catboost,hepatite,12,origin_202012,3518800,263,0.0,0.05445184754427907
catboost,hepatite,12,origin_202012,3522208,263,0.0,0.07307628769436725
catboost,hepatite,12,origin_202012,3525904,263,0.0,0.05014540350700161
catboost,hepatite,12,origin_202012,3529401,263,0.0,0.04488030431226783
catboost,hepatite,12,origin_202012,3534401,263,0.0,0.22279423601964735
catboost,hepatite,12,origin_202012,3536505,263,0.0,0.03882677904389868
catboost,hepatite,12,origin_202012,3541000,263,0.0,0.029509717265642735
catboost,hepatite,12,origin_202012,3543402,263,0.0,0.02502629944625262
catboost,hepatite,12,origin_202012,3547809,263,0.0,0.06094521453977143
catboost,hepatite,12,origin_202012,3548500,263,0.0,0.7098442498695327
catboost,hepatite,12,origin_202012,3548708,263,0.0,0.4900624926721177
catboost,hepatite,12,origin_202012,3549805,263,0.0,0.01614005822653863
catboost,hepatite,12,origin_202012,3549904,263,0.0,0.0472663850604983
catboost,hepatite,12,origin_202012,3550308,263,0.0,0.04510130777530468
catboost,hepatite,12,origin_202012,3551009,263,0.0,0.037531793995819684
catboost,hepatite,12,origin_202012,3552205,263,0.0,0.050750238769584365
catboost,hepatite,12,origin_202012,3554102,263,0.0,0.08574494251957546
xgboost,hepatite,12,origin_202012,3505708,263,0.0,0.5767461657524109
xgboost,hepatite,12,origin_202012,3506003,263,0.0,1.2886356115341187
xgboost,hepatite,12,origin_202012,3509502,263,2.0,1.1532573699951172
xgboost,hepatite,12,origin_202012,3510609,263,0.0,0.18738029897212982
xgboost,hepatite,12,origin_202012,3513801,263,0.0,0.014695655554533005
xgboost,hepatite,12,origin_202012,3518701,263,0.0,0.025117307901382446
xgboost,hepatite,12,origin_202012,3518800,263,0.0,0.04263556748628616
xgboost,hepatite,12,origin_202012,3522208,263,0.0,0.05805531516671181
xgboost,hepatite,12,origin_202012,3525904,263,0.0,0.0700763612985611
xgboost,hepatite,12,origin_202012,3529401,263,0.0,0.01669742539525032
xgboost,hepatite,12,origin_202012,3534401,263,0.0,0.3535536527633667
xgboost,hepatite,12,origin_202012,3536505,263,0.0,0.04056067392230034
xgboost,hepatite,12,origin_202012,3541000,263,0.0,0.018017087131738663
xgboost,hepatite,12,origin_202012,3543402,263,0.0,0.021022843196988106
xgboost,hepatite,12,origin_202012,3547809,263,0.0,0.020027579739689827
xgboost,hepatite,12,origin_202012,3548500,263,0.0,0.5877574682235718
xgboost,hepatite,12,origin_202012,3548708,263,0.0,0.5261499285697937
xgboost,hepatite,12,origin_202012,3549805,263,0.0,0.01275589782744646
xgboost,hepatite,12,origin_202012,3549904,263,0.0,0.03000848926603794
xgboost,hepatite,12,origin_202012,3550308,263,0.0,0.021920541301369667
xgboost,hepatite,12,origin_202012,3551009,263,0.0,0.028744563460350037
xgboost,hepatite,12,origin_202012,3552205,263,0.0,0.0948348343372345
xgboost,hepatite,12,origin_202012,3554102,263,0.0,0.026076558977365494
prophet,hepatite,12,origin_202012,3505708,263,0.0,0.3542695079881847
prophet,hepatite,12,origin_202012,3506003,263,0.0,0.0
prophet,hepatite,12,origin_202012,3509502,263,2.0,1.3529010234151861
prophet,hepatite,12,origin_202012,3510609,263,0.0,0.3656706010232393
prophet,hepatite,12,origin_202012,3513801,263,0.0,0.0
prophet,hepatite,12,origin_202012,3518701,263,0.0,0.0
prophet,hepatite,12,origin_202012,3518800,263,0.0,0.0
prophet,hepatite,12,origin_202012,3522208,263,0.0,0.0
prophet,hepatite,12,origin_202012,3525904,263,0.0,0.0
prophet,hepatite,12,origin_202012,3529401,263,0.0,0.0
prophet,hepatite,12,origin_202012,3534401,263,0.0,0.1438422856852722
prophet,hepatite,12,origin_202012,3536505,263,0.0,0.0
prophet,hepatite,12,origin_202012,3541000,263,0.0,0.0
prophet,hepatite,12,origin_202012,3543402,263,0.0,0.0
prophet,hepatite,12,origin_202012,3547809,263,0.0,0.0
prophet,hepatite,12,origin_202012,3548500,263,0.0,0.0
prophet,hepatite,12,origin_202012,3548708,263,0.0,0.0
prophet,hepatite,12,origin_202012,3549805,263,0.0,0.0
prophet,hepatite,12,origin_202012,3549904,263,0.0,0.0
prophet,hepatite,12,origin_202012,3550308,263,0.0,0.0
prophet,hepatite,12,origin_202012,3551009,263,0.0,0.0
prophet,hepatite,12,origin_202012,3552205,263,0.0,0.0
prophet,hepatite,12,origin_202012,3554102,263,0.0,0.0
seasonal_naive,hepatite,1,origin_202112,3505708,264,0.0,0.0
seasonal_naive,hepatite,1,origin_202112,3506003,264,0.0,0.0
seasonal_naive,hepatite,1,origin_202112,3509502,264,1.0,2.0
seasonal_naive,hepatite,1,origin_202112,3510609,264,1.0,0.0
seasonal_naive,hepatite,1,origin_202112,3513801,264,0.0,0.0
seasonal_naive,hepatite,1,origin_202112,3518701,264,0.0,0.0
seasonal_naive,hepatite,1,origin_202112,3518800,264,0.0,0.0
seasonal_naive,hepatite,1,origin_202112,3522208,264,0.0,0.0
seasonal_naive,hepatite,1,origin_202112,3525904,264,0.0,0.0
seasonal_naive,hepatite,1,origin_202112,3529401,264,0.0,0.0
seasonal_naive,hepatite,1,origin_202112,3534401,264,0.0,0.0
seasonal_naive,hepatite,1,origin_202112,3536505,264,0.0,0.0
seasonal_naive,hepatite,1,origin_202112,3541000,264,0.0,0.0
seasonal_naive,hepatite,1,origin_202112,3543402,264,0.0,0.0
seasonal_naive,hepatite,1,origin_202112,3547809,264,0.0,0.0
seasonal_naive,hepatite,1,origin_202112,3548500,264,1.0,1.0
seasonal_naive,hepatite,1,origin_202112,3548708,264,0.0,0.0
seasonal_naive,hepatite,1,origin_202112,3549805,264,0.0,0.0
seasonal_naive,hepatite,1,origin_202112,3549904,264,0.0,0.0
seasonal_naive,hepatite,1,origin_202112,3550308,264,0.0,0.0
seasonal_naive,hepatite,1,origin_202112,3551009,264,0.0,0.0
seasonal_naive,hepatite,1,origin_202112,3552205,264,0.0,0.0
seasonal_naive,hepatite,1,origin_202112,3554102,264,0.0,0.0
seasonal_ma3,hepatite,1,origin_202112,3505708,264,0.0,0.0
seasonal_ma3,hepatite,1,origin_202112,3506003,264,0.0,1.6666666269302368
seasonal_ma3,hepatite,1,origin_202112,3509502,264,1.0,1.0
seasonal_ma3,hepatite,1,origin_202112,3510609,264,1.0,0.3333333432674408
seasonal_ma3,hepatite,1,origin_202112,3513801,264,0.0,0.0
seasonal_ma3,hepatite,1,origin_202112,3518701,264,0.0,0.0
seasonal_ma3,hepatite,1,origin_202112,3518800,264,0.0,0.0
seasonal_ma3,hepatite,1,origin_202112,3522208,264,0.0,0.0
seasonal_ma3,hepatite,1,origin_202112,3525904,264,0.0,0.0
seasonal_ma3,hepatite,1,origin_202112,3529401,264,0.0,0.0
seasonal_ma3,hepatite,1,origin_202112,3534401,264,0.0,0.3333333432674408
seasonal_ma3,hepatite,1,origin_202112,3536505,264,0.0,0.0
seasonal_ma3,hepatite,1,origin_202112,3541000,264,0.0,0.0
seasonal_ma3,hepatite,1,origin_202112,3543402,264,0.0,0.0
seasonal_ma3,hepatite,1,origin_202112,3547809,264,0.0,0.0
seasonal_ma3,hepatite,1,origin_202112,3548500,264,1.0,1.0
seasonal_ma3,hepatite,1,origin_202112,3548708,264,0.0,0.0
seasonal_ma3,hepatite,1,origin_202112,3549805,264,0.0,0.0
seasonal_ma3,hepatite,1,origin_202112,3549904,264,0.0,0.0
seasonal_ma3,hepatite,1,origin_202112,3550308,264,0.0,0.0
seasonal_ma3,hepatite,1,origin_202112,3551009,264,0.0,0.0
seasonal_ma3,hepatite,1,origin_202112,3552205,264,0.0,0.3333333432674408
seasonal_ma3,hepatite,1,origin_202112,3554102,264,0.0,0.0
sarima,hepatite,1,origin_202112,3505708,264,0.0,0.6955523490905762
sarima,hepatite,1,origin_202112,3506003,264,0.0,1.0949496030807495
sarima,hepatite,1,origin_202112,3509502,264,1.0,1.0955567359924316
sarima,hepatite,1,origin_202112,3510609,264,1.0,0.30218806862831116
sarima,hepatite,1,origin_202112,3513801,264,0.0,-0.09021074324846268
sarima,hepatite,1,origin_202112,3518701,264,0.0,1.7681684312265133e-06
sarima,hepatite,1,origin_202112,3518800,264,0.0,6.187825425663096e-12
sarima,hepatite,1,origin_202112,3522208,264,0.0,0.010479185730218887
sarima,hepatite,1,origin_202112,3525904,264,0.0,0.12549015879631042
sarima,hepatite,1,origin_202112,3529401,264,0.0,9.087435692833878e-09
sarima,hepatite,1,origin_202112,3534401,264,0.0,-0.10758860409259796
sarima,hepatite,1,origin_202112,3536505,264,0.0,-0.011958751827478409
sarima,hepatite,1,origin_202112,3541000,264,0.0,0.0009306313586421311
sarima,hepatite,1,origin_202112,3543402,264,0.0,-0.0023611937649548054
sarima,hepatite,1,origin_202112,3547809,264,0.0,4.175959134045115e-07
sarima,hepatite,1,origin_202112,3548500,264,1.0,0.3926944136619568
sarima,hepatite,1,origin_202112,3548708,264,0.0,0.17164991796016693
sarima,hepatite,1,origin_202112,3549805,264,0.0,1.1214999198413955e-12
sarima,hepatite,1,origin_202112,3549904,264,0.0,1.9295182118739262e-10
sarima,hepatite,1,origin_202112,3550308,264,0.0,3.5755545628696676e-39
sarima,hepatite,1,origin_202112,3551009,264,0.0,9.234709636984917e-07
sarima,hepatite,1,origin_202112,3552205,264,0.0,0.006123943720012903
sarima,hepatite,1,origin_202112,3554102,264,0.0,0.0139653030782938
lgbm,hepatite,1,origin_202112,3505708,264,0.0,0.3620607610964681
lgbm,hepatite,1,origin_202112,3506003,264,0.0,1.2068763465882575
lgbm,hepatite,1,origin_202112,3509502,264,1.0,1.2520706777874948
lgbm,hepatite,1,origin_202112,3510609,264,1.0,0.2899662825745342
lgbm,hepatite,1,origin_202112,3513801,264,0.0,0.007433376515659799
lgbm,hepatite,1,origin_202112,3518701,264,0.0,0.006387829923861077
lgbm,hepatite,1,origin_202112,3518800,264,0.0,0.012421168903897538
lgbm,hepatite,1,origin_202112,3522208,264,0.0,0.035335045300260735
lgbm,hepatite,1,origin_202112,3525904,264,0.0,0.04946184291389518
lgbm,hepatite,1,origin_202112,3529401,264,0.0,0.010383182106856044
lgbm,hepatite,1,origin_202112,3534401,264,0.0,0.09566140049295152
lgbm,hepatite,1,origin_202112,3536505,264,0.0,0.024685242749786885
lgbm,hepatite,1,origin_202112,3541000,264,0.0,0.007777656595024942
lgbm,hepatite,1,origin_202112,3543402,264,0.0,0.011819998785501693
lgbm,hepatite,1,origin_202112,3547809,264,0.0,0.006941171740002159
lgbm,hepatite,1,origin_202112,3548500,264,1.0,0.29388600397987974
lgbm,hepatite,1,origin_202112,3548708,264,0.0,0.12011388329806574
lgbm,hepatite,1,origin_202112,3549805,264,0.0,0.006415849825730336
lgbm,hepatite,1,origin_202112,3549904,264,0.0,0.01065654628843384
lgbm,hepatite,1,origin_202112,3550308,264,0.0,0.010072856691143193
lgbm,hepatite,1,origin_202112,3551009,264,0.0,0.01645038615952652
lgbm,hepatite,1,origin_202112,3552205,264,0.0,0.03379832907663857
lgbm,hepatite,1,origin_202112,3554102,264,0.0,0.010882311610608703
catboost,hepatite,1,origin_202112,3505708,264,0.0,0.44600435377288694
catboost,hepatite,1,origin_202112,3506003,264,0.0,0.9800182087906775
catboost,hepatite,1,origin_202112,3509502,264,1.0,1.4505753340010925
catboost,hepatite,1,origin_202112,3510609,264,1.0,0.3272957280553679
catboost,hepatite,1,origin_202112,3513801,264,0.0,0.019813648004958252
catboost,hepatite,1,origin_202112,3518701,264,0.0,0.020445697171526254
catboost,hepatite,1,origin_202112,3518800,264,0.0,0.02064953496280988
catboost,hepatite,1,origin_202112,3522208,264,0.0,0.023179508242511308
catboost,hepatite,1,origin_202112,3525904,264,0.0,0.06742345817921315
catboost,hepatite,1,origin_202112,3529401,264,0.0,0.023381792337095003
catboost,hepatite,1,origin_202112,3534401,264,0.0,0.05842158609646872
catboost,hepatite,1,origin_202112,3536505,264,0.0,0.03089413378123742
catboost,hepatite,1,origin_202112,3541000,264,0.0,0.02088537740095014
catboost,hepatite,1,origin_202112,3543402,264,0.0,0.02803173891572475
catboost,hepatite,1,origin_202112,3547809,264,0.0,0.016506479489383507
catboost,hepatite,1,origin_202112,3548500,264,1.0,0.37313965669781096
catboost,hepatite,1,origin_202112,3548708,264,0.0,0.11101979139704801
catboost,hepatite,1,origin_202112,3549805,264,0.0,0.02495746183817233
catboost,hepatite,1,origin_202112,3549904,264,0.0,0.021583665181987437
catboost,hepatite,1,origin_202112,3550308,264,0.0,0.022598079574662304
catboost,hepatite,1,origin_202112,3551009,264,0.0,0.019901359131483432
catboost,hepatite,1,origin_202112,3552205,264,0.0,0.036810574745401975
catboost,hepatite,1,origin_202112,3554102,264,0.0,0.016950822502255977
xgboost,hepatite,1,origin_202112,3505708,264,0.0,0.37413910031318665
xgboost,hepatite,1,origin_202112,3506003,264,0.0,1.0719945430755615
xgboost,hepatite,1,origin_202112,3509502,264,1.0,1.4141396284103394
xgboost,hepatite,1,origin_202112,3510609,264,1.0,0.35539543628692627
xgboost,hepatite,1,origin_202112,3513801,264,0.0,0.006672400049865246
xgboost,hepatite,1,origin_202112,3518701,264,0.0,0.010603205300867558
xgboost,hepatite,1,origin_202112,3518800,264,0.0,0.022216107696294785
xgboost,hepatite,1,origin_202112,3522208,264,0.0,0.023860564455389977
xgboost,hepatite,1,origin_202112,3525904,264,0.0,0.05656346678733826
xgboost,hepatite,1,origin_202112,3529401,264,0.0,0.011275138705968857
xgboost,hepatite,1,origin_202112,3534401,264,0.0,0.10905488580465317
xgboost,hepatite,1,origin_202112,3536505,264,0.0,0.015265004709362984
xgboost,hepatite,1,origin_202112,3541000,264,0.0,0.007986526004970074
xgboost,hepatite,1,origin_202112,3543402,264,0.0,0.014062540605664253
xgboost,hepatite,1,origin_202112,3547809,264,0.0,0.010496798902750015
xgboost,hepatite,1,origin_202112,3548500,264,1.0,0.53965163230896
xgboost,hepatite,1,origin_202112,3548708,264,0.0,0.10837240517139435
xgboost,hepatite,1,origin_202112,3549805,264,0.0,0.009185840375721455
xgboost,hepatite,1,origin_202112,3549904,264,0.0,0.016945401206612587
xgboost,hepatite,1,origin_202112,3550308,264,0.0,0.01611894555389881
xgboost,hepatite,1,origin_202112,3551009,264,0.0,0.010748634114861488
xgboost,hepatite,1,origin_202112,3552205,264,0.0,0.03967340663075447
xgboost,hepatite,1,origin_202112,3554102,264,0.0,0.008899359032511711
prophet,hepatite,1,origin_202112,3505708,264,0.0,0.0
prophet,hepatite,1,origin_202112,3506003,264,0.0,0.19228805629169177
prophet,hepatite,1,origin_202112,3509502,264,1.0,0.9017246340155647
prophet,hepatite,1,origin_202112,3510609,264,1.0,0.0
prophet,hepatite,1,origin_202112,3513801,264,0.0,0.0
prophet,hepatite,1,origin_202112,3518701,264,0.0,0.0
prophet,hepatite,1,origin_202112,3518800,264,0.0,0.0
prophet,hepatite,1,origin_202112,3522208,264,0.0,0.0
prophet,hepatite,1,origin_202112,3525904,264,0.0,0.0
prophet,hepatite,1,origin_202112,3529401,264,0.0,0.0
prophet,hepatite,1,origin_202112,3534401,264,0.0,0.04141037320966194
prophet,hepatite,1,origin_202112,3536505,264,0.0,0.0
prophet,hepatite,1,origin_202112,3541000,264,0.0,0.0
prophet,hepatite,1,origin_202112,3543402,264,0.0,0.0
prophet,hepatite,1,origin_202112,3547809,264,0.0,0.0
prophet,hepatite,1,origin_202112,3548500,264,1.0,0.0
prophet,hepatite,1,origin_202112,3548708,264,0.0,0.0
prophet,hepatite,1,origin_202112,3549805,264,0.0,0.0
prophet,hepatite,1,origin_202112,3549904,264,0.0,0.0
prophet,hepatite,1,origin_202112,3550308,264,0.0,0.0
prophet,hepatite,1,origin_202112,3551009,264,0.0,0.0
prophet,hepatite,1,origin_202112,3552205,264,0.0,0.0
prophet,hepatite,1,origin_202112,3554102,264,0.0,0.0
seasonal_naive,hepatite,3,origin_202112,3505708,266,0.0,1.0
seasonal_naive,hepatite,3,origin_202112,3506003,266,0.0,2.0
seasonal_naive,hepatite,3,origin_202112,3509502,266,8.0,2.0
seasonal_naive,hepatite,3,origin_202112,3510609,266,0.0,0.0
seasonal_naive,hepatite,3,origin_202112,3513801,266,0.0,0.0
seasonal_naive,hepatite,3,origin_202112,3518701,266,0.0,0.0
seasonal_naive,hepatite,3,origin_202112,3518800,266,0.0,0.0
seasonal_naive,hepatite,3,origin_202112,3522208,266,0.0,0.0
seasonal_naive,hepatite,3,origin_202112,3525904,266,0.0,0.0
seasonal_naive,hepatite,3,origin_202112,3529401,266,0.0,0.0
seasonal_naive,hepatite,3,origin_202112,3534401,266,0.0,0.0
seasonal_naive,hepatite,3,origin_202112,3536505,266,0.0,0.0
seasonal_naive,hepatite,3,origin_202112,3541000,266,0.0,0.0
seasonal_naive,hepatite,3,origin_202112,3543402,266,0.0,0.0
seasonal_naive,hepatite,3,origin_202112,3547809,266,0.0,0.0
seasonal_naive,hepatite,3,origin_202112,3548500,266,0.0,0.0
seasonal_naive,hepatite,3,origin_202112,3548708,266,1.0,0.0
seasonal_naive,hepatite,3,origin_202112,3549805,266,0.0,0.0
seasonal_naive,hepatite,3,origin_202112,3549904,266,0.0,0.0
seasonal_naive,hepatite,3,origin_202112,3550308,266,0.0,0.0
seasonal_naive,hepatite,3,origin_202112,3551009,266,0.0,0.0
seasonal_naive,hepatite,3,origin_202112,3552205,266,0.0,0.0
seasonal_naive,hepatite,3,origin_202112,3554102,266,0.0,0.0
seasonal_ma3,hepatite,3,origin_202112,3505708,266,0.0,0.3333333432674408
seasonal_ma3,hepatite,3,origin_202112,3506003,266,0.0,1.0
seasonal_ma3,hepatite,3,origin_202112,3509502,266,8.0,2.0
seasonal_ma3,hepatite,3,origin_202112,3510609,266,0.0,0.3333333432674408
seasonal_ma3,hepatite,3,origin_202112,3513801,266,0.0,0.0
seasonal_ma3,hepatite,3,origin_202112,3518701,266,0.0,0.0
seasonal_ma3,hepatite,3,origin_202112,3518800,266,0.0,0.0
seasonal_ma3,hepatite,3,origin_202112,3522208,266,0.0,0.0
seasonal_ma3,hepatite,3,origin_202112,3525904,266,0.0,0.0
seasonal_ma3,hepatite,3,origin_202112,3529401,266,0.0,0.0
seasonal_ma3,hepatite,3,origin_202112,3534401,266,0.0,0.3333333432674408
seasonal_ma3,hepatite,3,origin_202112,3536505,266,0.0,0.0
seasonal_ma3,hepatite,3,origin_202112,3541000,266,0.0,0.0
seasonal_ma3,hepatite,3,origin_202112,3543402,266,0.0,0.0
seasonal_ma3,hepatite,3,origin_202112,3547809,266,0.0,0.0
seasonal_ma3,hepatite,3,origin_202112,3548500,266,0.0,0.6666666865348816
seasonal_ma3,hepatite,3,origin_202112,3548708,266,1.0,0.0
seasonal_ma3,hepatite,3,origin_202112,3549805,266,0.0,0.0
seasonal_ma3,hepatite,3,origin_202112,3549904,266,0.0,0.3333333432674408
seasonal_ma3,hepatite,3,origin_202112,3550308,266,0.0,0.0
seasonal_ma3,hepatite,3,origin_202112,3551009,266,0.0,0.0
seasonal_ma3,hepatite,3,origin_202112,3552205,266,0.0,0.0
seasonal_ma3,hepatite,3,origin_202112,3554102,266,0.0,0.0
sarima,hepatite,3,origin_202112,3505708,266,0.0,0.651141345500946
sarima,hepatite,3,origin_202112,3506003,266,0.0,0.9525146484375
sarima,hepatite,3,origin_202112,3509502,266,8.0,1.0955567359924316
sarima,hepatite,3,origin_202112,3510609,266,0.0,0.30218806862831116
sarima,hepatite,3,origin_202112,3513801,266,0.0,-0.12342040985822678
sarima,hepatite,3,origin_202112,3518701,266,0.0,2.1931248284090543e-06
sarima,hepatite,3,origin_202112,3518800,266,0.0,6.187825425663096e-12
sarima,hepatite,3,origin_202112,3522208,266,0.0,0.010479185730218887
sarima,hepatite,3,origin_202112,3525904,266,0.0,0.1087082177400589
sarima,hepatite,3,origin_202112,3529401,266,0.0,1.1549621703466073e-08
sarima,hepatite,3,origin_202112,3534401,266,0.0,0.12538091838359833
sarima,hepatite,3,origin_202112,3536505,266,0.0,-0.01257446501404047
sarima,hepatite,3,origin_202112,3541000,266,0.0,0.0011292056879028678
sarima,hepatite,3,origin_202112,3543402,266,0.0,-0.0022564216051250696
sarima,hepatite,3,origin_202112,3547809,266,0.0,4.175959134045115e-07
sarima,hepatite,3,origin_202112,3548500,266,0.0,0.43970978260040283
sarima,hepatite,3,origin_202112,3548708,266,1.0,0.173027902841568
sarima,hepatite,3,origin_202112,3549805,266,0.0,1.1211102575806042e-12
sarima,hepatite,3,origin_202112,3549904,266,0.0,1.9295182118739262e-10
sarima,hepatite,3,origin_202112,3550308,266,0.0,4.453535313095453e-39
sarima,hepatite,3,origin_202112,3551009,266,0.0,1.1184199593117228e-06
sarima,hepatite,3,origin_202112,3552205,266,0.0,0.00683948677033186
sarima,hepatite,3,origin_202112,3554102,266,0.0,0.0139653030782938
lgbm,hepatite,3,origin_202112,3505708,266,0.0,0.2986750138721884
lgbm,hepatite,3,origin_202112,3506003,266,0.0,1.8724811858338692
lgbm,hepatite,3,origin_202112,3509502,266,8.0,1.4716576664564376
lgbm,hepatite,3,origin_202112,3510609,266,0.0,0.33637878426908
lgbm,hepatite,3,origin_202112,3513801,266,0.0,0.007327640446538091
lgbm,hepatite,3,origin_202112,3518701,266,0.0,0.0121835033736811
lgbm,hepatite,3,origin_202112,3518800,266,0.0,0.025487444493757925
lgbm,hepatite,3,origin_202112,3522208,266,0.0,0.018443697571493025
lgbm,hepatite,3,origin_202112,3525904,266,0.0,0.07397409862287917
lgbm,hepatite,3,origin_202112,3529401,266,0.0,0.01009693330852534
lgbm,hepatite,3,origin_202112,3534401,266,0.0,0.11667293808979952
lgbm,hepatite,3,origin_202112,3536505,266,0.0,0.019565106987721206
lgbm,hepatite,3,origin_202112,3541000,266,0.0,0.011120085234249311
lgbm,hepatite,3,origin_202112,3543402,266,0.0,0.019914321057651164
lgbm,hepatite,3,origin_202112,3547809,266,0.0,0.01283759847263351
lgbm,hepatite,3,origin_202112,3548500,266,0.0,0.6335190887899522
lgbm,hepatite,3,origin_202112,3548708,266,1.0,0.13632897640203134
lgbm,hepatite,3,origin_202112,3549805,266,0.0,0.008882465496123457
lgbm,hepatite,3,origin_202112,3549904,266,0.0,0.016533058315114355
lgbm,hepatite,3,origin_202112,3550308,266,0.0,0.017556123807907564
lgbm,hepatite,3,origin_202112,3551009,266,0.0,0.011628433513195148
lgbm,hepatite,3,origin_202112,3552205,266,0.0,0.06987490129492957
lgbm,hepatite,3,origin_202112,3554102,266,0.0,0.011905520117682991
catboost,hepatite,3,origin_202112,3505708,266,0.0,0.5361308625595105
catboost,hepatite,3,origin_202112,3506003,266,0.0,1.616508866206307
catboost,hepatite,3,origin_202112,3509502,266,8.0,1.203112359542969
catboost,hepatite,3,origin_202112,3510609,266,0.0,0.3729975413453066
catboost,hepatite,3,origin_202112,3513801,266,0.0,0.02159669273844878
catboost,hepatite,3,origin_202112,3518701,266,0.0,0.02860468031499916
catboost,hepatite,3,origin_202112,3518800,266,0.0,0.025343519168854158
catboost,hepatite,3,origin_202112,3522208,266,0.0,0.03676267808997631
catboost,hepatite,3,origin_202112,3525904,266,0.0,0.08993648631312473
catboost,hepatite,3,origin_202112,3529401,266,0.0,0.036931834885747736
catboost,hepatite,3,origin_202112,3534401,266,0.0,0.06908333543423616
catboost,hepatite,3,origin_202112,3536505,266,0.0,0.030206814378572013
catboost,hepatite,3,origin_202112,3541000,266,0.0,0.031124317142565267
catboost,hepatite,3,origin_202112,3543402,266,0.0,0.03253674293312807
catboost,hepatite,3,origin_202112,3547809,266,0.0,0.025292450732443437
catboost,hepatite,3,origin_202112,3548500,266,0.0,0.591256384106952
catboost,hepatite,3,origin_202112,3548708,266,1.0,0.16845296227054893
catboost,hepatite,3,origin_202112,3549805,266,0.0,0.018287088911273112
catboost,hepatite,3,origin_202112,3549904,266,0.0,0.040708642728271904
catboost,hepatite,3,origin_202112,3550308,266,0.0,0.03092781575405236
catboost,hepatite,3,origin_202112,3551009,266,0.0,0.032946952984591216
catboost,hepatite,3,origin_202112,3552205,266,0.0,0.05195026055553308
catboost,hepatite,3,origin_202112,3554102,266,0.0,0.032881527892862694
xgboost,hepatite,3,origin_202112,3505708,266,0.0,0.3921653926372528
xgboost,hepatite,3,origin_202112,3506003,266,0.0,1.8191461563110352
xgboost,hepatite,3,origin_202112,3509502,266,8.0,1.5416253805160522
xgboost,hepatite,3,origin_202112,3510609,266,0.0,0.4037368893623352
xgboost,hepatite,3,origin_202112,3513801,266,0.0,0.00529832998290658
xgboost,hepatite,3,origin_202112,3518701,266,0.0,0.013384412974119186
xgboost,hepatite,3,origin_202112,3518800,266,0.0,0.020701739937067032
xgboost,hepatite,3,origin_202112,3522208,266,0.0,0.02178456075489521
xgboost,hepatite,3,origin_202112,3525904,266,0.0,0.0549846850335598
xgboost,hepatite,3,origin_202112,3529401,266,0.0,0.010721866972744465
xgboost,hepatite,3,origin_202112,3534401,266,0.0,0.05818253383040428
xgboost,hepatite,3,origin_202112,3536505,266,0.0,0.014490576460957527
xgboost,hepatite,3,origin_202112,3541000,266,0.0,0.010727466084063053
xgboost,hepatite,3,origin_202112,3543402,266,0.0,0.021208707243204117
xgboost,hepatite,3,origin_202112,3547809,266,0.0,0.01338720228523016
xgboost,hepatite,3,origin_202112,3548500,266,0.0,1.1905673742294312
xgboost,hepatite,3,origin_202112,3548708,266,1.0,0.14253973960876465
xgboost,hepatite,3,origin_202112,3549805,266,0.0,0.006894434802234173
xgboost,hepatite,3,origin_202112,3549904,266,0.0,0.021974291652441025
xgboost,hepatite,3,origin_202112,3550308,266,0.0,0.01574244350194931
xgboost,hepatite,3,origin_202112,3551009,266,0.0,0.014432128518819809
xgboost,hepatite,3,origin_202112,3552205,266,0.0,0.043633393943309784
xgboost,hepatite,3,origin_202112,3554102,266,0.0,0.012140808627009392
prophet,hepatite,3,origin_202112,3505708,266,0.0,0.15110147475381513
prophet,hepatite,3,origin_202112,3506003,266,0.0,0.5850879398544919
prophet,hepatite,3,origin_202112,3509502,266,8.0,1.1709718561933262
prophet,hepatite,3,origin_202112,3510609,266,0.0,0.0
prophet,hepatite,3,origin_202112,3513801,266,0.0,0.0
prophet,hepatite,3,origin_202112,3518701,266,0.0,0.0
prophet,hepatite,3,origin_202112,3518800,266,0.0,0.0
prophet,hepatite,3,origin_202112,3522208,266,0.0,0.0
prophet,hepatite,3,origin_202112,3525904,266,0.0,0.0
prophet,hepatite,3,origin_202112,3529401,266,0.0,0.0
prophet,hepatite,3,origin_202112,3534401,266,0.0,0.12688781389682305
prophet,hepatite,3,origin_202112,3536505,266,0.0,0.0
prophet,hepatite,3,origin_202112,3541000,266,0.0,0.0
prophet,hepatite,3,origin_202112,3543402,266,0.0,0.0
prophet,hepatite,3,origin_202112,3547809,266,0.0,0.0
prophet,hepatite,3,origin_202112,3548500,266,0.0,0.0
prophet,hepatite,3,origin_202112,3548708,266,1.0,0.13410830374866706
prophet,hepatite,3,origin_202112,3549805,266,0.0,0.0
prophet,hepatite,3,origin_202112,3549904,266,0.0,0.0
prophet,hepatite,3,origin_202112,3550308,266,0.0,0.0
prophet,hepatite,3,origin_202112,3551009,266,0.0,0.0
prophet,hepatite,3,origin_202112,3552205,266,0.0,0.0
prophet,hepatite,3,origin_202112,3554102,266,0.0,0.38542651301439174
seasonal_naive,hepatite,6,origin_202112,3505708,269,0.0,0.0
seasonal_naive,hepatite,6,origin_202112,3506003,269,0.0,1.0
seasonal_naive,hepatite,6,origin_202112,3509502,269,1.0,1.0
seasonal_naive,hepatite,6,origin_202112,3510609,269,0.0,0.0
seasonal_naive,hepatite,6,origin_202112,3513801,269,0.0,0.0
seasonal_naive,hepatite,6,origin_202112,3518701,269,0.0,0.0
seasonal_naive,hepatite,6,origin_202112,3518800,269,0.0,0.0
seasonal_naive,hepatite,6,origin_202112,3522208,269,0.0,0.0
seasonal_naive,hepatite,6,origin_202112,3525904,269,0.0,0.0
seasonal_naive,hepatite,6,origin_202112,3529401,269,0.0,0.0
seasonal_naive,hepatite,6,origin_202112,3534401,269,0.0,0.0
seasonal_naive,hepatite,6,origin_202112,3536505,269,1.0,0.0
seasonal_naive,hepatite,6,origin_202112,3541000,269,0.0,0.0
seasonal_naive,hepatite,6,origin_202112,3543402,269,0.0,0.0
seasonal_naive,hepatite,6,origin_202112,3547809,269,0.0,0.0
seasonal_naive,hepatite,6,origin_202112,3548500,269,2.0,0.0
seasonal_naive,hepatite,6,origin_202112,3548708,269,0.0,1.0
seasonal_naive,hepatite,6,origin_202112,3549805,269,0.0,0.0
seasonal_naive,hepatite,6,origin_202112,3549904,269,0.0,0.0
seasonal_naive,hepatite,6,origin_202112,3550308,269,0.0,0.0
seasonal_naive,hepatite,6,origin_202112,3551009,269,1.0,0.0
seasonal_naive,hepatite,6,origin_202112,3552205,269,0.0,0.0
seasonal_naive,hepatite,6,origin_202112,3554102,269,0.0,0.0
seasonal_ma3,hepatite,6,origin_202112,3505708,269,0.0,0.3333333432674408
seasonal_ma3,hepatite,6,origin_202112,3506003,269,0.0,0.3333333432674408
seasonal_ma3,hepatite,6,origin_202112,3509502,269,1.0,1.0
seasonal_ma3,hepatite,6,origin_202112,3510609,269,0.0,0.3333333432674408
seasonal_ma3,hepatite,6,origin_202112,3513801,269,0.0,0.0
seasonal_ma3,hepatite,6,origin_202112,3518701,269,0.0,0.0
seasonal_ma3,hepatite,6,origin_202112,3518800,269,0.0,0.0
seasonal_ma3,hepatite,6,origin_202112,3522208,269,0.0,0.0
seasonal_ma3,hepatite,6,origin_202112,3525904,269,0.0,0.0
seasonal_ma3,hepatite,6,origin_202112,3529401,269,0.0,0.0
seasonal_ma3,hepatite,6,origin_202112,3534401,269,0.0,0.3333333432674408
seasonal_ma3,hepatite,6,origin_202112,3536505,269,1.0,0.0
seasonal_ma3,hepatite,6,origin_202112,3541000,269,0.0,0.0
seasonal_ma3,hepatite,6,origin_202112,3543402,269,0.0,0.0
seasonal_ma3,hepatite,6,origin_202112,3547809,269,0.0,0.0
seasonal_ma3,hepatite,6,origin_202112,3548500,269,2.0,0.0
seasonal_ma3,hepatite,6,origin_202112,3548708,269,0.0,0.6666666865348816
seasonal_ma3,hepatite,6,origin_202112,3549805,269,0.0,0.0
seasonal_ma3,hepatite,6,origin_202112,3549904,269,0.0,0.6666666865348816
seasonal_ma3,hepatite,6,origin_202112,3550308,269,0.0,0.0
seasonal_ma3,hepatite,6,origin_202112,3551009,269,1.0,0.0
seasonal_ma3,hepatite,6,origin_202112,3552205,269,0.0,0.0
seasonal_ma3,hepatite,6,origin_202112,3554102,269,0.0,0.0
sarima,hepatite,6,origin_202112,3505708,269,0.0,0.7002592086791992
sarima,hepatite,6,origin_202112,3506003,269,0.0,0.9525146484375
sarima,hepatite,6,origin_202112,3509502,269,1.0,1.0955567359924316
sarima,hepatite,6,origin_202112,3510609,269,0.0,0.30218806862831116
sarima,hepatite,6,origin_202112,3513801,269,0.0,-0.13235625624656677
sarima,hepatite,6,origin_202112,3518701,269,0.0,2.2107333279564045e-06
sarima,hepatite,6,origin_202112,3518800,269,0.0,6.187825425663096e-12
sarima,hepatite,6,origin_202112,3522208,269,0.0,0.010479185730218887
sarima,hepatite,6,origin_202112,3525904,269,0.0,0.1087082177400589
sarima,hepatite,6,origin_202112,3529401,269,0.0,1.1549621703466073e-08
sarima,hepatite,6,origin_202112,3534401,269,0.0,0.12174252420663834
sarima,hepatite,6,origin_202112,3536505,269,1.0,-0.016169123351573944
sarima,hepatite,6,origin_202112,3541000,269,0.0,0.0011641710298135877
sarima,hepatite,6,origin_202112,3543402,269,0.0,0.001479524071328342
sarima,hepatite,6,origin_202112,3547809,269,0.0,4.175959134045115e-07
sarima,hepatite,6,origin_202112,3548500,269,2.0,0.47055578231811523
sarima,hepatite,6,origin_202112,3548708,269,0.0,0.09417413175106049
sarima,hepatite,6,origin_202112,3549805,269,0.0,1.1212015474035275e-12
sarima,hepatite,6,origin_202112,3549904,269,0.0,1.9295182118739262e-10
sarima,hepatite,6,origin_202112,3550308,269,0.0,4.453535313095453e-39
sarima,hepatite,6,origin_202112,3551009,269,1.0,1.1184199593117228e-06
sarima,hepatite,6,origin_202112,3552205,269,0.0,0.00683948677033186
sarima,hepatite,6,origin_202112,3554102,269,0.0,0.0139653030782938
lgbm,hepatite,6,origin_202112,3505708,269,0.0,0.3374607578329622
lgbm,hepatite,6,origin_202112,3506003,269,0.0,1.3788012788213548
lgbm,hepatite,6,origin_202112,3509502,269,1.0,1.3342790687774657
lgbm,hepatite,6,origin_202112,3510609,269,0.0,0.39740861778034453
lgbm,hepatite,6,origin_202112,3513801,269,0.0,0.007116474050285882
lgbm,hepatite,6,origin_202112,3518701,269,0.0,0.011215441764606567
lgbm,hepatite,6,origin_202112,3518800,269,0.0,0.016499178038311746
lgbm,hepatite,6,origin_202112,3522208,269,0.0,0.022962223901691028
lgbm,hepatite,6,origin_202112,3525904,269,0.0,0.05046571037271904
lgbm,hepatite,6,origin_202112,3529401,269,0.0,0.010203456643648868
lgbm,hepatite,6,origin_202112,3534401,269,0.0,0.20680793740839726
lgbm,hepatite,6,origin_202112,3536505,269,1.0,0.03219115280898401
lgbm,hepatite,6,origin_202112,3541000,269,0.0,0.008693082121963132
lgbm,hepatite,6,origin_202112,3543402,269,0.0,0.014527146403746931
lgbm,hepatite,6,origin_202112,3547809,269,0.0,0.015196867252330413
lgbm,hepatite,6,origin_202112,3548500,269,2.0,0.4699654134071467
lgbm,hepatite,6,origin_202112,3548708,269,0.0,0.2814018020095622
lgbm,hepatite,6,origin_202112,3549805,269,0.0,0.010769022983718735
lgbm,hepatite,6,origin_202112,3549904,269,0.0,0.011613095379838623
lgbm,hepatite,6,origin_202112,3550308,269,0.0,0.01524189048003094
lgbm,hepatite,6,origin_202112,3551009,269,1.0,0.011353905430025233
lgbm,hepatite,6,origin_202112,3552205,269,0.0,0.04745281947065971
lgbm,hepatite,6,origin_202112,3554102,269,0.0,0.009576962123612264
catboost,hepatite,6,origin_202112,3505708,269,0.0,0.5432198769851514
catboost,hepatite,6,origin_202112,3506003,269,0.0,1.6902535405749337
catboost,hepatite,6,origin_202112,3509502,269,1.0,1.883598527480273
catboost,hepatite,6,origin_202112,3510609,269,0.0,0.2659889156566136
catboost,hepatite,6,origin_202112,3513801,269,0.0,0.03111173297896688
catboost,hepatite,6,origin_202112,3518701,269,0.0,0.025955731686767763
catboost,hepatite,6,origin_202112,3518800,269,0.0,0.02956184011558641
catboost,hepatite,6,origin_202112,3522208,269,0.0,0.04719361125927556
catboost,hepatite,6,origin_202112,3525904,269,0.0,0.1007894914368656
catboost,hepatite,6,origin_202112,3529401,269,0.0,0.04153554537088082
catboost,hepatite,6,origin_202112,3534401,269,0.0,0.11228472032637216
catboost,hepatite,6,origin_202112,3536505,269,1.0,0.04621952074735747
catboost,hepatite,6,origin_202112,3541000,269,0.0,0.02312128272131932
catboost,hepatite,6,origin_202112,3543402,269,0.0,0.017037998731097348
catboost,hepatite,6,origin_202112,3547809,269,0.0,0.03591718325013109
catboost,hepatite,6,origin_202112,3548500,269,2.0,0.35122084575384965
catboost,hepatite,6,origin_202112,3548708,269,0.0,0.1832330491054293
catboost,hepatite,6,origin_202112,3549805,269,0.0,0.01825063950192095
catboost,hepatite,6,origin_202112,3549904,269,0.0,0.039711216186990764
catboost,hepatite,6,origin_202112,3550308,269,0.0,0.031423153107786775
catboost,hepatite,6,origin_202112,3551009,269,1.0,0.026107872921390773
catboost,hepatite,6,origin_202112,3552205,269,0.0,0.042211064846318126
catboost,hepatite,6,origin_202112,3554102,269,0.0,0.03516616949564405
xgboost,hepatite,6,origin_202112,3505708,269,0.0,0.4678933322429657
xgboost,hepatite,6,origin_202112,3506003,269,0.0,1.297195553779602
xgboost,hepatite,6,origin_202112,3509502,269,1.0,1.3382079601287842
xgboost,hepatite,6,origin_202112,3510609,269,0.0,0.41506609320640564
xgboost,hepatite,6,origin_202112,3513801,269,0.0,0.006760629825294018
xgboost,hepatite,6,origin_202112,3518701,269,0.0,0.010777189396321774
xgboost,hepatite,6,origin_202112,3518800,269,0.0,0.017893029376864433
xgboost,hepatite,6,origin_202112,3522208,269,0.0,0.03203072026371956
xgboost,hepatite,6,origin_202112,3525904,269,0.0,0.05072934553027153
xgboost,hepatite,6,origin_202112,3529401,269,0.0,0.013043216429650784
xgboost,hepatite,6,origin_202112,3534401,269,0.0,0.07099281251430511
xgboost,hepatite,6,origin_202112,3536505,269,1.0,0.03283363953232765
xgboost,hepatite,6,origin_202112,3541000,269,0.0,0.01051971223205328
xgboost,hepatite,6,origin_202112,3543402,269,0.0,0.014234812930226326
xgboost,hepatite,6,origin_202112,3547809,269,0.0,0.022748049348592758
xgboost,hepatite,6,origin_202112,3548500,269,2.0,0.5672857761383057
xgboost,hepatite,6,origin_202112,3548708,269,0.0,0.25031545758247375
xgboost,hepatite,6,origin_202112,3549805,269,0.0,0.013202492147684097
xgboost,hepatite,6,origin_202112,3549904,269,0.0,0.026386387646198273
xgboost,hepatite,6,origin_202112,3550308,269,0.0,0.02481672167778015
xgboost,hepatite,6,origin_202112,3551009,269,1.0,0.01007771398872137
xgboost,hepatite,6,origin_202112,3552205,269,0.0,0.04406455159187317
xgboost,hepatite,6,origin_202112,3554102,269,0.0,0.011909515596926212
prophet,hepatite,6,origin_202112,3505708,269,0.0,0.5576797678142188
prophet,hepatite,6,origin_202112,3506003,269,0.0,0.29113095116210186
prophet,hepatite,6,origin_202112,3509502,269,1.0,1.1440639590644617
prophet,hepatite,6,origin_202112,3510609,269,0.0,0.0
prophet,hepatite,6,origin_202112,3513801,269,0.0,0.0
prophet,hepatite,6,origin_202112,3518701,269,0.0,0.08798232574458609
prophet,hepatite,6,origin_202112,3518800,269,0.0,0.0
prophet,hepatite,6,origin_202112,3522208,269,0.0,0.025212676849470095
prophet,hepatite,6,origin_202112,3525904,269,0.0,0.0
prophet,hepatite,6,origin_202112,3529401,269,0.0,0.0
prophet,hepatite,6,origin_202112,3534401,269,0.0,0.4461288788503158
prophet,hepatite,6,origin_202112,3536505,269,1.0,0.0
prophet,hepatite,6,origin_202112,3541000,269,0.0,0.0
prophet,hepatite,6,origin_202112,3543402,269,0.0,0.0
prophet,hepatite,6,origin_202112,3547809,269,0.0,0.0
prophet,hepatite,6,origin_202112,3548500,269,2.0,0.4198600186473822
prophet,hepatite,6,origin_202112,3548708,269,0.0,0.008976303028043697
prophet,hepatite,6,origin_202112,3549805,269,0.0,0.0
prophet,hepatite,6,origin_202112,3549904,269,0.0,0.0
prophet,hepatite,6,origin_202112,3550308,269,0.0,0.0
prophet,hepatite,6,origin_202112,3551009,269,1.0,0.0
prophet,hepatite,6,origin_202112,3552205,269,0.0,0.0
prophet,hepatite,6,origin_202112,3554102,269,0.0,0.0
seasonal_naive,hepatite,12,origin_202112,3505708,275,0.0,0.0
seasonal_naive,hepatite,12,origin_202112,3506003,275,0.0,0.0
seasonal_naive,hepatite,12,origin_202112,3509502,275,8.0,2.0
seasonal_naive,hepatite,12,origin_202112,3510609,275,0.0,0.0
seasonal_naive,hepatite,12,origin_202112,3513801,275,0.0,0.0
seasonal_naive,hepatite,12,origin_202112,3518701,275,0.0,0.0
seasonal_naive,hepatite,12,origin_202112,3518800,275,0.0,0.0
seasonal_naive,hepatite,12,origin_202112,3522208,275,0.0,0.0
seasonal_naive,hepatite,12,origin_202112,3525904,275,0.0,0.0
seasonal_naive,hepatite,12,origin_202112,3529401,275,0.0,0.0
seasonal_naive,hepatite,12,origin_202112,3534401,275,0.0,0.0
seasonal_naive,hepatite,12,origin_202112,3536505,275,0.0,0.0
seasonal_naive,hepatite,12,origin_202112,3541000,275,0.0,0.0
seasonal_naive,hepatite,12,origin_202112,3543402,275,0.0,0.0
seasonal_naive,hepatite,12,origin_202112,3547809,275,0.0,0.0
seasonal_naive,hepatite,12,origin_202112,3548500,275,0.0,0.0
seasonal_naive,hepatite,12,origin_202112,3548708,275,0.0,0.0
seasonal_naive,hepatite,12,origin_202112,3549805,275,0.0,0.0
seasonal_naive,hepatite,12,origin_202112,3549904,275,0.0,0.0
seasonal_naive,hepatite,12,origin_202112,3550308,275,0.0,0.0
seasonal_naive,hepatite,12,origin_202112,3551009,275,0.0,0.0
seasonal_naive,hepatite,12,origin_202112,3552205,275,0.0,0.0
seasonal_naive,hepatite,12,origin_202112,3554102,275,0.0,0.0
seasonal_ma3,hepatite,12,origin_202112,3505708,275,0.0,0.6666666865348816
seasonal_ma3,hepatite,12,origin_202112,3506003,275,0.0,1.0
seasonal_ma3,hepatite,12,origin_202112,3509502,275,8.0,1.6666666269302368
seasonal_ma3,hepatite,12,origin_202112,3510609,275,0.0,0.0
seasonal_ma3,hepatite,12,origin_202112,3513801,275,0.0,0.0
seasonal_ma3,hepatite,12,origin_202112,3518701,275,0.0,0.0
seasonal_ma3,hepatite,12,origin_202112,3518800,275,0.0,0.0
seasonal_ma3,hepatite,12,origin_202112,3522208,275,0.0,0.0
seasonal_ma3,hepatite,12,origin_202112,3525904,275,0.0,0.0
seasonal_ma3,hepatite,12,origin_202112,3529401,275,0.0,0.0
seasonal_ma3,hepatite,12,origin_202112,3534401,275,0.0,0.6666666865348816
seasonal_ma3,hepatite,12,origin_202112,3536505,275,0.0,0.0
seasonal_ma3,hepatite,12,origin_202112,3541000,275,0.0,0.0
seasonal_ma3,hepatite,12,origin_202112,3543402,275,0.0,0.0
seasonal_ma3,hepatite,12,origin_202112,3547809,275,0.0,0.0
seasonal_ma3,hepatite,12,origin_202112,3548500,275,0.0,0.6666666865348816
seasonal_ma3,hepatite,12,origin_202112,3548708,275,0.0,0.0
seasonal_ma3,hepatite,12,origin_202112,3549805,275,0.0,0.0
seasonal_ma3,hepatite,12,origin_202112,3549904,275,0.0,0.0
seasonal_ma3,hepatite,12,origin_202112,3550308,275,0.0,0.0
seasonal_ma3,hepatite,12,origin_202112,3551009,275,0.0,0.0
seasonal_ma3,hepatite,12,origin_202112,3552205,275,0.0,0.0
seasonal_ma3,hepatite,12,origin_202112,3554102,275,0.0,0.0
sarima,hepatite,12,origin_202112,3505708,275,0.0,0.768105149269104
sarima,hepatite,12,origin_202112,3506003,275,0.0,0.9525146484375
sarima,hepatite,12,origin_202112,3509502,275,8.0,1.0955567359924316
sarima,hepatite,12,origin_202112,3510609,275,0.0,0.30218806862831116
sarima,hepatite,12,origin_202112,3513801,275,0.0,-0.15979120135307312
sarima,hepatite,12,origin_202112,3518701,275,0.0,2.2108758912509074e-06
sarima,hepatite,12,origin_202112,3518800,275,0.0,6.187825425663096e-12
sarima,hepatite,12,origin_202112,3522208,275,0.0,0.010479185730218887
sarima,hepatite,12,origin_202112,3525904,275,0.0,0.1087082177400589
sarima,hepatite,12,origin_202112,3529401,275,0.0,1.1549621703466073e-08
sarima,hepatite,12,origin_202112,3534401,275,0.0,-0.030264798551797867
sarima,hepatite,12,origin_202112,3536505,275,0.0,-0.020167645066976547
sarima,hepatite,12,origin_202112,3541000,275,0.0,0.0011807456612586975
sarima,hepatite,12,origin_202112,3543402,275,0.0,0.0012177791213616729
sarima,hepatite,12,origin_202112,3547809,275,0.0,4.175959134045115e-07
sarima,hepatite,12,origin_202112,3548500,275,0.0,0.4856720566749573
sarima,hepatite,12,origin_202112,3548708,275,0.0,0.16730357706546783
sarima,hepatite,12,origin_202112,3549805,275,0.0,1.1217164350152409e-12
sarima,hepatite,12,origin_202112,3549904,275,0.0,1.9295182118739262e-10
sarima,hepatite,12,origin_202112,3550308,275,0.0,4.453535313095453e-39
sarima,hepatite,12,origin_202112,3551009,275,0.0,1.1184199593117228e-06
sarima,hepatite,12,origin_202112,3552205,275,0.0,0.00683948677033186
sarima,hepatite,12,origin_202112,3554102,275,0.0,0.0139653030782938
lgbm,hepatite,12,origin_202112,3505708,275,0.0,0.6623711091323287
lgbm,hepatite,12,origin_202112,3506003,275,0.0,1.4469629512776494
lgbm,hepatite,12,origin_202112,3509502,275,8.0,1.800626715976238
lgbm,hepatite,12,origin_202112,3510609,275,0.0,0.2836875260110693
lgbm,hepatite,12,origin_202112,3513801,275,0.0,0.009875932636912041
lgbm,hepatite,12,origin_202112,3518701,275,0.0,0.010616078937026556
lgbm,hepatite,12,origin_202112,3518800,275,0.0,0.021995551836968438
lgbm,hepatite,12,origin_202112,3522208,275,0.0,0.026182075779565675
lgbm,hepatite,12,origin_202112,3525904,275,0.0,0.03782862263774507
lgbm,hepatite,12,origin_202112,3529401,275,0.0,0.011183037181809621
lgbm,hepatite,12,origin_202112,3534401,275,0.0,0.08067218226061096
lgbm,hepatite,12,origin_202112,3536505,275,0.0,0.01890363929908283
lgbm,hepatite,12,origin_202112,3541000,275,0.0,0.010935477384636036
lgbm,hepatite,12,origin_202112,3543402,275,0.0,0.011513655963197946
lgbm,hepatite,12,origin_202112,3547809,275,0.0,0.012991881305257575
lgbm,hepatite,12,origin_202112,3548500,275,0.0,0.36288705479609723
lgbm,hepatite,12,origin_202112,3548708,275,0.0,0.15894131974748588
lgbm,hepatite,12,origin_202112,3549805,275,0.0,0.009228722801520154
lgbm,hepatite,12,origin_202112,3549904,275,0.0,0.013646306901917725
lgbm,hepatite,12,origin_202112,3550308,275,0.0,0.014362693740361164
lgbm,hepatite,12,origin_202112,3551009,275,0.0,0.013009131245075587
lgbm,hepatite,12,origin_202112,3552205,275,0.0,0.02869985915813435
lgbm,hepatite,12,origin_202112,3554102,275,0.0,0.012761638416459596
catboost,hepatite,12,origin_202112,3505708,275,0.0,0.5514816403573748
catboost,hepatite,12,origin_202112,3506003,275,0.0,1.8810509551538983
catboost,hepatite,12,origin_202112,3509502,275,8.0,1.7708209983405847
catboost,hepatite,12,origin_202112,3510609,275,0.0,0.3156408580937664
catboost,hepatite,12,origin_202112,3513801,275,0.0,0.03353228976329157
catboost,hepatite,12,origin_202112,3518701,275,0.0,0.017292079063799884
catboost,hepatite,12,origin_202112,3518800,275,0.0,0.036341651614479234
catboost,hepatite,12,origin_202112,3522208,275,0.0,0.06224189345377792
catboost,hepatite,12,origin_202112,3525904,275,0.0,0.052228875162542536
catboost,hepatite,12,origin_202112,3529401,275,0.0,0.033090401118066624
catboost,hepatite,12,origin_202112,3534401,275,0.0,0.08238283585800461
catboost,hepatite,12,origin_202112,3536505,275,0.0,0.03922272909013457
catboost,hepatite,12,origin_202112,3541000,275,0.0,0.017368076332922953
catboost,hepatite,12,origin_202112,3543402,275,0.0,0.02080606404439192
catboost,hepatite,12,origin_202112,3547809,275,0.0,0.03291971622800712
catboost,hepatite,12,origin_202112,3548500,275,0.0,0.3327358562867504
catboost,hepatite,12,origin_202112,3548708,275,0.0,0.11959976320043351
catboost,hepatite,12,origin_202112,3549805,275,0.0,0.015061610337423864
catboost,hepatite,12,origin_202112,3549904,275,0.0,0.03864799132601377
catboost,hepatite,12,origin_202112,3550308,275,0.0,0.027556319778312945
catboost,hepatite,12,origin_202112,3551009,275,0.0,0.02299135271483918
catboost,hepatite,12,origin_202112,3552205,275,0.0,0.04623398294881155
catboost,hepatite,12,origin_202112,3554102,275,0.0,0.03667195426849292
xgboost,hepatite,12,origin_202112,3505708,275,0.0,0.4673020541667938
xgboost,hepatite,12,origin_202112,3506003,275,0.0,1.1900142431259155
xgboost,hepatite,12,origin_202112,3509502,275,8.0,1.6498863697052002
xgboost,hepatite,12,origin_202112,3510609,275,0.0,0.2646915316581726
xgboost,hepatite,12,origin_202112,3513801,275,0.0,0.007374887354671955
xgboost,hepatite,12,origin_202112,3518701,275,0.0,0.011582068167626858
xgboost,hepatite,12,origin_202112,3518800,275,0.0,0.022752655670046806
xgboost,hepatite,12,origin_202112,3522208,275,0.0,0.02958141826093197
xgboost,hepatite,12,origin_202112,3525904,275,0.0,0.028044896200299263
xgboost,hepatite,12,origin_202112,3529401,275,0.0,0.01096722949296236
xgboost,hepatite,12,origin_202112,3534401,275,0.0,0.079524464905262
xgboost,hepatite,12,origin_202112,3536505,275,0.0,0.014280138537287712
xgboost,hepatite,12,origin_202112,3541000,275,0.0,0.009893199428915977
xgboost,hepatite,12,origin_202112,3543402,275,0.0,0.011629029177129269
xgboost,hepatite,12,origin_202112,3547809,275,0.0,0.01245449110865593
xgboost,hepatite,12,origin_202112,3548500,275,0.0,0.3704264461994171
xgboost,hepatite,12,origin_202112,3548708,275,0.0,0.21982844173908234
xgboost,hepatite,12,origin_202112,3549805,275,0.0,0.009100272320210934
xgboost,hepatite,12,origin_202112,3549904,275,0.0,0.014735806733369827
xgboost,hepatite,12,origin_202112,3550308,275,0.0,0.01279529370367527
xgboost,hepatite,12,origin_202112,3551009,275,0.0,0.015483376570045948
xgboost,hepatite,12,origin_202112,3552205,275,0.0,0.04010389372706413
xgboost,hepatite,12,origin_202112,3554102,275,0.0,0.016346266493201256
prophet,hepatite,12,origin_202112,3505708,275,0.0,0.13816654957904173
prophet,hepatite,12,origin_202112,3506003,275,0.0,0.0
prophet,hepatite,12,origin_202112,3509502,275,8.0,1.0902305733068498
prophet,hepatite,12,origin_202112,3510609,275,0.0,0.32622558944842955
prophet,hepatite,12,origin_202112,3513801,275,0.0,0.0
prophet,hepatite,12,origin_202112,3518701,275,0.0,0.0
prophet,hepatite,12,origin_202112,3518800,275,0.0,0.0
prophet,hepatite,12,origin_202112,3522208,275,0.0,0.0
prophet,hepatite,12,origin_202112,3525904,275,0.0,0.0
prophet,hepatite,12,origin_202112,3529401,275,0.0,0.0
prophet,hepatite,12,origin_202112,3534401,275,0.0,0.11046712392475076
prophet,hepatite,12,origin_202112,3536505,275,0.0,0.0
prophet,hepatite,12,origin_202112,3541000,275,0.0,0.0
prophet,hepatite,12,origin_202112,3543402,275,0.0,0.0
prophet,hepatite,12,origin_202112,3547809,275,0.0,0.0
prophet,hepatite,12,origin_202112,3548500,275,0.0,0.0
prophet,hepatite,12,origin_202112,3548708,275,0.0,0.0
prophet,hepatite,12,origin_202112,3549805,275,0.0,0.0
prophet,hepatite,12,origin_202112,3549904,275,0.0,0.0
prophet,hepatite,12,origin_202112,3550308,275,0.0,0.0
prophet,hepatite,12,origin_202112,3551009,275,0.0,0.0
prophet,hepatite,12,origin_202112,3552205,275,0.0,0.0
prophet,hepatite,12,origin_202112,3554102,275,0.0,0.0
seasonal_naive,hepatite,1,origin_202212,3505708,276,1.0,0.0
seasonal_naive,hepatite,1,origin_202212,3506003,276,0.0,0.0
seasonal_naive,hepatite,1,origin_202212,3509502,276,2.0,1.0
seasonal_naive,hepatite,1,origin_202212,3510609,276,0.0,1.0
seasonal_naive,hepatite,1,origin_202212,3513801,276,0.0,0.0
seasonal_naive,hepatite,1,origin_202212,3518701,276,0.0,0.0
seasonal_naive,hepatite,1,origin_202212,3518800,276,0.0,0.0
seasonal_naive,hepatite,1,origin_202212,3522208,276,0.0,0.0
seasonal_naive,hepatite,1,origin_202212,3525904,276,0.0,0.0
seasonal_naive,hepatite,1,origin_202212,3529401,276,0.0,0.0
seasonal_naive,hepatite,1,origin_202212,3534401,276,0.0,0.0
seasonal_naive,hepatite,1,origin_202212,3536505,276,0.0,0.0
seasonal_naive,hepatite,1,origin_202212,3541000,276,0.0,0.0
seasonal_naive,hepatite,1,origin_202212,3543402,276,0.0,0.0
seasonal_naive,hepatite,1,origin_202212,3547809,276,0.0,0.0
seasonal_naive,hepatite,1,origin_202212,3548500,276,0.0,1.0
seasonal_naive,hepatite,1,origin_202212,3548708,276,0.0,0.0
seasonal_naive,hepatite,1,origin_202212,3549805,276,0.0,0.0
seasonal_naive,hepatite,1,origin_202212,3549904,276,0.0,0.0
seasonal_naive,hepatite,1,origin_202212,3550308,276,0.0,0.0
seasonal_naive,hepatite,1,origin_202212,3551009,276,0.0,0.0
seasonal_naive,hepatite,1,origin_202212,3552205,276,0.0,0.0
seasonal_naive,hepatite,1,origin_202212,3554102,276,0.0,0.0
seasonal_ma3,hepatite,1,origin_202212,3505708,276,1.0,0.0
seasonal_ma3,hepatite,1,origin_202212,3506003,276,0.0,1.3333333730697632
seasonal_ma3,hepatite,1,origin_202212,3509502,276,2.0,1.0
seasonal_ma3,hepatite,1,origin_202212,3510609,276,0.0,0.6666666865348816
seasonal_ma3,hepatite,1,origin_202212,3513801,276,0.0,0.0
seasonal_ma3,hepatite,1,origin_202212,3518701,276,0.0,0.0
seasonal_ma3,hepatite,1,origin_202212,3518800,276,0.0,0.0
seasonal_ma3,hepatite,1,origin_202212,3522208,276,0.0,0.0
seasonal_ma3,hepatite,1,origin_202212,3525904,276,0.0,0.0
seasonal_ma3,hepatite,1,origin_202212,3529401,276,0.0,0.0
seasonal_ma3,hepatite,1,origin_202212,3534401,276,0.0,0.3333333432674408
seasonal_ma3,hepatite,1,origin_202212,3536505,276,0.0,0.0
seasonal_ma3,hepatite,1,origin_202212,3541000,276,0.0,0.0
seasonal_ma3,hepatite,1,origin_202212,3543402,276,0.0,0.0
seasonal_ma3,hepatite,1,origin_202212,3547809,276,0.0,0.0
seasonal_ma3,hepatite,1,origin_202212,3548500,276,0.0,0.6666666865348816
seasonal_ma3,hepatite,1,origin_202212,3548708,276,0.0,0.0
seasonal_ma3,hepatite,1,origin_202212,3549805,276,0.0,0.0
seasonal_ma3,hepatite,1,origin_202212,3549904,276,0.0,0.0
seasonal_ma3,hepatite,1,origin_202212,3550308,276,0.0,0.0
seasonal_ma3,hepatite,1,origin_202212,3551009,276,0.0,0.0
seasonal_ma3,hepatite,1,origin_202212,3552205,276,0.0,0.0
seasonal_ma3,hepatite,1,origin_202212,3554102,276,0.0,0.0
sarima,hepatite,1,origin_202212,3505708,276,1.0,0.12659357488155365
sarima,hepatite,1,origin_202212,3506003,276,0.0,0.02163846045732498
sarima,hepatite,1,origin_202212,3509502,276,2.0,5.649598121643066
sarima,hepatite,1,origin_202212,3510609,276,0.0,0.1137985959649086
sarima,hepatite,1,origin_202212,3513801,276,0.0,-0.09527815878391266
sarima,hepatite,1,origin_202212,3518701,276,0.0,4.978050469617301e-07
sarima,hepatite,1,origin_202212,3518800,276,0.0,3.3668431405472696e-14
sarima,hepatite,1,origin_202212,3522208,276,0.0,0.0043689110316336155
sarima,hepatite,1,origin_202212,3525904,276,0.0,0.03219424560666084
sarima,hepatite,1,origin_202212,3529401,276,0.0,0.03744274005293846
sarima,hepatite,1,origin_202212,3534401,276,0.0,0.11222217977046967
sarima,hepatite,1,origin_202212,3536505,276,0.0,-0.0035951356403529644
sarima,hepatite,1,origin_202212,3541000,276,0.0,0.00029065157286822796
sarima,hepatite,1,origin_202212,3543402,276,0.0,-0.0010542660020291805
sarima,hepatite,1,origin_202212,3547809,276,0.0,6.644958805424039e-09
sarima,hepatite,1,origin_202212,3548500,276,0.0,0.5046868920326233
sarima,hepatite,1,origin_202212,3548708,276,0.0,0.45783644914627075
sarima,hepatite,1,origin_202212,3549805,276,0.0,-1.027472649062916e-13
sarima,hepatite,1,origin_202212,3549904,276,0.0,2.407007766388504e-14
sarima,hepatite,1,origin_202212,3550308,276,0.0,3.923635700109488e-44
sarima,hepatite,1,origin_202212,3551009,276,0.0,0.04439043998718262
sarima,hepatite,1,origin_202212,3552205,276,0.0,0.17213302850723267
sarima,hepatite,1,origin_202212,3554102,276,0.0,0.002581721404567361
lgbm,hepatite,1,origin_202212,3505708,276,1.0,0.262193143748316
lgbm,hepatite,1,origin_202212,3506003,276,0.0,0.03582500496324976
lgbm,hepatite,1,origin_202212,3509502,276,2.0,4.451967832335859
lgbm,hepatite,1,origin_202212,3510609,276,0.0,0.21270117241521092
lgbm,hepatite,1,origin_202212,3513801,276,0.0,0.008041676371787567
lgbm,hepatite,1,origin_202212,3518701,276,0.0,0.008001387333744567
lgbm,hepatite,1,origin_202212,3518800,276,0.0,0.019546783159012388
lgbm,hepatite,1,origin_202212,3522208,276,0.0,0.02659996219470923
lgbm,hepatite,1,origin_202212,3525904,276,0.0,0.023446814588802406
lgbm,hepatite,1,origin_202212,3529401,276,0.0,0.018422564533039473
lgbm,hepatite,1,origin_202212,3534401,276,0.0,0.29681032447856115
lgbm,hepatite,1,origin_202212,3536505,276,0.0,0.05538138657788273
lgbm,hepatite,1,origin_202212,3541000,276,0.0,0.008175559792117466
lgbm,hepatite,1,origin_202212,3543402,276,0.0,0.008691922141883903
lgbm,hepatite,1,origin_202212,3547809,276,0.0,0.01139390608522572
lgbm,hepatite,1,origin_202212,3548500,276,0.0,0.4439014682807748
lgbm,hepatite,1,origin_202212,3548708,276,0.0,0.40338206097964285
lgbm,hepatite,1,origin_202212,3549805,276,0.0,0.009623774251552163
lgbm,hepatite,1,origin_202212,3549904,276,0.0,0.009709250990222846
lgbm,hepatite,1,origin_202212,3550308,276,0.0,0.012789873286712678
lgbm,hepatite,1,origin_202212,3551009,276,0.0,0.02076010235293366
lgbm,hepatite,1,origin_202212,3552205,276,0.0,0.17154467374010324
lgbm,hepatite,1,origin_202212,3554102,276,0.0,0.010426968475659094
catboost,hepatite,1,origin_202212,3505708,276,1.0,0.21703108030369905
catboost,hepatite,1,origin_202212,3506003,276,0.0,0.0674905187056843
catboost,hepatite,1,origin_202212,3509502,276,2.0,4.066715657949946
catboost,hepatite,1,origin_202212,3510609,276,0.0,0.25232766392685296
catboost,hepatite,1,origin_202212,3513801,276,0.0,0.03752464807055604
catboost,hepatite,1,origin_202212,3518701,276,0.0,0.026171866814880804
catboost,hepatite,1,origin_202212,3518800,276,0.0,0.038216039818741006
catboost,hepatite,1,origin_202212,3522208,276,0.0,0.03418688415163964
catboost,hepatite,1,origin_202212,3525904,276,0.0,0.04604827874314283
catboost,hepatite,1,origin_202212,3529401,276,0.0,0.04208511103982519
catboost,hepatite,1,origin_202212,3534401,276,0.0,0.07468549555404486
catboost,hepatite,1,origin_202212,3536505,276,0.0,0.046484415211942666
catboost,hepatite,1,origin_202212,3541000,276,0.0,0.027066842165664316
catboost,hepatite,1,origin_202212,3543402,276,0.0,0.03037549555921017
catboost,hepatite,1,origin_202212,3547809,276,0.0,0.030763570471494563
catboost,hepatite,1,origin_202212,3548500,276,0.0,0.4280651392873835
catboost,hepatite,1,origin_202212,3548708,276,0.0,0.5589585154239295
catboost,hepatite,1,origin_202212,3549805,276,0.0,0.02508565970573717
catboost,hepatite,1,origin_202212,3549904,276,0.0,0.0388055550855293
catboost,hepatite,1,origin_202212,3550308,276,0.0,0.0182609938890934
catboost,hepatite,1,origin_202212,3551009,276,0.0,0.03305180856457727
catboost,hepatite,1,origin_202212,3552205,276,0.0,0.22663748685227345
catboost,hepatite,1,origin_202212,3554102,276,0.0,0.02413587305550109
xgboost,hepatite,1,origin_202212,3505708,276,1.0,0.3015887439250946
xgboost,hepatite,1,origin_202212,3506003,276,0.0,0.09952735900878906
xgboost,hepatite,1,origin_202212,3509502,276,2.0,5.190290927886963
xgboost,hepatite,1,origin_202212,3510609,276,0.0,0.3600621819496155
xgboost,hepatite,1,origin_202212,3513801,276,0.0,0.0066229188814759254
xgboost,hepatite,1,origin_202212,3518701,276,0.0,0.008171021938323975
xgboost,hepatite,1,origin_202212,3518800,276,0.0,0.01986052095890045
xgboost,hepatite,1,origin_202212,3522208,276,0.0,0.036126021295785904
xgboost,hepatite,1,origin_202212,3525904,276,0.0,0.019154204055666924
xgboost,hepatite,1,origin_202212,3529401,276,0.0,0.01759273186326027
xgboost,hepatite,1,origin_202212,3534401,276,0.0,0.18644051253795624
xgboost,hepatite,1,origin_202212,3536505,276,0.0,0.036369018256664276
xgboost,hepatite,1,origin_202212,3541000,276,0.0,0.007551736664026976
xgboost,hepatite,1,origin_202212,3543402,276,0.0,0.007679094560444355
xgboost,hepatite,1,origin_202212,3547809,276,0.0,0.010660294443368912
xgboost,hepatite,1,origin_202212,3548500,276,0.0,0.42142584919929504
xgboost,hepatite,1,origin_202212,3548708,276,0.0,0.30300164222717285
xgboost,hepatite,1,origin_202212,3549805,276,0.0,0.008314995095133781
xgboost,hepatite,1,origin_202212,3549904,276,0.0,0.010529935359954834
xgboost,hepatite,1,origin_202212,3550308,276,0.0,0.0094498535618186
xgboost,hepatite,1,origin_202212,3551009,276,0.0,0.022897278890013695
xgboost,hepatite,1,origin_202212,3552205,276,0.0,0.1534462720155716
xgboost,hepatite,1,origin_202212,3554102,276,0.0,0.010348380543291569
prophet,hepatite,1,origin_202212,3505708,276,1.0,0.0
prophet,hepatite,1,origin_202212,3506003,276,0.0,0.1276475241732128
prophet,hepatite,1,origin_202212,3509502,276,2.0,1.3441747719070216
prophet,hepatite,1,origin_202212,3510609,276,0.0,0.0
prophet,hepatite,1,origin_202212,3513801,276,0.0,0.0
prophet,hepatite,1,origin_202212,3518701,276,0.0,0.0
prophet,hepatite,1,origin_202212,3518800,276,0.0,0.0
prophet,hepatite,1,origin_202212,3522208,276,0.0,0.0
prophet,hepatite,1,origin_202212,3525904,276,0.0,0.1358122385818158
prophet,hepatite,1,origin_202212,3529401,276,0.0,0.0
prophet,hepatite,1,origin_202212,3534401,276,0.0,0.0
prophet,hepatite,1,origin_202212,3536505,276,0.0,0.0041111895129765826
prophet,hepatite,1,origin_202212,3541000,276,0.0,0.0
prophet,hepatite,1,origin_202212,3543402,276,0.0,0.0
prophet,hepatite,1,origin_202212,3547809,276,0.0,0.0
prophet,hepatite,1,origin_202212,3548500,276,0.0,0.0
prophet,hepatite,1,origin_202212,3548708,276,0.0,0.0
prophet,hepatite,1,origin_202212,3549805,276,0.0,0.0
prophet,hepatite,1,origin_202212,3549904,276,0.0,0.0
prophet,hepatite,1,origin_202212,3550308,276,0.0,0.0
prophet,hepatite,1,origin_202212,3551009,276,0.0,0.0
prophet,hepatite,1,origin_202212,3552205,276,0.0,0.0
prophet,hepatite,1,origin_202212,3554102,276,0.0,0.0
seasonal_naive,hepatite,3,origin_202212,3505708,278,0.0,0.0
seasonal_naive,hepatite,3,origin_202212,3506003,278,0.0,0.0
seasonal_naive,hepatite,3,origin_202212,3509502,278,0.0,8.0
seasonal_naive,hepatite,3,origin_202212,3510609,278,1.0,0.0
seasonal_naive,hepatite,3,origin_202212,3513801,278,0.0,0.0
seasonal_naive,hepatite,3,origin_202212,3518701,278,0.0,0.0
seasonal_naive,hepatite,3,origin_202212,3518800,278,0.0,0.0
seasonal_naive,hepatite,3,origin_202212,3522208,278,0.0,0.0
seasonal_naive,hepatite,3,origin_202212,3525904,278,0.0,0.0
seasonal_naive,hepatite,3,origin_202212,3529401,278,0.0,0.0
seasonal_naive,hepatite,3,origin_202212,3534401,278,0.0,0.0
seasonal_naive,hepatite,3,origin_202212,3536505,278,0.0,0.0
seasonal_naive,hepatite,3,origin_202212,3541000,278,0.0,0.0
seasonal_naive,hepatite,3,origin_202212,3543402,278,0.0,0.0
seasonal_naive,hepatite,3,origin_202212,3547809,278,0.0,0.0
seasonal_naive,hepatite,3,origin_202212,3548500,278,0.0,0.0
seasonal_naive,hepatite,3,origin_202212,3548708,278,1.0,1.0
seasonal_naive,hepatite,3,origin_202212,3549805,278,0.0,0.0
seasonal_naive,hepatite,3,origin_202212,3549904,278,0.0,0.0
seasonal_naive,hepatite,3,origin_202212,3550308,278,0.0,0.0
seasonal_naive,hepatite,3,origin_202212,3551009,278,0.0,0.0
seasonal_naive,hepatite,3,origin_202212,3552205,278,0.0,0.0
seasonal_naive,hepatite,3,origin_202212,3554102,278,0.0,0.0
seasonal_ma3,hepatite,3,origin_202212,3505708,278,0.0,0.3333333432674408
seasonal_ma3,hepatite,3,origin_202212,3506003,278,0.0,1.0
seasonal_ma3,hepatite,3,origin_202212,3509502,278,0.0,4.0
seasonal_ma3,hepatite,3,origin_202212,3510609,278,1.0,0.0
seasonal_ma3,hepatite,3,origin_202212,3513801,278,0.0,0.0
seasonal_ma3,hepatite,3,origin_202212,3518701,278,0.0,0.0
seasonal_ma3,hepatite,3,origin_202212,3518800,278,0.0,0.0
seasonal_ma3,hepatite,3,origin_202212,3522208,278,0.0,0.0
seasonal_ma3,hepatite,3,origin_202212,3525904,278,0.0,0.0
seasonal_ma3,hepatite,3,origin_202212,3529401,278,0.0,0.0
seasonal_ma3,hepatite,3,origin_202212,3534401,278,0.0,0.0
seasonal_ma3,hepatite,3,origin_202212,3536505,278,0.0,0.0
seasonal_ma3,hepatite,3,origin_202212,3541000,278,0.0,0.0
seasonal_ma3,hepatite,3,origin_202212,3543402,278,0.0,0.0
seasonal_ma3,hepatite,3,origin_202212,3547809,278,0.0,0.0
seasonal_ma3,hepatite,3,origin_202212,3548500,278,0.0,0.3333333432674408
seasonal_ma3,hepatite,3,origin_202212,3548708,278,1.0,0.3333333432674408
seasonal_ma3,hepatite,3,origin_202212,3549805,278,0.0,0.0
seasonal_ma3,hepatite,3,origin_202212,3549904,278,0.0,0.0
seasonal_ma3,hepatite,3,origin_202212,3550308,278,0.0,0.0
seasonal_ma3,hepatite,3,origin_202212,3551009,278,0.0,0.0
seasonal_ma3,hepatite,3,origin_202212,3552205,278,0.0,0.0
seasonal_ma3,hepatite,3,origin_202212,3554102,278,0.0,0.0
sarima,hepatite,3,origin_202212,3505708,278,0.0,0.12659357488155365
sarima,hepatite,3,origin_202212,3506003,278,0.0,0.0183143001049757
sarima,hepatite,3,origin_202212,3509502,278,0.0,5.649598121643066
sarima,hepatite,3,origin_202212,3510609,278,1.0,0.1137985959649086
sarima,hepatite,3,origin_202212,3513801,278,0.0,-0.13327673077583313
sarima,hepatite,3,origin_202212,3518701,278,0.0,6.175083626658306e-07
sarima,hepatite,3,origin_202212,3518800,278,0.0,3.3668431405472696e-14
sarima,hepatite,3,origin_202212,3522208,278,0.0,0.0043689110316336155
sarima,hepatite,3,origin_202212,3525904,278,0.0,0.02737383544445038
sarima,hepatite,3,origin_202212,3529401,278,0.0,0.04757208377122879
sarima,hepatite,3,origin_202212,3534401,278,0.0,0.0401766337454319
sarima,hepatite,3,origin_202212,3536505,278,0.0,-0.0044719381257891655
sarima,hepatite,3,origin_202212,3541000,278,0.0,0.00035271208616904914
sarima,hepatite,3,origin_202212,3543402,278,0.0,-0.0010077165206894279
sarima,hepatite,3,origin_202212,3547809,278,0.0,6.644958805424039e-09
sarima,hepatite,3,origin_202212,3548500,278,0.0,0.5051426291465759
sarima,hepatite,3,origin_202212,3548708,278,1.0,0.2785874605178833
sarima,hepatite,3,origin_202212,3549805,278,0.0,-1.027112964992194e-13
sarima,hepatite,3,origin_202212,3549904,278,0.0,2.407007766388504e-14
sarima,hepatite,3,origin_202212,3550308,278,0.0,1.6815581571897805e-44
sarima,hepatite,3,origin_202212,3551009,278,0.0,0.05367564409971237
sarima,hepatite,3,origin_202212,3552205,278,0.0,0.22126838564872742
sarima,hepatite,3,origin_202212,3554102,278,0.0,0.002581721404567361
lgbm,hepatite,3,origin_202212,3505708,278,0.0,0.26679725809888855
lgbm,hepatite,3,origin_202212,3506003,278,0.0,0.016881063564110052
lgbm,hepatite,3,origin_202212,3509502,278,0.0,6.873225068483326
lgbm,hepatite,3,origin_202212,3510609,278,1.0,0.20216523645725734
lgbm,hepatite,3,origin_202212,3513801,278,0.0,0.012265079320084799
lgbm,hepatite,3,origin_202212,3518701,278,0.0,0.010735810305973027
lgbm,hepatite,3,origin_202212,3518800,278,0.0,0.01877623277893748
lgbm,hepatite,3,origin_202212,3522208,278,0.0,0.02362822504198725
lgbm,hepatite,3,origin_202212,3525904,278,0.0,0.017363977672572948
lgbm,hepatite,3,origin_202212,3529401,278,0.0,0.016998283063552458
lgbm,hepatite,3,origin_202212,3534401,278,0.0,0.12316303000816847
lgbm,hepatite,3,origin_202212,3536505,278,0.0,0.01887518777316954
lgbm,hepatite,3,origin_202212,3541000,278,0.0,0.011545352415807283
lgbm,hepatite,3,origin_202212,3543402,278,0.0,0.014193933733603541
lgbm,hepatite,3,origin_202212,3547809,278,0.0,0.012424849576454726
lgbm,hepatite,3,origin_202212,3548500,278,0.0,0.7345965623624389
lgbm,hepatite,3,origin_202212,3548708,278,1.0,0.7072573993584681
lgbm,hepatite,3,origin_202212,3549805,278,0.0,0.008533554442091354
lgbm,hepatite,3,origin_202212,3549904,278,0.0,0.02083859238478836
lgbm,hepatite,3,origin_202212,3550308,278,0.0,0.014495003597739078
lgbm,hepatite,3,origin_202212,3551009,278,0.0,0.02073763604358532
lgbm,hepatite,3,origin_202212,3552205,278,0.0,0.24315207078235204
lgbm,hepatite,3,origin_202212,3554102,278,0.0,0.013636386129032764
catboost,hepatite,3,origin_202212,3505708,278,0.0,0.2523330977609109
catboost,hepatite,3,origin_202212,3506003,278,0.0,0.05622149746119752
catboost,hepatite,3,origin_202212,3509502,278,0.0,5.114873883993231
catboost,hepatite,3,origin_202212,3510609,278,1.0,0.2684403522792764
catboost,hepatite,3,origin_202212,3513801,278,0.0,0.026293515743929106
catboost,hepatite,3,origin_202212,3518701,278,0.0,0.030807137464385806
catboost,hepatite,3,origin_202212,3518800,278,0.0,0.03644510361001459
catboost,hepatite,3,origin_202212,3522208,278,0.0,0.04462723614564763
catboost,hepatite,3,origin_202212,3525904,278,0.0,0.058869263909534245
catboost,hepatite,3,origin_202212,3529401,278,0.0,0.033212288652874906
catboost,hepatite,3,origin_202212,3534401,278,0.0,0.09425753147604231
catboost,hepatite,3,origin_202212,3536505,278,0.0,0.039327229733898315
catboost,hepatite,3,origin_202212,3541000,278,0.0,0.030141132739611363
catboost,hepatite,3,origin_202212,3543402,278,0.0,0.022292846980911045
catboost,hepatite,3,origin_202212,3547809,278,0.0,0.02318656230682885
catboost,hepatite,3,origin_202212,3548500,278,0.0,0.6154608852864087
catboost,hepatite,3,origin_202212,3548708,278,1.0,0.6425375886119176
catboost,hepatite,3,origin_202212,3549805,278,0.0,0.014010120897220495
catboost,hepatite,3,origin_202212,3549904,278,0.0,0.050322293966370904
catboost,hepatite,3,origin_202212,3550308,278,0.0,0.02456641871813644
catboost,hepatite,3,origin_202212,3551009,278,0.0,0.03616546773126322
catboost,hepatite,3,origin_202212,3552205,278,0.0,0.24179743535597029
catboost,hepatite,3,origin_202212,3554102,278,0.0,0.04521845037479499
xgboost,hepatite,3,origin_202212,3505708,278,0.0,0.29814642667770386
xgboost,hepatite,3,origin_202212,3506003,278,0.0,0.09078726917505264
xgboost,hepatite,3,origin_202212,3509502,278,0.0,5.7301459312438965
xgboost,hepatite,3,origin_202212,3510609,278,1.0,0.28369566798210144
xgboost,hepatite,3,origin_202212,3513801,278,0.0,0.004966194741427898
xgboost,hepatite,3,origin_202212,3518701,278,0.0,0.013803210109472275
xgboost,hepatite,3,origin_202212,3518800,278,0.0,0.02267126366496086
xgboost,hepatite,3,origin_202212,3522208,278,0.0,0.023510418832302094
xgboost,hepatite,3,origin_202212,3525904,278,0.0,0.023124119266867638
xgboost,hepatite,3,origin_202212,3529401,278,0.0,0.015456901863217354
xgboost,hepatite,3,origin_202212,3534401,278,0.0,0.0671093761920929
xgboost,hepatite,3,origin_202212,3536505,278,0.0,0.018097568303346634
xgboost,hepatite,3,origin_202212,3541000,278,0.0,0.010019788518548012
xgboost,hepatite,3,origin_202212,3543402,278,0.0,0.010276366956532001
xgboost,hepatite,3,origin_202212,3547809,278,0.0,0.012362525798380375
xgboost,hepatite,3,origin_202212,3548500,278,0.0,0.6201049089431763
xgboost,hepatite,3,origin_202212,3548708,278,1.0,0.5490531921386719
xgboost,hepatite,3,origin_202212,3549805,278,0.0,0.008093100041151047
xgboost,hepatite,3,origin_202212,3549904,278,0.0,0.023686781525611877
xgboost,hepatite,3,origin_202212,3550308,278,0.0,0.013053345493972301
xgboost,hepatite,3,origin_202212,3551009,278,0.0,0.016880834475159645
xgboost,hepatite,3,origin_202212,3552205,278,0.0,0.1918502151966095
xgboost,hepatite,3,origin_202212,3554102,278,0.0,0.016820227727293968
prophet,hepatite,3,origin_202212,3505708,278,0.0,0.06299380237962629
prophet,hepatite,3,origin_202212,3506003,278,0.0,0.14216410285549186
prophet,hepatite,3,origin_202212,3509502,278,0.0,2.235222298906292
prophet,hepatite,3,origin_202212,3510609,278,1.0,0.0
prophet,hepatite,3,origin_202212,3513801,278,0.0,0.0
prophet,hepatite,3,origin_202212,3518701,278,0.0,0.0
prophet,hepatite,3,origin_202212,3518800,278,0.0,0.0
prophet,hepatite,3,origin_202212,3522208,278,0.0,0.0
prophet,hepatite,3,origin_202212,3525904,278,0.0,0.0
prophet,hepatite,3,origin_202212,3529401,278,0.0,0.0
prophet,hepatite,3,origin_202212,3534401,278,0.0,0.24679606720687447
prophet,hepatite,3,origin_202212,3536505,278,0.0,0.0
prophet,hepatite,3,origin_202212,3541000,278,0.0,0.0
prophet,hepatite,3,origin_202212,3543402,278,0.0,0.0
prophet,hepatite,3,origin_202212,3547809,278,0.0,0.0
prophet,hepatite,3,origin_202212,3548500,278,0.0,0.0
prophet,hepatite,3,origin_202212,3548708,278,1.0,0.18507375517083463
prophet,hepatite,3,origin_202212,3549805,278,0.0,0.0
prophet,hepatite,3,origin_202212,3549904,278,0.0,0.0
prophet,hepatite,3,origin_202212,3550308,278,0.0,0.0
prophet,hepatite,3,origin_202212,3551009,278,0.0,0.0
prophet,hepatite,3,origin_202212,3552205,278,0.0,0.0
prophet,hepatite,3,origin_202212,3554102,278,0.0,0.5602978974685799
seasonal_naive,hepatite,6,origin_202212,3505708,281,0.0,0.0
seasonal_naive,hepatite,6,origin_202212,3506003,281,1.0,0.0
seasonal_naive,hepatite,6,origin_202212,3509502,281,4.0,1.0
seasonal_naive,hepatite,6,origin_202212,3510609,281,1.0,0.0
seasonal_naive,hepatite,6,origin_202212,3513801,281,0.0,0.0
seasonal_naive,hepatite,6,origin_202212,3518701,281,0.0,0.0
seasonal_naive,hepatite,6,origin_202212,3518800,281,0.0,0.0
seasonal_naive,hepatite,6,origin_202212,3522208,281,0.0,0.0
seasonal_naive,hepatite,6,origin_202212,3525904,281,0.0,0.0
seasonal_naive,hepatite,6,origin_202212,3529401,281,0.0,0.0
seasonal_naive,hepatite,6,origin_202212,3534401,281,0.0,0.0
seasonal_naive,hepatite,6,origin_202212,3536505,281,0.0,1.0
seasonal_naive,hepatite,6,origin_202212,3541000,281,0.0,0.0
seasonal_naive,hepatite,6,origin_202212,3543402,281,0.0,0.0
seasonal_naive,hepatite,6,origin_202212,3547809,281,0.0,0.0
seasonal_naive,hepatite,6,origin_202212,3548500,281,2.0,2.0
seasonal_naive,hepatite,6,origin_202212,3548708,281,3.0,0.0
seasonal_naive,hepatite,6,origin_202212,3549805,281,0.0,0.0
seasonal_naive,hepatite,6,origin_202212,3549904,281,0.0,0.0
seasonal_naive,hepatite,6,origin_202212,3550308,281,0.0,0.0
seasonal_naive,hepatite,6,origin_202212,3551009,281,0.0,1.0
seasonal_naive,hepatite,6,origin_202212,3552205,281,0.0,0.0
seasonal_naive,hepatite,6,origin_202212,3554102,281,0.0,0.0
seasonal_ma3,hepatite,6,origin_202212,3505708,281,0.0,0.3333333432674408
seasonal_ma3,hepatite,6,origin_202212,3506003,281,1.0,0.3333333432674408
seasonal_ma3,hepatite,6,origin_202212,3509502,281,4.0,0.6666666865348816
seasonal_ma3,hepatite,6,origin_202212,3510609,281,1.0,0.3333333432674408
seasonal_ma3,hepatite,6,origin_202212,3513801,281,0.0,0.0
seasonal_ma3,hepatite,6,origin_202212,3518701,281,0.0,0.0
seasonal_ma3,hepatite,6,origin_202212,3518800,281,0.0,0.0
seasonal_ma3,hepatite,6,origin_202212,3522208,281,0.0,0.0
seasonal_ma3,hepatite,6,origin_202212,3525904,281,0.0,0.0
seasonal_ma3,hepatite,6,origin_202212,3529401,281,0.0,0.0
seasonal_ma3,hepatite,6,origin_202212,3534401,281,0.0,0.0
seasonal_ma3,hepatite,6,origin_202212,3536505,281,0.0,0.3333333432674408
seasonal_ma3,hepatite,6,origin_202212,3541000,281,0.0,0.0
seasonal_ma3,hepatite,6,origin_202212,3543402,281,0.0,0.0
seasonal_ma3,hepatite,6,origin_202212,3547809,281,0.0,0.0
seasonal_ma3,hepatite,6,origin_202212,3548500,281,2.0,0.6666666865348816
seasonal_ma3,hepatite,6,origin_202212,3548708,281,3.0,0.6666666865348816
seasonal_ma3,hepatite,6,origin_202212,3549805,281,0.0,0.0
seasonal_ma3,hepatite,6,origin_202212,3549904,281,0.0,0.0
seasonal_ma3,hepatite,6,origin_202212,3550308,281,0.0,0.0
seasonal_ma3,hepatite,6,origin_202212,3551009,281,0.0,0.3333333432674408
seasonal_ma3,hepatite,6,origin_202212,3552205,281,0.0,0.0
seasonal_ma3,hepatite,6,origin_202212,3554102,281,0.0,0.0
sarima,hepatite,6,origin_202212,3505708,281,0.0,0.12659357488155365
sarima,hepatite,6,origin_202212,3506003,281,1.0,0.0183143001049757
sarima,hepatite,6,origin_202212,3509502,281,4.0,5.649598121643066
sarima,hepatite,6,origin_202212,3510609,281,1.0,0.1137985959649086
sarima,hepatite,6,origin_202212,3513801,281,0.0,-0.15431725978851318
sarima,hepatite,6,origin_202212,3518701,281,0.0,6.22472896338877e-07
sarima,hepatite,6,origin_202212,3518800,281,0.0,3.3668431405472696e-14
sarima,hepatite,6,origin_202212,3522208,281,0.0,0.0043689110316336155
sarima,hepatite,6,origin_202212,3525904,281,0.0,0.02737383544445038
sarima,hepatite,6,origin_202212,3529401,281,0.0,0.04757208377122879
sarima,hepatite,6,origin_202212,3534401,281,0.0,0.042562149465084076
sarima,hepatite,6,origin_202212,3536505,281,0.0,-0.006577704567462206
sarima,hepatite,6,origin_202212,3541000,281,0.0,0.0003636510227806866
sarima,hepatite,6,origin_202212,3543402,281,0.0,0.0006609929841943085
sarima,hepatite,6,origin_202212,3547809,281,0.0,6.644958805424039e-09
sarima,hepatite,6,origin_202212,3548500,281,2.0,0.5054455995559692
sarima,hepatite,6,origin_202212,3548708,281,3.0,0.45783644914627075
sarima,hepatite,6,origin_202212,3549805,281,0.0,-1.0271972617111047e-13
sarima,hepatite,6,origin_202212,3549904,281,0.0,2.407007766388504e-14
sarima,hepatite,6,origin_202212,3550308,281,0.0,1.6815581571897805e-44
sarima,hepatite,6,origin_202212,3551009,281,0.0,-0.1301657259464264
sarima,hepatite,6,origin_202212,3552205,281,0.0,0.22126838564872742
sarima,hepatite,6,origin_202212,3554102,281,0.0,0.002581721404567361
lgbm,hepatite,6,origin_202212,3505708,281,0.0,0.35191308033719004
lgbm,hepatite,6,origin_202212,3506003,281,1.0,0.03132763763749536
lgbm,hepatite,6,origin_202212,3509502,281,4.0,4.871415683510587
lgbm,hepatite,6,origin_202212,3510609,281,1.0,0.1748705987027545
lgbm,hepatite,6,origin_202212,3513801,281,0.0,0.013534204990151077
lgbm,hepatite,6,origin_202212,3518701,281,0.0,0.01241718740353053
lgbm,hepatite,6,origin_202212,3518800,281,0.0,0.014950374260378832
lgbm,hepatite,6,origin_202212,3522208,281,0.0,0.02102450444232126
lgbm,hepatite,6,origin_202212,3525904,281,0.0,0.01530492186460908
lgbm,hepatite,6,origin_202212,3529401,281,0.0,0.02408462743690835
lgbm,hepatite,6,origin_202212,3534401,281,0.0,0.061310491062485296
lgbm,hepatite,6,origin_202212,3536505,281,0.0,0.021233415973688524
lgbm,hepatite,6,origin_202212,3541000,281,0.0,0.010815859137384589
lgbm,hepatite,6,origin_202212,3543402,281,0.0,0.012493314880350905
lgbm,hepatite,6,origin_202212,3547809,281,0.0,0.020490755425673392
lgbm,hepatite,6,origin_202212,3548500,281,2.0,0.8065790698353176
lgbm,hepatite,6,origin_202212,3548708,281,3.0,0.3885478190082831
lgbm,hepatite,6,origin_202212,3549805,281,0.0,0.011516792356147616
lgbm,hepatite,6,origin_202212,3549904,281,0.0,0.014096481067520338
lgbm,hepatite,6,origin_202212,3550308,281,0.0,0.013788300691253808
lgbm,hepatite,6,origin_202212,3551009,281,0.0,0.01303573034658747
lgbm,hepatite,6,origin_202212,3552205,281,0.0,0.32006557005056824
lgbm,hepatite,6,origin_202212,3554102,281,0.0,0.013227270757519047
catboost,hepatite,6,origin_202212,3505708,281,0.0,0.21276953335559132
catboost,hepatite,6,origin_202212,3506003,281,1.0,0.0702607391875705
catboost,hepatite,6,origin_202212,3509502,281,4.0,6.65855665821324
catboost,hepatite,6,origin_202212,3510609,281,1.0,0.13068665261360943
catboost,hepatite,6,origin_202212,3513801,281,0.0,0.028303809730440083
catboost,hepatite,6,origin_202212,3518701,281,0.0,0.022123912936552477
catboost,hepatite,6,origin_202212,3518800,281,0.0,0.020387168763054818
catboost,hepatite,6,origin_202212,3522208,281,0.0,0.04150510751347466
catboost,hepatite,6,origin_202212,3525904,281,0.0,0.043732729079142156
catboost,hepatite,6,origin_202212,3529401,281,0.0,0.035429151054841984
catboost,hepatite,6,origin_202212,3534401,281,0.0,0.054813732940393434
catboost,hepatite,6,origin_202212,3536505,281,0.0,0.04531665561051419
catboost,hepatite,6,origin_202212,3541000,281,0.0,0.02300349714340754
catboost,hepatite,6,origin_202212,3543402,281,0.0,0.027059305584866366
catboost,hepatite,6,origin_202212,3547809,281,0.0,0.02464096554011201
catboost,hepatite,6,origin_202212,3548500,281,2.0,0.6843613794327877
catboost,hepatite,6,origin_202212,3548708,281,3.0,0.38278316931763473
catboost,hepatite,6,origin_202212,3549805,281,0.0,0.022445789033029722
catboost,hepatite,6,origin_202212,3549904,281,0.0,0.03615950798748828
catboost,hepatite,6,origin_202212,3550308,281,0.0,0.01998446565655744
catboost,hepatite,6,origin_202212,3551009,281,0.0,0.027169972563533956
catboost,hepatite,6,origin_202212,3552205,281,0.0,0.29498501117749953
catboost,hepatite,6,origin_202212,3554102,281,0.0,0.03733291717224459
xgboost,hepatite,6,origin_202212,3505708,281,0.0,0.26612579822540283
xgboost,hepatite,6,origin_202212,3506003,281,1.0,0.08924520760774612
xgboost,hepatite,6,origin_202212,3509502,281,4.0,4.432074069976807
xgboost,hepatite,6,origin_202212,3510609,281,1.0,0.236183300614357
xgboost,hepatite,6,origin_202212,3513801,281,0.0,0.008050350472331047
xgboost,hepatite,6,origin_202212,3518701,281,0.0,0.013959286734461784
xgboost,hepatite,6,origin_202212,3518800,281,0.0,0.027361391112208366
xgboost,hepatite,6,origin_202212,3522208,281,0.0,0.04103152081370354
xgboost,hepatite,6,origin_202212,3525904,281,0.0,0.03265082836151123
xgboost,hepatite,6,origin_202212,3529401,281,0.0,0.01758785918354988
xgboost,hepatite,6,origin_202212,3534401,281,0.0,0.09008685499429703
xgboost,hepatite,6,origin_202212,3536505,281,0.0,0.024145912379026413
xgboost,hepatite,6,origin_202212,3541000,281,0.0,0.012087382376194
xgboost,hepatite,6,origin_202212,3543402,281,0.0,0.014346922747790813
xgboost,hepatite,6,origin_202212,3547809,281,0.0,0.01773553341627121
xgboost,hepatite,6,origin_202212,3548500,281,2.0,0.7273259162902832
xgboost,hepatite,6,origin_202212,3548708,281,3.0,0.49607425928115845
xgboost,hepatite,6,origin_202212,3549805,281,0.0,0.014759638346731663
xgboost,hepatite,6,origin_202212,3549904,281,0.0,0.022230705246329308
xgboost,hepatite,6,origin_202212,3550308,281,0.0,0.02593497559428215
xgboost,hepatite,6,origin_202212,3551009,281,0.0,0.018548104912042618
xgboost,hepatite,6,origin_202212,3552205,281,0.0,0.24707816541194916
xgboost,hepatite,6,origin_202212,3554102,281,0.0,0.02570008859038353
prophet,hepatite,6,origin_202212,3505708,281,0.0,0.4415624216005928
prophet,hepatite,6,origin_202212,3506003,281,1.0,0.21368465957324054
prophet,hepatite,6,origin_202212,3509502,281,4.0,1.3980482935853646
prophet,hepatite,6,origin_202212,3510609,281,1.0,0.0
prophet,hepatite,6,origin_202212,3513801,281,0.0,0.0
prophet,hepatite,6,origin_202212,3518701,281,0.0,0.18167906924990707
prophet,hepatite,6,origin_202212,3518800,281,0.0,0.0
prophet,hepatite,6,origin_202212,3522208,281,0.0,0.0
prophet,hepatite,6,origin_202212,3525904,281,0.0,0.0
prophet,hepatite,6,origin_202212,3529401,281,0.0,0.0
prophet,hepatite,6,origin_202212,3534401,281,0.0,0.2988473944070368
prophet,hepatite,6,origin_202212,3536505,281,0.0,0.0035287382311113835
prophet,hepatite,6,origin_202212,3541000,281,0.0,0.0
prophet,hepatite,6,origin_202212,3543402,281,0.0,0.0
prophet,hepatite,6,origin_202212,3547809,281,0.0,0.0
prophet,hepatite,6,origin_202212,3548500,281,2.0,0.3253056513353699
prophet,hepatite,6,origin_202212,3548708,281,3.0,0.04069743388156241
prophet,hepatite,6,origin_202212,3549805,281,0.0,0.0
prophet,hepatite,6,origin_202212,3549904,281,0.0,0.0
prophet,hepatite,6,origin_202212,3550308,281,0.0,0.0
prophet,hepatite,6,origin_202212,3551009,281,0.0,0.0
prophet,hepatite,6,origin_202212,3552205,281,0.0,0.0
prophet,hepatite,6,origin_202212,3554102,281,0.0,0.0
seasonal_naive,hepatite,12,origin_202212,3505708,287,0.0,0.0
seasonal_naive,hepatite,12,origin_202212,3506003,287,0.0,0.0
seasonal_naive,hepatite,12,origin_202212,3509502,287,5.0,8.0
seasonal_naive,hepatite,12,origin_202212,3510609,287,1.0,0.0
seasonal_naive,hepatite,12,origin_202212,3513801,287,0.0,0.0
seasonal_naive,hepatite,12,origin_202212,3518701,287,0.0,0.0
seasonal_naive,hepatite,12,origin_202212,3518800,287,0.0,0.0
seasonal_naive,hepatite,12,origin_202212,3522208,287,0.0,0.0
seasonal_naive,hepatite,12,origin_202212,3525904,287,0.0,0.0
seasonal_naive,hepatite,12,origin_202212,3529401,287,0.0,0.0
seasonal_naive,hepatite,12,origin_202212,3534401,287,0.0,0.0
seasonal_naive,hepatite,12,origin_202212,3536505,287,0.0,0.0
seasonal_naive,hepatite,12,origin_202212,3541000,287,0.0,0.0
seasonal_naive,hepatite,12,origin_202212,3543402,287,0.0,0.0
seasonal_naive,hepatite,12,origin_202212,3547809,287,0.0,0.0
seasonal_naive,hepatite,12,origin_202212,3548500,287,1.0,0.0
seasonal_naive,hepatite,12,origin_202212,3548708,287,0.0,0.0
seasonal_naive,hepatite,12,origin_202212,3549805,287,0.0,0.0
seasonal_naive,hepatite,12,origin_202212,3549904,287,0.0,0.0
seasonal_naive,hepatite,12,origin_202212,3550308,287,0.0,0.0
seasonal_naive,hepatite,12,origin_202212,3551009,287,0.0,0.0
seasonal_naive,hepatite,12,origin_202212,3552205,287,0.0,0.0
seasonal_naive,hepatite,12,origin_202212,3554102,287,0.0,0.0
seasonal_ma3,hepatite,12,origin_202212,3505708,287,0.0,0.6666666865348816
seasonal_ma3,hepatite,12,origin_202212,3506003,287,0.0,0.6666666865348816
seasonal_ma3,hepatite,12,origin_202212,3509502,287,5.0,4.0
seasonal_ma3,hepatite,12,origin_202212,3510609,287,1.0,0.0
seasonal_ma3,hepatite,12,origin_202212,3513801,287,0.0,0.0
seasonal_ma3,hepatite,12,origin_202212,3518701,287,0.0,0.0
seasonal_ma3,hepatite,12,origin_202212,3518800,287,0.0,0.0
seasonal_ma3,hepatite,12,origin_202212,3522208,287,0.0,0.0
seasonal_ma3,hepatite,12,origin_202212,3525904,287,0.0,0.0
seasonal_ma3,hepatite,12,origin_202212,3529401,287,0.0,0.0
seasonal_ma3,hepatite,12,origin_202212,3534401,287,0.0,0.3333333432674408
seasonal_ma3,hepatite,12,origin_202212,3536505,287,0.0,0.0
seasonal_ma3,hepatite,12,origin_202212,3541000,287,0.0,0.0
seasonal_ma3,hepatite,12,origin_202212,3543402,287,0.0,0.0
seasonal_ma3,hepatite,12,origin_202212,3547809,287,0.0,0.0
seasonal_ma3,hepatite,12,origin_202212,3548500,287,1.0,0.3333333432674408
seasonal_ma3,hepatite,12,origin_202212,3548708,287,0.0,0.0
seasonal_ma3,hepatite,12,origin_202212,3549805,287,0.0,0.0
seasonal_ma3,hepatite,12,origin_202212,3549904,287,0.0,0.0
seasonal_ma3,hepatite,12,origin_202212,3550308,287,0.0,0.0
seasonal_ma3,hepatite,12,origin_202212,3551009,287,0.0,0.0
seasonal_ma3,hepatite,12,origin_202212,3552205,287,0.0,0.0
seasonal_ma3,hepatite,12,origin_202212,3554102,287,0.0,0.0
sarima,hepatite,12,origin_202212,3505708,287,0.0,0.12659357488155365
sarima,hepatite,12,origin_202212,3506003,287,0.0,0.0183143001049757
sarima,hepatite,12,origin_202212,3509502,287,5.0,5.649598121643066
sarima,hepatite,12,origin_202212,3510609,287,1.0,0.1137985959649086
sarima,hepatite,12,origin_202212,3513801,287,0.0,-0.18570436537265778
sarima,hepatite,12,origin_202212,3518701,287,0.0,6.225131414794305e-07
sarima,hepatite,12,origin_202212,3518800,287,0.0,3.3668431405472696e-14
sarima,hepatite,12,origin_202212,3522208,287,0.0,0.0043689110316336155
sarima,hepatite,12,origin_202212,3525904,287,0.0,0.02737383544445038
sarima,hepatite,12,origin_202212,3529401,287,0.0,0.04757208377122879
sarima,hepatite,12,origin_202212,3534401,287,0.0,0.07557874917984009
sarima,hepatite,12,origin_202212,3536505,287,0.0,-0.009925208054482937
sarima,hepatite,12,origin_202212,3541000,287,0.0,0.0003688357537612319
sarima,hepatite,12,origin_202212,3543402,287,0.0,0.0005445957649499178
sarima,hepatite,12,origin_202212,3547809,287,0.0,6.644958805424039e-09
sarima,hepatite,12,origin_202212,3548500,287,1.0,0.5055972933769226
sarima,hepatite,12,origin_202212,3548708,287,0.0,0.45783644914627075
sarima,hepatite,12,origin_202212,3549805,287,0.0,-1.027672548838468e-13
sarima,hepatite,12,origin_202212,3549904,287,0.0,2.407007766388504e-14
sarima,hepatite,12,origin_202212,3550308,287,0.0,1.6815581571897805e-44
sarima,hepatite,12,origin_202212,3551009,287,0.0,0.05367564409971237
sarima,hepatite,12,origin_202212,3552205,287,0.0,0.22126838564872742
sarima,hepatite,12,origin_202212,3554102,287,0.0,0.002581721404567361
lgbm,hepatite,12,origin_202212,3505708,287,0.0,0.397319243339125
lgbm,hepatite,12,origin_202212,3506003,287,0.0,0.022329857587939945
lgbm,hepatite,12,origin_202212,3509502,287,5.0,4.576248259492973
lgbm,hepatite,12,origin_202212,3510609,287,1.0,0.2677910160452928
lgbm,hepatite,12,origin_202212,3513801,287,0.0,0.011544859856447378
lgbm,hepatite,12,origin_202212,3518701,287,0.0,0.012052814082731525
lgbm,hepatite,12,origin_202212,3518800,287,0.0,0.01959565016939102
lgbm,hepatite,12,origin_202212,3522208,287,0.0,0.030979268189344034
lgbm,hepatite,12,origin_202212,3525904,287,0.0,0.05171664264985653
lgbm,hepatite,12,origin_202212,3529401,287,0.0,0.012764310089809685
lgbm,hepatite,12,origin_202212,3534401,287,0.0,0.14667382696183862
lgbm,hepatite,12,origin_202212,3536505,287,0.0,0.02197920952003586
lgbm,hepatite,12,origin_202212,3541000,287,0.0,0.012371533028435624
lgbm,hepatite,12,origin_202212,3543402,287,0.0,0.018141422007205175
lgbm,hepatite,12,origin_202212,3547809,287,0.0,0.012934283330548099
lgbm,hepatite,12,origin_202212,3548500,287,1.0,0.7046716701593575
lgbm,hepatite,12,origin_202212,3548708,287,0.0,0.36528946542804036
lgbm,hepatite,12,origin_202212,3549805,287,0.0,0.010687500219630589
lgbm,hepatite,12,origin_202212,3549904,287,0.0,0.015642380985369922
lgbm,hepatite,12,origin_202212,3550308,287,0.0,0.015269967664876647
lgbm,hepatite,12,origin_202212,3551009,287,0.0,0.016148736914458138
lgbm,hepatite,12,origin_202212,3552205,287,0.0,0.1462496822918126
lgbm,hepatite,12,origin_202212,3554102,287,0.0,0.011708119784814149
catboost,hepatite,12,origin_202212,3505708,287,0.0,0.2962465715131611
catboost,hepatite,12,origin_202212,3506003,287,0.0,0.06609159712829246
catboost,hepatite,12,origin_202212,3509502,287,5.0,4.73188918117228
catboost,hepatite,12,origin_202212,3510609,287,1.0,0.19866292806902944
catboost,hepatite,12,origin_202212,3513801,287,0.0,0.04337022110072933
catboost,hepatite,12,origin_202212,3518701,287,0.0,0.036105504448291956
catboost,hepatite,12,origin_202212,3518800,287,0.0,0.047083166739013485
catboost,hepatite,12,origin_202212,3522208,287,0.0,0.08292132853023708
catboost,hepatite,12,origin_202212,3525904,287,0.0,0.09385434211489901
catboost,hepatite,12,origin_202212,3529401,287,0.0,0.04995432896709319
catboost,hepatite,12,origin_202212,3534401,287,0.0,0.07334068295604224
catboost,hepatite,12,origin_202212,3536505,287,0.0,0.05911773330183588
catboost,hepatite,12,origin_202212,3541000,287,0.0,0.03725152655202355
catboost,hepatite,12,origin_202212,3543402,287,0.0,0.033451774870842395
catboost,hepatite,12,origin_202212,3547809,287,0.0,0.04387184078372651
catboost,hepatite,12,origin_202212,3548500,287,1.0,0.6354271355682821
catboost,hepatite,12,origin_202212,3548708,287,0.0,0.4167462717846454
catboost,hepatite,12,origin_202212,3549805,287,0.0,0.028971154683630648
catboost,hepatite,12,origin_202212,3549904,287,0.0,0.050659091113796385
catboost,hepatite,12,origin_202212,3550308,287,0.0,0.039359507036741626
catboost,hepatite,12,origin_202212,3551009,287,0.0,0.047506679848884334
catboost,hepatite,12,origin_202212,3552205,287,0.0,0.2696861813329938
catboost,hepatite,12,origin_202212,3554102,287,0.0,0.045921954589929766
xgboost,hepatite,12,origin_202212,3505708,287,0.0,0.33017486333847046
xgboost,hepatite,12,origin_202212,3506003,287,0.0,0.11580720543861389
xgboost,hepatite,12,origin_202212,3509502,287,5.0,5.435111045837402
xgboost,hepatite,12,origin_202212,3510609,287,1.0,0.1890237033367157
xgboost,hepatite,12,origin_202212,3513801,287,0.0,0.007380199618637562
xgboost,hepatite,12,origin_202212,3518701,287,0.0,0.013058170676231384
xgboost,hepatite,12,origin_202212,3518800,287,0.0,0.023565420880913734
xgboost,hepatite,12,origin_202212,3522208,287,0.0,0.038744304329156876
xgboost,hepatite,12,origin_202212,3525904,287,0.0,0.05270341783761978
xgboost,hepatite,12,origin_202212,3529401,287,0.0,0.01532953791320324
xgboost,hepatite,12,origin_202212,3534401,287,0.0,0.10012927651405334
xgboost,hepatite,12,origin_202212,3536505,287,0.0,0.022919075563549995
xgboost,hepatite,12,origin_202212,3541000,287,0.0,0.013174858875572681
xgboost,hepatite,12,origin_202212,3543402,287,0.0,0.013528998009860516
xgboost,hepatite,12,origin_202212,3547809,287,0.0,0.013099025003612041
xgboost,hepatite,12,origin_202212,3548500,287,1.0,0.7207952737808228
xgboost,hepatite,12,origin_202212,3548708,287,0.0,0.42468950152397156
xgboost,hepatite,12,origin_202212,3549805,287,0.0,0.011781771667301655
xgboost,hepatite,12,origin_202212,3549904,287,0.0,0.017210086807608604
xgboost,hepatite,12,origin_202212,3550308,287,0.0,0.013369187712669373
xgboost,hepatite,12,origin_202212,3551009,287,0.0,0.03420364856719971
xgboost,hepatite,12,origin_202212,3552205,287,0.0,0.13917264342308044
xgboost,hepatite,12,origin_202212,3554102,287,0.0,0.019067218527197838
prophet,hepatite,12,origin_202212,3505708,287,0.0,0.0
prophet,hepatite,12,origin_202212,3506003,287,0.0,0.0
prophet,hepatite,12,origin_202212,3509502,287,5.0,1.7769313778542188
prophet,hepatite,12,origin_202212,3510609,287,1.0,0.20840733838059783
prophet,hepatite,12,origin_202212,3513801,287,0.0,0.0
prophet,hepatite,12,origin_202212,3518701,287,0.0,0.0
prophet,hepatite,12,origin_202212,3518800,287,0.0,0.0
prophet,hepatite,12,origin_202212,3522208,287,0.0,0.0
prophet,hepatite,12,origin_202212,3525904,287,0.0,0.0
prophet,hepatite,12,origin_202212,3529401,287,0.0,0.0
prophet,hepatite,12,origin_202212,3534401,287,0.0,0.0
prophet,hepatite,12,origin_202212,3536505,287,0.0,0.0
prophet,hepatite,12,origin_202212,3541000,287,0.0,0.0
prophet,hepatite,12,origin_202212,3543402,287,0.0,0.0
prophet,hepatite,12,origin_202212,3547809,287,0.0,0.0
prophet,hepatite,12,origin_202212,3548500,287,1.0,0.0
prophet,hepatite,12,origin_202212,3548708,287,0.0,0.0
prophet,hepatite,12,origin_202212,3549805,287,0.0,0.0
prophet,hepatite,12,origin_202212,3549904,287,0.0,0.0
prophet,hepatite,12,origin_202212,3550308,287,0.0,0.0
prophet,hepatite,12,origin_202212,3551009,287,0.0,0.0
prophet,hepatite,12,origin_202212,3552205,287,0.0,0.12596829374886137
prophet,hepatite,12,origin_202212,3554102,287,0.0,0.0
seasonal_naive,hiv_aids,1,origin_201912,3505708,240,1.0,1.0
seasonal_naive,hiv_aids,1,origin_201912,3506003,240,5.0,6.0
seasonal_naive,hiv_aids,1,origin_201912,3509502,240,16.0,15.0
seasonal_naive,hiv_aids,1,origin_201912,3510609,240,8.0,5.0
seasonal_naive,hiv_aids,1,origin_201912,3513801,240,0.0,4.0
seasonal_naive,hiv_aids,1,origin_201912,3518701,240,2.0,1.0
seasonal_naive,hiv_aids,1,origin_201912,3518800,240,5.0,13.0
seasonal_naive,hiv_aids,1,origin_201912,3522208,240,4.0,3.0
seasonal_naive,hiv_aids,1,origin_201912,3525904,240,4.0,4.0
seasonal_naive,hiv_aids,1,origin_201912,3529401,240,1.0,1.0
seasonal_naive,hiv_aids,1,origin_201912,3534401,240,5.0,8.0
seasonal_naive,hiv_aids,1,origin_201912,3536505,240,0.0,0.0
seasonal_naive,hiv_aids,1,origin_201912,3541000,240,2.0,1.0
seasonal_naive,hiv_aids,1,origin_201912,3543402,240,16.0,23.0
seasonal_naive,hiv_aids,1,origin_201912,3547809,240,1.0,0.0
seasonal_naive,hiv_aids,1,origin_201912,3548500,240,5.0,5.0
seasonal_naive,hiv_aids,1,origin_201912,3548708,240,3.0,0.0
seasonal_naive,hiv_aids,1,origin_201912,3549805,240,16.0,16.0
seasonal_naive,hiv_aids,1,origin_201912,3549904,240,14.0,12.0
seasonal_naive,hiv_aids,1,origin_201912,3550308,240,151.0,152.0
seasonal_naive,hiv_aids,1,origin_201912,3551009,240,2.0,1.0
seasonal_naive,hiv_aids,1,origin_201912,3552205,240,1.0,0.0
seasonal_naive,hiv_aids,1,origin_201912,3554102,240,1.0,1.0
seasonal_ma3,hiv_aids,1,origin_201912,3505708,240,1.0,1.3333333730697632
seasonal_ma3,hiv_aids,1,origin_201912,3506003,240,5.0,8.0
seasonal_ma3,hiv_aids,1,origin_201912,3509502,240,16.0,16.33333396911621
seasonal_ma3,hiv_aids,1,origin_201912,3510609,240,8.0,4.0
seasonal_ma3,hiv_aids,1,origin_201912,3513801,240,0.0,4.333333492279053
seasonal_ma3,hiv_aids,1,origin_201912,3518701,240,2.0,1.0
seasonal_ma3,hiv_aids,1,origin_201912,3518800,240,5.0,9.0
seasonal_ma3,hiv_aids,1,origin_201912,3522208,240,4.0,1.0
seasonal_ma3,hiv_aids,1,origin_201912,3525904,240,4.0,5.333333492279053
seasonal_ma3,hiv_aids,1,origin_201912,3529401,240,1.0,1.6666666269302368
seasonal_ma3,hiv_aids,1,origin_201912,3534401,240,5.0,3.6666667461395264
seasonal_ma3,hiv_aids,1,origin_201912,3536505,240,0.0,0.0
seasonal_ma3,hiv_aids,1,origin_201912,3541000,240,2.0,0.6666666865348816
seasonal_ma3,hiv_aids,1,origin_201912,3543402,240,16.0,18.0
seasonal_ma3,hiv_aids,1,origin_201912,3547809,240,1.0,0.3333333432674408
seasonal_ma3,hiv_aids,1,origin_201912,3548500,240,5.0,4.666666507720947
seasonal_ma3,hiv_aids,1,origin_201912,3548708,240,3.0,0.3333333432674408
seasonal_ma3,hiv_aids,1,origin_201912,3549805,240,16.0,13.333333015441895
seasonal_ma3,hiv_aids,1,origin_201912,3549904,240,14.0,10.0
seasonal_ma3,hiv_aids,1,origin_201912,3550308,240,151.0,127.66666412353516
seasonal_ma3,hiv_aids,1,origin_201912,3551009,240,2.0,9.666666984558105
seasonal_ma3,hiv_aids,1,origin_201912,3552205,240,1.0,2.3333332538604736
seasonal_ma3,hiv_aids,1,origin_201912,3554102,240,1.0,1.3333333730697632
sarima,hiv_aids,1,origin_201912,3505708,240,1.0,0.885398268699646
sarima,hiv_aids,1,origin_201912,3506003,240,5.0,6.406391620635986
sarima,hiv_aids,1,origin_201912,3509502,240,16.0,7.97995138168335
sarima,hiv_aids,1,origin_201912,3510609,240,8.0,4.875605583190918
sarima,hiv_aids,1,origin_201912,3513801,240,0.0,3.7126832008361816
sarima,hiv_aids,1,origin_201912,3518701,240,2.0,-0.16832473874092102
sarima,hiv_aids,1,origin_201912,3518800,240,5.0,8.915901184082031
sarima,hiv_aids,1,origin_201912,3522208,240,4.0,1.6797469854354858
sarima,hiv_aids,1,origin_201912,3525904,240,4.0,7.6276021003723145
sarima,hiv_aids,1,origin_201912,3529401,240,1.0,0.7833917140960693
sarima,hiv_aids,1,origin_201912,3534401,240,5.0,4.3211588859558105
sarima,hiv_aids,1,origin_201912,3536505,240,0.0,0.18413040041923523
sarima,hiv_aids,1,origin_201912,3541000,240,2.0,0.652506411075592
sarima,hiv_aids,1,origin_201912,3543402,240,16.0,16.25821876525879
sarima,hiv_aids,1,origin_201912,3547809,240,1.0,0.7054401636123657
sarima,hiv_aids,1,origin_201912,3548500,240,5.0,1.4147534370422363
sarima,hiv_aids,1,origin_201912,3548708,240,3.0,2.556124448776245
sarima,hiv_aids,1,origin_201912,3549805,240,16.0,16.464269638061523
sarima,hiv_aids,1,origin_201912,3549904,240,14.0,13.862354278564453
sarima,hiv_aids,1,origin_201912,3550308,240,151.0,123.53162384033203
sarima,hiv_aids,1,origin_201912,3551009,240,2.0,0.6052207946777344
sarima,hiv_aids,1,origin_201912,3552205,240,1.0,-0.18921908736228943
sarima,hiv_aids,1,origin_201912,3554102,240,1.0,0.42259225249290466
lgbm,hiv_aids,1,origin_201912,3505708,240,1.0,1.5172757520721594
lgbm,hiv_aids,1,origin_201912,3506003,240,5.0,6.860916564621217
lgbm,hiv_aids,1,origin_201912,3509502,240,16.0,8.717415049361806
lgbm,hiv_aids,1,origin_201912,3510609,240,8.0,5.893409237545096
lgbm,hiv_aids,1,origin_201912,3513801,240,0.0,2.0417540894207313
lgbm,hiv_aids,1,origin_201912,3518701,240,2.0,0.9170052794701761
lgbm,hiv_aids,1,origin_201912,3518800,240,5.0,9.06340330444328
lgbm,hiv_aids,1,origin_201912,3522208,240,4.0,2.278714924438663
lgbm,hiv_aids,1,origin_201912,3525904,240,4.0,7.244329854700489
lgbm,hiv_aids,1,origin_201912,3529401,240,1.0,0.9816455801678311
lgbm,hiv_aids,1,origin_201912,3534401,240,5.0,4.672199044151953
lgbm,hiv_aids,1,origin_201912,3536505,240,0.0,0.3565318123510768
lgbm,hiv_aids,1,origin_201912,3541000,240,2.0,0.8074415741351623
lgbm,hiv_aids,1,origin_201912,3543402,240,16.0,19.20171630099964
lgbm,hiv_aids,1,origin_201912,3547809,240,1.0,0.8737444800062126
lgbm,hiv_aids,1,origin_201912,3548500,240,5.0,2.8700248277463625
lgbm,hiv_aids,1,origin_201912,3548708,240,3.0,2.1637597885482776
lgbm,hiv_aids,1,origin_201912,3549805,240,16.0,14.763128348635865
lgbm,hiv_aids,1,origin_201912,3549904,240,14.0,12.888585703399857
lgbm,hiv_aids,1,origin_201912,3550308,240,151.0,101.82337674289893
lgbm,hiv_aids,1,origin_201912,3551009,240,2.0,1.3175259068694218
lgbm,hiv_aids,1,origin_201912,3552205,240,1.0,0.8550397118078442
lgbm,hiv_aids,1,origin_201912,3554102,240,1.0,1.1053728479746405
catboost,hiv_aids,1,origin_201912,3505708,240,1.0,1.4150342301530914
catboost,hiv_aids,1,origin_201912,3506003,240,5.0,9.002409011131627
catboost,hiv_aids,1,origin_201912,3509502,240,16.0,9.627801468541575
catboost,hiv_aids,1,origin_201912,3510609,240,8.0,4.735106874806018
catboost,hiv_aids,1,origin_201912,3513801,240,0.0,1.6688809090677332
catboost,hiv_aids,1,origin_201912,3518701,240,2.0,1.264165396539853
catboost,hiv_aids,1,origin_201912,3518800,240,5.0,9.407209809889542
catboost,hiv_aids,1,origin_201912,3522208,240,4.0,2.280277369202186
catboost,hiv_aids,1,origin_201912,3525904,240,4.0,7.140192133590682
catboost,hiv_aids,1,origin_201912,3529401,240,1.0,1.1898457697144178
catboost,hiv_aids,1,origin_201912,3534401,240,5.0,3.8867427135661963
catboost,hiv_aids,1,origin_201912,3536505,240,0.0,0.6344605655701125
catboost,hiv_aids,1,origin_201912,3541000,240,2.0,1.2446052905023686
catboost,hiv_aids,1,origin_201912,3543402,240,16.0,17.83690635963709
catboost,hiv_aids,1,origin_201912,3547809,240,1.0,1.2557768247396015
catboost,hiv_aids,1,origin_201912,3548500,240,5.0,2.950234335540017
catboost,hiv_aids,1,origin_201912,3548708,240,3.0,2.4548675982883306
catboost,hiv_aids,1,origin_201912,3549805,240,16.0,13.566205581128555
catboost,hiv_aids,1,origin_201912,3549904,240,14.0,13.979095133440747
catboost,hiv_aids,1,origin_201912,3550308,240,151.0,102.87243499716168
catboost,hiv_aids,1,origin_201912,3551009,240,2.0,1.315405586834212
catboost,hiv_aids,1,origin_201912,3552205,240,1.0,1.119419425324074
catboost,hiv_aids,1,origin_201912,3554102,240,1.0,1.3209399662378758
xgboost,hiv_aids,1,origin_201912,3505708,240,1.0,1.6495575904846191
xgboost,hiv_aids,1,origin_201912,3506003,240,5.0,7.648090362548828
xgboost,hiv_aids,1,origin_201912,3509502,240,16.0,8.616701126098633
xgboost,hiv_aids,1,origin_201912,3510609,240,8.0,5.018204212188721
xgboost,hiv_aids,1,origin_201912,3513801,240,0.0,2.3838155269622803
xgboost,hiv_aids,1,origin_201912,3518701,240,2.0,0.9938839077949524
xgboost,hiv_aids,1,origin_201912,3518800,240,5.0,8.758702278137207
xgboost,hiv_aids,1,origin_201912,3522208,240,4.0,2.1949143409729004
xgboost,hiv_aids,1,origin_201912,3525904,240,4.0,7.941097736358643
xgboost,hiv_aids,1,origin_201912,3529401,240,1.0,1.0937038660049438
xgboost,hiv_aids,1,origin_201912,3534401,240,5.0,4.512960433959961
xgboost,hiv_aids,1,origin_201912,3536505,240,0.0,0.23217664659023285
xgboost,hiv_aids,1,origin_201912,3541000,240,2.0,0.935495138168335
xgboost,hiv_aids,1,origin_201912,3543402,240,16.0,18.736684799194336
xgboost,hiv_aids,1,origin_201912,3547809,240,1.0,1.0235836505889893
xgboost,hiv_aids,1,origin_201912,3548500,240,5.0,2.6728129386901855
xgboost,hiv_aids,1,origin_201912,3548708,240,3.0,2.2874996662139893
xgboost,hiv_aids,1,origin_201912,3549805,240,16.0,15.247234344482422
xgboost,hiv_aids,1,origin_201912,3549904,240,14.0,13.682677268981934
xgboost,hiv_aids,1,origin_201912,3550308,240,151.0,115.41536712646484
xgboost,hiv_aids,1,origin_201912,3551009,240,2.0,1.3560700416564941
xgboost,hiv_aids,1,origin_201912,3552205,240,1.0,0.9002629518508911
xgboost,hiv_aids,1,origin_201912,3554102,240,1.0,1.0663782358169556
prophet,hiv_aids,1,origin_201912,3505708,240,1.0,0.24972951984588004
prophet,hiv_aids,1,origin_201912,3506003,240,5.0,3.794422920160934
prophet,hiv_aids,1,origin_201912,3509502,240,16.0,9.725682859773377
prophet,hiv_aids,1,origin_201912,3510609,240,8.0,2.3871228156622974
prophet,hiv_aids,1,origin_201912,3513801,240,0.0,2.8382363456363313
prophet,hiv_aids,1,origin_201912,3518701,240,2.0,0.266040504287101
prophet,hiv_aids,1,origin_201912,3518800,240,5.0,6.374117879471159
prophet,hiv_aids,1,origin_201912,3522208,240,4.0,1.2358022777451323
prophet,hiv_aids,1,origin_201912,3525904,240,4.0,8.316403611123832
prophet,hiv_aids,1,origin_201912,3529401,240,1.0,1.1188719628879928
prophet,hiv_aids,1,origin_201912,3534401,240,5.0,3.3338616758903026
prophet,hiv_aids,1,origin_201912,3536505,240,0.0,0.18132377623426837
prophet,hiv_aids,1,origin_201912,3541000,240,2.0,0.1687276396113499
prophet,hiv_aids,1,origin_201912,3543402,240,16.0,16.449752326067372
prophet,hiv_aids,1,origin_201912,3547809,240,1.0,1.4555473465139979
prophet,hiv_aids,1,origin_201912,3548500,240,5.0,0.0
prophet,hiv_aids,1,origin_201912,3548708,240,3.0,1.1215540180450265
prophet,hiv_aids,1,origin_201912,3549805,240,16.0,11.61309392348375
prophet,hiv_aids,1,origin_201912,3549904,240,14.0,14.660741397982179
prophet,hiv_aids,1,origin_201912,3550308,240,151.0,101.51257767655066
prophet,hiv_aids,1,origin_201912,3551009,240,2.0,1.3622829923999595
prophet,hiv_aids,1,origin_201912,3552205,240,1.0,0.0
prophet,hiv_aids,1,origin_201912,3554102,240,1.0,3.7318048377264015
seasonal_naive,hiv_aids,3,origin_201912,3505708,242,0.0,0.0
seasonal_naive,hiv_aids,3,origin_201912,3506003,242,5.0,8.0
seasonal_naive,hiv_aids,3,origin_201912,3509502,242,9.0,9.0
seasonal_naive,hiv_aids,3,origin_201912,3510609,242,2.0,3.0
seasonal_naive,hiv_aids,3,origin_201912,3513801,242,3.0,1.0
seasonal_naive,hiv_aids,3,origin_201912,3518701,242,3.0,2.0
seasonal_naive,hiv_aids,3,origin_201912,3518800,242,5.0,12.0
seasonal_naive,hiv_aids,3,origin_201912,3522208,242,0.0,4.0
seasonal_naive,hiv_aids,3,origin_201912,3525904,242,1.0,7.0
seasonal_naive,hiv_aids,3,origin_201912,3529401,242,0.0,0.0
seasonal_naive,hiv_aids,3,origin_201912,3534401,242,6.0,3.0
seasonal_naive,hiv_aids,3,origin_201912,3536505,242,0.0,0.0
seasonal_naive,hiv_aids,3,origin_201912,3541000,242,0.0,1.0
seasonal_naive,hiv_aids,3,origin_201912,3543402,242,12.0,14.0
seasonal_naive,hiv_aids,3,origin_201912,3547809,242,2.0,2.0
seasonal_naive,hiv_aids,3,origin_201912,3548500,242,2.0,1.0
seasonal_naive,hiv_aids,3,origin_201912,3548708,242,4.0,2.0
seasonal_naive,hiv_aids,3,origin_201912,3549805,242,11.0,18.0
seasonal_naive,hiv_aids,3,origin_201912,3549904,242,12.0,19.0
seasonal_naive,hiv_aids,3,origin_201912,3550308,242,147.0,111.0
seasonal_naive,hiv_aids,3,origin_201912,3551009,242,1.0,1.0
seasonal_naive,hiv_aids,3,origin_201912,3552205,242,0.0,2.0
seasonal_naive,hiv_aids,3,origin_201912,3554102,242,0.0,1.0
seasonal_ma3,hiv_aids,3,origin_201912,3505708,242,0.0,0.3333333432674408
seasonal_ma3,hiv_aids,3,origin_201912,3506003,242,5.0,8.666666984558105
seasonal_ma3,hiv_aids,3,origin_201912,3509502,242,9.0,15.0
seasonal_ma3,hiv_aids,3,origin_201912,3510609,242,2.0,6.0
seasonal_ma3,hiv_aids,3,origin_201912,3513801,242,3.0,3.3333332538604736
seasonal_ma3,hiv_aids,3,origin_201912,3518701,242,3.0,2.0
seasonal_ma3,hiv_aids,3,origin_201912,3518800,242,5.0,9.333333015441895
seasonal_ma3,hiv_aids,3,origin_201912,3522208,242,0.0,3.0
seasonal_ma3,hiv_aids,3,origin_201912,3525904,242,1.0,7.666666507720947
seasonal_ma3,hiv_aids,3,origin_201912,3529401,242,0.0,1.0
seasonal_ma3,hiv_aids,3,origin_201912,3534401,242,6.0,4.333333492279053
seasonal_ma3,hiv_aids,3,origin_201912,3536505,242,0.0,0.0
seasonal_ma3,hiv_aids,3,origin_201912,3541000,242,0.0,0.3333333432674408
seasonal_ma3,hiv_aids,3,origin_201912,3543402,242,12.0,18.66666603088379
seasonal_ma3,hiv_aids,3,origin_201912,3547809,242,2.0,2.0
seasonal_ma3,hiv_aids,3,origin_201912,3548500,242,2.0,1.0
seasonal_ma3,hiv_aids,3,origin_201912,3548708,242,4.0,1.6666666269302368
seasonal_ma3,hiv_aids,3,origin_201912,3549805,242,11.0,14.0
seasonal_ma3,hiv_aids,3,origin_201912,3549904,242,12.0,16.0
seasonal_ma3,hiv_aids,3,origin_201912,3550308,242,147.0,139.6666717529297
seasonal_ma3,hiv_aids,3,origin_201912,3551009,242,1.0,3.3333332538604736
seasonal_ma3,hiv_aids,3,origin_201912,3552205,242,0.0,2.3333332538604736
seasonal_ma3,hiv_aids,3,origin_201912,3554102,242,0.0,2.6666667461395264
sarima,hiv_aids,3,origin_201912,3505708,242,0.0,1.2596136331558228
sarima,hiv_aids,3,origin_201912,3506003,242,5.0,6.110689640045166
sarima,hiv_aids,3,origin_201912,3509502,242,9.0,7.850763320922852
sarima,hiv_aids,3,origin_201912,3510609,242,2.0,4.073047637939453
sarima,hiv_aids,3,origin_201912,3513801,242,3.0,4.385447978973389
sarima,hiv_aids,3,origin_201912,3518701,242,3.0,-0.22764059901237488
sarima,hiv_aids,3,origin_201912,3518800,242,5.0,8.915901184082031
sarima,hiv_aids,3,origin_201912,3522208,242,0.0,1.6342164278030396
sarima,hiv_aids,3,origin_201912,3525904,242,1.0,7.6276021003723145
sarima,hiv_aids,3,origin_201912,3529401,242,0.0,1.0346649885177612
sarima,hiv_aids,3,origin_201912,3534401,242,6.0,4.3211588859558105
sarima,hiv_aids,3,origin_201912,3536505,242,0.0,0.2645818591117859
sarima,hiv_aids,3,origin_201912,3541000,242,0.0,0.5431586503982544
sarima,hiv_aids,3,origin_201912,3543402,242,12.0,13.462075233459473
sarima,hiv_aids,3,origin_201912,3547809,242,2.0,0.6178037524223328
sarima,hiv_aids,3,origin_201912,3548500,242,2.0,0.7971493005752563
sarima,hiv_aids,3,origin_201912,3548708,242,4.0,2.8647639751434326
sarima,hiv_aids,3,origin_201912,3549805,242,11.0,15.353007316589355
sarima,hiv_aids,3,origin_201912,3549904,242,12.0,13.35390567779541
sarima,hiv_aids,3,origin_201912,3550308,242,147.0,123.53162384033203
sarima,hiv_aids,3,origin_201912,3551009,242,1.0,0.7884162068367004
sarima,hiv_aids,3,origin_201912,3552205,242,0.0,-0.39117884635925293
sarima,hiv_aids,3,origin_201912,3554102,242,0.0,-0.04367765784263611
lgbm,hiv_aids,3,origin_201912,3505708,242,0.0,1.534685708911501
lgbm,hiv_aids,3,origin_201912,3506003,242,5.0,7.286374467812843
lgbm,hiv_aids,3,origin_201912,3509502,242,9.0,8.699662258244382
lgbm,hiv_aids,3,origin_201912,3510609,242,2.0,5.284267798935782
lgbm,hiv_aids,3,origin_201912,3513801,242,3.0,2.52598753808053
lgbm,hiv_aids,3,origin_201912,3518701,242,3.0,1.3121315474173254
lgbm,hiv_aids,3,origin_201912,3518800,242,5.0,9.271617772499258
lgbm,hiv_aids,3,origin_201912,3522208,242,0.0,2.04820200037166
lgbm,hiv_aids,3,origin_201912,3525904,242,1.0,6.234716743668415
lgbm,hiv_aids,3,origin_201912,3529401,242,0.0,1.1301098229651632
lgbm,hiv_aids,3,origin_201912,3534401,242,6.0,4.863951799653474
lgbm,hiv_aids,3,origin_201912,3536505,242,0.0,0.5328586087746915
lgbm,hiv_aids,3,origin_201912,3541000,242,0.0,1.2930568314230555
lgbm,hiv_aids,3,origin_201912,3543402,242,12.0,18.84487176340889
lgbm,hiv_aids,3,origin_201912,3547809,242,2.0,1.5846909870130792
lgbm,hiv_aids,3,origin_201912,3548500,242,2.0,2.807987586330834
lgbm,hiv_aids,3,origin_201912,3548708,242,4.0,2.6012510201411216
lgbm,hiv_aids,3,origin_201912,3549805,242,11.0,17.712478180533257
lgbm,hiv_aids,3,origin_201912,3549904,242,12.0,13.675359801262717
lgbm,hiv_aids,3,origin_201912,3550308,242,147.0,106.79830069101028
lgbm,hiv_aids,3,origin_201912,3551009,242,1.0,2.0338342991889338
lgbm,hiv_aids,3,origin_201912,3552205,242,0.0,1.4930902364126462
lgbm,hiv_aids,3,origin_201912,3554102,242,0.0,1.5376410664386242
catboost,hiv_aids,3,origin_201912,3505708,242,0.0,1.2640411723132126
catboost,hiv_aids,3,origin_201912,3506003,242,5.0,6.623350001027821
catboost,hiv_aids,3,origin_201912,3509502,242,9.0,9.649513838456903
catboost,hiv_aids,3,origin_201912,3510609,242,2.0,5.204240607126036
catboost,hiv_aids,3,origin_201912,3513801,242,3.0,1.938181859856859
catboost,hiv_aids,3,origin_201912,3518701,242,3.0,1.561355704981266
catboost,hiv_aids,3,origin_201912,3518800,242,5.0,10.147174951877783
catboost,hiv_aids,3,origin_201912,3522208,242,0.0,2.2883237658744267
catboost,hiv_aids,3,origin_201912,3525904,242,1.0,6.8240029237092035
catboost,hiv_aids,3,origin_201912,3529401,242,0.0,1.4537775049086614
catboost,hiv_aids,3,origin_201912,3534401,242,6.0,4.148013851651093
catboost,hiv_aids,3,origin_201912,3536505,242,0.0,0.8133398677365821
catboost,hiv_aids,3,origin_201912,3541000,242,0.0,1.4186911761957512
catboost,hiv_aids,3,origin_201912,3543402,242,12.0,17.067363739109382
catboost,hiv_aids,3,origin_201912,3547809,242,2.0,1.494306838431626
catboost,hiv_aids,3,origin_201912,3548500,242,2.0,2.741556135593932
catboost,hiv_aids,3,origin_201912,3548708,242,4.0,2.792462939252905
catboost,hiv_aids,3,origin_201912,3549805,242,11.0,13.658600374205802
catboost,hiv_aids,3,origin_201912,3549904,242,12.0,14.152324544464696
catboost,hiv_aids,3,origin_201912,3550308,242,147.0,107.92362543712315
catboost,hiv_aids,3,origin_201912,3551009,242,1.0,1.8172152885470034
catboost,hiv_aids,3,origin_201912,3552205,242,0.0,1.6543864317379287
catboost,hiv_aids,3,origin_201912,3554102,242,0.0,1.7898375410401572
xgboost,hiv_aids,3,origin_201912,3505708,242,0.0,1.5539926290512085
xgboost,hiv_aids,3,origin_201912,3506003,242,5.0,6.831135272979736
xgboost,hiv_aids,3,origin_201912,3509502,242,9.0,7.891916751861572
xgboost,hiv_aids,3,origin_201912,3510609,242,2.0,5.022680282592773
xgboost,hiv_aids,3,origin_201912,3513801,242,3.0,2.607802391052246
xgboost,hiv_aids,3,origin_201912,3518701,242,3.0,1.360629677772522
xgboost,hiv_aids,3,origin_201912,3518800,242,5.0,9.55929946899414
xgboost,hiv_aids,3,origin_201912,3522208,242,0.0,2.443101644515991
xgboost,hiv_aids,3,origin_201912,3525904,242,1.0,6.708158493041992
xgboost,hiv_aids,3,origin_201912,3529401,242,0.0,1.2057650089263916
xgboost,hiv_aids,3,origin_201912,3534401,242,6.0,4.581241607666016
xgboost,hiv_aids,3,origin_201912,3536505,242,0.0,0.3130316734313965
xgboost,hiv_aids,3,origin_201912,3541000,242,0.0,1.0982826948165894
xgboost,hiv_aids,3,origin_201912,3543402,242,12.0,17.16000747680664
xgboost,hiv_aids,3,origin_201912,3547809,242,2.0,1.3708586692810059
xgboost,hiv_aids,3,origin_201912,3548500,242,2.0,2.9762444496154785
xgboost,hiv_aids,3,origin_201912,3548708,242,4.0,2.433119535446167
xgboost,hiv_aids,3,origin_201912,3549805,242,11.0,15.677257537841797
xgboost,hiv_aids,3,origin_201912,3549904,242,12.0,13.091979026794434
xgboost,hiv_aids,3,origin_201912,3550308,242,147.0,113.46997833251953
xgboost,hiv_aids,3,origin_201912,3551009,242,1.0,1.886695384979248
xgboost,hiv_aids,3,origin_201912,3552205,242,0.0,1.1821726560592651
xgboost,hiv_aids,3,origin_201912,3554102,242,0.0,1.3879282474517822
prophet,hiv_aids,3,origin_201912,3505708,242,0.0,0.8093912564787179
prophet,hiv_aids,3,origin_201912,3506003,242,5.0,2.859544212916483
prophet,hiv_aids,3,origin_201912,3509502,242,9.0,9.460972010479681
prophet,hiv_aids,3,origin_201912,3510609,242,2.0,3.455831529361261
prophet,hiv_aids,3,origin_201912,3513801,242,3.0,3.7692371477757476
prophet,hiv_aids,3,origin_201912,3518701,242,3.0,0.0
prophet,hiv_aids,3,origin_201912,3518800,242,5.0,7.181774518149728
prophet,hiv_aids,3,origin_201912,3522208,242,0.0,1.1226967465558546
prophet,hiv_aids,3,origin_201912,3525904,242,1.0,7.757878863799461
prophet,hiv_aids,3,origin_201912,3529401,242,0.0,0.9215029735567718
prophet,hiv_aids,3,origin_201912,3534401,242,6.0,4.042725722503357
prophet,hiv_aids,3,origin_201912,3536505,242,0.0,0.38740339477183994
prophet,hiv_aids,3,origin_201912,3541000,242,0.0,0.5113484889668309
prophet,hiv_aids,3,origin_201912,3543402,242,12.0,11.047923620830804
prophet,hiv_aids,3,origin_201912,3547809,242,2.0,2.1233249439447057
prophet,hiv_aids,3,origin_201912,3548500,242,2.0,0.0
prophet,hiv_aids,3,origin_201912,3548708,242,4.0,1.6167112304394473
prophet,hiv_aids,3,origin_201912,3549805,242,11.0,15.900770049814593
prophet,hiv_aids,3,origin_201912,3549904,242,12.0,16.00071328709862
prophet,hiv_aids,3,origin_201912,3550308,242,147.0,132.374194902335
prophet,hiv_aids,3,origin_201912,3551009,242,1.0,0.37611208787122435
prophet,hiv_aids,3,origin_201912,3552205,242,0.0,0.0
prophet,hiv_aids,3,origin_201912,3554102,242,0.0,0.024847622711796913
seasonal_naive,hiv_aids,6,origin_201912,3505708,245,0.0,0.0
seasonal_naive,hiv_aids,6,origin_201912,3506003,245,2.0,7.0
seasonal_naive,hiv_aids,6,origin_201912,3509502,245,9.0,12.0
seasonal_naive,hiv_aids,6,origin_201912,3510609,245,0.0,4.0
seasonal_naive,hiv_aids,6,origin_201912,3513801,245,1.0,2.0
seasonal_naive,hiv_aids,6,origin_201912,3518701,245,3.0,1.0
seasonal_naive,hiv_aids,6,origin_201912,3518800,245,0.0,7.0
seasonal_naive,hiv_aids,6,origin_201912,3522208,245,0.0,3.0
seasonal_naive,hiv_aids,6,origin_201912,3525904,245,4.0,5.0
seasonal_naive,hiv_aids,6,origin_201912,3529401,245,0.0,0.0
seasonal_naive,hiv_aids,6,origin_201912,3534401,245,0.0,9.0
seasonal_naive,hiv_aids,6,origin_201912,3536505,245,0.0,0.0
seasonal_naive,hiv_aids,6,origin_201912,3541000,245,0.0,0.0
seasonal_naive,hiv_aids,6,origin_201912,3543402,245,22.0,19.0
seasonal_naive,hiv_aids,6,origin_201912,3547809,245,3.0,3.0
seasonal_naive,hiv_aids,6,origin_201912,3548500,245,2.0,1.0
seasonal_naive,hiv_aids,6,origin_201912,3548708,245,3.0,2.0
seasonal_naive,hiv_aids,6,origin_201912,3549805,245,3.0,18.0
seasonal_naive,hiv_aids,6,origin_201912,3549904,245,11.0,5.0
seasonal_naive,hiv_aids,6,origin_201912,3550308,245,72.0,134.0
seasonal_naive,hiv_aids,6,origin_201912,3551009,245,1.0,3.0
seasonal_naive,hiv_aids,6,origin_201912,3552205,245,0.0,1.0
seasonal_naive,hiv_aids,6,origin_201912,3554102,245,0.0,0.0
seasonal_ma3,hiv_aids,6,origin_201912,3505708,245,0.0,0.6666666865348816
seasonal_ma3,hiv_aids,6,origin_201912,3506003,245,2.0,7.333333492279053
seasonal_ma3,hiv_aids,6,origin_201912,3509502,245,9.0,16.0
seasonal_ma3,hiv_aids,6,origin_201912,3510609,245,0.0,2.6666667461395264
seasonal_ma3,hiv_aids,6,origin_201912,3513801,245,1.0,3.6666667461395264
seasonal_ma3,hiv_aids,6,origin_201912,3518701,245,3.0,1.0
seasonal_ma3,hiv_aids,6,origin_201912,3518800,245,0.0,9.666666984558105
seasonal_ma3,hiv_aids,6,origin_201912,3522208,245,0.0,2.3333332538604736
seasonal_ma3,hiv_aids,6,origin_201912,3525904,245,4.0,3.3333332538604736
seasonal_ma3,hiv_aids,6,origin_201912,3529401,245,0.0,1.3333333730697632
seasonal_ma3,hiv_aids,6,origin_201912,3534401,245,0.0,6.333333492279053
seasonal_ma3,hiv_aids,6,origin_201912,3536505,245,0.0,0.3333333432674408
seasonal_ma3,hiv_aids,6,origin_201912,3541000,245,0.0,1.0
seasonal_ma3,hiv_aids,6,origin_201912,3543402,245,22.0,17.66666603088379
seasonal_ma3,hiv_aids,6,origin_201912,3547809,245,3.0,2.6666667461395264
seasonal_ma3,hiv_aids,6,origin_201912,3548500,245,2.0,1.0
seasonal_ma3,hiv_aids,6,origin_201912,3548708,245,3.0,1.3333333730697632
seasonal_ma3,hiv_aids,6,origin_201912,3549805,245,3.0,19.0
seasonal_ma3,hiv_aids,6,origin_201912,3549904,245,11.0,10.0
seasonal_ma3,hiv_aids,6,origin_201912,3550308,245,72.0,148.0
seasonal_ma3,hiv_aids,6,origin_201912,3551009,245,1.0,1.0
seasonal_ma3,hiv_aids,6,origin_201912,3552205,245,0.0,2.3333332538604736
seasonal_ma3,hiv_aids,6,origin_201912,3554102,245,0.0,0.0
sarima,hiv_aids,6,origin_201912,3505708,245,0.0,1.2596136331558228
sarima,hiv_aids,6,origin_201912,3506003,245,2.0,6.073880195617676
sarima,hiv_aids,6,origin_201912,3509502,245,9.0,7.61866569519043
sarima,hiv_aids,6,origin_201912,3510609,245,0.0,4.073047637939453
sarima,hiv_aids,6,origin_201912,3513801,245,1.0,3.9531538486480713
sarima,hiv_aids,6,origin_201912,3518701,245,3.0,-0.5069540143013
sarima,hiv_aids,6,origin_201912,3518800,245,0.0,8.915901184082031
sarima,hiv_aids,6,origin_201912,3522208,245,0.0,1.3162084817886353
sarima,hiv_aids,6,origin_201912,3525904,245,4.0,7.6276021003723145
sarima,hiv_aids,6,origin_201912,3529401,245,0.0,1.0159177780151367
sarima,hiv_aids,6,origin_201912,3534401,245,0.0,4.3211588859558105
sarima,hiv_aids,6,origin_201912,3536505,245,0.0,0.3663281500339508
sarima,hiv_aids,6,origin_201912,3541000,245,0.0,0.26787593960762024
sarima,hiv_aids,6,origin_201912,3543402,245,22.0,14.115884780883789
sarima,hiv_aids,6,origin_201912,3547809,245,3.0,0.4863491952419281
sarima,hiv_aids,6,origin_201912,3548500,245,2.0,-0.12925679981708527
sarima,hiv_aids,6,origin_201912,3548708,245,3.0,2.8984615802764893
sarima,hiv_aids,6,origin_201912,3549805,245,3.0,15.325384140014648
sarima,hiv_aids,6,origin_201912,3549904,245,11.0,12.589482307434082
sarima,hiv_aids,6,origin_201912,3550308,245,72.0,123.53162384033203
sarima,hiv_aids,6,origin_201912,3551009,245,1.0,0.6454684734344482
sarima,hiv_aids,6,origin_201912,3552205,245,0.0,-0.7212989926338196
sarima,hiv_aids,6,origin_201912,3554102,245,0.0,-0.22792406380176544
lgbm,hiv_aids,6,origin_201912,3505708,245,0.0,1.1408469012733538
lgbm,hiv_aids,6,origin_201912,3506003,245,2.0,6.774675178491675
lgbm,hiv_aids,6,origin_201912,3509502,245,9.0,8.466048840867263
lgbm,hiv_aids,6,origin_201912,3510609,245,0.0,4.710244758199666
lgbm,hiv_aids,6,origin_201912,3513801,245,1.0,2.969189584658207
lgbm,hiv_aids,6,origin_201912,3518701,245,3.0,1.268208288826132
lgbm,hiv_aids,6,origin_201912,3518800,245,0.0,9.708097615674987
lgbm,hiv_aids,6,origin_201912,3522208,245,0.0,2.362920935227149
lgbm,hiv_aids,6,origin_201912,3525904,245,4.0,5.568480296362084
lgbm,hiv_aids,6,origin_201912,3529401,245,0.0,1.3200271587920889
lgbm,hiv_aids,6,origin_201912,3534401,245,0.0,5.227577513082985
lgbm,hiv_aids,6,origin_201912,3536505,245,0.0,0.5450675150947967
lgbm,hiv_aids,6,origin_201912,3541000,245,0.0,1.2537846939774642
lgbm,hiv_aids,6,origin_201912,3543402,245,22.0,16.393041758421028
lgbm,hiv_aids,6,origin_201912,3547809,245,3.0,1.1722331837697453
lgbm,hiv_aids,6,origin_201912,3548500,245,2.0,2.7009430884173655
lgbm,hiv_aids,6,origin_201912,3548708,245,3.0,2.4568052911749785
lgbm,hiv_aids,6,origin_201912,3549805,245,3.0,18.475603537307162
lgbm,hiv_aids,6,origin_201912,3549904,245,11.0,13.986774520527717
lgbm,hiv_aids,6,origin_201912,3550308,245,72.0,97.10037441930127
lgbm,hiv_aids,6,origin_201912,3551009,245,1.0,1.812271413803313
lgbm,hiv_aids,6,origin_201912,3552205,245,0.0,1.0441663758882287
lgbm,hiv_aids,6,origin_201912,3554102,245,0.0,1.33291864007795
catboost,hiv_aids,6,origin_201912,3505708,245,0.0,1.1774793842216018
catboost,hiv_aids,6,origin_201912,3506003,245,2.0,6.714181851113551
catboost,hiv_aids,6,origin_201912,3509502,245,9.0,8.676953318124658
catboost,hiv_aids,6,origin_201912,3510609,245,0.0,5.7048624212455605
catboost,hiv_aids,6,origin_201912,3513801,245,1.0,2.5829196805695696
catboost,hiv_aids,6,origin_201912,3518701,245,3.0,1.8320246064233652
catboost,hiv_aids,6,origin_201912,3518800,245,0.0,8.917798873563266
catboost,hiv_aids,6,origin_201912,3522208,245,0.0,2.2252678495538976
catboost,hiv_aids,6,origin_201912,3525904,245,4.0,6.981686216330126
catboost,hiv_aids,6,origin_201912,3529401,245,0.0,1.7737841922812776
catboost,hiv_aids,6,origin_201912,3534401,245,0.0,4.75602852004778
catboost,hiv_aids,6,origin_201912,3536505,245,0.0,0.6709807094531057
catboost,hiv_aids,6,origin_201912,3541000,245,0.0,1.440937764009405
catboost,hiv_aids,6,origin_201912,3543402,245,22.0,17.34894840186656
catboost,hiv_aids,6,origin_201912,3547809,245,3.0,1.5599165684383094
catboost,hiv_aids,6,origin_201912,3548500,245,2.0,3.4283705592850677
catboost,hiv_aids,6,origin_201912,3548708,245,3.0,2.644092816408507
catboost,hiv_aids,6,origin_201912,3549805,245,3.0,15.405398398555558
catboost,hiv_aids,6,origin_201912,3549904,245,11.0,14.204148325378215
catboost,hiv_aids,6,origin_201912,3550308,245,72.0,80.65110546945607
catboost,hiv_aids,6,origin_201912,3551009,245,1.0,1.991539065953504
catboost,hiv_aids,6,origin_201912,3552205,245,0.0,1.4455605334202366
catboost,hiv_aids,6,origin_201912,3554102,245,0.0,1.6712609438991832
xgboost,hiv_aids,6,origin_201912,3505708,245,0.0,1.0880268812179565
xgboost,hiv_aids,6,origin_201912,3506003,245,2.0,6.0370917320251465
xgboost,hiv_aids,6,origin_201912,3509502,245,9.0,7.650503158569336
xgboost,hiv_aids,6,origin_201912,3510609,245,0.0,4.299993515014648
xgboost,hiv_aids,6,origin_201912,3513801,245,1.0,2.5576932430267334
xgboost,hiv_aids,6,origin_201912,3518701,245,3.0,1.2892192602157593
xgboost,hiv_aids,6,origin_201912,3518800,245,0.0,9.224883079528809
xgboost,hiv_aids,6,origin_201912,3522208,245,0.0,2.341883659362793
xgboost,hiv_aids,6,origin_201912,3525904,245,4.0,5.72155237197876
xgboost,hiv_aids,6,origin_201912,3529401,245,0.0,1.3042701482772827
xgboost,hiv_aids,6,origin_201912,3534401,245,0.0,5.148164749145508
xgboost,hiv_aids,6,origin_201912,3536505,245,0.0,0.4445556104183197
xgboost,hiv_aids,6,origin_201912,3541000,245,0.0,1.3382866382598877
xgboost,hiv_aids,6,origin_201912,3543402,245,22.0,16.987062454223633
xgboost,hiv_aids,6,origin_201912,3547809,245,3.0,1.3517589569091797
xgboost,hiv_aids,6,origin_201912,3548500,245,2.0,2.7118139266967773
xgboost,hiv_aids,6,origin_201912,3548708,245,3.0,1.9807981252670288
xgboost,hiv_aids,6,origin_201912,3549805,245,3.0,16.869285583496094
xgboost,hiv_aids,6,origin_201912,3549904,245,11.0,12.988204956054688
xgboost,hiv_aids,6,origin_201912,3550308,245,72.0,91.89779663085938
xgboost,hiv_aids,6,origin_201912,3551009,245,1.0,1.6050759553909302
xgboost,hiv_aids,6,origin_201912,3552205,245,0.0,1.0355029106140137
xgboost,hiv_aids,6,origin_201912,3554102,245,0.0,1.1926096677780151
prophet,hiv_aids,6,origin_201912,3505708,245,0.0,0.3977205815886819
prophet,hiv_aids,6,origin_201912,3506003,245,2.0,1.420216190284181
prophet,hiv_aids,6,origin_201912,3509502,245,9.0,8.33194348016384
prophet,hiv_aids,6,origin_201912,3510609,245,0.0,3.5224630422475123
prophet,hiv_aids,6,origin_201912,3513801,245,1.0,4.162807971728849
prophet,hiv_aids,6,origin_201912,3518701,245,3.0,3.925743898662434
prophet,hiv_aids,6,origin_201912,3518800,245,0.0,7.690562458433397
prophet,hiv_aids,6,origin_201912,3522208,245,0.0,1.6526825567608496
prophet,hiv_aids,6,origin_201912,3525904,245,4.0,4.304776147644306
prophet,hiv_aids,6,origin_201912,3529401,245,0.0,0.7387392475793477
prophet,hiv_aids,6,origin_201912,3534401,245,0.0,4.306293424849761
prophet,hiv_aids,6,origin_201912,3536505,245,0.0,0.15595689828358716
prophet,hiv_aids,6,origin_201912,3541000,245,0.0,0.2731462917277632
prophet,hiv_aids,6,origin_201912,3543402,245,22.0,8.168894777759736
prophet,hiv_aids,6,origin_201912,3547809,245,3.0,0.45586317853334074
prophet,hiv_aids,6,origin_201912,3548500,245,2.0,0.0
prophet,hiv_aids,6,origin_201912,3548708,245,3.0,1.4410230537505178
prophet,hiv_aids,6,origin_201912,3549805,245,3.0,12.113145033046214
prophet,hiv_aids,6,origin_201912,3549904,245,11.0,7.695143994329103
prophet,hiv_aids,6,origin_201912,3550308,245,72.0,138.04402517088843
prophet,hiv_aids,6,origin_201912,3551009,245,1.0,0.5695073022667214
prophet,hiv_aids,6,origin_201912,3552205,245,0.0,1.5026170768411147
prophet,hiv_aids,6,origin_201912,3554102,245,0.0,0.0679091529920261
seasonal_naive,hiv_aids,12,origin_201912,3505708,251,0.0,2.0
seasonal_naive,hiv_aids,12,origin_201912,3506003,251,2.0,6.0
seasonal_naive,hiv_aids,12,origin_201912,3509502,251,15.0,7.0
seasonal_naive,hiv_aids,12,origin_201912,3510609,251,0.0,8.0
seasonal_naive,hiv_aids,12,origin_201912,3513801,251,1.0,0.0
seasonal_naive,hiv_aids,12,origin_201912,3518701,251,0.0,1.0
seasonal_naive,hiv_aids,12,origin_201912,3518800,251,4.0,10.0
seasonal_naive,hiv_aids,12,origin_201912,3522208,251,0.0,3.0
seasonal_naive,hiv_aids,12,origin_201912,3525904,251,4.0,9.0
seasonal_naive,hiv_aids,12,origin_201912,3529401,251,1.0,1.0
seasonal_naive,hiv_aids,12,origin_201912,3534401,251,2.0,4.0
seasonal_naive,hiv_aids,12,origin_201912,3536505,251,1.0,0.0
seasonal_naive,hiv_aids,12,origin_201912,3541000,251,0.0,1.0
seasonal_naive,hiv_aids,12,origin_201912,3543402,251,6.0,23.0
seasonal_naive,hiv_aids,12,origin_201912,3547809,251,0.0,1.0
seasonal_naive,hiv_aids,12,origin_201912,3548500,251,3.0,0.0
seasonal_naive,hiv_aids,12,origin_201912,3548708,251,2.0,4.0
seasonal_naive,hiv_aids,12,origin_201912,3549805,251,14.0,8.0
seasonal_naive,hiv_aids,12,origin_201912,3549904,251,5.0,14.0
seasonal_naive,hiv_aids,12,origin_201912,3550308,251,95.0,109.0
seasonal_naive,hiv_aids,12,origin_201912,3551009,251,1.0,0.0
seasonal_naive,hiv_aids,12,origin_201912,3552205,251,0.0,2.0
seasonal_naive,hiv_aids,12,origin_201912,3554102,251,0.0,2.0
seasonal_ma3,hiv_aids,12,origin_201912,3505708,251,0.0,1.0
seasonal_ma3,hiv_aids,12,origin_201912,3506003,251,2.0,6.333333492279053
seasonal_ma3,hiv_aids,12,origin_201912,3509502,251,15.0,11.333333015441895
seasonal_ma3,hiv_aids,12,origin_201912,3510609,251,0.0,3.6666667461395264
seasonal_ma3,hiv_aids,12,origin_201912,3513801,251,1.0,4.333333492279053
seasonal_ma3,hiv_aids,12,origin_201912,3518701,251,0.0,0.3333333432674408
seasonal_ma3,hiv_aids,12,origin_201912,3518800,251,4.0,9.0
seasonal_ma3,hiv_aids,12,origin_201912,3522208,251,0.0,1.3333333730697632
seasonal_ma3,hiv_aids,12,origin_201912,3525904,251,4.0,5.333333492279053
seasonal_ma3,hiv_aids,12,origin_201912,3529401,251,1.0,0.6666666865348816
seasonal_ma3,hiv_aids,12,origin_201912,3534401,251,2.0,5.0
seasonal_ma3,hiv_aids,12,origin_201912,3536505,251,1.0,0.0
seasonal_ma3,hiv_aids,12,origin_201912,3541000,251,0.0,1.0
seasonal_ma3,hiv_aids,12,origin_201912,3543402,251,6.0,17.66666603088379
seasonal_ma3,hiv_aids,12,origin_201912,3547809,251,0.0,1.3333333730697632
seasonal_ma3,hiv_aids,12,origin_201912,3548500,251,3.0,2.6666667461395264
seasonal_ma3,hiv_aids,12,origin_201912,3548708,251,2.0,2.6666667461395264
seasonal_ma3,hiv_aids,12,origin_201912,3549805,251,14.0,13.666666984558105
seasonal_ma3,hiv_aids,12,origin_201912,3549904,251,5.0,10.666666984558105
seasonal_ma3,hiv_aids,12,origin_201912,3550308,251,95.0,132.0
seasonal_ma3,hiv_aids,12,origin_201912,3551009,251,1.0,0.3333333432674408
seasonal_ma3,hiv_aids,12,origin_201912,3552205,251,0.0,0.6666666865348816
seasonal_ma3,hiv_aids,12,origin_201912,3554102,251,0.0,1.0
sarima,hiv_aids,12,origin_201912,3505708,251,0.0,0.8904054760932922
sarima,hiv_aids,12,origin_201912,3506003,251,2.0,5.483090877532959
sarima,hiv_aids,12,origin_201912,3509502,251,15.0,7.675123691558838
sarima,hiv_aids,12,origin_201912,3510609,251,0.0,4.073047637939453
sarima,hiv_aids,12,origin_201912,3513801,251,1.0,4.098350524902344
sarima,hiv_aids,12,origin_201912,3518701,251,0.0,-1.1388154029846191
sarima,hiv_aids,12,origin_201912,3518800,251,4.0,8.915901184082031
sarima,hiv_aids,12,origin_201912,3522208,251,0.0,1.0665217638015747
sarima,hiv_aids,12,origin_201912,3525904,251,4.0,7.6276021003723145
sarima,hiv_aids,12,origin_201912,3529401,251,1.0,0.8467312455177307
sarima,hiv_aids,12,origin_201912,3534401,251,2.0,4.3211588859558105
sarima,hiv_aids,12,origin_201912,3536505,251,1.0,0.5165342688560486
sarima,hiv_aids,12,origin_201912,3541000,251,0.0,0.04590718448162079
sarima,hiv_aids,12,origin_201912,3543402,251,6.0,14.027315139770508
sarima,hiv_aids,12,origin_201912,3547809,251,0.0,0.22344006597995758
sarima,hiv_aids,12,origin_201912,3548500,251,3.0,-1.9820690155029297
sarima,hiv_aids,12,origin_201912,3548708,251,2.0,2.897491216659546
sarima,hiv_aids,12,origin_201912,3549805,251,14.0,15.325488090515137
sarima,hiv_aids,12,origin_201912,3549904,251,5.0,11.060635566711426
sarima,hiv_aids,12,origin_201912,3550308,251,95.0,123.53162384033203
sarima,hiv_aids,12,origin_201912,3551009,251,1.0,0.2844466269016266
sarima,hiv_aids,12,origin_201912,3552205,251,0.0,-1.2664201259613037
sarima,hiv_aids,12,origin_201912,3554102,251,0.0,-0.8540254235267639
lgbm,hiv_aids,12,origin_201912,3505708,251,0.0,1.239749838496616
lgbm,hiv_aids,12,origin_201912,3506003,251,2.0,7.26590240195331
lgbm,hiv_aids,12,origin_201912,3509502,251,15.0,8.363003063570952
lgbm,hiv_aids,12,origin_201912,3510609,251,0.0,4.70112085135437
lgbm,hiv_aids,12,origin_201912,3513801,251,1.0,2.7392086926563137
lgbm,hiv_aids,12,origin_201912,3518701,251,0.0,1.4353212883960336
lgbm,hiv_aids,12,origin_201912,3518800,251,4.0,11.472122844629231
lgbm,hiv_aids,12,origin_201912,3522208,251,0.0,2.416659532960066
lgbm,hiv_aids,12,origin_201912,3525904,251,4.0,6.658466337482854
lgbm,hiv_aids,12,origin_201912,3529401,251,1.0,1.3330779079063981
lgbm,hiv_aids,12,origin_201912,3534401,251,2.0,5.5376074157533415
lgbm,hiv_aids,12,origin_201912,3536505,251,1.0,0.515342464179376
lgbm,hiv_aids,12,origin_201912,3541000,251,0.0,1.6141221343085315
lgbm,hiv_aids,12,origin_201912,3543402,251,6.0,17.735707444675644
lgbm,hiv_aids,12,origin_201912,3547809,251,0.0,1.2010018388345856
lgbm,hiv_aids,12,origin_201912,3548500,251,3.0,2.614385690345733
lgbm,hiv_aids,12,origin_201912,3548708,251,2.0,1.9878498771261353
lgbm,hiv_aids,12,origin_201912,3549805,251,14.0,16.70587672442992
lgbm,hiv_aids,12,origin_201912,3549904,251,5.0,14.537333170966036
lgbm,hiv_aids,12,origin_201912,3550308,251,95.0,67.6748312904388
lgbm,hiv_aids,12,origin_201912,3551009,251,1.0,2.7359353937258932
lgbm,hiv_aids,12,origin_201912,3552205,251,0.0,1.0074550375167493
lgbm,hiv_aids,12,origin_201912,3554102,251,0.0,1.1449507790758107
catboost,hiv_aids,12,origin_201912,3505708,251,0.0,1.3559955404790398
catboost,hiv_aids,12,origin_201912,3506003,251,2.0,7.912294434130564
catboost,hiv_aids,12,origin_201912,3509502,251,15.0,8.4187468683639
catboost,hiv_aids,12,origin_201912,3510609,251,0.0,4.882709763165067
catboost,hiv_aids,12,origin_201912,3513801,251,1.0,2.6032616284801167
catboost,hiv_aids,12,origin_201912,3518701,251,0.0,1.555898205728686
catboost,hiv_aids,12,origin_201912,3518800,251,4.0,10.701356576222532
catboost,hiv_aids,12,origin_201912,3522208,251,0.0,2.4378660459175223
catboost,hiv_aids,12,origin_201912,3525904,251,4.0,6.474173597748557
catboost,hiv_aids,12,origin_201912,3529401,251,1.0,1.6965740525027135
catboost,hiv_aids,12,origin_201912,3534401,251,2.0,4.6699016043446075
catboost,hiv_aids,12,origin_201912,3536505,251,1.0,0.7044636675095495
catboost,hiv_aids,12,origin_201912,3541000,251,0.0,1.6014285214203283
catboost,hiv_aids,12,origin_201912,3543402,251,6.0,18.73048980952232
catboost,hiv_aids,12,origin_201912,3547809,251,0.0,1.6233951823529182
catboost,hiv_aids,12,origin_201912,3548500,251,3.0,3.018847873162916
catboost,hiv_aids,12,origin_201912,3548708,251,2.0,2.552234761252931
catboost,hiv_aids,12,origin_201912,3549805,251,14.0,12.628722034575624
catboost,hiv_aids,12,origin_201912,3549904,251,5.0,15.751881952142046
catboost,hiv_aids,12,origin_201912,3550308,251,95.0,92.222262791714
catboost,hiv_aids,12,origin_201912,3551009,251,1.0,2.294457825699095
catboost,hiv_aids,12,origin_201912,3552205,251,0.0,1.774763065054284
catboost,hiv_aids,12,origin_201912,3554102,251,0.0,1.353854274206248
xgboost,hiv_aids,12,origin_201912,3505708,251,0.0,1.243825078010559
xgboost,hiv_aids,12,origin_201912,3506003,251,2.0,7.436792850494385
xgboost,hiv_aids,12,origin_201912,3509502,251,15.0,8.11437702178955
xgboost,hiv_aids,12,origin_201912,3510609,251,0.0,4.149353504180908
xgboost,hiv_aids,12,origin_201912,3513801,251,1.0,2.4921212196350098
xgboost,hiv_aids,12,origin_201912,3518701,251,0.0,1.242613673210144
xgboost,hiv_aids,12,origin_201912,3518800,251,4.0,11.353316307067871
xgboost,hiv_aids,12,origin_201912,3522208,251,0.0,2.3051557540893555
xgboost,hiv_aids,12,origin_201912,3525904,251,4.0,6.5301127433776855
xgboost,hiv_aids,12,origin_201912,3529401,251,1.0,1.2725536823272705
xgboost,hiv_aids,12,origin_201912,3534401,251,2.0,5.433818340301514
xgboost,hiv_aids,12,origin_201912,3536505,251,1.0,0.2476664036512375
xgboost,hiv_aids,12,origin_201912,3541000,251,0.0,1.1498945951461792
xgboost,hiv_aids,12,origin_201912,3543402,251,6.0,17.367843627929688
xgboost,hiv_aids,12,origin_201912,3547809,251,0.0,1.2742459774017334
xgboost,hiv_aids,12,origin_201912,3548500,251,3.0,2.139065742492676
xgboost,hiv_aids,12,origin_201912,3548708,251,2.0,1.921698808670044
xgboost,hiv_aids,12,origin_201912,3549805,251,14.0,18.394134521484375
xgboost,hiv_aids,12,origin_201912,3549904,251,5.0,13.967138290405273
xgboost,hiv_aids,12,origin_201912,3550308,251,95.0,103.90969848632812
xgboost,hiv_aids,12,origin_201912,3551009,251,1.0,2.048265218734741
xgboost,hiv_aids,12,origin_201912,3552205,251,0.0,0.9144344925880432
xgboost,hiv_aids,12,origin_201912,3554102,251,0.0,1.0699050426483154
prophet,hiv_aids,12,origin_201912,3505708,251,0.0,0.5376833530338455
prophet,hiv_aids,12,origin_201912,3506003,251,2.0,1.8862774851167692
prophet,hiv_aids,12,origin_201912,3509502,251,15.0,0.0
prophet,hiv_aids,12,origin_201912,3510609,251,0.0,3.89281498169197
prophet,hiv_aids,12,origin_201912,3513801,251,1.0,3.154727578135077
prophet,hiv_aids,12,origin_201912,3518701,251,0.0,0.0
prophet,hiv_aids,12,origin_201912,3518800,251,4.0,5.5798732266749616
prophet,hiv_aids,12,origin_201912,3522208,251,0.0,0.8869022316715496
prophet,hiv_aids,12,origin_201912,3525904,251,4.0,7.780866960568632
prophet,hiv_aids,12,origin_201912,3529401,251,1.0,1.1775382375562369
prophet,hiv_aids,12,origin_201912,3534401,251,2.0,4.681046401193549
prophet,hiv_aids,12,origin_201912,3536505,251,1.0,0.23776076132020843
prophet,hiv_aids,12,origin_201912,3541000,251,0.0,0.1393679820087959
prophet,hiv_aids,12,origin_201912,3543402,251,6.0,14.979633170588102
prophet,hiv_aids,12,origin_201912,3547809,251,0.0,0.0
prophet,hiv_aids,12,origin_201912,3548500,251,3.0,0.0
prophet,hiv_aids,12,origin_201912,3548708,251,2.0,1.3661760399035456
prophet,hiv_aids,12,origin_201912,3549805,251,14.0,17.455355631215074
prophet,hiv_aids,12,origin_201912,3549904,251,5.0,10.610317263316086
prophet,hiv_aids,12,origin_201912,3550308,251,95.0,108.49807025385306
prophet,hiv_aids,12,origin_201912,3551009,251,1.0,0.0
prophet,hiv_aids,12,origin_201912,3552205,251,0.0,0.0
prophet,hiv_aids,12,origin_201912,3554102,251,0.0,0.17889495451762968
seasonal_naive,hiv_aids,1,origin_202012,3505708,252,0.0,1.0
seasonal_naive,hiv_aids,1,origin_202012,3506003,252,3.0,5.0
seasonal_naive,hiv_aids,1,origin_202012,3509502,252,14.0,16.0
seasonal_naive,hiv_aids,1,origin_202012,3510609,252,5.0,8.0
seasonal_naive,hiv_aids,1,origin_202012,3513801,252,1.0,0.0
seasonal_naive,hiv_aids,1,origin_202012,3518701,252,0.0,2.0
seasonal_naive,hiv_aids,1,origin_202012,3518800,252,4.0,5.0
seasonal_naive,hiv_aids,1,origin_202012,3522208,252,1.0,4.0
seasonal_naive,hiv_aids,1,origin_202012,3525904,252,3.0,4.0
seasonal_naive,hiv_aids,1,origin_202012,3529401,252,4.0,1.0
seasonal_naive,hiv_aids,1,origin_202012,3534401,252,2.0,5.0
seasonal_naive,hiv_aids,1,origin_202012,3536505,252,1.0,0.0
seasonal_naive,hiv_aids,1,origin_202012,3541000,252,0.0,2.0
seasonal_naive,hiv_aids,1,origin_202012,3543402,252,12.0,16.0
seasonal_naive,hiv_aids,1,origin_202012,3547809,252,1.0,1.0
seasonal_naive,hiv_aids,1,origin_202012,3548500,252,0.0,5.0
seasonal_naive,hiv_aids,1,origin_202012,3548708,252,2.0,3.0
seasonal_naive,hiv_aids,1,origin_202012,3549805,252,5.0,16.0
seasonal_naive,hiv_aids,1,origin_202012,3549904,252,5.0,14.0
seasonal_naive,hiv_aids,1,origin_202012,3550308,252,99.0,151.0
seasonal_naive,hiv_aids,1,origin_202012,3551009,252,0.0,2.0
seasonal_naive,hiv_aids,1,origin_202012,3552205,252,0.0,1.0
seasonal_naive,hiv_aids,1,origin_202012,3554102,252,3.0,1.0
seasonal_ma3,hiv_aids,1,origin_202012,3505708,252,0.0,1.3333333730697632
seasonal_ma3,hiv_aids,1,origin_202012,3506003,252,3.0,6.666666507720947
seasonal_ma3,hiv_aids,1,origin_202012,3509502,252,14.0,15.333333015441895
seasonal_ma3,hiv_aids,1,origin_202012,3510609,252,5.0,4.666666507720947
seasonal_ma3,hiv_aids,1,origin_202012,3513801,252,1.0,2.3333332538604736
seasonal_ma3,hiv_aids,1,origin_202012,3518701,252,0.0,1.6666666269302368
seasonal_ma3,hiv_aids,1,origin_202012,3518800,252,4.0,8.333333015441895
seasonal_ma3,hiv_aids,1,origin_202012,3522208,252,1.0,2.3333332538604736
seasonal_ma3,hiv_aids,1,origin_202012,3525904,252,3.0,5.666666507720947
seasonal_ma3,hiv_aids,1,origin_202012,3529401,252,4.0,1.6666666269302368
seasonal_ma3,hiv_aids,1,origin_202012,3534401,252,2.0,5.333333492279053
seasonal_ma3,hiv_aids,1,origin_202012,3536505,252,1.0,0.0
seasonal_ma3,hiv_aids,1,origin_202012,3541000,252,0.0,1.0
seasonal_ma3,hiv_aids,1,origin_202012,3543402,252,12.0,19.66666603088379
seasonal_ma3,hiv_aids,1,origin_202012,3547809,252,1.0,0.6666666865348816
seasonal_ma3,hiv_aids,1,origin_202012,3548500,252,0.0,4.666666507720947
seasonal_ma3,hiv_aids,1,origin_202012,3548708,252,2.0,1.0
seasonal_ma3,hiv_aids,1,origin_202012,3549805,252,5.0,15.666666984558105
seasonal_ma3,hiv_aids,1,origin_202012,3549904,252,5.0,12.0
seasonal_ma3,hiv_aids,1,origin_202012,3550308,252,99.0,146.3333282470703
seasonal_ma3,hiv_aids,1,origin_202012,3551009,252,0.0,2.0
seasonal_ma3,hiv_aids,1,origin_202012,3552205,252,0.0,0.6666666865348816
seasonal_ma3,hiv_aids,1,origin_202012,3554102,252,3.0,1.3333333730697632
sarima,hiv_aids,1,origin_202012,3505708,252,0.0,0.515884518623352
sarima,hiv_aids,1,origin_202012,3506003,252,3.0,2.7177700996398926
sarima,hiv_aids,1,origin_202012,3509502,252,14.0,12.133304595947266
sarima,hiv_aids,1,origin_202012,3510609,252,5.0,2.68654203414917
sarima,hiv_aids,1,origin_202012,3513801,252,1.0,1.9468929767608643
sarima,hiv_aids,1,origin_202012,3518701,252,0.0,0.40972667932510376
sarima,hiv_aids,1,origin_202012,3518800,252,4.0,4.829529285430908
sarima,hiv_aids,1,origin_202012,3522208,252,1.0,1.0338983535766602
sarima,hiv_aids,1,origin_202012,3525904,252,3.0,5.109472751617432
sarima,hiv_aids,1,origin_202012,3529401,252,4.0,1.1711009740829468
sarima,hiv_aids,1,origin_202012,3534401,252,2.0,2.9734764099121094
sarima,hiv_aids,1,origin_202012,3536505,252,1.0,0.7353407740592957
sarima,hiv_aids,1,origin_202012,3541000,252,0.0,0.12241934984922409
sarima,hiv_aids,1,origin_202012,3543402,252,12.0,10.494403839111328
sarima,hiv_aids,1,origin_202012,3547809,252,1.0,1.3054307699203491
sarima,hiv_aids,1,origin_202012,3548500,252,0.0,0.9860304594039917
sarima,hiv_aids,1,origin_202012,3548708,252,2.0,4.071539402008057
sarima,hiv_aids,1,origin_202012,3549805,252,5.0,10.813525199890137
sarima,hiv_aids,1,origin_202012,3549904,252,5.0,10.138408660888672
sarima,hiv_aids,1,origin_202012,3550308,252,99.0,105.58394622802734
sarima,hiv_aids,1,origin_202012,3551009,252,0.0,0.6213600635528564
sarima,hiv_aids,1,origin_202012,3552205,252,0.0,-0.5963863730430603
sarima,hiv_aids,1,origin_202012,3554102,252,3.0,0.5303167104721069
lgbm,hiv_aids,1,origin_202012,3505708,252,0.0,0.7255794758120225
lgbm,hiv_aids,1,origin_202012,3506003,252,3.0,3.3580660023013227
lgbm,hiv_aids,1,origin_202012,3509502,252,14.0,11.653279859371477
lgbm,hiv_aids,1,origin_202012,3510609,252,5.0,1.639160251596405
lgbm,hiv_aids,1,origin_202012,3513801,252,1.0,1.9169176545050788
lgbm,hiv_aids,1,origin_202012,3518701,252,0.0,1.491911527065823
lgbm,hiv_aids,1,origin_202012,3518800,252,4.0,5.291004743064263
lgbm,hiv_aids,1,origin_202012,3522208,252,1.0,0.8453076745037976
lgbm,hiv_aids,1,origin_202012,3525904,252,3.0,5.317111084676205
lgbm,hiv_aids,1,origin_202012,3529401,252,4.0,1.4222323863558397
lgbm,hiv_aids,1,origin_202012,3534401,252,2.0,3.002244415856306
lgbm,hiv_aids,1,origin_202012,3536505,252,1.0,0.6172801975675587
lgbm,hiv_aids,1,origin_202012,3541000,252,0.0,0.9225440392800935
lgbm,hiv_aids,1,origin_202012,3543402,252,12.0,11.765613821250854
lgbm,hiv_aids,1,origin_202012,3547809,252,1.0,2.516807423133479
lgbm,hiv_aids,1,origin_202012,3548500,252,0.0,2.4723699598947917
lgbm,hiv_aids,1,origin_202012,3548708,252,2.0,3.4812004369532024
lgbm,hiv_aids,1,origin_202012,3549805,252,5.0,9.57854061363287
lgbm,hiv_aids,1,origin_202012,3549904,252,5.0,11.246913514787568
lgbm,hiv_aids,1,origin_202012,3550308,252,99.0,102.13949215681404
lgbm,hiv_aids,1,origin_202012,3551009,252,0.0,1.612094550194665
lgbm,hiv_aids,1,origin_202012,3552205,252,0.0,0.7807465163113048
lgbm,hiv_aids,1,origin_202012,3554102,252,3.0,0.9316192441792601
catboost,hiv_aids,1,origin_202012,3505708,252,0.0,0.7242592411716147
catboost,hiv_aids,1,origin_202012,3506003,252,3.0,3.3752111204706345
catboost,hiv_aids,1,origin_202012,3509502,252,14.0,13.157115989400285
catboost,hiv_aids,1,origin_202012,3510609,252,5.0,1.685080102415524
catboost,hiv_aids,1,origin_202012,3513801,252,1.0,1.9569506542861008
catboost,hiv_aids,1,origin_202012,3518701,252,0.0,1.5093064712319288
catboost,hiv_aids,1,origin_202012,3518800,252,4.0,5.131683956299338
catboost,hiv_aids,1,origin_202012,3522208,252,1.0,0.9638556732184077
catboost,hiv_aids,1,origin_202012,3525904,252,3.0,4.436262896036427
catboost,hiv_aids,1,origin_202012,3529401,252,4.0,1.6790741463653407
catboost,hiv_aids,1,origin_202012,3534401,252,2.0,2.853567957208154
catboost,hiv_aids,1,origin_202012,3536505,252,1.0,0.6355932071604388
catboost,hiv_aids,1,origin_202012,3541000,252,0.0,1.0515575790399248
catboost,hiv_aids,1,origin_202012,3543402,252,12.0,12.484831493892516
catboost,hiv_aids,1,origin_202012,3547809,252,1.0,2.308979442326276
catboost,hiv_aids,1,origin_202012,3548500,252,0.0,2.1879942576876004
catboost,hiv_aids,1,origin_202012,3548708,252,2.0,4.397066558942861
catboost,hiv_aids,1,origin_202012,3549805,252,5.0,11.494870937760176
catboost,hiv_aids,1,origin_202012,3549904,252,5.0,12.577286825353085
catboost,hiv_aids,1,origin_202012,3550308,252,99.0,112.49629001592761
catboost,hiv_aids,1,origin_202012,3551009,252,0.0,1.6999102804477297
catboost,hiv_aids,1,origin_202012,3552205,252,0.0,0.9489512699354168
catboost,hiv_aids,1,origin_202012,3554102,252,3.0,0.9398695858360916
xgboost,hiv_aids,1,origin_202012,3505708,252,0.0,0.6657358407974243
xgboost,hiv_aids,1,origin_202012,3506003,252,3.0,3.227968692779541
xgboost,hiv_aids,1,origin_202012,3509502,252,14.0,11.117378234863281
xgboost,hiv_aids,1,origin_202012,3510609,252,5.0,1.9280399084091187
xgboost,hiv_aids,1,origin_202012,3513801,252,1.0,2.0237154960632324
xgboost,hiv_aids,1,origin_202012,3518701,252,0.0,1.4428201913833618
xgboost,hiv_aids,1,origin_202012,3518800,252,4.0,5.157261371612549
xgboost,hiv_aids,1,origin_202012,3522208,252,1.0,0.8137251734733582
xgboost,hiv_aids,1,origin_202012,3525904,252,3.0,5.448339939117432
xgboost,hiv_aids,1,origin_202012,3529401,252,4.0,1.5973236560821533
xgboost,hiv_aids,1,origin_202012,3534401,252,2.0,3.199437379837036
xgboost,hiv_aids,1,origin_202012,3536505,252,1.0,0.41806715726852417
xgboost,hiv_aids,1,origin_202012,3541000,252,0.0,0.9574376344680786
xgboost,hiv_aids,1,origin_202012,3543402,252,12.0,13.054564476013184
xgboost,hiv_aids,1,origin_202012,3547809,252,1.0,2.604795455932617
xgboost,hiv_aids,1,origin_202012,3548500,252,0.0,2.4085280895233154
xgboost,hiv_aids,1,origin_202012,3548708,252,2.0,3.4569649696350098
xgboost,hiv_aids,1,origin_202012,3549805,252,5.0,10.861061096191406
xgboost,hiv_aids,1,origin_202012,3549904,252,5.0,11.700573921203613
xgboost,hiv_aids,1,origin_202012,3550308,252,99.0,101.27574920654297
xgboost,hiv_aids,1,origin_202012,3551009,252,0.0,1.7256855964660645
xgboost,hiv_aids,1,origin_202012,3552205,252,0.0,0.5237255692481995
xgboost,hiv_aids,1,origin_202012,3554102,252,3.0,0.9366588592529297
prophet,hiv_aids,1,origin_202012,3505708,252,0.0,0.17289175519547928
prophet,hiv_aids,1,origin_202012,3506003,252,3.0,2.8852559350733356
prophet,hiv_aids,1,origin_202012,3509502,252,14.0,3.742842466383556
prophet,hiv_aids,1,origin_202012,3510609,252,5.0,2.2624446575683277
prophet,hiv_aids,1,origin_202012,3513801,252,1.0,2.504957745228576
prophet,hiv_aids,1,origin_202012,3518701,252,0.0,6.416760507718861
prophet,hiv_aids,1,origin_202012,3518800,252,4.0,4.658670243080503
prophet,hiv_aids,1,origin_202012,3522208,252,1.0,1.1936145796544793
prophet,hiv_aids,1,origin_202012,3525904,252,3.0,5.536989340886621
prophet,hiv_aids,1,origin_202012,3529401,252,4.0,0.8165452250618868
prophet,hiv_aids,1,origin_202012,3534401,252,2.0,2.7607222344777864
prophet,hiv_aids,1,origin_202012,3536505,252,1.0,0.011107669102805584
prophet,hiv_aids,1,origin_202012,3541000,252,0.0,0.0
prophet,hiv_aids,1,origin_202012,3543402,252,12.0,15.844545795681858
prophet,hiv_aids,1,origin_202012,3547809,252,1.0,1.4501054217228884
prophet,hiv_aids,1,origin_202012,3548500,252,0.0,2.841427045667633
prophet,hiv_aids,1,origin_202012,3548708,252,2.0,1.4730358825690626
prophet,hiv_aids,1,origin_202012,3549805,252,5.0,11.139524896696408
prophet,hiv_aids,1,origin_202012,3549904,252,5.0,8.847209877336542
prophet,hiv_aids,1,origin_202012,3550308,252,99.0,106.82744612377913
prophet,hiv_aids,1,origin_202012,3551009,252,0.0,2.4059755628895845
prophet,hiv_aids,1,origin_202012,3552205,252,0.0,2.3157011119364665
prophet,hiv_aids,1,origin_202012,3554102,252,3.0,1.143225205237918
seasonal_naive,hiv_aids,3,origin_202012,3505708,254,0.0,0.0
seasonal_naive,hiv_aids,3,origin_202012,3506003,254,1.0,5.0
seasonal_naive,hiv_aids,3,origin_202012,3509502,254,6.0,9.0
seasonal_naive,hiv_aids,3,origin_202012,3510609,254,4.0,2.0
seasonal_naive,hiv_aids,3,origin_202012,3513801,254,0.0,3.0
seasonal_naive,hiv_aids,3,origin_202012,3518701,254,1.0,3.0
seasonal_naive,hiv_aids,3,origin_202012,3518800,254,9.0,5.0
seasonal_naive,hiv_aids,3,origin_202012,3522208,254,1.0,0.0
seasonal_naive,hiv_aids,3,origin_202012,3525904,254,6.0,1.0
seasonal_naive,hiv_aids,3,origin_202012,3529401,254,4.0,0.0
seasonal_naive,hiv_aids,3,origin_202012,3534401,254,0.0,6.0
seasonal_naive,hiv_aids,3,origin_202012,3536505,254,1.0,0.0
seasonal_naive,hiv_aids,3,origin_202012,3541000,254,0.0,0.0
seasonal_naive,hiv_aids,3,origin_202012,3543402,254,12.0,12.0
seasonal_naive,hiv_aids,3,origin_202012,3547809,254,1.0,2.0
seasonal_naive,hiv_aids,3,origin_202012,3548500,254,2.0,2.0
seasonal_naive,hiv_aids,3,origin_202012,3548708,254,0.0,4.0
seasonal_naive,hiv_aids,3,origin_202012,3549805,254,11.0,11.0
seasonal_naive,hiv_aids,3,origin_202012,3549904,254,12.0,12.0
seasonal_naive,hiv_aids,3,origin_202012,3550308,254,95.0,147.0
seasonal_naive,hiv_aids,3,origin_202012,3551009,254,1.0,1.0
seasonal_naive,hiv_aids,3,origin_202012,3552205,254,0.0,0.0
seasonal_naive,hiv_aids,3,origin_202012,3554102,254,0.0,0.0
seasonal_ma3,hiv_aids,3,origin_202012,3505708,254,0.0,0.0
seasonal_ma3,hiv_aids,3,origin_202012,3506003,254,1.0,6.666666507720947
seasonal_ma3,hiv_aids,3,origin_202012,3509502,254,6.0,10.0
seasonal_ma3,hiv_aids,3,origin_202012,3510609,254,4.0,2.6666667461395264
seasonal_ma3,hiv_aids,3,origin_202012,3513801,254,0.0,3.0
seasonal_ma3,hiv_aids,3,origin_202012,3518701,254,1.0,2.3333332538604736
seasonal_ma3,hiv_aids,3,origin_202012,3518800,254,9.0,7.666666507720947
seasonal_ma3,hiv_aids,3,origin_202012,3522208,254,1.0,1.6666666269302368
seasonal_ma3,hiv_aids,3,origin_202012,3525904,254,6.0,5.333333492279053
seasonal_ma3,hiv_aids,3,origin_202012,3529401,254,4.0,0.3333333432674408
seasonal_ma3,hiv_aids,3,origin_202012,3534401,254,0.0,3.6666667461395264
seasonal_ma3,hiv_aids,3,origin_202012,3536505,254,1.0,0.0
seasonal_ma3,hiv_aids,3,origin_202012,3541000,254,0.0,0.3333333432674408
seasonal_ma3,hiv_aids,3,origin_202012,3543402,254,12.0,14.666666984558105
seasonal_ma3,hiv_aids,3,origin_202012,3547809,254,1.0,1.6666666269302368
seasonal_ma3,hiv_aids,3,origin_202012,3548500,254,2.0,1.3333333730697632
seasonal_ma3,hiv_aids,3,origin_202012,3548708,254,0.0,2.6666667461395264
seasonal_ma3,hiv_aids,3,origin_202012,3549805,254,11.0,15.666666984558105
seasonal_ma3,hiv_aids,3,origin_202012,3549904,254,12.0,13.333333015441895
seasonal_ma3,hiv_aids,3,origin_202012,3550308,254,95.0,136.6666717529297
seasonal_ma3,hiv_aids,3,origin_202012,3551009,254,1.0,1.0
seasonal_ma3,hiv_aids,3,origin_202012,3552205,254,0.0,0.6666666865348816
seasonal_ma3,hiv_aids,3,origin_202012,3554102,254,0.0,1.6666666269302368
sarima,hiv_aids,3,origin_202012,3505708,254,0.0,0.6200815439224243
sarima,hiv_aids,3,origin_202012,3506003,254,1.0,2.3189170360565186
sarima,hiv_aids,3,origin_202012,3509502,254,6.0,12.401101112365723
sarima,hiv_aids,3,origin_202012,3510609,254,4.0,2.7932443618774414
sarima,hiv_aids,3,origin_202012,3513801,254,0.0,2.2042455673217773
sarima,hiv_aids,3,origin_202012,3518701,254,1.0,0.05478862673044205
sarima,hiv_aids,3,origin_202012,3518800,254,9.0,4.829529285430908
sarima,hiv_aids,3,origin_202012,3522208,254,1.0,0.8924681544303894
sarima,hiv_aids,3,origin_202012,3525904,254,6.0,5.109472751617432
sarima,hiv_aids,3,origin_202012,3529401,254,4.0,0.991385281085968
sarima,hiv_aids,3,origin_202012,3534401,254,0.0,2.9734764099121094
sarima,hiv_aids,3,origin_202012,3536505,254,1.0,0.7467005252838135
sarima,hiv_aids,3,origin_202012,3541000,254,0.0,0.20829446613788605
sarima,hiv_aids,3,origin_202012,3543402,254,12.0,10.380245208740234
sarima,hiv_aids,3,origin_202012,3547809,254,1.0,1.227096438407898
sarima,hiv_aids,3,origin_202012,3548500,254,2.0,0.39450663328170776
sarima,hiv_aids,3,origin_202012,3548708,254,0.0,3.1684799194335938
sarima,hiv_aids,3,origin_202012,3549805,254,11.0,11.226097106933594
sarima,hiv_aids,3,origin_202012,3549904,254,12.0,9.68932819366455
sarima,hiv_aids,3,origin_202012,3550308,254,95.0,105.58394622802734
sarima,hiv_aids,3,origin_202012,3551009,254,1.0,0.35765138268470764
sarima,hiv_aids,3,origin_202012,3552205,254,0.0,-0.8128166198730469
sarima,hiv_aids,3,origin_202012,3554102,254,0.0,-0.3196830153465271
lgbm,hiv_aids,3,origin_202012,3505708,254,0.0,0.8359191772626416
lgbm,hiv_aids,3,origin_202012,3506003,254,1.0,3.8554172018527018
lgbm,hiv_aids,3,origin_202012,3509502,254,6.0,9.740056037307074
lgbm,hiv_aids,3,origin_202012,3510609,254,4.0,2.604951737456862
lgbm,hiv_aids,3,origin_202012,3513801,254,0.0,2.351748792886876
lgbm,hiv_aids,3,origin_202012,3518701,254,1.0,1.5536562492320611
lgbm,hiv_aids,3,origin_202012,3518800,254,9.0,5.7191086533093705
lgbm,hiv_aids,3,origin_202012,3522208,254,1.0,0.7418675017761516
lgbm,hiv_aids,3,origin_202012,3525904,254,6.0,5.697726839267703
lgbm,hiv_aids,3,origin_202012,3529401,254,4.0,1.122835837234749
lgbm,hiv_aids,3,origin_202012,3534401,254,0.0,3.680701074356293
lgbm,hiv_aids,3,origin_202012,3536505,254,1.0,0.5726545102717461
lgbm,hiv_aids,3,origin_202012,3541000,254,0.0,0.734152064500936
lgbm,hiv_aids,3,origin_202012,3543402,254,12.0,13.584302782756096
lgbm,hiv_aids,3,origin_202012,3547809,254,1.0,1.924014101546222
lgbm,hiv_aids,3,origin_202012,3548500,254,2.0,2.7435463058370693
lgbm,hiv_aids,3,origin_202012,3548708,254,0.0,3.4820780064552777
lgbm,hiv_aids,3,origin_202012,3549805,254,11.0,10.700340326859338
lgbm,hiv_aids,3,origin_202012,3549904,254,12.0,10.65224651120019
lgbm,hiv_aids,3,origin_202012,3550308,254,95.0,85.2510528354012
lgbm,hiv_aids,3,origin_202012,3551009,254,1.0,1.167332531429398
lgbm,hiv_aids,3,origin_202012,3552205,254,0.0,0.5964584539506876
lgbm,hiv_aids,3,origin_202012,3554102,254,0.0,0.8861988298281642
catboost,hiv_aids,3,origin_202012,3505708,254,0.0,0.7800136112856675
catboost,hiv_aids,3,origin_202012,3506003,254,1.0,4.352372819705913
catboost,hiv_aids,3,origin_202012,3509502,254,6.0,10.441819072598756
catboost,hiv_aids,3,origin_202012,3510609,254,4.0,2.0429890888799997
catboost,hiv_aids,3,origin_202012,3513801,254,0.0,2.2875711016598386
catboost,hiv_aids,3,origin_202012,3518701,254,1.0,1.838254099774666
catboost,hiv_aids,3,origin_202012,3518800,254,9.0,5.708608374738005
catboost,hiv_aids,3,origin_202012,3522208,254,1.0,0.8477622415194505
catboost,hiv_aids,3,origin_202012,3525904,254,6.0,5.8221302176976995
catboost,hiv_aids,3,origin_202012,3529401,254,4.0,1.4064225451175796
catboost,hiv_aids,3,origin_202012,3534401,254,0.0,3.1263813985230695
catboost,hiv_aids,3,origin_202012,3536505,254,1.0,0.8009918686809172
catboost,hiv_aids,3,origin_202012,3541000,254,0.0,1.2136612289591242
catboost,hiv_aids,3,origin_202012,3543402,254,12.0,10.507516591772227
catboost,hiv_aids,3,origin_202012,3547809,254,1.0,2.063963508068974
catboost,hiv_aids,3,origin_202012,3548500,254,2.0,2.5146160152899384
catboost,hiv_aids,3,origin_202012,3548708,254,0.0,4.263780217418463
catboost,hiv_aids,3,origin_202012,3549805,254,11.0,9.31648963688123
catboost,hiv_aids,3,origin_202012,3549904,254,12.0,11.292930447113942
catboost,hiv_aids,3,origin_202012,3550308,254,95.0,94.22082444930122
catboost,hiv_aids,3,origin_202012,3551009,254,1.0,1.5125255547663752
catboost,hiv_aids,3,origin_202012,3552205,254,0.0,1.1586384292158818
catboost,hiv_aids,3,origin_202012,3554102,254,0.0,1.0314361469914544
xgboost,hiv_aids,3,origin_202012,3505708,254,0.0,0.7482690811157227
xgboost,hiv_aids,3,origin_202012,3506003,254,1.0,4.067916393280029
xgboost,hiv_aids,3,origin_202012,3509502,254,6.0,10.015946388244629
xgboost,hiv_aids,3,origin_202012,3510609,254,4.0,2.3684005737304688
xgboost,hiv_aids,3,origin_202012,3513801,254,0.0,2.153218984603882
xgboost,hiv_aids,3,origin_202012,3518701,254,1.0,1.5720866918563843
xgboost,hiv_aids,3,origin_202012,3518800,254,9.0,5.429300308227539
xgboost,hiv_aids,3,origin_202012,3522208,254,1.0,0.8730750679969788
xgboost,hiv_aids,3,origin_202012,3525904,254,6.0,5.260188579559326
xgboost,hiv_aids,3,origin_202012,3529401,254,4.0,1.0734072923660278
xgboost,hiv_aids,3,origin_202012,3534401,254,0.0,3.1545403003692627
xgboost,hiv_aids,3,origin_202012,3536505,254,1.0,0.5461162328720093
xgboost,hiv_aids,3,origin_202012,3541000,254,0.0,0.7473433017730713
xgboost,hiv_aids,3,origin_202012,3543402,254,12.0,13.749994277954102
xgboost,hiv_aids,3,origin_202012,3547809,254,1.0,1.8575674295425415
xgboost,hiv_aids,3,origin_202012,3548500,254,2.0,2.2732326984405518
xgboost,hiv_aids,3,origin_202012,3548708,254,0.0,3.249901294708252
xgboost,hiv_aids,3,origin_202012,3549805,254,11.0,10.076797485351562
xgboost,hiv_aids,3,origin_202012,3549904,254,12.0,10.147768020629883
xgboost,hiv_aids,3,origin_202012,3550308,254,95.0,89.50945281982422
xgboost,hiv_aids,3,origin_202012,3551009,254,1.0,1.3816534280776978
xgboost,hiv_aids,3,origin_202012,3552205,254,0.0,0.5210355520248413
xgboost,hiv_aids,3,origin_202012,3554102,254,0.0,0.89013671875
prophet,hiv_aids,3,origin_202012,3505708,254,0.0,0.6557912959899445
prophet,hiv_aids,3,origin_202012,3506003,254,1.0,2.7698450468618177
prophet,hiv_aids,3,origin_202012,3509502,254,6.0,2.4177957629402593
prophet,hiv_aids,3,origin_202012,3510609,254,4.0,3.0376042703910557
prophet,hiv_aids,3,origin_202012,3513801,254,0.0,3.4831254675453645
prophet,hiv_aids,3,origin_202012,3518701,254,1.0,0.0
prophet,hiv_aids,3,origin_202012,3518800,254,9.0,5.435059728448602
prophet,hiv_aids,3,origin_202012,3522208,254,1.0,1.069827545910089
prophet,hiv_aids,3,origin_202012,3525904,254,6.0,6.701880103714496
prophet,hiv_aids,3,origin_202012,3529401,254,4.0,0.5709627202235087
prophet,hiv_aids,3,origin_202012,3534401,254,0.0,3.638363499328679
prophet,hiv_aids,3,origin_202012,3536505,254,1.0,0.2527348970514904
prophet,hiv_aids,3,origin_202012,3541000,254,0.0,0.26300597697901834
prophet,hiv_aids,3,origin_202012,3543402,254,12.0,9.810269223890264
prophet,hiv_aids,3,origin_202012,3547809,254,1.0,1.7989312884355866
prophet,hiv_aids,3,origin_202012,3548500,254,2.0,0.0
prophet,hiv_aids,3,origin_202012,3548708,254,0.0,1.9979295999449793
prophet,hiv_aids,3,origin_202012,3549805,254,11.0,15.496339767996464
prophet,hiv_aids,3,origin_202012,3549904,254,12.0,12.134824637711514
prophet,hiv_aids,3,origin_202012,3550308,254,95.0,114.63401966752696
prophet,hiv_aids,3,origin_202012,3551009,254,1.0,0.7940246434492485
prophet,hiv_aids,3,origin_202012,3552205,254,0.0,0.0
prophet,hiv_aids,3,origin_202012,3554102,254,0.0,0.0
seasonal_naive,hiv_aids,6,origin_202012,3505708,257,3.0,0.0
seasonal_naive,hiv_aids,6,origin_202012,3506003,257,3.0,2.0
seasonal_naive,hiv_aids,6,origin_202012,3509502,257,10.0,9.0
seasonal_naive,hiv_aids,6,origin_202012,3510609,257,4.0,0.0
seasonal_naive,hiv_aids,6,origin_202012,3513801,257,2.0,1.0
seasonal_naive,hiv_aids,6,origin_202012,3518701,257,0.0,3.0
seasonal_naive,hiv_aids,6,origin_202012,3518800,257,7.0,0.0
seasonal_naive,hiv_aids,6,origin_202012,3522208,257,0.0,0.0
seasonal_naive,hiv_aids,6,origin_202012,3525904,257,3.0,4.0
seasonal_naive,hiv_aids,6,origin_202012,3529401,257,2.0,0.0
seasonal_naive,hiv_aids,6,origin_202012,3534401,257,0.0,0.0
seasonal_naive,hiv_aids,6,origin_202012,3536505,257,0.0,0.0
seasonal_naive,hiv_aids,6,origin_202012,3541000,257,0.0,0.0
seasonal_naive,hiv_aids,6,origin_202012,3543402,257,9.0,22.0
seasonal_naive,hiv_aids,6,origin_202012,3547809,257,0.0,3.0
seasonal_naive,hiv_aids,6,origin_202012,3548500,257,0.0,2.0
seasonal_naive,hiv_aids,6,origin_202012,3548708,257,2.0,3.0
seasonal_naive,hiv_aids,6,origin_202012,3549805,257,11.0,3.0
seasonal_naive,hiv_aids,6,origin_202012,3549904,257,11.0,11.0
seasonal_naive,hiv_aids,6,origin_202012,3550308,257,78.0,72.0
seasonal_naive,hiv_aids,6,origin_202012,3551009,257,0.0,1.0
seasonal_naive,hiv_aids,6,origin_202012,3552205,257,0.0,0.0
seasonal_naive,hiv_aids,6,origin_202012,3554102,257,0.0,0.0
seasonal_ma3,hiv_aids,6,origin_202012,3505708,257,3.0,0.6666666865348816
seasonal_ma3,hiv_aids,6,origin_202012,3506003,257,3.0,4.333333492279053
seasonal_ma3,hiv_aids,6,origin_202012,3509502,257,10.0,11.333333015441895
seasonal_ma3,hiv_aids,6,origin_202012,3510609,257,4.0,1.6666666269302368
seasonal_ma3,hiv_aids,6,origin_202012,3513801,257,2.0,2.3333332538604736
seasonal_ma3,hiv_aids,6,origin_202012,3518701,257,0.0,1.6666666269302368
seasonal_ma3,hiv_aids,6,origin_202012,3518800,257,7.0,7.333333492279053
seasonal_ma3,hiv_aids,6,origin_202012,3522208,257,0.0,2.0
seasonal_ma3,hiv_aids,6,origin_202012,3525904,257,3.0,4.0
seasonal_ma3,hiv_aids,6,origin_202012,3529401,257,2.0,0.6666666865348816
seasonal_ma3,hiv_aids,6,origin_202012,3534401,257,0.0,4.666666507720947
seasonal_ma3,hiv_aids,6,origin_202012,3536505,257,0.0,0.3333333432674408
seasonal_ma3,hiv_aids,6,origin_202012,3541000,257,0.0,0.3333333432674408
seasonal_ma3,hiv_aids,6,origin_202012,3543402,257,9.0,19.33333396911621
seasonal_ma3,hiv_aids,6,origin_202012,3547809,257,0.0,2.6666667461395264
seasonal_ma3,hiv_aids,6,origin_202012,3548500,257,0.0,1.6666666269302368
seasonal_ma3,hiv_aids,6,origin_202012,3548708,257,2.0,2.0
seasonal_ma3,hiv_aids,6,origin_202012,3549805,257,11.0,14.333333015441895
seasonal_ma3,hiv_aids,6,origin_202012,3549904,257,11.0,9.0
seasonal_ma3,hiv_aids,6,origin_202012,3550308,257,78.0,135.3333282470703
seasonal_ma3,hiv_aids,6,origin_202012,3551009,257,0.0,1.3333333730697632
seasonal_ma3,hiv_aids,6,origin_202012,3552205,257,0.0,1.0
seasonal_ma3,hiv_aids,6,origin_202012,3554102,257,0.0,0.0
sarima,hiv_aids,6,origin_202012,3505708,257,3.0,0.5882429480552673
sarima,hiv_aids,6,origin_202012,3506003,257,3.0,3.0562524795532227
sarima,hiv_aids,6,origin_202012,3509502,257,10.0,12.888639450073242
sarima,hiv_aids,6,origin_202012,3510609,257,4.0,2.7481882572174072
sarima,hiv_aids,6,origin_202012,3513801,257,2.0,2.4404282569885254
sarima,hiv_aids,6,origin_202012,3518701,257,0.0,-0.26866814494132996
sarima,hiv_aids,6,origin_202012,3518800,257,7.0,4.829529285430908
sarima,hiv_aids,6,origin_202012,3522208,257,0.0,0.9233688116073608
sarima,hiv_aids,6,origin_202012,3525904,257,3.0,5.109472751617432
sarima,hiv_aids,6,origin_202012,3529401,257,2.0,0.8788109421730042
sarima,hiv_aids,6,origin_202012,3534401,257,0.0,2.9734764099121094
sarima,hiv_aids,6,origin_202012,3536505,257,0.0,0.7610814571380615
sarima,hiv_aids,6,origin_202012,3541000,257,0.0,0.19705472886562347
sarima,hiv_aids,6,origin_202012,3543402,257,9.0,11.728782653808594
sarima,hiv_aids,6,origin_202012,3547809,257,0.0,1.1095949411392212
sarima,hiv_aids,6,origin_202012,3548500,257,0.0,-0.49277910590171814
sarima,hiv_aids,6,origin_202012,3548708,257,2.0,2.7168452739715576
sarima,hiv_aids,6,origin_202012,3549805,257,11.0,11.23599910736084
sarima,hiv_aids,6,origin_202012,3549904,257,11.0,8.91833782196045
sarima,hiv_aids,6,origin_202012,3550308,257,78.0,105.58394622802734
sarima,hiv_aids,6,origin_202012,3551009,257,0.0,0.16112647950649261
sarima,hiv_aids,6,origin_202012,3552205,257,0.0,-1.198324203491211
sarima,hiv_aids,6,origin_202012,3554102,257,0.0,-0.31777089834213257
lgbm,hiv_aids,6,origin_202012,3505708,257,3.0,0.8081122227797998
lgbm,hiv_aids,6,origin_202012,3506003,257,3.0,3.9540621707006
lgbm,hiv_aids,6,origin_202012,3509502,257,10.0,8.803556332909956
lgbm,hiv_aids,6,origin_202012,3510609,257,4.0,2.511855304343671
lgbm,hiv_aids,6,origin_202012,3513801,257,2.0,2.4122624503010663
lgbm,hiv_aids,6,origin_202012,3518701,257,0.0,1.4763279053589482
lgbm,hiv_aids,6,origin_202012,3518800,257,7.0,3.7623829594888307
lgbm,hiv_aids,6,origin_202012,3522208,257,0.0,1.0545822677238201
lgbm,hiv_aids,6,origin_202012,3525904,257,3.0,4.370089473544058
lgbm,hiv_aids,6,origin_202012,3529401,257,2.0,1.1670155790360444
lgbm,hiv_aids,6,origin_202012,3534401,257,0.0,3.2410888690379736
lgbm,hiv_aids,6,origin_202012,3536505,257,0.0,0.5393286665939074
lgbm,hiv_aids,6,origin_202012,3541000,257,0.0,0.8389462945405237
lgbm,hiv_aids,6,origin_202012,3543402,257,9.0,11.488246782585172
lgbm,hiv_aids,6,origin_202012,3547809,257,0.0,2.0805786260335406
lgbm,hiv_aids,6,origin_202012,3548500,257,0.0,2.4044024118344463
lgbm,hiv_aids,6,origin_202012,3548708,257,2.0,3.0388556185537117
lgbm,hiv_aids,6,origin_202012,3549805,257,11.0,9.002281793478053
lgbm,hiv_aids,6,origin_202012,3549904,257,11.0,11.721508873988704
lgbm,hiv_aids,6,origin_202012,3550308,257,78.0,68.62982802414142
lgbm,hiv_aids,6,origin_202012,3551009,257,0.0,1.0796642597449304
lgbm,hiv_aids,6,origin_202012,3552205,257,0.0,0.6626536718541362
lgbm,hiv_aids,6,origin_202012,3554102,257,0.0,1.0081373220112693
catboost,hiv_aids,6,origin_202012,3505708,257,3.0,0.8386268382705416
catboost,hiv_aids,6,origin_202012,3506003,257,3.0,2.9147473538575843
catboost,hiv_aids,6,origin_202012,3509502,257,10.0,9.597375524592698
catboost,hiv_aids,6,origin_202012,3510609,257,4.0,2.117613435359131
catboost,hiv_aids,6,origin_202012,3513801,257,2.0,2.60560357772857
catboost,hiv_aids,6,origin_202012,3518701,257,0.0,1.6595701186077791
catboost,hiv_aids,6,origin_202012,3518800,257,7.0,4.830986887332603
catboost,hiv_aids,6,origin_202012,3522208,257,0.0,1.1680693338966968
catboost,hiv_aids,6,origin_202012,3525904,257,3.0,4.73654869725553
catboost,hiv_aids,6,origin_202012,3529401,257,2.0,1.55997675437988
catboost,hiv_aids,6,origin_202012,3534401,257,0.0,2.9168370303050173
catboost,hiv_aids,6,origin_202012,3536505,257,0.0,0.6289741212361561
catboost,hiv_aids,6,origin_202012,3541000,257,0.0,1.155051955796579
catboost,hiv_aids,6,origin_202012,3543402,257,9.0,11.846404886339819
catboost,hiv_aids,6,origin_202012,3547809,257,0.0,2.420749553990531
catboost,hiv_aids,6,origin_202012,3548500,257,0.0,2.8748232222911456
catboost,hiv_aids,6,origin_202012,3548708,257,2.0,3.9170883492856965
catboost,hiv_aids,6,origin_202012,3549805,257,11.0,9.553457140683923
catboost,hiv_aids,6,origin_202012,3549904,257,11.0,11.961026181643868
catboost,hiv_aids,6,origin_202012,3550308,257,78.0,74.62270615463842
catboost,hiv_aids,6,origin_202012,3551009,257,0.0,1.3124908801649728
catboost,hiv_aids,6,origin_202012,3552205,257,0.0,1.1770467325330063
catboost,hiv_aids,6,origin_202012,3554102,257,0.0,1.1656500930283347
xgboost,hiv_aids,6,origin_202012,3505708,257,3.0,0.9367300271987915
xgboost,hiv_aids,6,origin_202012,3506003,257,3.0,3.532531499862671
xgboost,hiv_aids,6,origin_202012,3509502,257,10.0,9.187198638916016
xgboost,hiv_aids,6,origin_202012,3510609,257,4.0,2.8066279888153076
xgboost,hiv_aids,6,origin_202012,3513801,257,2.0,2.3281240463256836
xgboost,hiv_aids,6,origin_202012,3518701,257,0.0,1.473373293876648
xgboost,hiv_aids,6,origin_202012,3518800,257,7.0,3.681856870651245
xgboost,hiv_aids,6,origin_202012,3522208,257,0.0,1.1952730417251587
xgboost,hiv_aids,6,origin_202012,3525904,257,3.0,4.79302453994751
xgboost,hiv_aids,6,origin_202012,3529401,257,2.0,1.0433316230773926
xgboost,hiv_aids,6,origin_202012,3534401,257,0.0,2.788780689239502
xgboost,hiv_aids,6,origin_202012,3536505,257,0.0,0.416164368391037
xgboost,hiv_aids,6,origin_202012,3541000,257,0.0,0.6819904446601868
xgboost,hiv_aids,6,origin_202012,3543402,257,9.0,11.219352722167969
xgboost,hiv_aids,6,origin_202012,3547809,257,0.0,1.7980952262878418
xgboost,hiv_aids,6,origin_202012,3548500,257,0.0,2.013942003250122
xgboost,hiv_aids,6,origin_202012,3548708,257,2.0,3.0439774990081787
xgboost,hiv_aids,6,origin_202012,3549805,257,11.0,8.97934341430664
xgboost,hiv_aids,6,origin_202012,3549904,257,11.0,13.140541076660156
xgboost,hiv_aids,6,origin_202012,3550308,257,78.0,59.80388641357422
xgboost,hiv_aids,6,origin_202012,3551009,257,0.0,0.9258113503456116
xgboost,hiv_aids,6,origin_202012,3552205,257,0.0,0.7386652827262878
xgboost,hiv_aids,6,origin_202012,3554102,257,0.0,0.8947054743766785
prophet,hiv_aids,6,origin_202012,3505708,257,3.0,0.272599788271824
prophet,hiv_aids,6,origin_202012,3506003,257,3.0,0.07058755772125724
prophet,hiv_aids,6,origin_202012,3509502,257,10.0,1.9602939753691233
prophet,hiv_aids,6,origin_202012,3510609,257,4.0,2.8940460180322343
prophet,hiv_aids,6,origin_202012,3513801,257,2.0,3.74605962672468
prophet,hiv_aids,6,origin_202012,3518701,257,0.0,1.485205017421531
prophet,hiv_aids,6,origin_202012,3518800,257,7.0,5.687517516936213
prophet,hiv_aids,6,origin_202012,3522208,257,0.0,1.2788936305368626
prophet,hiv_aids,6,origin_202012,3525904,257,3.0,3.4437978350717446
prophet,hiv_aids,6,origin_202012,3529401,257,2.0,0.38454962569404494
prophet,hiv_aids,6,origin_202012,3534401,257,0.0,3.6141981194635204
prophet,hiv_aids,6,origin_202012,3536505,257,0.0,0.0
prophet,hiv_aids,6,origin_202012,3541000,257,0.0,0.040888784826965535
prophet,hiv_aids,6,origin_202012,3543402,257,9.0,6.810055945233734
prophet,hiv_aids,6,origin_202012,3547809,257,0.0,0.2865377548122986
prophet,hiv_aids,6,origin_202012,3548500,257,0.0,0.0
prophet,hiv_aids,6,origin_202012,3548708,257,2.0,1.6682409072979603
prophet,hiv_aids,6,origin_202012,3549805,257,11.0,10.636661355538369
prophet,hiv_aids,6,origin_202012,3549904,257,11.0,9.158640099625584
prophet,hiv_aids,6,origin_202012,3550308,257,78.0,114.64298932604221
prophet,hiv_aids,6,origin_202012,3551009,257,0.0,0.4146924120881005
prophet,hiv_aids,6,origin_202012,3552205,257,0.0,0.07515795320043694
prophet,hiv_aids,6,origin_202012,3554102,257,0.0,0.4453007579612459
seasonal_naive,hiv_aids,12,origin_202012,3505708,263,1.0,0.0
seasonal_naive,hiv_aids,12,origin_202012,3506003,263,3.0,2.0
seasonal_naive,hiv_aids,12,origin_202012,3509502,263,3.0,15.0
seasonal_naive,hiv_aids,12,origin_202012,3510609,263,3.0,0.0
seasonal_naive,hiv_aids,12,origin_202012,3513801,263,2.0,1.0
seasonal_naive,hiv_aids,12,origin_202012,3518701,263,2.0,0.0
seasonal_naive,hiv_aids,12,origin_202012,3518800,263,3.0,4.0
seasonal_naive,hiv_aids,12,origin_202012,3522208,263,0.0,0.0
seasonal_naive,hiv_aids,12,origin_202012,3525904,263,6.0,4.0
seasonal_naive,hiv_aids,12,origin_202012,3529401,263,1.0,1.0
seasonal_naive,hiv_aids,12,origin_202012,3534401,263,6.0,2.0
seasonal_naive,hiv_aids,12,origin_202012,3536505,263,0.0,1.0
seasonal_naive,hiv_aids,12,origin_202012,3541000,263,1.0,0.0
seasonal_naive,hiv_aids,12,origin_202012,3543402,263,16.0,6.0
seasonal_naive,hiv_aids,12,origin_202012,3547809,263,3.0,0.0
seasonal_naive,hiv_aids,12,origin_202012,3548500,263,1.0,3.0
seasonal_naive,hiv_aids,12,origin_202012,3548708,263,0.0,2.0
seasonal_naive,hiv_aids,12,origin_202012,3549805,263,4.0,14.0
seasonal_naive,hiv_aids,12,origin_202012,3549904,263,11.0,5.0
seasonal_naive,hiv_aids,12,origin_202012,3550308,263,86.0,95.0
seasonal_naive,hiv_aids,12,origin_202012,3551009,263,1.0,1.0
seasonal_naive,hiv_aids,12,origin_202012,3552205,263,0.0,0.0
seasonal_naive,hiv_aids,12,origin_202012,3554102,263,1.0,0.0
seasonal_ma3,hiv_aids,12,origin_202012,3505708,263,1.0,1.0
seasonal_ma3,hiv_aids,12,origin_202012,3506003,263,3.0,4.333333492279053
seasonal_ma3,hiv_aids,12,origin_202012,3509502,263,3.0,12.333333015441895
seasonal_ma3,hiv_aids,12,origin_202012,3510609,263,3.0,3.3333332538604736
seasonal_ma3,hiv_aids,12,origin_202012,3513801,263,2.0,1.6666666269302368
seasonal_ma3,hiv_aids,12,origin_202012,3518701,263,2.0,0.3333333432674408
seasonal_ma3,hiv_aids,12,origin_202012,3518800,263,3.0,7.333333492279053
seasonal_ma3,hiv_aids,12,origin_202012,3522208,263,0.0,1.3333333730697632
seasonal_ma3,hiv_aids,12,origin_202012,3525904,263,6.0,4.666666507720947
seasonal_ma3,hiv_aids,12,origin_202012,3529401,263,1.0,0.6666666865348816
seasonal_ma3,hiv_aids,12,origin_202012,3534401,263,6.0,4.0
seasonal_ma3,hiv_aids,12,origin_202012,3536505,263,0.0,0.3333333432674408
seasonal_ma3,hiv_aids,12,origin_202012,3541000,263,1.0,0.6666666865348816
seasonal_ma3,hiv_aids,12,origin_202012,3543402,263,16.0,15.666666984558105
seasonal_ma3,hiv_aids,12,origin_202012,3547809,263,3.0,0.6666666865348816
seasonal_ma3,hiv_aids,12,origin_202012,3548500,263,1.0,2.0
seasonal_ma3,hiv_aids,12,origin_202012,3548708,263,0.0,2.6666667461395264
seasonal_ma3,hiv_aids,12,origin_202012,3549805,263,4.0,11.666666984558105
seasonal_ma3,hiv_aids,12,origin_202012,3549904,263,11.0,9.666666984558105
seasonal_ma3,hiv_aids,12,origin_202012,3550308,263,86.0,111.33333587646484
seasonal_ma3,hiv_aids,12,origin_202012,3551009,263,1.0,0.3333333432674408
seasonal_ma3,hiv_aids,12,origin_202012,3552205,263,0.0,0.6666666865348816
seasonal_ma3,hiv_aids,12,origin_202012,3554102,263,1.0,0.6666666865348816
sarima,hiv_aids,12,origin_202012,3505708,263,1.0,0.5266603827476501
sarima,hiv_aids,12,origin_202012,3506003,263,3.0,2.800527811050415
sarima,hiv_aids,12,origin_202012,3509502,263,3.0,12.769804000854492
sarima,hiv_aids,12,origin_202012,3510609,263,3.0,2.658076047897339
sarima,hiv_aids,12,origin_202012,3513801,263,2.0,2.4273476600646973
sarima,hiv_aids,12,origin_202012,3518701,263,2.0,-0.8605000376701355
sarima,hiv_aids,12,origin_202012,3518800,263,3.0,4.829529285430908
sarima,hiv_aids,12,origin_202012,3522208,263,0.0,0.9454545974731445
sarima,hiv_aids,12,origin_202012,3525904,263,6.0,5.109472751617432
sarima,hiv_aids,12,origin_202012,3529401,263,1.0,0.6626520752906799
sarima,hiv_aids,12,origin_202012,3534401,263,6.0,2.9734764099121094
sarima,hiv_aids,12,origin_202012,3536505,263,0.0,0.5629764199256897
sarima,hiv_aids,12,origin_202012,3541000,263,1.0,-0.11204133927822113
sarima,hiv_aids,12,origin_202012,3543402,263,16.0,7.939313888549805
sarima,hiv_aids,12,origin_202012,3547809,263,3.0,0.8745918869972229
sarima,hiv_aids,12,origin_202012,3548500,263,1.0,-2.267350673675537
sarima,hiv_aids,12,origin_202012,3548708,263,0.0,2.3694281578063965
sarima,hiv_aids,12,origin_202012,3549805,263,4.0,11.235963821411133
sarima,hiv_aids,12,origin_202012,3549904,263,11.0,7.37633752822876
sarima,hiv_aids,12,origin_202012,3550308,263,86.0,105.58394622802734
sarima,hiv_aids,12,origin_202012,3551009,263,1.0,-0.1966027021408081
sarima,hiv_aids,12,origin_202012,3552205,263,0.0,-1.712234377861023
sarima,hiv_aids,12,origin_202012,3554102,263,1.0,-1.2818622589111328
lgbm,hiv_aids,12,origin_202012,3505708,263,1.0,0.7389373020795502
lgbm,hiv_aids,12,origin_202012,3506003,263,3.0,4.265434110212948
lgbm,hiv_aids,12,origin_202012,3509502,263,3.0,10.657565130629354
lgbm,hiv_aids,12,origin_202012,3510609,263,3.0,3.678959503513385
lgbm,hiv_aids,12,origin_202012,3513801,263,2.0,2.2307298842525665
lgbm,hiv_aids,12,origin_202012,3518701,263,2.0,1.3365962671011749
lgbm,hiv_aids,12,origin_202012,3518800,263,3.0,4.076249600856092
lgbm,hiv_aids,12,origin_202012,3522208,263,0.0,1.0203633207144536
lgbm,hiv_aids,12,origin_202012,3525904,263,6.0,5.554848538714482
lgbm,hiv_aids,12,origin_202012,3529401,263,1.0,1.048246008011585
lgbm,hiv_aids,12,origin_202012,3534401,263,6.0,3.089386166646767
lgbm,hiv_aids,12,origin_202012,3536505,263,0.0,0.49274121429453654
lgbm,hiv_aids,12,origin_202012,3541000,263,1.0,0.8928569524846404
lgbm,hiv_aids,12,origin_202012,3543402,263,16.0,12.684987470730286
lgbm,hiv_aids,12,origin_202012,3547809,263,3.0,1.9620503080914287
lgbm,hiv_aids,12,origin_202012,3548500,263,1.0,2.539709306150488
lgbm,hiv_aids,12,origin_202012,3548708,263,0.0,2.8774422127362596
lgbm,hiv_aids,12,origin_202012,3549805,263,4.0,13.634571043425554
lgbm,hiv_aids,12,origin_202012,3549904,263,11.0,11.36654888555359
lgbm,hiv_aids,12,origin_202012,3550308,263,86.0,58.43614657829618
lgbm,hiv_aids,12,origin_202012,3551009,263,1.0,1.646831539965699
lgbm,hiv_aids,12,origin_202012,3552205,263,0.0,0.8308883438442431
lgbm,hiv_aids,12,origin_202012,3554102,263,1.0,1.013888356365379
catboost,hiv_aids,12,origin_202012,3505708,263,1.0,1.00594152141794
catboost,hiv_aids,12,origin_202012,3506003,263,3.0,3.231191752163406
catboost,hiv_aids,12,origin_202012,3509502,263,3.0,10.289638036275026
catboost,hiv_aids,12,origin_202012,3510609,263,3.0,3.1635272441561564
catboost,hiv_aids,12,origin_202012,3513801,263,2.0,2.2340873578104
catboost,hiv_aids,12,origin_202012,3518701,263,2.0,1.3990437790906245
catboost,hiv_aids,12,origin_202012,3518800,263,3.0,4.8258510709069915
catboost,hiv_aids,12,origin_202012,3522208,263,0.0,1.431345295428136
catboost,hiv_aids,12,origin_202012,3525904,263,6.0,4.762985593429071
catboost,hiv_aids,12,origin_202012,3529401,263,1.0,1.5454429375664271
catboost,hiv_aids,12,origin_202012,3534401,263,6.0,3.0129753650996633
catboost,hiv_aids,12,origin_202012,3536505,263,0.0,0.7108160074118441
catboost,hiv_aids,12,origin_202012,3541000,263,1.0,1.119427590748826
catboost,hiv_aids,12,origin_202012,3543402,263,16.0,13.78848215632242
catboost,hiv_aids,12,origin_202012,3547809,263,3.0,2.5562378861786668
catboost,hiv_aids,12,origin_202012,3548500,263,1.0,2.338027706904039
catboost,hiv_aids,12,origin_202012,3548708,263,0.0,3.472205861687591
catboost,hiv_aids,12,origin_202012,3549805,263,4.0,6.672839063986375
catboost,hiv_aids,12,origin_202012,3549904,263,11.0,11.948817260075126
catboost,hiv_aids,12,origin_202012,3550308,263,86.0,81.90696973198165
catboost,hiv_aids,12,origin_202012,3551009,263,1.0,1.2755927458290233
catboost,hiv_aids,12,origin_202012,3552205,263,0.0,1.4973057640130045
catboost,hiv_aids,12,origin_202012,3554102,263,1.0,1.1720205109418629
xgboost,hiv_aids,12,origin_202012,3505708,263,1.0,0.7782835364341736
xgboost,hiv_aids,12,origin_202012,3506003,263,3.0,4.143092632293701
xgboost,hiv_aids,12,origin_202012,3509502,263,3.0,10.29299545288086
xgboost,hiv_aids,12,origin_202012,3510609,263,3.0,4.042206287384033
xgboost,hiv_aids,12,origin_202012,3513801,263,2.0,1.7071882486343384
xgboost,hiv_aids,12,origin_202012,3518701,263,2.0,1.2796940803527832
xgboost,hiv_aids,12,origin_202012,3518800,263,3.0,4.819902420043945
xgboost,hiv_aids,12,origin_202012,3522208,263,0.0,1.0976266860961914
xgboost,hiv_aids,12,origin_202012,3525904,263,6.0,5.636133193969727
xgboost,hiv_aids,12,origin_202012,3529401,263,1.0,1.1213347911834717
xgboost,hiv_aids,12,origin_202012,3534401,263,6.0,3.1490514278411865
xgboost,hiv_aids,12,origin_202012,3536505,263,0.0,0.3619159162044525
xgboost,hiv_aids,12,origin_202012,3541000,263,1.0,0.6767581701278687
xgboost,hiv_aids,12,origin_202012,3543402,263,16.0,13.806410789489746
xgboost,hiv_aids,12,origin_202012,3547809,263,3.0,1.7077620029449463
xgboost,hiv_aids,12,origin_202012,3548500,263,1.0,2.0977001190185547
xgboost,hiv_aids,12,origin_202012,3548708,263,0.0,2.310804843902588
xgboost,hiv_aids,12,origin_202012,3549805,263,4.0,13.595658302307129
xgboost,hiv_aids,12,origin_202012,3549904,263,11.0,11.425688743591309
xgboost,hiv_aids,12,origin_202012,3550308,263,86.0,54.172115325927734
xgboost,hiv_aids,12,origin_202012,3551009,263,1.0,1.106208086013794
xgboost,hiv_aids,12,origin_202012,3552205,263,0.0,0.7076136469841003
xgboost,hiv_aids,12,origin_202012,3554102,263,1.0,1.1017186641693115
prophet,hiv_aids,12,origin_202012,3505708,263,1.0,0.4039777409426616
prophet,hiv_aids,12,origin_202012,3506003,263,3.0,2.6270868736912485
prophet,hiv_aids,12,origin_202012,3509502,263,3.0,0.0
prophet,hiv_aids,12,origin_202012,3510609,263,3.0,3.286707023476796
prophet,hiv_aids,12,origin_202012,3513801,263,2.0,2.784334403209841
prophet,hiv_aids,12,origin_202012,3518701,263,2.0,0.0
prophet,hiv_aids,12,origin_202012,3518800,263,3.0,4.051440732355951
prophet,hiv_aids,12,origin_202012,3522208,263,0.0,0.8338910856654036
prophet,hiv_aids,12,origin_202012,3525904,263,6.0,6.085607082789619
prophet,hiv_aids,12,origin_202012,3529401,263,1.0,0.8514340822299404
prophet,hiv_aids,12,origin_202012,3534401,263,6.0,3.9811447275990677
prophet,hiv_aids,12,origin_202012,3536505,263,0.0,0.14225332106302369
prophet,hiv_aids,12,origin_202012,3541000,263,1.0,0.0
prophet,hiv_aids,12,origin_202012,3543402,263,16.0,12.727060689999467
prophet,hiv_aids,12,origin_202012,3547809,263,3.0,0.0
prophet,hiv_aids,12,origin_202012,3548500,263,1.0,0.0
prophet,hiv_aids,12,origin_202012,3548708,263,0.0,1.6160100418512893
prophet,hiv_aids,12,origin_202012,3549805,263,4.0,16.007971432335733
prophet,hiv_aids,12,origin_202012,3549904,263,11.0,8.885720831461581
prophet,hiv_aids,12,origin_202012,3550308,263,86.0,93.60572905754263
prophet,hiv_aids,12,origin_202012,3551009,263,1.0,0.0
prophet,hiv_aids,12,origin_202012,3552205,263,0.0,0.0
prophet,hiv_aids,12,origin_202012,3554102,263,1.0,0.026003716745156724
seasonal_naive,hiv_aids,1,origin_202112,3505708,264,0.0,0.0
seasonal_naive,hiv_aids,1,origin_202112,3506003,264,3.0,3.0
seasonal_naive,hiv_aids,1,origin_202112,3509502,264,5.0,14.0
seasonal_naive,hiv_aids,1,origin_202112,3510609,264,6.0,5.0
seasonal_naive,hiv_aids,1,origin_202112,3513801,264,2.0,1.0
seasonal_naive,hiv_aids,1,origin_202112,3518701,264,2.0,0.0
seasonal_naive,hiv_aids,1,origin_202112,3518800,264,8.0,4.0
seasonal_naive,hiv_aids,1,origin_202112,3522208,264,0.0,1.0
seasonal_naive,hiv_aids,1,origin_202112,3525904,264,3.0,3.0
seasonal_naive,hiv_aids,1,origin_202112,3529401,264,4.0,4.0
seasonal_naive,hiv_aids,1,origin_202112,3534401,264,6.0,2.0
seasonal_naive,hiv_aids,1,origin_202112,3536505,264,0.0,1.0
seasonal_naive,hiv_aids,1,origin_202112,3541000,264,1.0,0.0
seasonal_naive,hiv_aids,1,origin_202112,3543402,264,11.0,12.0
seasonal_naive,hiv_aids,1,origin_202112,3547809,264,4.0,1.0
seasonal_naive,hiv_aids,1,origin_202112,3548500,264,2.0,0.0
seasonal_naive,hiv_aids,1,origin_202112,3548708,264,1.0,2.0
seasonal_naive,hiv_aids,1,origin_202112,3549805,264,10.0,5.0
seasonal_naive,hiv_aids,1,origin_202112,3549904,264,10.0,5.0
seasonal_naive,hiv_aids,1,origin_202112,3550308,264,136.0,99.0
seasonal_naive,hiv_aids,1,origin_202112,3551009,264,0.0,0.0
seasonal_naive,hiv_aids,1,origin_202112,3552205,264,0.0,0.0
seasonal_naive,hiv_aids,1,origin_202112,3554102,264,0.0,3.0
seasonal_ma3,hiv_aids,1,origin_202112,3505708,264,0.0,0.6666666865348816
seasonal_ma3,hiv_aids,1,origin_202112,3506003,264,3.0,4.666666507720947
seasonal_ma3,hiv_aids,1,origin_202112,3509502,264,5.0,15.0
seasonal_ma3,hiv_aids,1,origin_202112,3510609,264,6.0,6.0
seasonal_ma3,hiv_aids,1,origin_202112,3513801,264,2.0,1.6666666269302368
seasonal_ma3,hiv_aids,1,origin_202112,3518701,264,2.0,1.0
seasonal_ma3,hiv_aids,1,origin_202112,3518800,264,8.0,7.333333492279053
seasonal_ma3,hiv_aids,1,origin_202112,3522208,264,0.0,2.6666667461395264
seasonal_ma3,hiv_aids,1,origin_202112,3525904,264,3.0,3.6666667461395264
seasonal_ma3,hiv_aids,1,origin_202112,3529401,264,4.0,2.0
seasonal_ma3,hiv_aids,1,origin_202112,3534401,264,6.0,5.0
seasonal_ma3,hiv_aids,1,origin_202112,3536505,264,0.0,0.3333333432674408
seasonal_ma3,hiv_aids,1,origin_202112,3541000,264,1.0,1.0
seasonal_ma3,hiv_aids,1,origin_202112,3543402,264,11.0,17.0
seasonal_ma3,hiv_aids,1,origin_202112,3547809,264,4.0,0.6666666865348816
seasonal_ma3,hiv_aids,1,origin_202112,3548500,264,2.0,3.3333332538604736
seasonal_ma3,hiv_aids,1,origin_202112,3548708,264,1.0,1.6666666269302368
seasonal_ma3,hiv_aids,1,origin_202112,3549805,264,10.0,12.333333015441895
seasonal_ma3,hiv_aids,1,origin_202112,3549904,264,10.0,10.333333015441895
seasonal_ma3,hiv_aids,1,origin_202112,3550308,264,136.0,134.0
seasonal_ma3,hiv_aids,1,origin_202112,3551009,264,0.0,1.0
seasonal_ma3,hiv_aids,1,origin_202112,3552205,264,0.0,0.3333333432674408
seasonal_ma3,hiv_aids,1,origin_202112,3554102,264,0.0,1.6666666269302368
sarima,hiv_aids,1,origin_202112,3505708,264,0.0,1.158286690711975
sarima,hiv_aids,1,origin_202112,3506003,264,3.0,2.7250730991363525
sarima,hiv_aids,1,origin_202112,3509502,264,5.0,6.7744317054748535
sarima,hiv_aids,1,origin_202112,3510609,264,6.0,2.682966709136963
sarima,hiv_aids,1,origin_202112,3513801,264,2.0,2.1376895904541016
sarima,hiv_aids,1,origin_202112,3518701,264,2.0,-0.1141488254070282
sarima,hiv_aids,1,origin_202112,3518800,264,8.0,6.174087047576904
sarima,hiv_aids,1,origin_202112,3522208,264,0.0,0.5185642242431641
sarima,hiv_aids,1,origin_202112,3525904,264,3.0,4.073690891265869
sarima,hiv_aids,1,origin_202112,3529401,264,4.0,0.9413515329360962
sarima,hiv_aids,1,origin_202112,3534401,264,6.0,2.56894588470459
sarima,hiv_aids,1,origin_202112,3536505,264,0.0,0.007267677690833807
sarima,hiv_aids,1,origin_202112,3541000,264,1.0,0.2446933090686798
sarima,hiv_aids,1,origin_202112,3543402,264,11.0,9.981898307800293
sarima,hiv_aids,1,origin_202112,3547809,264,4.0,0.8331835865974426
sarima,hiv_aids,1,origin_202112,3548500,264,2.0,0.33489835262298584
sarima,hiv_aids,1,origin_202112,3548708,264,1.0,1.25015389919281
sarima,hiv_aids,1,origin_202112,3549805,264,10.0,7.957976818084717
sarima,hiv_aids,1,origin_202112,3549904,264,10.0,8.891170501708984
sarima,hiv_aids,1,origin_202112,3550308,264,136.0,95.77411651611328
sarima,hiv_aids,1,origin_202112,3551009,264,0.0,0.26913565397262573
sarima,hiv_aids,1,origin_202112,3552205,264,0.0,-0.5578305125236511
sarima,hiv_aids,1,origin_202112,3554102,264,0.0,-0.10368580371141434
lgbm,hiv_aids,1,origin_202112,3505708,264,0.0,1.2821126579344564
lgbm,hiv_aids,1,origin_202112,3506003,264,3.0,3.0304957835886923
lgbm,hiv_aids,1,origin_202112,3509502,264,5.0,8.847514876885372
lgbm,hiv_aids,1,origin_202112,3510609,264,6.0,2.946547849767401
lgbm,hiv_aids,1,origin_202112,3513801,264,2.0,2.2277353247700424
lgbm,hiv_aids,1,origin_202112,3518701,264,2.0,1.1881464330283362
lgbm,hiv_aids,1,origin_202112,3518800,264,8.0,5.609653812201527
lgbm,hiv_aids,1,origin_202112,3522208,264,0.0,0.44662592196342055
lgbm,hiv_aids,1,origin_202112,3525904,264,3.0,4.00517969657669
lgbm,hiv_aids,1,origin_202112,3529401,264,4.0,1.8044889876202581
lgbm,hiv_aids,1,origin_202112,3534401,264,6.0,2.5837947167592334
lgbm,hiv_aids,1,origin_202112,3536505,264,0.0,0.3731869830842386
lgbm,hiv_aids,1,origin_202112,3541000,264,1.0,0.8642186042992243
lgbm,hiv_aids,1,origin_202112,3543402,264,11.0,9.812116349580451
lgbm,hiv_aids,1,origin_202112,3547809,264,4.0,1.4526934027233525
lgbm,hiv_aids,1,origin_202112,3548500,264,2.0,1.2939442676564428
lgbm,hiv_aids,1,origin_202112,3548708,264,1.0,1.0592742145140774
lgbm,hiv_aids,1,origin_202112,3549805,264,10.0,8.014778028689758
lgbm,hiv_aids,1,origin_202112,3549904,264,10.0,8.111954634673296
lgbm,hiv_aids,1,origin_202112,3550308,264,136.0,93.55455039075588
lgbm,hiv_aids,1,origin_202112,3551009,264,0.0,0.8906291558541086
lgbm,hiv_aids,1,origin_202112,3552205,264,0.0,0.4969732556820742
lgbm,hiv_aids,1,origin_202112,3554102,264,0.0,1.018866566666466
catboost,hiv_aids,1,origin_202112,3505708,264,0.0,1.2060820244135708
catboost,hiv_aids,1,origin_202112,3506003,264,3.0,2.788606962797057
catboost,hiv_aids,1,origin_202112,3509502,264,5.0,8.435249756557456
catboost,hiv_aids,1,origin_202112,3510609,264,6.0,3.2779196291368624
catboost,hiv_aids,1,origin_202112,3513801,264,2.0,2.322970077112368
catboost,hiv_aids,1,origin_202112,3518701,264,2.0,1.2276615579357053
catboost,hiv_aids,1,origin_202112,3518800,264,8.0,5.671000186082992
catboost,hiv_aids,1,origin_202112,3522208,264,0.0,0.7971894855461177
catboost,hiv_aids,1,origin_202112,3525904,264,3.0,4.095602990430469
catboost,hiv_aids,1,origin_202112,3529401,264,4.0,1.7487360458217203
catboost,hiv_aids,1,origin_202112,3534401,264,6.0,2.7117561303817173
catboost,hiv_aids,1,origin_202112,3536505,264,0.0,0.5674970111181691
catboost,hiv_aids,1,origin_202112,3541000,264,1.0,0.942207126759907
catboost,hiv_aids,1,origin_202112,3543402,264,11.0,9.031412737044858
catboost,hiv_aids,1,origin_202112,3547809,264,4.0,1.4315403523200694
catboost,hiv_aids,1,origin_202112,3548500,264,2.0,1.2305989046052632
catboost,hiv_aids,1,origin_202112,3548708,264,1.0,1.1184823198371778
catboost,hiv_aids,1,origin_202112,3549805,264,10.0,5.481309241088564
catboost,hiv_aids,1,origin_202112,3549904,264,10.0,9.795645058622789
catboost,hiv_aids,1,origin_202112,3550308,264,136.0,86.24667543112538
catboost,hiv_aids,1,origin_202112,3551009,264,0.0,0.9071664438739238
catboost,hiv_aids,1,origin_202112,3552205,264,0.0,0.8838583409674688
catboost,hiv_aids,1,origin_202112,3554102,264,0.0,0.8888990904658275
xgboost,hiv_aids,1,origin_202112,3505708,264,0.0,1.2299076318740845
xgboost,hiv_aids,1,origin_202112,3506003,264,3.0,3.179816961288452
xgboost,hiv_aids,1,origin_202112,3509502,264,5.0,8.737070083618164
xgboost,hiv_aids,1,origin_202112,3510609,264,6.0,3.192063331604004
xgboost,hiv_aids,1,origin_202112,3513801,264,2.0,2.330742835998535
xgboost,hiv_aids,1,origin_202112,3518701,264,2.0,1.0410969257354736
xgboost,hiv_aids,1,origin_202112,3518800,264,8.0,6.050015926361084
xgboost,hiv_aids,1,origin_202112,3522208,264,0.0,0.5561901926994324
xgboost,hiv_aids,1,origin_202112,3525904,264,3.0,3.9841134548187256
xgboost,hiv_aids,1,origin_202112,3529401,264,4.0,1.688027262687683
xgboost,hiv_aids,1,origin_202112,3534401,264,6.0,2.5300254821777344
xgboost,hiv_aids,1,origin_202112,3536505,264,0.0,0.29837721586227417
xgboost,hiv_aids,1,origin_202112,3541000,264,1.0,0.7503973245620728
xgboost,hiv_aids,1,origin_202112,3543402,264,11.0,9.100366592407227
xgboost,hiv_aids,1,origin_202112,3547809,264,4.0,1.428815245628357
xgboost,hiv_aids,1,origin_202112,3548500,264,2.0,1.2047911882400513
xgboost,hiv_aids,1,origin_202112,3548708,264,1.0,0.9646637439727783
xgboost,hiv_aids,1,origin_202112,3549805,264,10.0,6.7520751953125
xgboost,hiv_aids,1,origin_202112,3549904,264,10.0,8.509690284729004
xgboost,hiv_aids,1,origin_202112,3550308,264,136.0,92.51360321044922
xgboost,hiv_aids,1,origin_202112,3551009,264,0.0,0.8335323929786682
xgboost,hiv_aids,1,origin_202112,3552205,264,0.0,0.49420347809791565
xgboost,hiv_aids,1,origin_202112,3554102,264,0.0,0.9430310726165771
prophet,hiv_aids,1,origin_202112,3505708,264,0.0,0.11943077263311841
prophet,hiv_aids,1,origin_202112,3506003,264,3.0,2.185446480359315
prophet,hiv_aids,1,origin_202112,3509502,264,5.0,0.0
prophet,hiv_aids,1,origin_202112,3510609,264,6.0,2.5034954505582663
prophet,hiv_aids,1,origin_202112,3513801,264,2.0,1.961190877527315
prophet,hiv_aids,1,origin_202112,3518701,264,2.0,4.189404958245088
prophet,hiv_aids,1,origin_202112,3518800,264,8.0,4.104006896012628
prophet,hiv_aids,1,origin_202112,3522208,264,0.0,1.1084792304716167
prophet,hiv_aids,1,origin_202112,3525904,264,3.0,5.379686565277779
prophet,hiv_aids,1,origin_202112,3529401,264,4.0,1.0360439473486815
prophet,hiv_aids,1,origin_202112,3534401,264,6.0,2.1798552409891316
prophet,hiv_aids,1,origin_202112,3536505,264,0.0,0.10872591260475362
prophet,hiv_aids,1,origin_202112,3541000,264,1.0,0.0
prophet,hiv_aids,1,origin_202112,3543402,264,11.0,12.6654199805931
prophet,hiv_aids,1,origin_202112,3547809,264,4.0,1.2658345084926175
prophet,hiv_aids,1,origin_202112,3548500,264,2.0,0.0
prophet,hiv_aids,1,origin_202112,3548708,264,1.0,1.3356486927498037
prophet,hiv_aids,1,origin_202112,3549805,264,10.0,9.442826963895353
prophet,hiv_aids,1,origin_202112,3549904,264,10.0,10.105756639333764
prophet,hiv_aids,1,origin_202112,3550308,264,136.0,83.22506942699104
prophet,hiv_aids,1,origin_202112,3551009,264,0.0,1.4501737253261056
prophet,hiv_aids,1,origin_202112,3552205,264,0.0,0.0
prophet,hiv_aids,1,origin_202112,3554102,264,0.0,2.0094766616572737
seasonal_naive,hiv_aids,3,origin_202112,3505708,266,2.0,0.0
seasonal_naive,hiv_aids,3,origin_202112,3506003,266,2.0,1.0
seasonal_naive,hiv_aids,3,origin_202112,3509502,266,6.0,6.0
seasonal_naive,hiv_aids,3,origin_202112,3510609,266,10.0,4.0
seasonal_naive,hiv_aids,3,origin_202112,3513801,266,5.0,0.0
seasonal_naive,hiv_aids,3,origin_202112,3518701,266,2.0,1.0
seasonal_naive,hiv_aids,3,origin_202112,3518800,266,6.0,9.0
seasonal_naive,hiv_aids,3,origin_202112,3522208,266,0.0,1.0
seasonal_naive,hiv_aids,3,origin_202112,3525904,266,7.0,6.0
seasonal_naive,hiv_aids,3,origin_202112,3529401,266,3.0,4.0
seasonal_naive,hiv_aids,3,origin_202112,3534401,266,5.0,0.0
seasonal_naive,hiv_aids,3,origin_202112,3536505,266,0.0,1.0
seasonal_naive,hiv_aids,3,origin_202112,3541000,266,0.0,0.0
seasonal_naive,hiv_aids,3,origin_202112,3543402,266,5.0,12.0
seasonal_naive,hiv_aids,3,origin_202112,3547809,266,3.0,1.0
seasonal_naive,hiv_aids,3,origin_202112,3548500,266,0.0,2.0
seasonal_naive,hiv_aids,3,origin_202112,3548708,266,1.0,0.0
seasonal_naive,hiv_aids,3,origin_202112,3549805,266,5.0,11.0
seasonal_naive,hiv_aids,3,origin_202112,3549904,266,11.0,12.0
seasonal_naive,hiv_aids,3,origin_202112,3550308,266,107.0,95.0
seasonal_naive,hiv_aids,3,origin_202112,3551009,266,1.0,1.0
seasonal_naive,hiv_aids,3,origin_202112,3552205,266,0.0,0.0
seasonal_naive,hiv_aids,3,origin_202112,3554102,266,1.0,0.0
seasonal_ma3,hiv_aids,3,origin_202112,3505708,266,2.0,0.0
seasonal_ma3,hiv_aids,3,origin_202112,3506003,266,2.0,4.666666507720947
seasonal_ma3,hiv_aids,3,origin_202112,3509502,266,6.0,8.0
seasonal_ma3,hiv_aids,3,origin_202112,3510609,266,10.0,3.0
seasonal_ma3,hiv_aids,3,origin_202112,3513801,266,5.0,1.3333333730697632
seasonal_ma3,hiv_aids,3,origin_202112,3518701,266,2.0,2.0
seasonal_ma3,hiv_aids,3,origin_202112,3518800,266,6.0,8.666666984558105
seasonal_ma3,hiv_aids,3,origin_202112,3522208,266,0.0,1.6666666269302368
seasonal_ma3,hiv_aids,3,origin_202112,3525904,266,7.0,4.666666507720947
seasonal_ma3,hiv_aids,3,origin_202112,3529401,266,3.0,1.3333333730697632
seasonal_ma3,hiv_aids,3,origin_202112,3534401,266,5.0,3.0
seasonal_ma3,hiv_aids,3,origin_202112,3536505,266,0.0,0.3333333432674408
seasonal_ma3,hiv_aids,3,origin_202112,3541000,266,0.0,0.3333333432674408
seasonal_ma3,hiv_aids,3,origin_202112,3543402,266,5.0,12.666666984558105
seasonal_ma3,hiv_aids,3,origin_202112,3547809,266,3.0,1.6666666269302368
seasonal_ma3,hiv_aids,3,origin_202112,3548500,266,0.0,1.6666666269302368
seasonal_ma3,hiv_aids,3,origin_202112,3548708,266,1.0,2.0
seasonal_ma3,hiv_aids,3,origin_202112,3549805,266,5.0,13.333333015441895
seasonal_ma3,hiv_aids,3,origin_202112,3549904,266,11.0,14.333333015441895
seasonal_ma3,hiv_aids,3,origin_202112,3550308,266,107.0,117.66666412353516
seasonal_ma3,hiv_aids,3,origin_202112,3551009,266,1.0,1.0
seasonal_ma3,hiv_aids,3,origin_202112,3552205,266,0.0,0.6666666865348816
seasonal_ma3,hiv_aids,3,origin_202112,3554102,266,1.0,0.3333333432674408
sarima,hiv_aids,3,origin_202112,3505708,266,2.0,1.1559293270111084
sarima,hiv_aids,3,origin_202112,3506003,266,2.0,2.453155755996704
sarima,hiv_aids,3,origin_202112,3509502,266,6.0,6.661799430847168
sarima,hiv_aids,3,origin_202112,3510609,266,10.0,3.0197436809539795
sarima,hiv_aids,3,origin_202112,3513801,266,5.0,2.3435120582580566
sarima,hiv_aids,3,origin_202112,3518701,266,2.0,-0.07355540245771408
sarima,hiv_aids,3,origin_202112,3518800,266,6.0,6.174087047576904
sarima,hiv_aids,3,origin_202112,3522208,266,0.0,0.5882196426391602
sarima,hiv_aids,3,origin_202112,3525904,266,7.0,4.073690891265869
sarima,hiv_aids,3,origin_202112,3529401,266,3.0,1.0146958827972412
sarima,hiv_aids,3,origin_202112,3534401,266,5.0,2.56894588470459
sarima,hiv_aids,3,origin_202112,3536505,266,0.0,0.007174651138484478
sarima,hiv_aids,3,origin_202112,3541000,266,0.0,0.31716981530189514
sarima,hiv_aids,3,origin_202112,3543402,266,5.0,9.387516021728516
sarima,hiv_aids,3,origin_202112,3547809,266,3.0,0.754823625087738
sarima,hiv_aids,3,origin_202112,3548500,266,0.0,-0.23460868000984192
sarima,hiv_aids,3,origin_202112,3548708,266,1.0,1.3725305795669556
sarima,hiv_aids,3,origin_202112,3549805,266,5.0,7.2635040283203125
sarima,hiv_aids,3,origin_202112,3549904,266,11.0,8.36003589630127
sarima,hiv_aids,3,origin_202112,3550308,266,107.0,95.77411651611328
sarima,hiv_aids,3,origin_202112,3551009,266,1.0,-0.15295854210853577
sarima,hiv_aids,3,origin_202112,3552205,266,0.0,-0.8020105957984924
sarima,hiv_aids,3,origin_202112,3554102,266,1.0,-0.37772971391677856
lgbm,hiv_aids,3,origin_202112,3505708,266,2.0,1.175833604447237
lgbm,hiv_aids,3,origin_202112,3506003,266,2.0,3.498438645965958
lgbm,hiv_aids,3,origin_202112,3509502,266,6.0,7.768907909448274
lgbm,hiv_aids,3,origin_202112,3510609,266,10.0,3.864492988996355
lgbm,hiv_aids,3,origin_202112,3513801,266,5.0,2.6535242787691153
lgbm,hiv_aids,3,origin_202112,3518701,266,2.0,1.3130111961075863
lgbm,hiv_aids,3,origin_202112,3518800,266,6.0,5.5709361694524935
lgbm,hiv_aids,3,origin_202112,3522208,266,0.0,0.7082299459154879
lgbm,hiv_aids,3,origin_202112,3525904,266,7.0,4.093503111433997
lgbm,hiv_aids,3,origin_202112,3529401,266,3.0,2.356608433616119
lgbm,hiv_aids,3,origin_202112,3534401,266,5.0,2.3217001010392044
lgbm,hiv_aids,3,origin_202112,3536505,266,0.0,0.4812040749596302
lgbm,hiv_aids,3,origin_202112,3541000,266,0.0,0.8961825053801888
lgbm,hiv_aids,3,origin_202112,3543402,266,5.0,8.613623748322148
lgbm,hiv_aids,3,origin_202112,3547809,266,3.0,1.5108362129378117
lgbm,hiv_aids,3,origin_202112,3548500,266,0.0,1.3808568018561402
lgbm,hiv_aids,3,origin_202112,3548708,266,1.0,1.2854975824713526
lgbm,hiv_aids,3,origin_202112,3549805,266,5.0,7.508242077793663
lgbm,hiv_aids,3,origin_202112,3549904,266,11.0,10.085377769229705
lgbm,hiv_aids,3,origin_202112,3550308,266,107.0,94.03926591067635
lgbm,hiv_aids,3,origin_202112,3551009,266,1.0,0.9319344345926643
lgbm,hiv_aids,3,origin_202112,3552205,266,0.0,0.5905921103946257
lgbm,hiv_aids,3,origin_202112,3554102,266,1.0,0.7343464084306456
catboost,hiv_aids,3,origin_202112,3505708,266,2.0,1.1007684118215897
catboost,hiv_aids,3,origin_202112,3506003,266,2.0,3.2818742364496756
catboost,hiv_aids,3,origin_202112,3509502,266,6.0,7.890264351294285
catboost,hiv_aids,3,origin_202112,3510609,266,10.0,3.7461438494813897
catboost,hiv_aids,3,origin_202112,3513801,266,5.0,2.2838872530918826
catboost,hiv_aids,3,origin_202112,3518701,266,2.0,1.4075886678846947
catboost,hiv_aids,3,origin_202112,3518800,266,6.0,6.7851090773068
catboost,hiv_aids,3,origin_202112,3522208,266,0.0,0.8230266373993567
catboost,hiv_aids,3,origin_202112,3525904,266,7.0,3.539142477473974
catboost,hiv_aids,3,origin_202112,3529401,266,3.0,1.9196700910373263
catboost,hiv_aids,3,origin_202112,3534401,266,5.0,2.799607470003609
catboost,hiv_aids,3,origin_202112,3536505,266,0.0,0.6144531225362476
catboost,hiv_aids,3,origin_202112,3541000,266,0.0,1.1165852895982082
catboost,hiv_aids,3,origin_202112,3543402,266,5.0,7.829658103962452
catboost,hiv_aids,3,origin_202112,3547809,266,3.0,1.3616392355065396
catboost,hiv_aids,3,origin_202112,3548500,266,0.0,1.5954997240290638
catboost,hiv_aids,3,origin_202112,3548708,266,1.0,1.192725269629159
catboost,hiv_aids,3,origin_202112,3549805,266,5.0,6.571702652375954
catboost,hiv_aids,3,origin_202112,3549904,266,11.0,8.967109524712905
catboost,hiv_aids,3,origin_202112,3550308,266,107.0,102.27456922993143
catboost,hiv_aids,3,origin_202112,3551009,266,1.0,1.0943449932098461
catboost,hiv_aids,3,origin_202112,3552205,266,0.0,1.008143173188397
catboost,hiv_aids,3,origin_202112,3554102,266,1.0,0.8501839025599434
xgboost,hiv_aids,3,origin_202112,3505708,266,2.0,1.3355395793914795
xgboost,hiv_aids,3,origin_202112,3506003,266,2.0,2.7126996517181396
xgboost,hiv_aids,3,origin_202112,3509502,266,6.0,7.921830177307129
xgboost,hiv_aids,3,origin_202112,3510609,266,10.0,3.5368459224700928
xgboost,hiv_aids,3,origin_202112,3513801,266,5.0,3.1717584133148193
xgboost,hiv_aids,3,origin_202112,3518701,266,2.0,1.4302092790603638
xgboost,hiv_aids,3,origin_202112,3518800,266,6.0,5.947078704833984
xgboost,hiv_aids,3,origin_202112,3522208,266,0.0,0.7317870855331421
xgboost,hiv_aids,3,origin_202112,3525904,266,7.0,4.340907096862793
xgboost,hiv_aids,3,origin_202112,3529401,266,3.0,2.0607028007507324
xgboost,hiv_aids,3,origin_202112,3534401,266,5.0,2.0920047760009766
xgboost,hiv_aids,3,origin_202112,3536505,266,0.0,0.3527947962284088
xgboost,hiv_aids,3,origin_202112,3541000,266,0.0,0.7609807848930359
xgboost,hiv_aids,3,origin_202112,3543402,266,5.0,7.344855785369873
xgboost,hiv_aids,3,origin_202112,3547809,266,3.0,1.4788709878921509
xgboost,hiv_aids,3,origin_202112,3548500,266,0.0,1.3897377252578735
xgboost,hiv_aids,3,origin_202112,3548708,266,1.0,1.1709059476852417
xgboost,hiv_aids,3,origin_202112,3549805,266,5.0,7.102063179016113
xgboost,hiv_aids,3,origin_202112,3549904,266,11.0,10.303444862365723
xgboost,hiv_aids,3,origin_202112,3550308,266,107.0,95.66071319580078
xgboost,hiv_aids,3,origin_202112,3551009,266,1.0,0.7655438780784607
xgboost,hiv_aids,3,origin_202112,3552205,266,0.0,0.5486840009689331
xgboost,hiv_aids,3,origin_202112,3554102,266,1.0,0.7026395797729492
prophet,hiv_aids,3,origin_202112,3505708,266,2.0,0.5092726147723753
prophet,hiv_aids,3,origin_202112,3506003,266,2.0,2.3359546831291786
prophet,hiv_aids,3,origin_202112,3509502,266,6.0,0.0
prophet,hiv_aids,3,origin_202112,3510609,266,10.0,3.283179494818689
prophet,hiv_aids,3,origin_202112,3513801,266,5.0,2.9132633692995085
prophet,hiv_aids,3,origin_202112,3518701,266,2.0,0.0
prophet,hiv_aids,3,origin_202112,3518800,266,6.0,4.967971640923392
prophet,hiv_aids,3,origin_202112,3522208,266,0.0,0.9835113400079749
prophet,hiv_aids,3,origin_202112,3525904,266,7.0,6.326136324132158
prophet,hiv_aids,3,origin_202112,3529401,266,3.0,0.816015837687086
prophet,hiv_aids,3,origin_202112,3534401,266,5.0,2.8854289986991435
prophet,hiv_aids,3,origin_202112,3536505,266,0.0,0.3326613932292832
prophet,hiv_aids,3,origin_202112,3541000,266,0.0,0.07237840681117852
prophet,hiv_aids,3,origin_202112,3543402,266,5.0,7.620900015879709
prophet,hiv_aids,3,origin_202112,3547809,266,3.0,1.4134626630401417
prophet,hiv_aids,3,origin_202112,3548500,266,0.0,0.0
prophet,hiv_aids,3,origin_202112,3548708,266,1.0,1.7446868357328909
prophet,hiv_aids,3,origin_202112,3549805,266,5.0,14.523667282736648
prophet,hiv_aids,3,origin_202112,3549904,266,11.0,8.022207334214347
prophet,hiv_aids,3,origin_202112,3550308,266,107.0,92.26466989186821
prophet,hiv_aids,3,origin_202112,3551009,266,1.0,0.5224229640791427
prophet,hiv_aids,3,origin_202112,3552205,266,0.0,0.0
prophet,hiv_aids,3,origin_202112,3554102,266,1.0,0.0
seasonal_naive,hiv_aids,6,origin_202112,3505708,269,2.0,3.0
seasonal_naive,hiv_aids,6,origin_202112,3506003,269,2.0,3.0
seasonal_naive,hiv_aids,6,origin_202112,3509502,269,6.0,10.0
seasonal_naive,hiv_aids,6,origin_202112,3510609,269,5.0,4.0
seasonal_naive,hiv_aids,6,origin_202112,3513801,269,3.0,2.0
seasonal_naive,hiv_aids,6,origin_202112,3518701,269,0.0,0.0
seasonal_naive,hiv_aids,6,origin_202112,3518800,269,6.0,7.0
seasonal_naive,hiv_aids,6,origin_202112,3522208,269,0.0,0.0
seasonal_naive,hiv_aids,6,origin_202112,3525904,269,0.0,3.0
seasonal_naive,hiv_aids,6,origin_202112,3529401,269,2.0,2.0
seasonal_naive,hiv_aids,6,origin_202112,3534401,269,9.0,0.0
seasonal_naive,hiv_aids,6,origin_202112,3536505,269,1.0,0.0
seasonal_naive,hiv_aids,6,origin_202112,3541000,269,1.0,0.0
seasonal_naive,hiv_aids,6,origin_202112,3543402,269,10.0,9.0
seasonal_naive,hiv_aids,6,origin_202112,3547809,269,4.0,0.0
seasonal_naive,hiv_aids,6,origin_202112,3548500,269,1.0,0.0
seasonal_naive,hiv_aids,6,origin_202112,3548708,269,1.0,2.0
seasonal_naive,hiv_aids,6,origin_202112,3549805,269,11.0,11.0
seasonal_naive,hiv_aids,6,origin_202112,3549904,269,12.0,11.0
seasonal_naive,hiv_aids,6,origin_202112,3550308,269,95.0,78.0
seasonal_naive,hiv_aids,6,origin_202112,3551009,269,0.0,0.0
seasonal_naive,hiv_aids,6,origin_202112,3552205,269,1.0,0.0
seasonal_naive,hiv_aids,6,origin_202112,3554102,269,2.0,0.0
seasonal_ma3,hiv_aids,6,origin_202112,3505708,269,2.0,1.0
seasonal_ma3,hiv_aids,6,origin_202112,3506003,269,2.0,4.0
seasonal_ma3,hiv_aids,6,origin_202112,3509502,269,6.0,10.333333015441895
seasonal_ma3,hiv_aids,6,origin_202112,3510609,269,5.0,2.6666667461395264
seasonal_ma3,hiv_aids,6,origin_202112,3513801,269,3.0,1.6666666269302368
seasonal_ma3,hiv_aids,6,origin_202112,3518701,269,0.0,1.3333333730697632
seasonal_ma3,hiv_aids,6,origin_202112,3518800,269,6.0,4.666666507720947
seasonal_ma3,hiv_aids,6,origin_202112,3522208,269,0.0,1.0
seasonal_ma3,hiv_aids,6,origin_202112,3525904,269,0.0,4.0
seasonal_ma3,hiv_aids,6,origin_202112,3529401,269,2.0,0.6666666865348816
seasonal_ma3,hiv_aids,6,origin_202112,3534401,269,9.0,3.0
seasonal_ma3,hiv_aids,6,origin_202112,3536505,269,1.0,0.0
seasonal_ma3,hiv_aids,6,origin_202112,3541000,269,1.0,0.0
seasonal_ma3,hiv_aids,6,origin_202112,3543402,269,10.0,16.66666603088379
seasonal_ma3,hiv_aids,6,origin_202112,3547809,269,4.0,2.0
seasonal_ma3,hiv_aids,6,origin_202112,3548500,269,1.0,1.0
seasonal_ma3,hiv_aids,6,origin_202112,3548708,269,1.0,2.3333332538604736
seasonal_ma3,hiv_aids,6,origin_202112,3549805,269,11.0,10.666666984558105
seasonal_ma3,hiv_aids,6,origin_202112,3549904,269,12.0,9.0
seasonal_ma3,hiv_aids,6,origin_202112,3550308,269,95.0,94.66666412353516
seasonal_ma3,hiv_aids,6,origin_202112,3551009,269,0.0,1.3333333730697632
seasonal_ma3,hiv_aids,6,origin_202112,3552205,269,1.0,0.3333333432674408
seasonal_ma3,hiv_aids,6,origin_202112,3554102,269,2.0,0.0
sarima,hiv_aids,6,origin_202112,3505708,269,2.0,0.6114075183868408
sarima,hiv_aids,6,origin_202112,3506003,269,2.0,2.7832095623016357
sarima,hiv_aids,6,origin_202112,3509502,269,6.0,6.455045700073242
sarima,hiv_aids,6,origin_202112,3510609,269,5.0,2.9796395301818848
sarima,hiv_aids,6,origin_202112,3513801,269,3.0,2.2725441455841064
sarima,hiv_aids,6,origin_202112,3518701,269,0.0,-0.2955799400806427
sarima,hiv_aids,6,origin_202112,3518800,269,6.0,6.174087047576904
sarima,hiv_aids,6,origin_202112,3522208,269,0.0,0.7590876817703247
sarima,hiv_aids,6,origin_202112,3525904,269,0.0,4.073690891265869
sarima,hiv_aids,6,origin_202112,3529401,269,2.0,1.23207688331604
sarima,hiv_aids,6,origin_202112,3534401,269,9.0,2.56894588470459
sarima,hiv_aids,6,origin_202112,3536505,269,1.0,0.2370954155921936
sarima,hiv_aids,6,origin_202112,3541000,269,1.0,0.20825853943824768
sarima,hiv_aids,6,origin_202112,3543402,269,10.0,6.824855804443359
sarima,hiv_aids,6,origin_202112,3547809,269,4.0,0.6372836828231812
sarima,hiv_aids,6,origin_202112,3548500,269,1.0,-1.0888692140579224
sarima,hiv_aids,6,origin_202112,3548708,269,1.0,1.661783218383789
sarima,hiv_aids,6,origin_202112,3549805,269,11.0,6.9788360595703125
sarima,hiv_aids,6,origin_202112,3549904,269,12.0,7.60990571975708
sarima,hiv_aids,6,origin_202112,3550308,269,95.0,95.77411651611328
sarima,hiv_aids,6,origin_202112,3551009,269,0.0,-0.36721813678741455
sarima,hiv_aids,6,origin_202112,3552205,269,1.0,-1.291012167930603
sarima,hiv_aids,6,origin_202112,3554102,269,2.0,-0.7124082446098328
lgbm,hiv_aids,6,origin_202112,3505708,269,2.0,0.9324379634447855
lgbm,hiv_aids,6,origin_202112,3506003,269,2.0,2.5145877152949785
lgbm,hiv_aids,6,origin_202112,3509502,269,6.0,7.636093847436632
lgbm,hiv_aids,6,origin_202112,3510609,269,5.0,3.900030470883043
lgbm,hiv_aids,6,origin_202112,3513801,269,3.0,2.350989037281823
lgbm,hiv_aids,6,origin_202112,3518701,269,0.0,1.1033170961801964
lgbm,hiv_aids,6,origin_202112,3518800,269,6.0,5.221270386458272
lgbm,hiv_aids,6,origin_202112,3522208,269,0.0,0.9959591149985999
lgbm,hiv_aids,6,origin_202112,3525904,269,0.0,3.785576599334762
lgbm,hiv_aids,6,origin_202112,3529401,269,2.0,2.2146294670976925
lgbm,hiv_aids,6,origin_202112,3534401,269,9.0,2.6240402229988806
lgbm,hiv_aids,6,origin_202112,3536505,269,1.0,0.4796441018159192
lgbm,hiv_aids,6,origin_202112,3541000,269,1.0,0.8261198167593524
lgbm,hiv_aids,6,origin_202112,3543402,269,10.0,7.847803074658337
lgbm,hiv_aids,6,origin_202112,3547809,269,4.0,1.2853214575157634
lgbm,hiv_aids,6,origin_202112,3548500,269,1.0,1.4997960330959654
lgbm,hiv_aids,6,origin_202112,3548708,269,1.0,1.2710301789194751
lgbm,hiv_aids,6,origin_202112,3549805,269,11.0,6.863633880842728
lgbm,hiv_aids,6,origin_202112,3549904,269,12.0,9.629566304497944
lgbm,hiv_aids,6,origin_202112,3550308,269,95.0,88.89865760472694
lgbm,hiv_aids,6,origin_202112,3551009,269,0.0,0.935397286115549
lgbm,hiv_aids,6,origin_202112,3552205,269,1.0,0.6545278125791185
lgbm,hiv_aids,6,origin_202112,3554102,269,2.0,0.9944462177738062
catboost,hiv_aids,6,origin_202112,3505708,269,2.0,1.1637398172938085
catboost,hiv_aids,6,origin_202112,3506003,269,2.0,2.5032925275653954
catboost,hiv_aids,6,origin_202112,3509502,269,6.0,7.474698795517994
catboost,hiv_aids,6,origin_202112,3510609,269,5.0,3.671530390436964
catboost,hiv_aids,6,origin_202112,3513801,269,3.0,2.480104714115282
catboost,hiv_aids,6,origin_202112,3518701,269,0.0,1.3704057441463708
catboost,hiv_aids,6,origin_202112,3518800,269,6.0,6.111519612588019
catboost,hiv_aids,6,origin_202112,3522208,269,0.0,1.0908474832089323
catboost,hiv_aids,6,origin_202112,3525904,269,0.0,3.5355443313093193
catboost,hiv_aids,6,origin_202112,3529401,269,2.0,2.2072293550477977
catboost,hiv_aids,6,origin_202112,3534401,269,9.0,2.721964522444369
catboost,hiv_aids,6,origin_202112,3536505,269,1.0,0.688455646025415
catboost,hiv_aids,6,origin_202112,3541000,269,1.0,1.2304432231216833
catboost,hiv_aids,6,origin_202112,3543402,269,10.0,8.017808743288624
catboost,hiv_aids,6,origin_202112,3547809,269,4.0,1.3626271621524713
catboost,hiv_aids,6,origin_202112,3548500,269,1.0,1.575933731855717
catboost,hiv_aids,6,origin_202112,3548708,269,1.0,1.5616773429686448
catboost,hiv_aids,6,origin_202112,3549805,269,11.0,5.533660098878915
catboost,hiv_aids,6,origin_202112,3549904,269,12.0,10.870329301572685
catboost,hiv_aids,6,origin_202112,3550308,269,95.0,87.64198746435892
catboost,hiv_aids,6,origin_202112,3551009,269,0.0,1.2016729007912865
catboost,hiv_aids,6,origin_202112,3552205,269,1.0,0.9537690797602196
catboost,hiv_aids,6,origin_202112,3554102,269,2.0,1.213758216775222
xgboost,hiv_aids,6,origin_202112,3505708,269,2.0,0.9046363830566406
xgboost,hiv_aids,6,origin_202112,3506003,269,2.0,2.544478178024292
xgboost,hiv_aids,6,origin_202112,3509502,269,6.0,7.727202415466309
xgboost,hiv_aids,6,origin_202112,3510609,269,5.0,3.4799468517303467
xgboost,hiv_aids,6,origin_202112,3513801,269,3.0,2.7031333446502686
xgboost,hiv_aids,6,origin_202112,3518701,269,0.0,1.1883665323257446
xgboost,hiv_aids,6,origin_202112,3518800,269,6.0,5.585760593414307
xgboost,hiv_aids,6,origin_202112,3522208,269,0.0,0.9910311698913574
xgboost,hiv_aids,6,origin_202112,3525904,269,0.0,4.060911178588867
xgboost,hiv_aids,6,origin_202112,3529401,269,2.0,2.415158748626709
xgboost,hiv_aids,6,origin_202112,3534401,269,9.0,1.8698498010635376
xgboost,hiv_aids,6,origin_202112,3536505,269,1.0,0.42717450857162476
xgboost,hiv_aids,6,origin_202112,3541000,269,1.0,0.6340259909629822
xgboost,hiv_aids,6,origin_202112,3543402,269,10.0,7.432370185852051
xgboost,hiv_aids,6,origin_202112,3547809,269,4.0,1.7676239013671875
xgboost,hiv_aids,6,origin_202112,3548500,269,1.0,1.4085229635238647
xgboost,hiv_aids,6,origin_202112,3548708,269,1.0,1.4620652198791504
xgboost,hiv_aids,6,origin_202112,3549805,269,11.0,5.863982677459717
xgboost,hiv_aids,6,origin_202112,3549904,269,12.0,10.270126342773438
xgboost,hiv_aids,6,origin_202112,3550308,269,95.0,96.86432647705078
xgboost,hiv_aids,6,origin_202112,3551009,269,0.0,0.8557758331298828
xgboost,hiv_aids,6,origin_202112,3552205,269,1.0,0.4751499891281128
xgboost,hiv_aids,6,origin_202112,3554102,269,2.0,1.097508430480957
prophet,hiv_aids,6,origin_202112,3505708,269,2.0,0.2966550243721208
prophet,hiv_aids,6,origin_202112,3506003,269,2.0,0.0
prophet,hiv_aids,6,origin_202112,3509502,269,6.0,0.0
prophet,hiv_aids,6,origin_202112,3510609,269,5.0,3.0239553895837146
prophet,hiv_aids,6,origin_202112,3513801,269,3.0,3.1883762247026812
prophet,hiv_aids,6,origin_202112,3518701,269,0.0,0.0
prophet,hiv_aids,6,origin_202112,3518800,269,6.0,5.191688962797897
prophet,hiv_aids,6,origin_202112,3522208,269,0.0,1.0971833935184774
prophet,hiv_aids,6,origin_202112,3525904,269,0.0,2.562555358064389
prophet,hiv_aids,6,origin_202112,3529401,269,2.0,0.5382697308756113
prophet,hiv_aids,6,origin_202112,3534401,269,9.0,2.857944184344691
prophet,hiv_aids,6,origin_202112,3536505,269,1.0,0.027060439070097253
prophet,hiv_aids,6,origin_202112,3541000,269,1.0,0.0
prophet,hiv_aids,6,origin_202112,3543402,269,10.0,4.053241650662689
prophet,hiv_aids,6,origin_202112,3547809,269,4.0,0.0
prophet,hiv_aids,6,origin_202112,3548500,269,1.0,0.0
prophet,hiv_aids,6,origin_202112,3548708,269,1.0,1.5024692876478996
prophet,hiv_aids,6,origin_202112,3549805,269,11.0,9.227632621034036
prophet,hiv_aids,6,origin_202112,3549904,269,12.0,9.9191932021921
prophet,hiv_aids,6,origin_202112,3550308,269,95.0,92.83600395183618
prophet,hiv_aids,6,origin_202112,3551009,269,0.0,0.0
prophet,hiv_aids,6,origin_202112,3552205,269,1.0,0.0
prophet,hiv_aids,6,origin_202112,3554102,269,2.0,0.8618174972571716
seasonal_naive,hiv_aids,12,origin_202112,3505708,275,4.0,1.0
seasonal_naive,hiv_aids,12,origin_202112,3506003,275,1.0,3.0
seasonal_naive,hiv_aids,12,origin_202112,3509502,275,4.0,3.0
seasonal_naive,hiv_aids,12,origin_202112,3510609,275,2.0,3.0
seasonal_naive,hiv_aids,12,origin_202112,3513801,275,2.0,2.0
seasonal_naive,hiv_aids,12,origin_202112,3518701,275,1.0,2.0
seasonal_naive,hiv_aids,12,origin_202112,3518800,275,7.0,3.0
seasonal_naive,hiv_aids,12,origin_202112,3522208,275,1.0,0.0
seasonal_naive,hiv_aids,12,origin_202112,3525904,275,0.0,6.0
seasonal_naive,hiv_aids,12,origin_202112,3529401,275,3.0,1.0
seasonal_naive,hiv_aids,12,origin_202112,3534401,275,2.0,6.0
seasonal_naive,hiv_aids,12,origin_202112,3536505,275,1.0,0.0
seasonal_naive,hiv_aids,12,origin_202112,3541000,275,2.0,1.0
seasonal_naive,hiv_aids,12,origin_202112,3543402,275,8.0,16.0
seasonal_naive,hiv_aids,12,origin_202112,3547809,275,1.0,3.0
seasonal_naive,hiv_aids,12,origin_202112,3548500,275,0.0,1.0
seasonal_naive,hiv_aids,12,origin_202112,3548708,275,3.0,0.0
seasonal_naive,hiv_aids,12,origin_202112,3549805,275,13.0,4.0
seasonal_naive,hiv_aids,12,origin_202112,3549904,275,7.0,11.0
seasonal_naive,hiv_aids,12,origin_202112,3550308,275,116.0,86.0
seasonal_naive,hiv_aids,12,origin_202112,3551009,275,3.0,1.0
seasonal_naive,hiv_aids,12,origin_202112,3552205,275,0.0,0.0
seasonal_naive,hiv_aids,12,origin_202112,3554102,275,0.0,1.0
seasonal_ma3,hiv_aids,12,origin_202112,3505708,275,4.0,1.0
seasonal_ma3,hiv_aids,12,origin_202112,3506003,275,1.0,3.6666667461395264
seasonal_ma3,hiv_aids,12,origin_202112,3509502,275,4.0,8.333333015441895
seasonal_ma3,hiv_aids,12,origin_202112,3510609,275,2.0,3.6666667461395264
seasonal_ma3,hiv_aids,12,origin_202112,3513801,275,2.0,1.0
seasonal_ma3,hiv_aids,12,origin_202112,3518701,275,1.0,1.0
seasonal_ma3,hiv_aids,12,origin_202112,3518800,275,7.0,5.666666507720947
seasonal_ma3,hiv_aids,12,origin_202112,3522208,275,1.0,1.0
seasonal_ma3,hiv_aids,12,origin_202112,3525904,275,0.0,6.333333492279053
seasonal_ma3,hiv_aids,12,origin_202112,3529401,275,3.0,1.0
seasonal_ma3,hiv_aids,12,origin_202112,3534401,275,2.0,4.0
seasonal_ma3,hiv_aids,12,origin_202112,3536505,275,1.0,0.3333333432674408
seasonal_ma3,hiv_aids,12,origin_202112,3541000,275,2.0,0.6666666865348816
seasonal_ma3,hiv_aids,12,origin_202112,3543402,275,8.0,15.0
seasonal_ma3,hiv_aids,12,origin_202112,3547809,275,1.0,1.3333333730697632
seasonal_ma3,hiv_aids,12,origin_202112,3548500,275,0.0,1.3333333730697632
seasonal_ma3,hiv_aids,12,origin_202112,3548708,275,3.0,2.0
seasonal_ma3,hiv_aids,12,origin_202112,3549805,275,13.0,8.666666984558105
seasonal_ma3,hiv_aids,12,origin_202112,3549904,275,7.0,10.0
seasonal_ma3,hiv_aids,12,origin_202112,3550308,275,116.0,96.66666412353516
seasonal_ma3,hiv_aids,12,origin_202112,3551009,275,3.0,0.6666666865348816
seasonal_ma3,hiv_aids,12,origin_202112,3552205,275,0.0,0.6666666865348816
seasonal_ma3,hiv_aids,12,origin_202112,3554102,275,0.0,1.0
sarima,hiv_aids,12,origin_202112,3505708,275,4.0,0.974422037601471
sarima,hiv_aids,12,origin_202112,3506003,275,1.0,2.4624266624450684
sarima,hiv_aids,12,origin_202112,3509502,275,4.0,6.505502700805664
sarima,hiv_aids,12,origin_202112,3510609,275,2.0,2.8994312286376953
sarima,hiv_aids,12,origin_202112,3513801,275,2.0,2.2501251697540283
sarima,hiv_aids,12,origin_202112,3518701,275,1.0,-0.8657603859901428
sarima,hiv_aids,12,origin_202112,3518800,275,7.0,6.174087047576904
sarima,hiv_aids,12,origin_202112,3522208,275,1.0,0.8860141634941101
sarima,hiv_aids,12,origin_202112,3525904,275,0.0,4.073690891265869
sarima,hiv_aids,12,origin_202112,3529401,275,3.0,1.261399269104004
sarima,hiv_aids,12,origin_202112,3534401,275,2.0,2.56894588470459
sarima,hiv_aids,12,origin_202112,3536505,275,1.0,0.1858741194009781
sarima,hiv_aids,12,origin_202112,3541000,275,2.0,-0.047645118087530136
sarima,hiv_aids,12,origin_202112,3543402,275,8.0,7.663351535797119
sarima,hiv_aids,12,origin_202112,3547809,275,1.0,0.4022037982940674
sarima,hiv_aids,12,origin_202112,3548500,275,0.0,-2.7973902225494385
sarima,hiv_aids,12,origin_202112,3548708,275,3.0,1.9371825456619263
sarima,hiv_aids,12,origin_202112,3549805,275,13.0,6.43277645111084
sarima,hiv_aids,12,origin_202112,3549904,275,7.0,6.109661102294922
sarima,hiv_aids,12,origin_202112,3550308,275,116.0,95.77411651611328
sarima,hiv_aids,12,origin_202112,3551009,275,3.0,-0.7215061187744141
sarima,hiv_aids,12,origin_202112,3552205,275,0.0,-1.7534418106079102
sarima,hiv_aids,12,origin_202112,3554102,275,0.0,-1.3099817037582397
lgbm,hiv_aids,12,origin_202112,3505708,275,4.0,1.038971738048293
lgbm,hiv_aids,12,origin_202112,3506003,275,1.0,2.989760298687248
lgbm,hiv_aids,12,origin_202112,3509502,275,4.0,8.465045962034738
lgbm,hiv_aids,12,origin_202112,3510609,275,2.0,3.8888413001135063
lgbm,hiv_aids,12,origin_202112,3513801,275,2.0,2.305851654466043
lgbm,hiv_aids,12,origin_202112,3518701,275,1.0,1.0299961248087486
lgbm,hiv_aids,12,origin_202112,3518800,275,7.0,5.963384771979902
lgbm,hiv_aids,12,origin_202112,3522208,275,1.0,0.9361071012525936
lgbm,hiv_aids,12,origin_202112,3525904,275,0.0,4.593126654811623
lgbm,hiv_aids,12,origin_202112,3529401,275,3.0,2.342386700141287
lgbm,hiv_aids,12,origin_202112,3534401,275,2.0,2.6113483754423457
lgbm,hiv_aids,12,origin_202112,3536505,275,1.0,0.3887314949226615
lgbm,hiv_aids,12,origin_202112,3541000,275,2.0,0.6818855978635694
lgbm,hiv_aids,12,origin_202112,3543402,275,8.0,9.939313817141853
lgbm,hiv_aids,12,origin_202112,3547809,275,1.0,1.364307240413061
lgbm,hiv_aids,12,origin_202112,3548500,275,0.0,1.1907974634895513
lgbm,hiv_aids,12,origin_202112,3548708,275,3.0,1.611885965065327
lgbm,hiv_aids,12,origin_202112,3549805,275,13.0,5.5509974181342985
lgbm,hiv_aids,12,origin_202112,3549904,275,7.0,11.090812442376466
lgbm,hiv_aids,12,origin_202112,3550308,275,116.0,71.320807017122
lgbm,hiv_aids,12,origin_202112,3551009,275,3.0,0.879970482541376
lgbm,hiv_aids,12,origin_202112,3552205,275,0.0,0.6527251790991996
lgbm,hiv_aids,12,origin_202112,3554102,275,0.0,0.9409403244828308
catboost,hiv_aids,12,origin_202112,3505708,275,4.0,1.1038531357379262
catboost,hiv_aids,12,origin_202112,3506003,275,1.0,2.695548820201839
catboost,hiv_aids,12,origin_202112,3509502,275,4.0,7.544933221763833
catboost,hiv_aids,12,origin_202112,3510609,275,2.0,3.6321232513663264
catboost,hiv_aids,12,origin_202112,3513801,275,2.0,2.3643517026374603
catboost,hiv_aids,12,origin_202112,3518701,275,1.0,0.9827165497293512
catboost,hiv_aids,12,origin_202112,3518800,275,7.0,6.370569106053551
catboost,hiv_aids,12,origin_202112,3522208,275,1.0,1.116106420799762
catboost,hiv_aids,12,origin_202112,3525904,275,0.0,3.5720020158156554
catboost,hiv_aids,12,origin_202112,3529401,275,3.0,1.816722461123411
catboost,hiv_aids,12,origin_202112,3534401,275,2.0,2.7044526544147636
catboost,hiv_aids,12,origin_202112,3536505,275,1.0,0.6336508140673869
catboost,hiv_aids,12,origin_202112,3541000,275,2.0,0.9027126470994737
catboost,hiv_aids,12,origin_202112,3543402,275,8.0,10.027188063148408
catboost,hiv_aids,12,origin_202112,3547809,275,1.0,1.504405896278026
catboost,hiv_aids,12,origin_202112,3548500,275,0.0,1.353151516885912
catboost,hiv_aids,12,origin_202112,3548708,275,3.0,1.468860989575966
catboost,hiv_aids,12,origin_202112,3549805,275,13.0,7.1691904467753576
catboost,hiv_aids,12,origin_202112,3549904,275,7.0,9.943057750734662
catboost,hiv_aids,12,origin_202112,3550308,275,116.0,89.13536677276855
catboost,hiv_aids,12,origin_202112,3551009,275,3.0,0.9801957492568624
catboost,hiv_aids,12,origin_202112,3552205,275,0.0,1.1172894220222502
catboost,hiv_aids,12,origin_202112,3554102,275,0.0,1.0065695671235857
xgboost,hiv_aids,12,origin_202112,3505708,275,4.0,0.908203661441803
xgboost,hiv_aids,12,origin_202112,3506003,275,1.0,3.5111234188079834
xgboost,hiv_aids,12,origin_202112,3509502,275,4.0,8.974059104919434
xgboost,hiv_aids,12,origin_202112,3510609,275,2.0,3.0934202671051025
xgboost,hiv_aids,12,origin_202112,3513801,275,2.0,2.233643054962158
xgboost,hiv_aids,12,origin_202112,3518701,275,1.0,1.0528984069824219
xgboost,hiv_aids,12,origin_202112,3518800,275,7.0,5.603589057922363
xgboost,hiv_aids,12,origin_202112,3522208,275,1.0,0.949786365032196
xgboost,hiv_aids,12,origin_202112,3525904,275,0.0,4.605821132659912
xgboost,hiv_aids,12,origin_202112,3529401,275,3.0,2.415790557861328
xgboost,hiv_aids,12,origin_202112,3534401,275,2.0,2.619119882583618
xgboost,hiv_aids,12,origin_202112,3536505,275,1.0,0.24393202364444733
xgboost,hiv_aids,12,origin_202112,3541000,275,2.0,0.6267580389976501
xgboost,hiv_aids,12,origin_202112,3543402,275,8.0,10.520872116088867
xgboost,hiv_aids,12,origin_202112,3547809,275,1.0,1.510278344154358
xgboost,hiv_aids,12,origin_202112,3548500,275,0.0,1.5147593021392822
xgboost,hiv_aids,12,origin_202112,3548708,275,3.0,1.6160814762115479
xgboost,hiv_aids,12,origin_202112,3549805,275,13.0,5.248376369476318
xgboost,hiv_aids,12,origin_202112,3549904,275,7.0,10.757292747497559
xgboost,hiv_aids,12,origin_202112,3550308,275,116.0,81.73773956298828
xgboost,hiv_aids,12,origin_202112,3551009,275,3.0,0.6531954407691956
xgboost,hiv_aids,12,origin_202112,3552205,275,0.0,0.43416598439216614
xgboost,hiv_aids,12,origin_202112,3554102,275,0.0,0.8457443118095398
prophet,hiv_aids,12,origin_202112,3505708,275,4.0,0.4692843934344779
prophet,hiv_aids,12,origin_202112,3506003,275,1.0,3.6051294192479855
prophet,hiv_aids,12,origin_202112,3509502,275,4.0,0.0
prophet,hiv_aids,12,origin_202112,3510609,275,2.0,3.436764395370629
prophet,hiv_aids,12,origin_202112,3513801,275,2.0,2.2733884326870113
prophet,hiv_aids,12,origin_202112,3518701,275,1.0,0.0
prophet,hiv_aids,12,origin_202112,3518800,275,7.0,3.652449631111268
prophet,hiv_aids,12,origin_202112,3522208,275,1.0,0.714461879371272
prophet,hiv_aids,12,origin_202112,3525904,275,0.0,4.7624172810911505
prophet,hiv_aids,12,origin_202112,3529401,275,3.0,0.944958509487176
prophet,hiv_aids,12,origin_202112,3534401,275,2.0,3.422518986445679
prophet,hiv_aids,12,origin_202112,3536505,275,1.0,0.17772713360067974
prophet,hiv_aids,12,origin_202112,3541000,275,2.0,0.0
prophet,hiv_aids,12,origin_202112,3543402,275,8.0,10.280435493483857
prophet,hiv_aids,12,origin_202112,3547809,275,1.0,0.0
prophet,hiv_aids,12,origin_202112,3548500,275,0.0,0.0
prophet,hiv_aids,12,origin_202112,3548708,275,3.0,1.3811889531543367
prophet,hiv_aids,12,origin_202112,3549805,275,13.0,13.828826940439445
prophet,hiv_aids,12,origin_202112,3549904,275,7.0,7.402572735083288
prophet,hiv_aids,12,origin_202112,3550308,275,116.0,76.50357135193798
prophet,hiv_aids,12,origin_202112,3551009,275,3.0,0.0
prophet,hiv_aids,12,origin_202112,3552205,275,0.0,0.0
prophet,hiv_aids,12,origin_202112,3554102,275,0.0,0.0
seasonal_naive,hiv_aids,1,origin_202212,3505708,276,3.0,0.0
seasonal_naive,hiv_aids,1,origin_202212,3506003,276,3.0,3.0
seasonal_naive,hiv_aids,1,origin_202212,3509502,276,7.0,5.0
seasonal_naive,hiv_aids,1,origin_202212,3510609,276,4.0,6.0
seasonal_naive,hiv_aids,1,origin_202212,3513801,276,3.0,2.0
seasonal_naive,hiv_aids,1,origin_202212,3518701,276,4.0,2.0
seasonal_naive,hiv_aids,1,origin_202212,3518800,276,9.0,8.0
seasonal_naive,hiv_aids,1,origin_202212,3522208,276,1.0,0.0
seasonal_naive,hiv_aids,1,origin_202212,3525904,276,2.0,3.0
seasonal_naive,hiv_aids,1,origin_202212,3529401,276,0.0,4.0
seasonal_naive,hiv_aids,1,origin_202212,3534401,276,4.0,6.0
seasonal_naive,hiv_aids,1,origin_202212,3536505,276,0.0,0.0
seasonal_naive,hiv_aids,1,origin_202212,3541000,276,1.0,1.0
seasonal_naive,hiv_aids,1,origin_202212,3543402,276,7.0,11.0
seasonal_naive,hiv_aids,1,origin_202212,3547809,276,1.0,4.0
seasonal_naive,hiv_aids,1,origin_202212,3548500,276,1.0,2.0
seasonal_naive,hiv_aids,1,origin_202212,3548708,276,3.0,1.0
seasonal_naive,hiv_aids,1,origin_202212,3549805,276,18.0,10.0
seasonal_naive,hiv_aids,1,origin_202212,3549904,276,16.0,10.0
seasonal_naive,hiv_aids,1,origin_202212,3550308,276,131.0,136.0
seasonal_naive,hiv_aids,1,origin_202212,3551009,276,0.0,0.0
seasonal_naive,hiv_aids,1,origin_202212,3552205,276,0.0,0.0
seasonal_naive,hiv_aids,1,origin_202212,3554102,276,1.0,0.0
seasonal_ma3,hiv_aids,1,origin_202212,3505708,276,3.0,0.3333333432674408
seasonal_ma3,hiv_aids,1,origin_202212,3506003,276,3.0,3.6666667461395264
seasonal_ma3,hiv_aids,1,origin_202212,3509502,276,7.0,11.666666984558105
seasonal_ma3,hiv_aids,1,origin_202212,3510609,276,4.0,6.333333492279053
seasonal_ma3,hiv_aids,1,origin_202212,3513801,276,3.0,1.0
seasonal_ma3,hiv_aids,1,origin_202212,3518701,276,4.0,1.3333333730697632
seasonal_ma3,hiv_aids,1,origin_202212,3518800,276,9.0,5.666666507720947
seasonal_ma3,hiv_aids,1,origin_202212,3522208,276,1.0,1.6666666269302368
seasonal_ma3,hiv_aids,1,origin_202212,3525904,276,2.0,3.3333332538604736
seasonal_ma3,hiv_aids,1,origin_202212,3529401,276,0.0,3.0
seasonal_ma3,hiv_aids,1,origin_202212,3534401,276,4.0,4.333333492279053
seasonal_ma3,hiv_aids,1,origin_202212,3536505,276,0.0,0.3333333432674408
seasonal_ma3,hiv_aids,1,origin_202212,3541000,276,1.0,1.0
seasonal_ma3,hiv_aids,1,origin_202212,3543402,276,7.0,13.0
seasonal_ma3,hiv_aids,1,origin_202212,3547809,276,1.0,2.0
seasonal_ma3,hiv_aids,1,origin_202212,3548500,276,1.0,2.3333332538604736
seasonal_ma3,hiv_aids,1,origin_202212,3548708,276,3.0,2.0
seasonal_ma3,hiv_aids,1,origin_202212,3549805,276,18.0,10.333333015441895
seasonal_ma3,hiv_aids,1,origin_202212,3549904,276,16.0,9.666666984558105
seasonal_ma3,hiv_aids,1,origin_202212,3550308,276,131.0,128.6666717529297
seasonal_ma3,hiv_aids,1,origin_202212,3551009,276,0.0,0.6666666865348816
seasonal_ma3,hiv_aids,1,origin_202212,3552205,276,0.0,0.3333333432674408
seasonal_ma3,hiv_aids,1,origin_202212,3554102,276,1.0,1.3333333730697632
sarima,hiv_aids,1,origin_202212,3505708,276,3.0,1.3712282180786133
sarima,hiv_aids,1,origin_202212,3506003,276,3.0,1.4969182014465332
sarima,hiv_aids,1,origin_202212,3509502,276,7.0,5.538533687591553
sarima,hiv_aids,1,origin_202212,3510609,276,4.0,2.020827054977417
sarima,hiv_aids,1,origin_202212,3513801,276,3.0,1.8328410387039185
sarima,hiv_aids,1,origin_202212,3518701,276,4.0,0.07192161679267883
sarima,hiv_aids,1,origin_202212,3518800,276,9.0,5.002604961395264
sarima,hiv_aids,1,origin_202212,3522208,276,1.0,0.5312618613243103
sarima,hiv_aids,1,origin_202212,3525904,276,2.0,1.2390742301940918
sarima,hiv_aids,1,origin_202212,3529401,276,0.0,1.4683359861373901
sarima,hiv_aids,1,origin_202212,3534401,276,4.0,6.173687934875488
sarima,hiv_aids,1,origin_202212,3536505,276,0.0,0.3205392062664032
sarima,hiv_aids,1,origin_202212,3541000,276,1.0,0.8543612360954285
sarima,hiv_aids,1,origin_202212,3543402,276,7.0,7.396887302398682
sarima,hiv_aids,1,origin_202212,3547809,276,1.0,1.8124951124191284
sarima,hiv_aids,1,origin_202212,3548500,276,1.0,-0.1123022735118866
sarima,hiv_aids,1,origin_202212,3548708,276,3.0,2.0045812129974365
sarima,hiv_aids,1,origin_202212,3549805,276,18.0,9.831791877746582
sarima,hiv_aids,1,origin_202212,3549904,276,16.0,6.913636684417725
sarima,hiv_aids,1,origin_202212,3550308,276,131.0,119.11669921875
sarima,hiv_aids,1,origin_202212,3551009,276,0.0,1.2257194519042969
sarima,hiv_aids,1,origin_202212,3552205,276,0.0,-0.6412982940673828
sarima,hiv_aids,1,origin_202212,3554102,276,1.0,0.4133017063140869
lgbm,hiv_aids,1,origin_202212,3505708,276,3.0,1.7246444664908882
lgbm,hiv_aids,1,origin_202212,3506003,276,3.0,2.7793488098872725
lgbm,hiv_aids,1,origin_202212,3509502,276,7.0,4.9988790074510545
lgbm,hiv_aids,1,origin_202212,3510609,276,4.0,3.2334090043376933
lgbm,hiv_aids,1,origin_202212,3513801,276,3.0,2.222011496545314
lgbm,hiv_aids,1,origin_202212,3518701,276,4.0,1.062438536049164
lgbm,hiv_aids,1,origin_202212,3518800,276,9.0,4.880430300957143
lgbm,hiv_aids,1,origin_202212,3522208,276,1.0,0.65688261571204
lgbm,hiv_aids,1,origin_202212,3525904,276,2.0,1.746534950893932
lgbm,hiv_aids,1,origin_202212,3529401,276,0.0,1.774515029523064
lgbm,hiv_aids,1,origin_202212,3534401,276,4.0,6.2829217003348035
lgbm,hiv_aids,1,origin_202212,3536505,276,0.0,0.46239811376611295
lgbm,hiv_aids,1,origin_202212,3541000,276,1.0,0.8822616618160674
lgbm,hiv_aids,1,origin_202212,3543402,276,7.0,11.530217438559143
lgbm,hiv_aids,1,origin_202212,3547809,276,1.0,2.4224423651883886
lgbm,hiv_aids,1,origin_202212,3548500,276,1.0,1.0308981904793053
lgbm,hiv_aids,1,origin_202212,3548708,276,3.0,1.836757221672292
lgbm,hiv_aids,1,origin_202212,3549805,276,18.0,11.225709009096374
lgbm,hiv_aids,1,origin_202212,3549904,276,16.0,8.254391299374145
lgbm,hiv_aids,1,origin_202212,3550308,276,131.0,109.9879155049729
lgbm,hiv_aids,1,origin_202212,3551009,276,0.0,1.5926597265085904
lgbm,hiv_aids,1,origin_202212,3552205,276,0.0,0.46968433737423526
lgbm,hiv_aids,1,origin_202212,3554102,276,1.0,1.0506371427711756
catboost,hiv_aids,1,origin_202212,3505708,276,3.0,1.5849337832164334
catboost,hiv_aids,1,origin_202212,3506003,276,3.0,2.246134464724759
catboost,hiv_aids,1,origin_202212,3509502,276,7.0,5.447605901114455
catboost,hiv_aids,1,origin_202212,3510609,276,4.0,2.704328735389971
catboost,hiv_aids,1,origin_202212,3513801,276,3.0,2.1361438659054284
catboost,hiv_aids,1,origin_202212,3518701,276,4.0,1.1160762244307618
catboost,hiv_aids,1,origin_202212,3518800,276,9.0,4.768070408987783
catboost,hiv_aids,1,origin_202212,3522208,276,1.0,0.7430696617579987
catboost,hiv_aids,1,origin_202212,3525904,276,2.0,1.6729685901620315
catboost,hiv_aids,1,origin_202212,3529401,276,0.0,1.5208737809247581
catboost,hiv_aids,1,origin_202212,3534401,276,4.0,5.38613630696443
catboost,hiv_aids,1,origin_202212,3536505,276,0.0,0.641694630228736
catboost,hiv_aids,1,origin_202212,3541000,276,1.0,1.020600877686819
catboost,hiv_aids,1,origin_202212,3543402,276,7.0,11.948023464386079
catboost,hiv_aids,1,origin_202212,3547809,276,1.0,2.1944510662932637
catboost,hiv_aids,1,origin_202212,3548500,276,1.0,1.147400243224193
catboost,hiv_aids,1,origin_202212,3548708,276,3.0,1.9941940182997404
catboost,hiv_aids,1,origin_202212,3549805,276,18.0,11.695220426771847
catboost,hiv_aids,1,origin_202212,3549904,276,16.0,7.501000676484982
catboost,hiv_aids,1,origin_202212,3550308,276,131.0,113.1981341621794
catboost,hiv_aids,1,origin_202212,3551009,276,0.0,1.5631819047684987
catboost,hiv_aids,1,origin_202212,3552205,276,0.0,0.8167756748179754
catboost,hiv_aids,1,origin_202212,3554102,276,1.0,0.9976027628546896
xgboost,hiv_aids,1,origin_202212,3505708,276,3.0,1.572770118713379
xgboost,hiv_aids,1,origin_202212,3506003,276,3.0,2.5240275859832764
xgboost,hiv_aids,1,origin_202212,3509502,276,7.0,5.102990627288818
xgboost,hiv_aids,1,origin_202212,3510609,276,4.0,2.7248146533966064
xgboost,hiv_aids,1,origin_202212,3513801,276,3.0,1.9778237342834473
xgboost,hiv_aids,1,origin_202212,3518701,276,4.0,1.109680414199829
xgboost,hiv_aids,1,origin_202212,3518800,276,9.0,4.818292140960693
xgboost,hiv_aids,1,origin_202212,3522208,276,1.0,0.5988934636116028
xgboost,hiv_aids,1,origin_202212,3525904,276,2.0,1.7724796533584595
xgboost,hiv_aids,1,origin_202212,3529401,276,0.0,1.6501091718673706
xgboost,hiv_aids,1,origin_202212,3534401,276,4.0,5.883327960968018
xgboost,hiv_aids,1,origin_202212,3536505,276,0.0,0.3259392976760864
xgboost,hiv_aids,1,origin_202212,3541000,276,1.0,0.7621305584907532
xgboost,hiv_aids,1,origin_202212,3543402,276,7.0,11.808488845825195
xgboost,hiv_aids,1,origin_202212,3547809,276,1.0,2.3655893802642822
xgboost,hiv_aids,1,origin_202212,3548500,276,1.0,1.051123023033142
xgboost,hiv_aids,1,origin_202212,3548708,276,3.0,1.821805715560913
xgboost,hiv_aids,1,origin_202212,3549805,276,18.0,12.1358003616333
xgboost,hiv_aids,1,origin_202212,3549904,276,16.0,7.860247611999512
xgboost,hiv_aids,1,origin_202212,3550308,276,131.0,109.35314178466797
xgboost,hiv_aids,1,origin_202212,3551009,276,0.0,1.4378303289413452
xgboost,hiv_aids,1,origin_202212,3552205,276,0.0,0.4059675931930542
xgboost,hiv_aids,1,origin_202212,3554102,276,1.0,0.9698922038078308
prophet,hiv_aids,1,origin_202212,3505708,276,3.0,0.28985629344307506
prophet,hiv_aids,1,origin_202212,3506003,276,3.0,1.3426725387700758
prophet,hiv_aids,1,origin_202212,3509502,276,7.0,0.0
prophet,hiv_aids,1,origin_202212,3510609,276,4.0,2.667757214086355
prophet,hiv_aids,1,origin_202212,3513801,276,3.0,1.611588864211252
prophet,hiv_aids,1,origin_202212,3518701,276,4.0,2.45792224199906
prophet,hiv_aids,1,origin_202212,3518800,276,9.0,3.2499782215148527
prophet,hiv_aids,1,origin_202212,3522208,276,1.0,1.0597854995094032
prophet,hiv_aids,1,origin_202212,3525904,276,2.0,5.1927852858277115
prophet,hiv_aids,1,origin_202212,3529401,276,0.0,1.0380394092879532
prophet,hiv_aids,1,origin_202212,3534401,276,4.0,2.6160370293878055
prophet,hiv_aids,1,origin_202212,3536505,276,0.0,0.0
prophet,hiv_aids,1,origin_202212,3541000,276,1.0,0.0
prophet,hiv_aids,1,origin_202212,3543402,276,7.0,9.693107915510378
prophet,hiv_aids,1,origin_202212,3547809,276,1.0,1.7820412485632096
prophet,hiv_aids,1,origin_202212,3548500,276,1.0,0.0
prophet,hiv_aids,1,origin_202212,3548708,276,3.0,1.276088934314435
prophet,hiv_aids,1,origin_202212,3549805,276,18.0,8.51197878274411
prophet,hiv_aids,1,origin_202212,3549904,276,16.0,11.56475560243496
prophet,hiv_aids,1,origin_202212,3550308,276,131.0,69.7217648096774
prophet,hiv_aids,1,origin_202212,3551009,276,0.0,0.7642303484305398
prophet,hiv_aids,1,origin_202212,3552205,276,0.0,0.0
prophet,hiv_aids,1,origin_202212,3554102,276,1.0,2.839504926466961
seasonal_naive,hiv_aids,3,origin_202212,3505708,278,2.0,2.0
seasonal_naive,hiv_aids,3,origin_202212,3506003,278,6.0,2.0
seasonal_naive,hiv_aids,3,origin_202212,3509502,278,5.0,6.0
seasonal_naive,hiv_aids,3,origin_202212,3510609,278,2.0,10.0
seasonal_naive,hiv_aids,3,origin_202212,3513801,278,3.0,5.0
seasonal_naive,hiv_aids,3,origin_202212,3518701,278,1.0,2.0
seasonal_naive,hiv_aids,3,origin_202212,3518800,278,8.0,6.0
seasonal_naive,hiv_aids,3,origin_202212,3522208,278,1.0,0.0
seasonal_naive,hiv_aids,3,origin_202212,3525904,278,1.0,7.0
seasonal_naive,hiv_aids,3,origin_202212,3529401,278,1.0,3.0
seasonal_naive,hiv_aids,3,origin_202212,3534401,278,8.0,5.0
seasonal_naive,hiv_aids,3,origin_202212,3536505,278,0.0,0.0
seasonal_naive,hiv_aids,3,origin_202212,3541000,278,0.0,0.0
seasonal_naive,hiv_aids,3,origin_202212,3543402,278,3.0,5.0
seasonal_naive,hiv_aids,3,origin_202212,3547809,278,7.0,3.0
seasonal_naive,hiv_aids,3,origin_202212,3548500,278,0.0,0.0
seasonal_naive,hiv_aids,3,origin_202212,3548708,278,2.0,1.0
seasonal_naive,hiv_aids,3,origin_202212,3549805,278,9.0,5.0
seasonal_naive,hiv_aids,3,origin_202212,3549904,278,13.0,11.0
seasonal_naive,hiv_aids,3,origin_202212,3550308,278,128.0,107.0
seasonal_naive,hiv_aids,3,origin_202212,3551009,278,0.0,1.0
seasonal_naive,hiv_aids,3,origin_202212,3552205,278,0.0,0.0
seasonal_naive,hiv_aids,3,origin_202212,3554102,278,0.0,1.0
seasonal_ma3,hiv_aids,3,origin_202212,3505708,278,2.0,0.6666666865348816
seasonal_ma3,hiv_aids,3,origin_202212,3506003,278,6.0,2.6666667461395264
seasonal_ma3,hiv_aids,3,origin_202212,3509502,278,5.0,7.0
seasonal_ma3,hiv_aids,3,origin_202212,3510609,278,2.0,5.333333492279053
seasonal_ma3,hiv_aids,3,origin_202212,3513801,278,3.0,2.6666667461395264
seasonal_ma3,hiv_aids,3,origin_202212,3518701,278,1.0,2.0
seasonal_ma3,hiv_aids,3,origin_202212,3518800,278,8.0,6.666666507720947
seasonal_ma3,hiv_aids,3,origin_202212,3522208,278,1.0,0.3333333432674408
seasonal_ma3,hiv_aids,3,origin_202212,3525904,278,1.0,4.666666507720947
seasonal_ma3,hiv_aids,3,origin_202212,3529401,278,1.0,2.3333332538604736
seasonal_ma3,hiv_aids,3,origin_202212,3534401,278,8.0,3.6666667461395264
seasonal_ma3,hiv_aids,3,origin_202212,3536505,278,0.0,0.3333333432674408
seasonal_ma3,hiv_aids,3,origin_202212,3541000,278,0.0,0.0
seasonal_ma3,hiv_aids,3,origin_202212,3543402,278,3.0,9.666666984558105
seasonal_ma3,hiv_aids,3,origin_202212,3547809,278,7.0,2.0
seasonal_ma3,hiv_aids,3,origin_202212,3548500,278,0.0,1.3333333730697632
seasonal_ma3,hiv_aids,3,origin_202212,3548708,278,2.0,1.6666666269302368
seasonal_ma3,hiv_aids,3,origin_202212,3549805,278,9.0,9.0
seasonal_ma3,hiv_aids,3,origin_202212,3549904,278,13.0,11.666666984558105
seasonal_ma3,hiv_aids,3,origin_202212,3550308,278,128.0,116.33333587646484
seasonal_ma3,hiv_aids,3,origin_202212,3551009,278,0.0,1.0
seasonal_ma3,hiv_aids,3,origin_202212,3552205,278,0.0,0.0
seasonal_ma3,hiv_aids,3,origin_202212,3554102,278,0.0,0.3333333432674408
sarima,hiv_aids,3,origin_202212,3505708,278,2.0,1.381371021270752
sarima,hiv_aids,3,origin_202212,3506003,278,6.0,0.9494209885597229
sarima,hiv_aids,3,origin_202212,3509502,278,5.0,5.512409687042236
sarima,hiv_aids,3,origin_202212,3510609,278,2.0,3.0709848403930664
sarima,hiv_aids,3,origin_202212,3513801,278,3.0,1.8347476720809937
sarima,hiv_aids,3,origin_202212,3518701,278,1.0,-0.03506481274962425
sarima,hiv_aids,3,origin_202212,3518800,278,8.0,5.002604961395264
sarima,hiv_aids,3,origin_202212,3522208,278,1.0,0.7298359274864197
sarima,hiv_aids,3,origin_202212,3525904,278,1.0,1.2390742301940918
sarima,hiv_aids,3,origin_202212,3529401,278,1.0,1.645200490951538
sarima,hiv_aids,3,origin_202212,3534401,278,8.0,6.173687934875488
sarima,hiv_aids,3,origin_202212,3536505,278,0.0,0.3205183148384094
sarima,hiv_aids,3,origin_202212,3541000,278,0.0,0.5227541923522949
sarima,hiv_aids,3,origin_202212,3543402,278,3.0,6.136570453643799
sarima,hiv_aids,3,origin_202212,3547809,278,7.0,1.7450748682022095
sarima,hiv_aids,3,origin_202212,3548500,278,0.0,-0.6602523326873779
sarima,hiv_aids,3,origin_202212,3548708,278,2.0,2.050992727279663
sarima,hiv_aids,3,origin_202212,3549805,278,9.0,10.074502944946289
sarima,hiv_aids,3,origin_202212,3549904,278,13.0,6.423008918762207
sarima,hiv_aids,3,origin_202212,3550308,278,128.0,119.11669921875
sarima,hiv_aids,3,origin_202212,3551009,278,0.0,0.2686934173107147
sarima,hiv_aids,3,origin_202212,3552205,278,0.0,-0.8414210677146912
sarima,hiv_aids,3,origin_202212,3554102,278,0.0,-0.3367149829864502
lgbm,hiv_aids,3,origin_202212,3505708,278,2.0,1.8041657507388533
lgbm,hiv_aids,3,origin_202212,3506003,278,6.0,2.3957493733041706
lgbm,hiv_aids,3,origin_202212,3509502,278,5.0,5.676165920125906
lgbm,hiv_aids,3,origin_202212,3510609,278,2.0,4.255622475456667
lgbm,hiv_aids,3,origin_202212,3513801,278,3.0,2.430839646287271
lgbm,hiv_aids,3,origin_202212,3518701,278,1.0,1.0922311723154419
lgbm,hiv_aids,3,origin_202212,3518800,278,8.0,5.217421625103435
lgbm,hiv_aids,3,origin_202212,3522208,278,1.0,0.655883381604327
lgbm,hiv_aids,3,origin_202212,3525904,278,1.0,2.199819549360702
lgbm,hiv_aids,3,origin_202212,3529401,278,1.0,1.866496090836564
lgbm,hiv_aids,3,origin_202212,3534401,278,8.0,7.162141230002801
lgbm,hiv_aids,3,origin_202212,3536505,278,0.0,0.4783092043369835
lgbm,hiv_aids,3,origin_202212,3541000,278,0.0,0.860004563496423
lgbm,hiv_aids,3,origin_202212,3543402,278,3.0,9.108193960628567
lgbm,hiv_aids,3,origin_202212,3547809,278,7.0,2.4200304170202767
lgbm,hiv_aids,3,origin_202212,3548500,278,0.0,1.0396626931336643
lgbm,hiv_aids,3,origin_202212,3548708,278,2.0,1.9053993615954699
lgbm,hiv_aids,3,origin_202212,3549805,278,9.0,8.806270552873848
lgbm,hiv_aids,3,origin_202212,3549904,278,13.0,7.96604894096265
lgbm,hiv_aids,3,origin_202212,3550308,278,128.0,116.22781309258227
lgbm,hiv_aids,3,origin_202212,3551009,278,0.0,1.2492831526072894
lgbm,hiv_aids,3,origin_202212,3552205,278,0.0,0.5361978757448008
lgbm,hiv_aids,3,origin_202212,3554102,278,0.0,0.7503749515201715
catboost,hiv_aids,3,origin_202212,3505708,278,2.0,1.754071063308968
catboost,hiv_aids,3,origin_202212,3506003,278,6.0,2.290482405610704
catboost,hiv_aids,3,origin_202212,3509502,278,5.0,6.23312237449327
catboost,hiv_aids,3,origin_202212,3510609,278,2.0,3.2991313627800816
catboost,hiv_aids,3,origin_202212,3513801,278,3.0,2.4131620593446894
catboost,hiv_aids,3,origin_202212,3518701,278,1.0,1.2714456398968914
catboost,hiv_aids,3,origin_202212,3518800,278,8.0,4.254307230845189
catboost,hiv_aids,3,origin_202212,3522208,278,1.0,0.7908260290758243
catboost,hiv_aids,3,origin_202212,3525904,278,1.0,1.8173068033425113
catboost,hiv_aids,3,origin_202212,3529401,278,1.0,1.7925792857213474
catboost,hiv_aids,3,origin_202212,3534401,278,8.0,6.786495454561344
catboost,hiv_aids,3,origin_202212,3536505,278,0.0,0.6434808487236154
catboost,hiv_aids,3,origin_202212,3541000,278,0.0,1.1224085222083344
catboost,hiv_aids,3,origin_202212,3543402,278,3.0,11.032388549935463
catboost,hiv_aids,3,origin_202212,3547809,278,7.0,2.316571626434612
catboost,hiv_aids,3,origin_202212,3548500,278,0.0,1.1996416957390224
catboost,hiv_aids,3,origin_202212,3548708,278,2.0,1.8638520998436208
catboost,hiv_aids,3,origin_202212,3549805,278,9.0,9.779689513621342
catboost,hiv_aids,3,origin_202212,3549904,278,13.0,6.765114755591165
catboost,hiv_aids,3,origin_202212,3550308,278,128.0,125.64700225190538
catboost,hiv_aids,3,origin_202212,3551009,278,0.0,1.5645141551668609
catboost,hiv_aids,3,origin_202212,3552205,278,0.0,0.8061541891680202
catboost,hiv_aids,3,origin_202212,3554102,278,0.0,0.7752546620673746
xgboost,hiv_aids,3,origin_202212,3505708,278,2.0,1.7164053916931152
xgboost,hiv_aids,3,origin_202212,3506003,278,6.0,2.5406224727630615
xgboost,hiv_aids,3,origin_202212,3509502,278,5.0,4.974231243133545
xgboost,hiv_aids,3,origin_202212,3510609,278,2.0,4.196436882019043
xgboost,hiv_aids,3,origin_202212,3513801,278,3.0,2.077874183654785
xgboost,hiv_aids,3,origin_202212,3518701,278,1.0,1.2108873128890991
xgboost,hiv_aids,3,origin_202212,3518800,278,8.0,4.9513068199157715
xgboost,hiv_aids,3,origin_202212,3522208,278,1.0,0.6172972321510315
xgboost,hiv_aids,3,origin_202212,3525904,278,1.0,2.604016065597534
xgboost,hiv_aids,3,origin_202212,3529401,278,1.0,1.8551433086395264
xgboost,hiv_aids,3,origin_202212,3534401,278,8.0,7.170587062835693
xgboost,hiv_aids,3,origin_202212,3536505,278,0.0,0.35777747631073
xgboost,hiv_aids,3,origin_202212,3541000,278,0.0,0.7353830337524414
xgboost,hiv_aids,3,origin_202212,3543402,278,3.0,9.597917556762695
xgboost,hiv_aids,3,origin_202212,3547809,278,7.0,2.3538594245910645
xgboost,hiv_aids,3,origin_202212,3548500,278,0.0,1.1538418531417847
xgboost,hiv_aids,3,origin_202212,3548708,278,2.0,1.8087053298950195
xgboost,hiv_aids,3,origin_202212,3549805,278,9.0,9.890722274780273
xgboost,hiv_aids,3,origin_202212,3549904,278,13.0,7.762789249420166
xgboost,hiv_aids,3,origin_202212,3550308,278,128.0,123.67633819580078
xgboost,hiv_aids,3,origin_202212,3551009,278,0.0,1.2481093406677246
xgboost,hiv_aids,3,origin_202212,3552205,278,0.0,0.37796828150749207
xgboost,hiv_aids,3,origin_202212,3554102,278,0.0,0.8160742521286011
prophet,hiv_aids,3,origin_202212,3505708,278,2.0,0.5918482921545463
prophet,hiv_aids,3,origin_202212,3506003,278,6.0,1.9276393899685518
prophet,hiv_aids,3,origin_202212,3509502,278,5.0,0.0
prophet,hiv_aids,3,origin_202212,3510609,278,2.0,4.67710700927033
prophet,hiv_aids,3,origin_202212,3513801,278,3.0,2.7652542421682047
prophet,hiv_aids,3,origin_202212,3518701,278,1.0,0.0
prophet,hiv_aids,3,origin_202212,3518800,278,8.0,3.798896125691232
prophet,hiv_aids,3,origin_202212,3522208,278,1.0,0.9239324857823646
prophet,hiv_aids,3,origin_202212,3525904,278,1.0,5.878961871503532
prophet,hiv_aids,3,origin_202212,3529401,278,1.0,0.8249648173833478
prophet,hiv_aids,3,origin_202212,3534401,278,8.0,3.167362799802745
prophet,hiv_aids,3,origin_202212,3536505,278,0.0,0.2033234626535201
prophet,hiv_aids,3,origin_202212,3541000,278,0.0,0.010864137824887043
prophet,hiv_aids,3,origin_202212,3543402,278,3.0,8.28585605033974
prophet,hiv_aids,3,origin_202212,3547809,278,7.0,1.642927075815742
prophet,hiv_aids,3,origin_202212,3548500,278,0.0,0.0
prophet,hiv_aids,3,origin_202212,3548708,278,2.0,1.6799396488498848
prophet,hiv_aids,3,origin_202212,3549805,278,9.0,17.6011058438843
prophet,hiv_aids,3,origin_202212,3549904,278,13.0,3.1875716921596045
prophet,hiv_aids,3,origin_202212,3550308,278,128.0,80.70516929431349
prophet,hiv_aids,3,origin_202212,3551009,278,0.0,1.0101955135275786
prophet,hiv_aids,3,origin_202212,3552205,278,0.0,0.0
prophet,hiv_aids,3,origin_202212,3554102,278,0.0,0.0
seasonal_naive,hiv_aids,6,origin_202212,3505708,281,0.0,2.0
seasonal_naive,hiv_aids,6,origin_202212,3506003,281,4.0,2.0
seasonal_naive,hiv_aids,6,origin_202212,3509502,281,5.0,6.0
seasonal_naive,hiv_aids,6,origin_202212,3510609,281,4.0,5.0
seasonal_naive,hiv_aids,6,origin_202212,3513801,281,3.0,3.0
seasonal_naive,hiv_aids,6,origin_202212,3518701,281,3.0,0.0
seasonal_naive,hiv_aids,6,origin_202212,3518800,281,5.0,6.0
seasonal_naive,hiv_aids,6,origin_202212,3522208,281,0.0,0.0
seasonal_naive,hiv_aids,6,origin_202212,3525904,281,0.0,0.0
seasonal_naive,hiv_aids,6,origin_202212,3529401,281,3.0,2.0
seasonal_naive,hiv_aids,6,origin_202212,3534401,281,6.0,9.0
seasonal_naive,hiv_aids,6,origin_202212,3536505,281,0.0,1.0
seasonal_naive,hiv_aids,6,origin_202212,3541000,281,1.0,1.0
seasonal_naive,hiv_aids,6,origin_202212,3543402,281,5.0,10.0
seasonal_naive,hiv_aids,6,origin_202212,3547809,281,3.0,4.0
seasonal_naive,hiv_aids,6,origin_202212,3548500,281,1.0,1.0
seasonal_naive,hiv_aids,6,origin_202212,3548708,281,1.0,1.0
seasonal_naive,hiv_aids,6,origin_202212,3549805,281,7.0,11.0
seasonal_naive,hiv_aids,6,origin_202212,3549904,281,17.0,12.0
seasonal_naive,hiv_aids,6,origin_202212,3550308,281,101.0,95.0
seasonal_naive,hiv_aids,6,origin_202212,3551009,281,1.0,0.0
seasonal_naive,hiv_aids,6,origin_202212,3552205,281,0.0,1.0
seasonal_naive,hiv_aids,6,origin_202212,3554102,281,0.0,2.0
seasonal_ma3,hiv_aids,6,origin_202212,3505708,281,0.0,1.6666666269302368
seasonal_ma3,hiv_aids,6,origin_202212,3506003,281,4.0,2.3333332538604736
seasonal_ma3,hiv_aids,6,origin_202212,3509502,281,5.0,8.333333015441895
seasonal_ma3,hiv_aids,6,origin_202212,3510609,281,4.0,3.0
seasonal_ma3,hiv_aids,6,origin_202212,3513801,281,3.0,2.0
seasonal_ma3,hiv_aids,6,origin_202212,3518701,281,3.0,1.0
seasonal_ma3,hiv_aids,6,origin_202212,3518800,281,5.0,4.333333492279053
seasonal_ma3,hiv_aids,6,origin_202212,3522208,281,0.0,0.0
seasonal_ma3,hiv_aids,6,origin_202212,3525904,281,0.0,2.3333332538604736
seasonal_ma3,hiv_aids,6,origin_202212,3529401,281,3.0,1.3333333730697632
seasonal_ma3,hiv_aids,6,origin_202212,3534401,281,6.0,3.0
seasonal_ma3,hiv_aids,6,origin_202212,3536505,281,0.0,0.3333333432674408
seasonal_ma3,hiv_aids,6,origin_202212,3541000,281,1.0,0.3333333432674408
seasonal_ma3,hiv_aids,6,origin_202212,3543402,281,5.0,13.666666984558105
seasonal_ma3,hiv_aids,6,origin_202212,3547809,281,3.0,2.3333332538604736
seasonal_ma3,hiv_aids,6,origin_202212,3548500,281,1.0,1.0
seasonal_ma3,hiv_aids,6,origin_202212,3548708,281,1.0,2.0
seasonal_ma3,hiv_aids,6,origin_202212,3549805,281,7.0,8.333333015441895
seasonal_ma3,hiv_aids,6,origin_202212,3549904,281,17.0,11.333333015441895
seasonal_ma3,hiv_aids,6,origin_202212,3550308,281,101.0,81.66666412353516
seasonal_ma3,hiv_aids,6,origin_202212,3551009,281,1.0,0.3333333432674408
seasonal_ma3,hiv_aids,6,origin_202212,3552205,281,0.0,0.3333333432674408
seasonal_ma3,hiv_aids,6,origin_202212,3554102,281,0.0,0.6666666865348816
sarima,hiv_aids,6,origin_202212,3505708,281,0.0,1.381371021270752
sarima,hiv_aids,6,origin_202212,3506003,281,4.0,1.7329081296920776
sarima,hiv_aids,6,origin_202212,3509502,281,5.0,5.464730262756348
sarima,hiv_aids,6,origin_202212,3510609,281,4.0,3.03328275680542
sarima,hiv_aids,6,origin_202212,3513801,281,3.0,2.186488151550293
sarima,hiv_aids,6,origin_202212,3518701,281,3.0,-0.28267815709114075
sarima,hiv_aids,6,origin_202212,3518800,281,5.0,5.002604961395264
sarima,hiv_aids,6,origin_202212,3522208,281,0.0,0.8173965215682983
sarima,hiv_aids,6,origin_202212,3525904,281,0.0,1.2390742301940918
sarima,hiv_aids,6,origin_202212,3529401,281,3.0,1.7514722347259521
sarima,hiv_aids,6,origin_202212,3534401,281,6.0,6.173687934875488
sarima,hiv_aids,6,origin_202212,3536505,281,0.0,0.14205756783485413
sarima,hiv_aids,6,origin_202212,3541000,281,1.0,0.3876173496246338
sarima,hiv_aids,6,origin_202212,3543402,281,5.0,6.522921085357666
sarima,hiv_aids,6,origin_202212,3547809,281,3.0,1.6439446210861206
sarima,hiv_aids,6,origin_202212,3548500,281,1.0,-1.482177495956421
sarima,hiv_aids,6,origin_202212,3548708,281,1.0,1.9940804243087769
sarima,hiv_aids,6,origin_202212,3549805,281,7.0,9.800667762756348
sarima,hiv_aids,6,origin_202212,3549904,281,17.0,5.684103012084961
sarima,hiv_aids,6,origin_202212,3550308,281,101.0,119.11669921875
sarima,hiv_aids,6,origin_202212,3551009,281,1.0,-0.16673414409160614
sarima,hiv_aids,6,origin_202212,3552205,281,0.0,-1.2016323804855347
sarima,hiv_aids,6,origin_202212,3554102,281,0.0,-0.25050118565559387
lgbm,hiv_aids,6,origin_202212,3505708,281,0.0,1.4886516050740388
lgbm,hiv_aids,6,origin_202212,3506003,281,4.0,2.9051427008531396
lgbm,hiv_aids,6,origin_202212,3509502,281,5.0,4.37736535190839
lgbm,hiv_aids,6,origin_202212,3510609,281,4.0,3.436680668477429
lgbm,hiv_aids,6,origin_202212,3513801,281,3.0,2.3209810973673224
lgbm,hiv_aids,6,origin_202212,3518701,281,3.0,1.118243121631695
lgbm,hiv_aids,6,origin_202212,3518800,281,5.0,4.605311305458864
lgbm,hiv_aids,6,origin_202212,3522208,281,0.0,0.8580451264447595
lgbm,hiv_aids,6,origin_202212,3525904,281,0.0,2.737538604793234
lgbm,hiv_aids,6,origin_202212,3529401,281,3.0,1.9772630484242353
lgbm,hiv_aids,6,origin_202212,3534401,281,6.0,6.426730086420867
lgbm,hiv_aids,6,origin_202212,3536505,281,0.0,0.3857689888893764
lgbm,hiv_aids,6,origin_202212,3541000,281,1.0,0.8099109764003598
lgbm,hiv_aids,6,origin_202212,3543402,281,5.0,9.611735032030069
lgbm,hiv_aids,6,origin_202212,3547809,281,3.0,2.0283272227123796
lgbm,hiv_aids,6,origin_202212,3548500,281,1.0,1.081564696199221
lgbm,hiv_aids,6,origin_202212,3548708,281,1.0,2.0343509625241905
lgbm,hiv_aids,6,origin_202212,3549805,281,7.0,9.068340348111427
lgbm,hiv_aids,6,origin_202212,3549904,281,17.0,8.120832625385285
lgbm,hiv_aids,6,origin_202212,3550308,281,101.0,110.0425860167719
lgbm,hiv_aids,6,origin_202212,3551009,281,1.0,1.0603331653019885
lgbm,hiv_aids,6,origin_202212,3552205,281,0.0,0.5468262675015773
lgbm,hiv_aids,6,origin_202212,3554102,281,0.0,0.9492491787094904
catboost,hiv_aids,6,origin_202212,3505708,281,0.0,1.6020347954526963
catboost,hiv_aids,6,origin_202212,3506003,281,4.0,2.546176779989325
catboost,hiv_aids,6,origin_202212,3509502,281,5.0,6.987316787482947
catboost,hiv_aids,6,origin_202212,3510609,281,4.0,3.558210192579793
catboost,hiv_aids,6,origin_202212,3513801,281,3.0,2.5040633220222155
catboost,hiv_aids,6,origin_202212,3518701,281,3.0,1.2281740553739076
catboost,hiv_aids,6,origin_202212,3518800,281,5.0,4.944308241592247
catboost,hiv_aids,6,origin_202212,3522208,281,0.0,1.0862586560297267
catboost,hiv_aids,6,origin_202212,3525904,281,0.0,2.101064434064723
catboost,hiv_aids,6,origin_202212,3529401,281,3.0,2.03786601204323
catboost,hiv_aids,6,origin_202212,3534401,281,6.0,6.186260817349026
catboost,hiv_aids,6,origin_202212,3536505,281,0.0,0.6707048456826573
catboost,hiv_aids,6,origin_202212,3541000,281,1.0,1.1156517086911322
catboost,hiv_aids,6,origin_202212,3543402,281,5.0,9.899069266005405
catboost,hiv_aids,6,origin_202212,3547809,281,3.0,2.232526331065602
catboost,hiv_aids,6,origin_202212,3548500,281,1.0,1.4369343370442746
catboost,hiv_aids,6,origin_202212,3548708,281,1.0,1.8259924291532945
catboost,hiv_aids,6,origin_202212,3549805,281,7.0,8.717648463237023
catboost,hiv_aids,6,origin_202212,3549904,281,17.0,7.63267577337644
catboost,hiv_aids,6,origin_202212,3550308,281,101.0,123.02567083461362
catboost,hiv_aids,6,origin_202212,3551009,281,1.0,1.4817304618427132
catboost,hiv_aids,6,origin_202212,3552205,281,0.0,1.130621828396809
catboost,hiv_aids,6,origin_202212,3554102,281,0.0,1.0682716660939704
xgboost,hiv_aids,6,origin_202212,3505708,281,0.0,1.4871057271957397
xgboost,hiv_aids,6,origin_202212,3506003,281,4.0,2.6270523071289062
xgboost,hiv_aids,6,origin_202212,3509502,281,5.0,4.814384937286377
xgboost,hiv_aids,6,origin_202212,3510609,281,4.0,3.702742338180542
xgboost,hiv_aids,6,origin_202212,3513801,281,3.0,2.488557815551758
xgboost,hiv_aids,6,origin_202212,3518701,281,3.0,1.3808915615081787
xgboost,hiv_aids,6,origin_202212,3518800,281,5.0,5.185189723968506
xgboost,hiv_aids,6,origin_202212,3522208,281,0.0,0.8173147439956665
xgboost,hiv_aids,6,origin_202212,3525904,281,0.0,2.6043896675109863
xgboost,hiv_aids,6,origin_202212,3529401,281,3.0,1.8207588195800781
xgboost,hiv_aids,6,origin_202212,3534401,281,6.0,7.63137674331665
xgboost,hiv_aids,6,origin_202212,3536505,281,0.0,0.2833888828754425
xgboost,hiv_aids,6,origin_202212,3541000,281,1.0,0.7736626863479614
xgboost,hiv_aids,6,origin_202212,3543402,281,5.0,9.208112716674805
xgboost,hiv_aids,6,origin_202212,3547809,281,3.0,1.8273985385894775
xgboost,hiv_aids,6,origin_202212,3548500,281,1.0,1.1246764659881592
xgboost,hiv_aids,6,origin_202212,3548708,281,1.0,1.8207882642745972
xgboost,hiv_aids,6,origin_202212,3549805,281,7.0,9.21823501586914
xgboost,hiv_aids,6,origin_202212,3549904,281,17.0,8.261566162109375
xgboost,hiv_aids,6,origin_202212,3550308,281,101.0,115.44085693359375
xgboost,hiv_aids,6,origin_202212,3551009,281,1.0,0.8782607316970825
xgboost,hiv_aids,6,origin_202212,3552205,281,0.0,0.4664478600025177
xgboost,hiv_aids,6,origin_202212,3554102,281,0.0,0.9205848574638367
prophet,hiv_aids,6,origin_202212,3505708,281,0.0,0.43342292379307423
prophet,hiv_aids,6,origin_202212,3506003,281,4.0,0.0
prophet,hiv_aids,6,origin_202212,3509502,281,5.0,0.0
prophet,hiv_aids,6,origin_202212,3510609,281,4.0,2.9120231067553988
prophet,hiv_aids,6,origin_202212,3513801,281,3.0,2.8288534377059547
prophet,hiv_aids,6,origin_202212,3518701,281,3.0,0.0
prophet,hiv_aids,6,origin_202212,3518800,281,5.0,4.139506291806449
prophet,hiv_aids,6,origin_202212,3522208,281,0.0,1.0195001620265047
prophet,hiv_aids,6,origin_202212,3525904,281,0.0,1.2007761568132636
prophet,hiv_aids,6,origin_202212,3529401,281,3.0,0.4958976935815761
prophet,hiv_aids,6,origin_202212,3534401,281,6.0,3.370858692959983
prophet,hiv_aids,6,origin_202212,3536505,281,0.0,0.0
prophet,hiv_aids,6,origin_202212,3541000,281,1.0,0.0
prophet,hiv_aids,6,origin_202212,3543402,281,5.0,0.0
prophet,hiv_aids,6,origin_202212,3547809,281,3.0,0.2619254641753088
prophet,hiv_aids,6,origin_202212,3548500,281,1.0,0.0
prophet,hiv_aids,6,origin_202212,3548708,281,1.0,1.4085231120591906
prophet,hiv_aids,6,origin_202212,3549805,281,7.0,8.01822090362995
prophet,hiv_aids,6,origin_202212,3549904,281,17.0,10.75205165269926
prophet,hiv_aids,6,origin_202212,3550308,281,101.0,81.89811875277047
prophet,hiv_aids,6,origin_202212,3551009,281,1.0,0.0
prophet,hiv_aids,6,origin_202212,3552205,281,0.0,0.0
prophet,hiv_aids,6,origin_202212,3554102,281,0.0,1.4483099650614253
seasonal_naive,hiv_aids,12,origin_202212,3505708,287,0.0,4.0
seasonal_naive,hiv_aids,12,origin_202212,3506003,287,4.0,1.0
seasonal_naive,hiv_aids,12,origin_202212,3509502,287,8.0,4.0
seasonal_naive,hiv_aids,12,origin_202212,3510609,287,7.0,2.0
seasonal_naive,hiv_aids,12,origin_202212,3513801,287,1.0,2.0
seasonal_naive,hiv_aids,12,origin_202212,3518701,287,4.0,1.0
seasonal_naive,hiv_aids,12,origin_202212,3518800,287,8.0,7.0
seasonal_naive,hiv_aids,12,origin_202212,3522208,287,2.0,1.0
seasonal_naive,hiv_aids,12,origin_202212,3525904,287,5.0,0.0
seasonal_naive,hiv_aids,12,origin_202212,3529401,287,2.0,3.0
seasonal_naive,hiv_aids,12,origin_202212,3534401,287,3.0,2.0
seasonal_naive,hiv_aids,12,origin_202212,3536505,287,0.0,1.0
seasonal_naive,hiv_aids,12,origin_202212,3541000,287,1.0,2.0
seasonal_naive,hiv_aids,12,origin_202212,3543402,287,16.0,8.0
seasonal_naive,hiv_aids,12,origin_202212,3547809,287,1.0,1.0
seasonal_naive,hiv_aids,12,origin_202212,3548500,287,3.0,0.0
seasonal_naive,hiv_aids,12,origin_202212,3548708,287,1.0,3.0
seasonal_naive,hiv_aids,12,origin_202212,3549805,287,9.0,13.0
seasonal_naive,hiv_aids,12,origin_202212,3549904,287,16.0,7.0
seasonal_naive,hiv_aids,12,origin_202212,3550308,287,104.0,116.0
seasonal_naive,hiv_aids,12,origin_202212,3551009,287,0.0,3.0
seasonal_naive,hiv_aids,12,origin_202212,3552205,287,0.0,0.0
seasonal_naive,hiv_aids,12,origin_202212,3554102,287,3.0,0.0
seasonal_ma3,hiv_aids,12,origin_202212,3505708,287,0.0,1.6666666269302368
seasonal_ma3,hiv_aids,12,origin_202212,3506003,287,4.0,2.0
seasonal_ma3,hiv_aids,12,origin_202212,3509502,287,8.0,7.333333492279053
seasonal_ma3,hiv_aids,12,origin_202212,3510609,287,7.0,1.6666666269302368
seasonal_ma3,hiv_aids,12,origin_202212,3513801,287,1.0,1.6666666269302368
seasonal_ma3,hiv_aids,12,origin_202212,3518701,287,4.0,1.0
seasonal_ma3,hiv_aids,12,origin_202212,3518800,287,8.0,4.666666507720947
seasonal_ma3,hiv_aids,12,origin_202212,3522208,287,2.0,0.3333333432674408
seasonal_ma3,hiv_aids,12,origin_202212,3525904,287,5.0,3.3333332538604736
seasonal_ma3,hiv_aids,12,origin_202212,3529401,287,2.0,1.6666666269302368
seasonal_ma3,hiv_aids,12,origin_202212,3534401,287,3.0,3.3333332538604736
seasonal_ma3,hiv_aids,12,origin_202212,3536505,287,0.0,0.6666666865348816
seasonal_ma3,hiv_aids,12,origin_202212,3541000,287,1.0,1.0
seasonal_ma3,hiv_aids,12,origin_202212,3543402,287,16.0,10.0
seasonal_ma3,hiv_aids,12,origin_202212,3547809,287,1.0,1.3333333730697632
seasonal_ma3,hiv_aids,12,origin_202212,3548500,287,3.0,1.3333333730697632
seasonal_ma3,hiv_aids,12,origin_202212,3548708,287,1.0,1.6666666269302368
seasonal_ma3,hiv_aids,12,origin_202212,3549805,287,9.0,10.333333015441895
seasonal_ma3,hiv_aids,12,origin_202212,3549904,287,16.0,7.666666507720947
seasonal_ma3,hiv_aids,12,origin_202212,3550308,287,104.0,99.0
seasonal_ma3,hiv_aids,12,origin_202212,3551009,287,0.0,1.6666666269302368
seasonal_ma3,hiv_aids,12,origin_202212,3552205,287,0.0,0.0
seasonal_ma3,hiv_aids,12,origin_202212,3554102,287,3.0,0.3333333432674408
sarima,hiv_aids,12,origin_202212,3505708,287,0.0,1.0474084615707397
sarima,hiv_aids,12,origin_202212,3506003,287,4.0,1.2284184694290161
sarima,hiv_aids,12,origin_202212,3509502,287,8.0,5.476356029510498
sarima,hiv_aids,12,origin_202212,3510609,287,7.0,2.957878351211548
sarima,hiv_aids,12,origin_202212,3513801,287,1.0,2.2218587398529053
sarima,hiv_aids,12,origin_202212,3518701,287,4.0,-0.8252887725830078
sarima,hiv_aids,12,origin_202212,3518800,287,8.0,5.002604961395264
sarima,hiv_aids,12,origin_202212,3522208,287,2.0,0.8851736187934875
sarima,hiv_aids,12,origin_202212,3525904,287,5.0,1.2390742301940918
sarima,hiv_aids,12,origin_202212,3529401,287,2.0,1.6478171348571777
sarima,hiv_aids,12,origin_202212,3534401,287,3.0,6.173687934875488
sarima,hiv_aids,12,origin_202212,3536505,287,0.0,0.13033302128314972
sarima,hiv_aids,12,origin_202212,3541000,287,1.0,-0.020899266004562378
sarima,hiv_aids,12,origin_202212,3543402,287,16.0,5.268024921417236
sarima,hiv_aids,12,origin_202212,3547809,287,1.0,1.4416840076446533
sarima,hiv_aids,12,origin_202212,3548500,287,3.0,-3.1260275840759277
sarima,hiv_aids,12,origin_202212,3548708,287,1.0,1.9100900888442993
sarima,hiv_aids,12,origin_202212,3549805,287,9.0,10.222335815429688
sarima,hiv_aids,12,origin_202212,3549904,287,16.0,4.206291198730469
sarima,hiv_aids,12,origin_202212,3550308,287,104.0,119.11669921875
sarima,hiv_aids,12,origin_202212,3551009,287,0.0,-0.5354318618774414
sarima,hiv_aids,12,origin_202212,3552205,287,0.0,-1.6698918342590332
sarima,hiv_aids,12,origin_202212,3554102,287,3.0,-1.101306438446045
lgbm,hiv_aids,12,origin_202212,3505708,287,0.0,1.4911905470498787
lgbm,hiv_aids,12,origin_202212,3506003,287,4.0,2.4841988096712786
lgbm,hiv_aids,12,origin_202212,3509502,287,8.0,4.060736059730656
lgbm,hiv_aids,12,origin_202212,3510609,287,7.0,4.044498163157784
lgbm,hiv_aids,12,origin_202212,3513801,287,1.0,2.390853366969622
lgbm,hiv_aids,12,origin_202212,3518701,287,4.0,0.9492800649231623
lgbm,hiv_aids,12,origin_202212,3518800,287,8.0,4.792502689030622
lgbm,hiv_aids,12,origin_202212,3522208,287,2.0,0.717541535662214
lgbm,hiv_aids,12,origin_202212,3525904,287,5.0,2.4675061307891313
lgbm,hiv_aids,12,origin_202212,3529401,287,2.0,2.053763245872606
lgbm,hiv_aids,12,origin_202212,3534401,287,3.0,7.245394176005446
lgbm,hiv_aids,12,origin_202212,3536505,287,0.0,0.4410697154228522
lgbm,hiv_aids,12,origin_202212,3541000,287,1.0,0.6791351330474391
lgbm,hiv_aids,12,origin_202212,3543402,287,16.0,9.836562799943936
lgbm,hiv_aids,12,origin_202212,3547809,287,1.0,1.9311020770491363
lgbm,hiv_aids,12,origin_202212,3548500,287,3.0,1.1224779781562269
lgbm,hiv_aids,12,origin_202212,3548708,287,1.0,1.8396508550321682
lgbm,hiv_aids,12,origin_202212,3549805,287,9.0,10.582180818737626
lgbm,hiv_aids,12,origin_202212,3549904,287,16.0,9.992821127902419
lgbm,hiv_aids,12,origin_202212,3550308,287,104.0,97.02467929543589
lgbm,hiv_aids,12,origin_202212,3551009,287,0.0,1.0057852870714221
lgbm,hiv_aids,12,origin_202212,3552205,287,0.0,0.6825307221170036
lgbm,hiv_aids,12,origin_202212,3554102,287,3.0,1.0446015200742986
catboost,hiv_aids,12,origin_202212,3505708,287,0.0,1.4548505887194996
catboost,hiv_aids,12,origin_202212,3506003,287,4.0,2.8136352680822387
catboost,hiv_aids,12,origin_202212,3509502,287,8.0,8.946900677229275
catboost,hiv_aids,12,origin_202212,3510609,287,7.0,3.6418514625335874
catboost,hiv_aids,12,origin_202212,3513801,287,1.0,2.5645390423437497
catboost,hiv_aids,12,origin_202212,3518701,287,4.0,1.0213944043928576
catboost,hiv_aids,12,origin_202212,3518800,287,8.0,4.310949879720533
catboost,hiv_aids,12,origin_202212,3522208,287,2.0,1.0250059512428484
catboost,hiv_aids,12,origin_202212,3525904,287,5.0,2.723340651010087
catboost,hiv_aids,12,origin_202212,3529401,287,2.0,1.8788255753282048
catboost,hiv_aids,12,origin_202212,3534401,287,3.0,8.066024305177143
catboost,hiv_aids,12,origin_202212,3536505,287,0.0,0.7503655058453391
catboost,hiv_aids,12,origin_202212,3541000,287,1.0,1.0508423806923473
catboost,hiv_aids,12,origin_202212,3543402,287,16.0,10.021084751496863
catboost,hiv_aids,12,origin_202212,3547809,287,1.0,2.4748974230939855
catboost,hiv_aids,12,origin_202212,3548500,287,3.0,1.116944335512584
catboost,hiv_aids,12,origin_202212,3548708,287,1.0,1.681635953940732
catboost,hiv_aids,12,origin_202212,3549805,287,9.0,9.95639956123225
catboost,hiv_aids,12,origin_202212,3549904,287,16.0,7.837463674186917
catboost,hiv_aids,12,origin_202212,3550308,287,104.0,91.89779696005539
catboost,hiv_aids,12,origin_202212,3551009,287,0.0,1.158207191772801
catboost,hiv_aids,12,origin_202212,3552205,287,0.0,1.1086695834618912
catboost,hiv_aids,12,origin_202212,3554102,287,3.0,1.038632621022677
xgboost,hiv_aids,12,origin_202212,3505708,287,0.0,1.5373365879058838
xgboost,hiv_aids,12,origin_202212,3506003,287,4.0,2.8147847652435303
xgboost,hiv_aids,12,origin_202212,3509502,287,8.0,4.665478229522705
xgboost,hiv_aids,12,origin_202212,3510609,287,7.0,3.8906006813049316
xgboost,hiv_aids,12,origin_202212,3513801,287,1.0,2.54354190826416
xgboost,hiv_aids,12,origin_202212,3518701,287,4.0,0.931191086769104
xgboost,hiv_aids,12,origin_202212,3518800,287,8.0,4.759252071380615
xgboost,hiv_aids,12,origin_202212,3522208,287,2.0,0.6921919584274292
xgboost,hiv_aids,12,origin_202212,3525904,287,5.0,3.232680320739746
xgboost,hiv_aids,12,origin_202212,3529401,287,2.0,2.0032198429107666
xgboost,hiv_aids,12,origin_202212,3534401,287,3.0,5.809715747833252
xgboost,hiv_aids,12,origin_202212,3536505,287,0.0,0.35656288266181946
xgboost,hiv_aids,12,origin_202212,3541000,287,1.0,0.6824217438697815
xgboost,hiv_aids,12,origin_202212,3543402,287,16.0,9.93559455871582
xgboost,hiv_aids,12,origin_202212,3547809,287,1.0,1.9238879680633545
xgboost,hiv_aids,12,origin_202212,3548500,287,3.0,1.0475603342056274
xgboost,hiv_aids,12,origin_202212,3548708,287,1.0,2.0045061111450195
xgboost,hiv_aids,12,origin_202212,3549805,287,9.0,10.739065170288086
xgboost,hiv_aids,12,origin_202212,3549904,287,16.0,9.703414916992188
xgboost,hiv_aids,12,origin_202212,3550308,287,104.0,114.01141357421875
xgboost,hiv_aids,12,origin_202212,3551009,287,0.0,1.0581822395324707
xgboost,hiv_aids,12,origin_202212,3552205,287,0.0,0.5067421793937683
xgboost,hiv_aids,12,origin_202212,3554102,287,3.0,0.9011726379394531
prophet,hiv_aids,12,origin_202212,3505708,287,0.0,1.1043829655597603
prophet,hiv_aids,12,origin_202212,3506003,287,4.0,4.1735965064358
prophet,hiv_aids,12,origin_202212,3509502,287,8.0,0.0
prophet,hiv_aids,12,origin_202212,3510609,287,7.0,3.779360579294958
prophet,hiv_aids,12,origin_202212,3513801,287,1.0,1.9653942966692397
prophet,hiv_aids,12,origin_202212,3518701,287,4.0,0.3893099919293004
prophet,hiv_aids,12,origin_202212,3518800,287,8.0,2.956884959869468
prophet,hiv_aids,12,origin_202212,3522208,287,2.0,0.7187009716824855
prophet,hiv_aids,12,origin_202212,3525904,287,5.0,2.7018296688977563
prophet,hiv_aids,12,origin_202212,3529401,287,2.0,0.9629791436051195
prophet,hiv_aids,12,origin_202212,3534401,287,3.0,3.4668908333233195
prophet,hiv_aids,12,origin_202212,3536505,287,0.0,0.08764184256251314
prophet,hiv_aids,12,origin_202212,3541000,287,1.0,0.0
prophet,hiv_aids,12,origin_202212,3543402,287,16.0,6.901918430140008
prophet,hiv_aids,12,origin_202212,3547809,287,1.0,0.0
prophet,hiv_aids,12,origin_202212,3548500,287,3.0,0.0
prophet,hiv_aids,12,origin_202212,3548708,287,1.0,1.4210557443678589
prophet,hiv_aids,12,origin_202212,3549805,287,9.0,11.042136479329322
prophet,hiv_aids,12,origin_202212,3549904,287,16.0,5.398455696437255
prophet,hiv_aids,12,origin_202212,3550308,287,104.0,72.71445808301561
prophet,hiv_aids,12,origin_202212,3551009,287,0.0,0.0
prophet,hiv_aids,12,origin_202212,3552205,287,0.0,0.0
prophet,hiv_aids,12,origin_202212,3554102,287,3.0,0.0
seasonal_naive,sifilis,1,origin_201912,3505708,240,5.0,0.0
seasonal_naive,sifilis,1,origin_201912,3506003,240,2.0,0.0
seasonal_naive,sifilis,1,origin_201912,3509502,240,3.0,6.0
seasonal_naive,sifilis,1,origin_201912,3510609,240,0.0,0.0
seasonal_naive,sifilis,1,origin_201912,3513801,240,12.0,9.0
seasonal_naive,sifilis,1,origin_201912,3518701,240,1.0,0.0
seasonal_naive,sifilis,1,origin_201912,3518800,240,13.0,17.0
seasonal_naive,sifilis,1,origin_201912,3522208,240,0.0,0.0
seasonal_naive,sifilis,1,origin_201912,3525904,240,6.0,1.0
seasonal_naive,sifilis,1,origin_201912,3529401,240,0.0,1.0
seasonal_naive,sifilis,1,origin_201912,3534401,240,10.0,6.0
seasonal_naive,sifilis,1,origin_201912,3536505,240,1.0,0.0
seasonal_naive,sifilis,1,origin_201912,3541000,240,5.0,3.0
seasonal_naive,sifilis,1,origin_201912,3543402,240,2.0,4.0
seasonal_naive,sifilis,1,origin_201912,3547809,240,9.0,5.0
seasonal_naive,sifilis,1,origin_201912,3548500,240,6.0,3.0
seasonal_naive,sifilis,1,origin_201912,3548708,240,2.0,1.0
seasonal_naive,sifilis,1,origin_201912,3549805,240,1.0,1.0
seasonal_naive,sifilis,1,origin_201912,3549904,240,7.0,6.0
seasonal_naive,sifilis,1,origin_201912,3550308,240,92.0,68.0
seasonal_naive,sifilis,1,origin_201912,3551009,240,15.0,0.0
seasonal_naive,sifilis,1,origin_201912,3552205,240,1.0,4.0
seasonal_naive,sifilis,1,origin_201912,3554102,240,0.0,0.0
seasonal_ma3,sifilis,1,origin_201912,3505708,240,5.0,0.3333333432674408
seasonal_ma3,sifilis,1,origin_201912,3506003,240,2.0,0.6666666865348816
seasonal_ma3,sifilis,1,origin_201912,3509502,240,3.0,3.6666667461395264
seasonal_ma3,sifilis,1,origin_201912,3510609,240,0.0,3.0
seasonal_ma3,sifilis,1,origin_201912,3513801,240,12.0,5.0
seasonal_ma3,sifilis,1,origin_201912,3518701,240,1.0,0.0
seasonal_ma3,sifilis,1,origin_201912,3518800,240,13.0,11.0
seasonal_ma3,sifilis,1,origin_201912,3522208,240,0.0,1.0
seasonal_ma3,sifilis,1,origin_201912,3525904,240,6.0,2.0
seasonal_ma3,sifilis,1,origin_201912,3529401,240,0.0,0.6666666865348816
seasonal_ma3,sifilis,1,origin_201912,3534401,240,10.0,7.333333492279053
seasonal_ma3,sifilis,1,origin_201912,3536505,240,1.0,0.0
seasonal_ma3,sifilis,1,origin_201912,3541000,240,5.0,6.0
seasonal_ma3,sifilis,1,origin_201912,3543402,240,2.0,6.0
seasonal_ma3,sifilis,1,origin_201912,3547809,240,9.0,2.6666667461395264
seasonal_ma3,sifilis,1,origin_201912,3548500,240,6.0,2.3333332538604736
seasonal_ma3,sifilis,1,origin_201912,3548708,240,2.0,1.0
seasonal_ma3,sifilis,1,origin_201912,3549805,240,1.0,2.0
seasonal_ma3,sifilis,1,origin_201912,3549904,240,7.0,2.3333332538604736
seasonal_ma3,sifilis,1,origin_201912,3550308,240,92.0,66.0
seasonal_ma3,sifilis,1,origin_201912,3551009,240,15.0,2.0
seasonal_ma3,sifilis,1,origin_201912,3552205,240,1.0,2.0
seasonal_ma3,sifilis,1,origin_201912,3554102,240,0.0,0.0
sarima,sifilis,1,origin_201912,3505708,240,5.0,1.4766063690185547
sarima,sifilis,1,origin_201912,3506003,240,2.0,0.4582848846912384
sarima,sifilis,1,origin_201912,3509502,240,3.0,2.429884433746338
sarima,sifilis,1,origin_201912,3510609,240,0.0,1.0943529605865479
sarima,sifilis,1,origin_201912,3513801,240,12.0,5.742427825927734
sarima,sifilis,1,origin_201912,3518701,240,1.0,0.5505130290985107
sarima,sifilis,1,origin_201912,3518800,240,13.0,10.718498229980469
sarima,sifilis,1,origin_201912,3522208,240,0.0,0.4906262755393982
sarima,sifilis,1,origin_201912,3525904,240,6.0,1.7148962020874023
sarima,sifilis,1,origin_201912,3529401,240,0.0,0.5924060940742493
sarima,sifilis,1,origin_201912,3534401,240,10.0,11.301321983337402
sarima,sifilis,1,origin_201912,3536505,240,1.0,0.10174243897199631
sarima,sifilis,1,origin_201912,3541000,240,5.0,5.157553672790527
sarima,sifilis,1,origin_201912,3543402,240,2.0,2.1296184062957764
sarima,sifilis,1,origin_201912,3547809,240,9.0,4.693540573120117
sarima,sifilis,1,origin_201912,3548500,240,6.0,6.486412525177002
sarima,sifilis,1,origin_201912,3548708,240,2.0,1.4422482252120972
sarima,sifilis,1,origin_201912,3549805,240,1.0,2.2843546867370605
sarima,sifilis,1,origin_201912,3549904,240,7.0,5.987369537353516
sarima,sifilis,1,origin_201912,3550308,240,92.0,58.83026885986328
sarima,sifilis,1,origin_201912,3551009,240,15.0,9.095508575439453
sarima,sifilis,1,origin_201912,3552205,240,1.0,3.0674827098846436
sarima,sifilis,1,origin_201912,3554102,240,0.0,0.4768586754798889
lgbm,sifilis,1,origin_201912,3505708,240,5.0,1.8803298564203628
lgbm,sifilis,1,origin_201912,3506003,240,2.0,0.9101832161104791
lgbm,sifilis,1,origin_201912,3509502,240,3.0,3.580300504254688
lgbm,sifilis,1,origin_201912,3510609,240,0.0,0.8355334548474654
lgbm,sifilis,1,origin_201912,3513801,240,12.0,5.467858553714605
lgbm,sifilis,1,origin_201912,3518701,240,1.0,0.340263493458186
lgbm,sifilis,1,origin_201912,3518800,240,13.0,10.47170660913106
lgbm,sifilis,1,origin_201912,3522208,240,0.0,0.4567745419440704
lgbm,sifilis,1,origin_201912,3525904,240,6.0,1.7305107135571338
lgbm,sifilis,1,origin_201912,3529401,240,0.0,0.2846277444693913
lgbm,sifilis,1,origin_201912,3534401,240,10.0,11.934635915060909
lgbm,sifilis,1,origin_201912,3536505,240,1.0,0.09219800207132846
lgbm,sifilis,1,origin_201912,3541000,240,5.0,4.271905195465308
lgbm,sifilis,1,origin_201912,3543402,240,2.0,2.123040137148278
lgbm,sifilis,1,origin_201912,3547809,240,9.0,3.2522048135360184
lgbm,sifilis,1,origin_201912,3548500,240,6.0,4.539533873618129
lgbm,sifilis,1,origin_201912,3548708,240,2.0,1.4984209291849049
lgbm,sifilis,1,origin_201912,3549805,240,1.0,1.7261488144166488
lgbm,sifilis,1,origin_201912,3549904,240,7.0,5.499601924313287
lgbm,sifilis,1,origin_201912,3550308,240,92.0,63.43440000732038
lgbm,sifilis,1,origin_201912,3551009,240,15.0,4.958553915126659
lgbm,sifilis,1,origin_201912,3552205,240,1.0,2.9144576573865493
lgbm,sifilis,1,origin_201912,3554102,240,0.0,0.290589648467106
catboost,sifilis,1,origin_201912,3505708,240,5.0,1.8897761594634774
catboost,sifilis,1,origin_201912,3506003,240,2.0,0.9426008914533751
catboost,sifilis,1,origin_201912,3509502,240,3.0,3.426764178946833
catboost,sifilis,1,origin_201912,3510609,240,0.0,1.1986721420100963
catboost,sifilis,1,origin_201912,3513801,240,12.0,4.968137756450886
catboost,sifilis,1,origin_201912,3518701,240,1.0,0.4566458240749526
catboost,sifilis,1,origin_201912,3518800,240,13.0,11.024961384447346
catboost,sifilis,1,origin_201912,3522208,240,0.0,0.34917018222448326
catboost,sifilis,1,origin_201912,3525904,240,6.0,1.3423110570944021
catboost,sifilis,1,origin_201912,3529401,240,0.0,0.35924017689877813
catboost,sifilis,1,origin_201912,3534401,240,10.0,10.006987944591605
catboost,sifilis,1,origin_201912,3536505,240,1.0,0.2133130267374373
catboost,sifilis,1,origin_201912,3541000,240,5.0,4.205874511745093
catboost,sifilis,1,origin_201912,3543402,240,2.0,2.5723358630453093
catboost,sifilis,1,origin_201912,3547809,240,9.0,3.422638239753648
catboost,sifilis,1,origin_201912,3548500,240,6.0,5.813988544300073
catboost,sifilis,1,origin_201912,3548708,240,2.0,2.009293094080666
catboost,sifilis,1,origin_201912,3549805,240,1.0,1.6384175381453219
catboost,sifilis,1,origin_201912,3549904,240,7.0,7.19916388188978
catboost,sifilis,1,origin_201912,3550308,240,92.0,61.86047952142625
catboost,sifilis,1,origin_201912,3551009,240,15.0,7.1594414230127414
catboost,sifilis,1,origin_201912,3552205,240,1.0,2.844065089065061
catboost,sifilis,1,origin_201912,3554102,240,0.0,0.3735634989295051
xgboost,sifilis,1,origin_201912,3505708,240,5.0,1.7460839748382568
xgboost,sifilis,1,origin_201912,3506003,240,2.0,0.8729381561279297
xgboost,sifilis,1,origin_201912,3509502,240,3.0,3.0859038829803467
xgboost,sifilis,1,origin_201912,3510609,240,0.0,1.0250555276870728
xgboost,sifilis,1,origin_201912,3513801,240,12.0,6.384212017059326
xgboost,sifilis,1,origin_201912,3518701,240,1.0,0.3000810444355011
xgboost,sifilis,1,origin_201912,3518800,240,13.0,10.8600492477417
xgboost,sifilis,1,origin_201912,3522208,240,0.0,0.3731462061405182
xgboost,sifilis,1,origin_201912,3525904,240,6.0,1.702782154083252
xgboost,sifilis,1,origin_201912,3529401,240,0.0,0.2803066074848175
xgboost,sifilis,1,origin_201912,3534401,240,10.0,10.171205520629883
xgboost,sifilis,1,origin_201912,3536505,240,1.0,0.09031692892313004
xgboost,sifilis,1,origin_201912,3541000,240,5.0,4.294386863708496
xgboost,sifilis,1,origin_201912,3543402,240,2.0,2.394517660140991
xgboost,sifilis,1,origin_201912,3547809,240,9.0,4.199246406555176
xgboost,sifilis,1,origin_201912,3548500,240,6.0,4.960450649261475
xgboost,sifilis,1,origin_201912,3548708,240,2.0,1.7817485332489014
xgboost,sifilis,1,origin_201912,3549805,240,1.0,1.8980822563171387
xgboost,sifilis,1,origin_201912,3549904,240,7.0,5.618957042694092
xgboost,sifilis,1,origin_201912,3550308,240,92.0,67.61259460449219
xgboost,sifilis,1,origin_201912,3551009,240,15.0,6.9302873611450195
xgboost,sifilis,1,origin_201912,3552205,240,1.0,2.4507012367248535
xgboost,sifilis,1,origin_201912,3554102,240,0.0,0.2765900790691376
prophet,sifilis,1,origin_201912,3505708,240,5.0,1.1245249639107102
prophet,sifilis,1,origin_201912,3506003,240,2.0,0.47807666182088526
prophet,sifilis,1,origin_201912,3509502,240,3.0,3.4389963561180963
prophet,sifilis,1,origin_201912,3510609,240,0.0,2.0014955761830664
prophet,sifilis,1,origin_201912,3513801,240,12.0,4.971514273751367
prophet,sifilis,1,origin_201912,3518701,240,1.0,0.21023662930351716
prophet,sifilis,1,origin_201912,3518800,240,13.0,8.007997837418294
prophet,sifilis,1,origin_201912,3522208,240,0.0,0.297142845414941
prophet,sifilis,1,origin_201912,3525904,240,6.0,1.813092205421262
prophet,sifilis,1,origin_201912,3529401,240,0.0,0.4222359185446318
prophet,sifilis,1,origin_201912,3534401,240,10.0,9.968069685438422
prophet,sifilis,1,origin_201912,3536505,240,1.0,0.11675119304201434
prophet,sifilis,1,origin_201912,3541000,240,5.0,5.225978448289239
prophet,sifilis,1,origin_201912,3543402,240,2.0,3.770408774255443
prophet,sifilis,1,origin_201912,3547809,240,9.0,4.988053858015338
prophet,sifilis,1,origin_201912,3548500,240,6.0,4.605519797248303
prophet,sifilis,1,origin_201912,3548708,240,2.0,1.0728610531260454
prophet,sifilis,1,origin_201912,3549805,240,1.0,2.629475367983939
prophet,sifilis,1,origin_201912,3549904,240,7.0,5.2768957065224145
prophet,sifilis,1,origin_201912,3550308,240,92.0,60.98089523045515
prophet,sifilis,1,origin_201912,3551009,240,15.0,1.975069071297349
prophet,sifilis,1,origin_201912,3552205,240,1.0,2.580865085998609
prophet,sifilis,1,origin_201912,3554102,240,0.0,0.2739160440402682
seasonal_naive,sifilis,3,origin_201912,3505708,242,2.0,3.0
seasonal_naive,sifilis,3,origin_201912,3506003,242,0.0,0.0
seasonal_naive,sifilis,3,origin_201912,3509502,242,3.0,4.0
seasonal_naive,sifilis,3,origin_201912,3510609,242,4.0,0.0
seasonal_naive,sifilis,3,origin_201912,3513801,242,11.0,3.0
seasonal_naive,sifilis,3,origin_201912,3518701,242,1.0,1.0
seasonal_naive,sifilis,3,origin_201912,3518800,242,6.0,13.0
seasonal_naive,sifilis,3,origin_201912,3522208,242,0.0,2.0
seasonal_naive,sifilis,3,origin_201912,3525904,242,6.0,2.0
seasonal_naive,sifilis,3,origin_201912,3529401,242,1.0,1.0
seasonal_naive,sifilis,3,origin_201912,3534401,242,18.0,10.0
seasonal_naive,sifilis,3,origin_201912,3536505,242,0.0,0.0
seasonal_naive,sifilis,3,origin_201912,3541000,242,9.0,7.0
seasonal_naive,sifilis,3,origin_201912,3543402,242,0.0,1.0
seasonal_naive,sifilis,3,origin_201912,3547809,242,5.0,4.0
seasonal_naive,sifilis,3,origin_201912,3548500,242,4.0,7.0
seasonal_naive,sifilis,3,origin_201912,3548708,242,3.0,1.0
seasonal_naive,sifilis,3,origin_201912,3549805,242,0.0,2.0
seasonal_naive,sifilis,3,origin_201912,3549904,242,5.0,4.0
seasonal_naive,sifilis,3,origin_201912,3550308,242,96.0,48.0
seasonal_naive,sifilis,3,origin_201912,3551009,242,3.0,0.0
seasonal_naive,sifilis,3,origin_201912,3552205,242,0.0,2.0
seasonal_naive,sifilis,3,origin_201912,3554102,242,0.0,0.0
seasonal_ma3,sifilis,3,origin_201912,3505708,242,2.0,2.0
seasonal_ma3,sifilis,3,origin_201912,3506003,242,0.0,0.0
seasonal_ma3,sifilis,3,origin_201912,3509502,242,3.0,3.3333332538604736
seasonal_ma3,sifilis,3,origin_201912,3510609,242,4.0,1.6666666269302368
seasonal_ma3,sifilis,3,origin_201912,3513801,242,11.0,3.0
seasonal_ma3,sifilis,3,origin_201912,3518701,242,1.0,0.3333333432674408
seasonal_ma3,sifilis,3,origin_201912,3518800,242,6.0,9.666666984558105
seasonal_ma3,sifilis,3,origin_201912,3522208,242,0.0,1.3333333730697632
seasonal_ma3,sifilis,3,origin_201912,3525904,242,6.0,1.6666666269302368
seasonal_ma3,sifilis,3,origin_201912,3529401,242,1.0,1.3333333730697632
seasonal_ma3,sifilis,3,origin_201912,3534401,242,18.0,9.666666984558105
seasonal_ma3,sifilis,3,origin_201912,3536505,242,0.0,0.0
seasonal_ma3,sifilis,3,origin_201912,3541000,242,9.0,8.0
seasonal_ma3,sifilis,3,origin_201912,3543402,242,0.0,3.0
seasonal_ma3,sifilis,3,origin_201912,3547809,242,5.0,5.0
seasonal_ma3,sifilis,3,origin_201912,3548500,242,4.0,5.666666507720947
seasonal_ma3,sifilis,3,origin_201912,3548708,242,3.0,0.6666666865348816
seasonal_ma3,sifilis,3,origin_201912,3549805,242,0.0,2.0
seasonal_ma3,sifilis,3,origin_201912,3549904,242,5.0,3.0
seasonal_ma3,sifilis,3,origin_201912,3550308,242,96.0,58.66666793823242
seasonal_ma3,sifilis,3,origin_201912,3551009,242,3.0,0.3333333432674408
seasonal_ma3,sifilis,3,origin_201912,3552205,242,0.0,3.0
seasonal_ma3,sifilis,3,origin_201912,3554102,242,0.0,0.3333333432674408
sarima,sifilis,3,origin_201912,3505708,242,2.0,1.4877614974975586
sarima,sifilis,3,origin_201912,3506003,242,0.0,0.48193347454071045
sarima,sifilis,3,origin_201912,3509502,242,3.0,2.651442289352417
sarima,sifilis,3,origin_201912,3510609,242,4.0,1.0943529605865479
sarima,sifilis,3,origin_201912,3513801,242,11.0,5.742427825927734
sarima,sifilis,3,origin_201912,3518701,242,1.0,0.4972269833087921
sarima,sifilis,3,origin_201912,3518800,242,6.0,11.257369995117188
sarima,sifilis,3,origin_201912,3522208,242,0.0,0.4906262755393982
sarima,sifilis,3,origin_201912,3525904,242,6.0,1.7148962020874023
sarima,sifilis,3,origin_201912,3529401,242,1.0,0.5904368162155151
sarima,sifilis,3,origin_201912,3534401,242,18.0,11.041411399841309
sarima,sifilis,3,origin_201912,3536505,242,0.0,0.11916361004114151
sarima,sifilis,3,origin_201912,3541000,242,9.0,5.201404094696045
sarima,sifilis,3,origin_201912,3543402,242,0.0,2.2851650714874268
sarima,sifilis,3,origin_201912,3547809,242,5.0,4.7303242683410645
sarima,sifilis,3,origin_201912,3548500,242,4.0,6.486412525177002
sarima,sifilis,3,origin_201912,3548708,242,3.0,1.368385672569275
sarima,sifilis,3,origin_201912,3549805,242,0.0,1.476995587348938
sarima,sifilis,3,origin_201912,3549904,242,5.0,6.819650173187256
sarima,sifilis,3,origin_201912,3550308,242,96.0,58.83026885986328
sarima,sifilis,3,origin_201912,3551009,242,3.0,13.055445671081543
sarima,sifilis,3,origin_201912,3552205,242,0.0,2.976633310317993
sarima,sifilis,3,origin_201912,3554102,242,0.0,0.4806239604949951
lgbm,sifilis,3,origin_201912,3505708,242,2.0,2.005259817392244
lgbm,sifilis,3,origin_201912,3506003,242,0.0,0.7714231870925514
lgbm,sifilis,3,origin_201912,3509502,242,3.0,3.4071105681058214
lgbm,sifilis,3,origin_201912,3510609,242,4.0,0.9765466782521692
lgbm,sifilis,3,origin_201912,3513801,242,11.0,4.169234601303043
lgbm,sifilis,3,origin_201912,3518701,242,1.0,0.4045524294414557
lgbm,sifilis,3,origin_201912,3518800,242,6.0,10.911094715504417
lgbm,sifilis,3,origin_201912,3522208,242,0.0,0.4307297130806214
lgbm,sifilis,3,origin_201912,3525904,242,6.0,1.6988923290126519
lgbm,sifilis,3,origin_201912,3529401,242,1.0,0.41377070773977387
lgbm,sifilis,3,origin_201912,3534401,242,18.0,10.749974776687383
lgbm,sifilis,3,origin_201912,3536505,242,0.0,0.11488983136403133
lgbm,sifilis,3,origin_201912,3541000,242,9.0,3.416169003978628
lgbm,sifilis,3,origin_201912,3543402,242,0.0,2.20233119828651
lgbm,sifilis,3,origin_201912,3547809,242,5.0,4.07790738393527
lgbm,sifilis,3,origin_201912,3548500,242,4.0,3.93617751856287
lgbm,sifilis,3,origin_201912,3548708,242,3.0,1.5157099787288957
lgbm,sifilis,3,origin_201912,3549805,242,0.0,2.0269721035247774
lgbm,sifilis,3,origin_201912,3549904,242,5.0,5.535187289117044
lgbm,sifilis,3,origin_201912,3550308,242,96.0,56.687936505904275
lgbm,sifilis,3,origin_201912,3551009,242,3.0,4.6209117924395455
lgbm,sifilis,3,origin_201912,3552205,242,0.0,3.313487349775154
lgbm,sifilis,3,origin_201912,3554102,242,0.0,0.22855770383551416
catboost,sifilis,3,origin_201912,3505708,242,2.0,1.7536899928312548
catboost,sifilis,3,origin_201912,3506003,242,0.0,0.9261244622048952
catboost,sifilis,3,origin_201912,3509502,242,3.0,3.2257589783807377
catboost,sifilis,3,origin_201912,3510609,242,4.0,1.2991858066918358
catboost,sifilis,3,origin_201912,3513801,242,11.0,3.4154268414168114
catboost,sifilis,3,origin_201912,3518701,242,1.0,0.3243503158008876
catboost,sifilis,3,origin_201912,3518800,242,6.0,9.196661107383056
catboost,sifilis,3,origin_201912,3522208,242,0.0,0.3541026360467505
catboost,sifilis,3,origin_201912,3525904,242,6.0,1.5262214050613256
catboost,sifilis,3,origin_201912,3529401,242,1.0,0.4824319106987403
catboost,sifilis,3,origin_201912,3534401,242,18.0,8.869378006365205
catboost,sifilis,3,origin_201912,3536505,242,0.0,0.20638804210375652
catboost,sifilis,3,origin_201912,3541000,242,9.0,3.63791272000516
catboost,sifilis,3,origin_201912,3543402,242,0.0,1.941958114295051
catboost,sifilis,3,origin_201912,3547809,242,5.0,4.854063369815983
catboost,sifilis,3,origin_201912,3548500,242,4.0,3.9686742481834774
catboost,sifilis,3,origin_201912,3548708,242,3.0,2.0517118817573263
catboost,sifilis,3,origin_201912,3549805,242,0.0,1.6067732496990208
catboost,sifilis,3,origin_201912,3549904,242,5.0,6.396729257974344
catboost,sifilis,3,origin_201912,3550308,242,96.0,57.295943194412565
catboost,sifilis,3,origin_201912,3551009,242,3.0,6.514284050130272
catboost,sifilis,3,origin_201912,3552205,242,0.0,3.0907250148706935
catboost,sifilis,3,origin_201912,3554102,242,0.0,0.3376910670183283
xgboost,sifilis,3,origin_201912,3505708,242,2.0,2.1505050659179688
xgboost,sifilis,3,origin_201912,3506003,242,0.0,0.9426860213279724
xgboost,sifilis,3,origin_201912,3509502,242,3.0,3.362863540649414
xgboost,sifilis,3,origin_201912,3510609,242,4.0,0.8811064958572388
xgboost,sifilis,3,origin_201912,3513801,242,11.0,4.337245464324951
xgboost,sifilis,3,origin_201912,3518701,242,1.0,0.27648112177848816
xgboost,sifilis,3,origin_201912,3518800,242,6.0,9.413605690002441
xgboost,sifilis,3,origin_201912,3522208,242,0.0,0.5209401249885559
xgboost,sifilis,3,origin_201912,3525904,242,6.0,1.9792571067810059
xgboost,sifilis,3,origin_201912,3529401,242,1.0,0.37193167209625244
xgboost,sifilis,3,origin_201912,3534401,242,18.0,9.745230674743652
xgboost,sifilis,3,origin_201912,3536505,242,0.0,0.08480552583932877
xgboost,sifilis,3,origin_201912,3541000,242,9.0,3.4069442749023438
xgboost,sifilis,3,origin_201912,3543402,242,0.0,2.371046304702759
xgboost,sifilis,3,origin_201912,3547809,242,5.0,4.1828155517578125
xgboost,sifilis,3,origin_201912,3548500,242,4.0,3.9047255516052246
xgboost,sifilis,3,origin_201912,3548708,242,3.0,1.4731581211090088
xgboost,sifilis,3,origin_201912,3549805,242,0.0,1.9656574726104736
xgboost,sifilis,3,origin_201912,3549904,242,5.0,5.245205879211426
xgboost,sifilis,3,origin_201912,3550308,242,96.0,58.542510986328125
xgboost,sifilis,3,origin_201912,3551009,242,3.0,3.273836612701416
xgboost,sifilis,3,origin_201912,3552205,242,0.0,2.674994945526123
xgboost,sifilis,3,origin_201912,3554102,242,0.0,0.24435025453567505
prophet,sifilis,3,origin_201912,3505708,242,2.0,1.4666079434691455
prophet,sifilis,3,origin_201912,3506003,242,0.0,0.3926109736616398
prophet,sifilis,3,origin_201912,3509502,242,3.0,4.123470392436161
prophet,sifilis,3,origin_201912,3510609,242,4.0,1.7604037083656952
prophet,sifilis,3,origin_201912,3513801,242,11.0,4.171506490448646
prophet,sifilis,3,origin_201912,3518701,242,1.0,0.35868088924020636
prophet,sifilis,3,origin_201912,3518800,242,6.0,8.534801205457835
prophet,sifilis,3,origin_201912,3522208,242,0.0,0.6114959956208368
prophet,sifilis,3,origin_201912,3525904,242,6.0,1.882921133839813
prophet,sifilis,3,origin_201912,3529401,242,1.0,0.5772202453516627
prophet,sifilis,3,origin_201912,3534401,242,18.0,10.02789660747081
prophet,sifilis,3,origin_201912,3536505,242,0.0,0.06505774364968876
prophet,sifilis,3,origin_201912,3541000,242,9.0,4.8961441197912166
prophet,sifilis,3,origin_201912,3543402,242,0.0,3.405908983388262
prophet,sifilis,3,origin_201912,3547809,242,5.0,5.573470511211059
prophet,sifilis,3,origin_201912,3548500,242,4.0,4.666030656323358
prophet,sifilis,3,origin_201912,3548708,242,3.0,1.3818895447990334
prophet,sifilis,3,origin_201912,3549805,242,0.0,2.977024435168592
prophet,sifilis,3,origin_201912,3549904,242,5.0,5.799842429646811
prophet,sifilis,3,origin_201912,3550308,242,96.0,66.30008447325093
prophet,sifilis,3,origin_201912,3551009,242,3.0,2.376686611394727
prophet,sifilis,3,origin_201912,3552205,242,0.0,2.44386122009882
prophet,sifilis,3,origin_201912,3554102,242,0.0,0.5271058673617335
seasonal_naive,sifilis,6,origin_201912,3505708,245,5.0,1.0
seasonal_naive,sifilis,6,origin_201912,3506003,245,2.0,4.0
seasonal_naive,sifilis,6,origin_201912,3509502,245,5.0,2.0
seasonal_naive,sifilis,6,origin_201912,3510609,245,3.0,2.0
seasonal_naive,sifilis,6,origin_201912,3513801,245,3.0,6.0
seasonal_naive,sifilis,6,origin_201912,3518701,245,0.0,0.0
seasonal_naive,sifilis,6,origin_201912,3518800,245,11.0,12.0
seasonal_naive,sifilis,6,origin_201912,3522208,245,0.0,0.0
seasonal_naive,sifilis,6,origin_201912,3525904,245,2.0,6.0
seasonal_naive,sifilis,6,origin_201912,3529401,245,1.0,1.0
seasonal_naive,sifilis,6,origin_201912,3534401,245,15.0,9.0
seasonal_naive,sifilis,6,origin_201912,3536505,245,0.0,0.0
seasonal_naive,sifilis,6,origin_201912,3541000,245,8.0,4.0
seasonal_naive,sifilis,6,origin_201912,3543402,245,3.0,2.0
seasonal_naive,sifilis,6,origin_201912,3547809,245,11.0,5.0
seasonal_naive,sifilis,6,origin_201912,3548500,245,7.0,5.0
seasonal_naive,sifilis,6,origin_201912,3548708,245,0.0,4.0
seasonal_naive,sifilis,6,origin_201912,3549805,245,1.0,2.0
seasonal_naive,sifilis,6,origin_201912,3549904,245,4.0,6.0
seasonal_naive,sifilis,6,origin_201912,3550308,245,58.0,62.0
seasonal_naive,sifilis,6,origin_201912,3551009,245,8.0,2.0
seasonal_naive,sifilis,6,origin_201912,3552205,245,0.0,7.0
seasonal_naive,sifilis,6,origin_201912,3554102,245,0.0,0.0
seasonal_ma3,sifilis,6,origin_201912,3505708,245,5.0,1.3333333730697632
seasonal_ma3,sifilis,6,origin_201912,3506003,245,2.0,1.3333333730697632
seasonal_ma3,sifilis,6,origin_201912,3509502,245,5.0,2.3333332538604736
seasonal_ma3,sifilis,6,origin_201912,3510609,245,3.0,2.0
seasonal_ma3,sifilis,6,origin_201912,3513801,245,3.0,5.333333492279053
seasonal_ma3,sifilis,6,origin_201912,3518701,245,0.0,0.0
seasonal_ma3,sifilis,6,origin_201912,3518800,245,11.0,11.333333015441895
seasonal_ma3,sifilis,6,origin_201912,3522208,245,0.0,0.6666666865348816
seasonal_ma3,sifilis,6,origin_201912,3525904,245,2.0,3.6666667461395264
seasonal_ma3,sifilis,6,origin_201912,3529401,245,1.0,0.6666666865348816
seasonal_ma3,sifilis,6,origin_201912,3534401,245,15.0,9.333333015441895
seasonal_ma3,sifilis,6,origin_201912,3536505,245,0.0,0.0
seasonal_ma3,sifilis,6,origin_201912,3541000,245,8.0,3.3333332538604736
seasonal_ma3,sifilis,6,origin_201912,3543402,245,3.0,2.6666667461395264
seasonal_ma3,sifilis,6,origin_201912,3547809,245,11.0,3.3333332538604736
seasonal_ma3,sifilis,6,origin_201912,3548500,245,7.0,5.0
seasonal_ma3,sifilis,6,origin_201912,3548708,245,0.0,2.6666667461395264
seasonal_ma3,sifilis,6,origin_201912,3549805,245,1.0,3.3333332538604736
seasonal_ma3,sifilis,6,origin_201912,3549904,245,4.0,3.6666667461395264
seasonal_ma3,sifilis,6,origin_201912,3550308,245,58.0,56.0
seasonal_ma3,sifilis,6,origin_201912,3551009,245,8.0,2.3333332538604736
seasonal_ma3,sifilis,6,origin_201912,3552205,245,0.0,3.3333332538604736
seasonal_ma3,sifilis,6,origin_201912,3554102,245,0.0,0.0
sarima,sifilis,6,origin_201912,3505708,245,5.0,1.504494071006775
sarima,sifilis,6,origin_201912,3506003,245,2.0,0.5553264617919922
sarima,sifilis,6,origin_201912,3509502,245,5.0,2.824812650680542
sarima,sifilis,6,origin_201912,3510609,245,3.0,1.0943529605865479
sarima,sifilis,6,origin_201912,3513801,245,3.0,5.742427825927734
sarima,sifilis,6,origin_201912,3518701,245,0.0,0.5836312174797058
sarima,sifilis,6,origin_201912,3518800,245,11.0,10.818503379821777
sarima,sifilis,6,origin_201912,3522208,245,0.0,0.4906262755393982
sarima,sifilis,6,origin_201912,3525904,245,2.0,1.7148962020874023
sarima,sifilis,6,origin_201912,3529401,245,1.0,0.4024430811405182
sarima,sifilis,6,origin_201912,3534401,245,15.0,11.374795913696289
sarima,sifilis,6,origin_201912,3536505,245,0.0,0.1287284642457962
sarima,sifilis,6,origin_201912,3541000,245,8.0,5.2671799659729
sarima,sifilis,6,origin_201912,3543402,245,3.0,2.2942070960998535
sarima,sifilis,6,origin_201912,3547809,245,11.0,4.7855000495910645
sarima,sifilis,6,origin_201912,3548500,245,7.0,6.486412525177002
sarima,sifilis,6,origin_201912,3548708,245,0.0,1.281951665878296
sarima,sifilis,6,origin_201912,3549805,245,1.0,1.5110114812850952
sarima,sifilis,6,origin_201912,3549904,245,4.0,7.116329193115234
sarima,sifilis,6,origin_201912,3550308,245,58.0,58.83026885986328
sarima,sifilis,6,origin_201912,3551009,245,8.0,12.819969177246094
sarima,sifilis,6,origin_201912,3552205,245,0.0,2.4407105445861816
sarima,sifilis,6,origin_201912,3554102,245,0.0,0.4862718880176544
lgbm,sifilis,6,origin_201912,3505708,245,5.0,1.8674074320185001
lgbm,sifilis,6,origin_201912,3506003,245,2.0,1.2290432530104762
lgbm,sifilis,6,origin_201912,3509502,245,5.0,3.887647163820254
lgbm,sifilis,6,origin_201912,3510609,245,3.0,1.3996754860999234
lgbm,sifilis,6,origin_201912,3513801,245,3.0,3.85780937273977
lgbm,sifilis,6,origin_201912,3518701,245,0.0,0.32923430933111547
lgbm,sifilis,6,origin_201912,3518800,245,11.0,11.805259866317725
lgbm,sifilis,6,origin_201912,3522208,245,0.0,0.38153928461793735
lgbm,sifilis,6,origin_201912,3525904,245,2.0,2.4858806521088233
lgbm,sifilis,6,origin_201912,3529401,245,1.0,0.30773070254509877
lgbm,sifilis,6,origin_201912,3534401,245,15.0,10.17682202600408
lgbm,sifilis,6,origin_201912,3536505,245,0.0,0.11675802109998178
lgbm,sifilis,6,origin_201912,3541000,245,8.0,3.866914431138929
lgbm,sifilis,6,origin_201912,3543402,245,3.0,3.3173929973223792
lgbm,sifilis,6,origin_201912,3547809,245,11.0,4.157825737183935
lgbm,sifilis,6,origin_201912,3548500,245,7.0,4.582584317876812
lgbm,sifilis,6,origin_201912,3548708,245,0.0,1.9902006869739577
lgbm,sifilis,6,origin_201912,3549805,245,1.0,2.711511131174961
lgbm,sifilis,6,origin_201912,3549904,245,4.0,6.5058889640407
lgbm,sifilis,6,origin_201912,3550308,245,58.0,54.83021287040891
lgbm,sifilis,6,origin_201912,3551009,245,8.0,4.470918595176872
lgbm,sifilis,6,origin_201912,3552205,245,0.0,3.263680137381393
lgbm,sifilis,6,origin_201912,3554102,245,0.0,0.29619619107265643
catboost,sifilis,6,origin_201912,3505708,245,5.0,1.7794927775084435
catboost,sifilis,6,origin_201912,3506003,245,2.0,1.3036614003113165
catboost,sifilis,6,origin_201912,3509502,245,5.0,4.500913856695764
catboost,sifilis,6,origin_201912,3510609,245,3.0,1.4422475839002782
catboost,sifilis,6,origin_201912,3513801,245,3.0,3.3995704882879476
catboost,sifilis,6,origin_201912,3518701,245,0.0,0.5300014464496976
catboost,sifilis,6,origin_201912,3518800,245,11.0,11.19370231101279
catboost,sifilis,6,origin_201912,3522208,245,0.0,0.4022083956265529
catboost,sifilis,6,origin_201912,3525904,245,2.0,1.51107339103965
catboost,sifilis,6,origin_201912,3529401,245,1.0,0.4730098469498822
catboost,sifilis,6,origin_201912,3534401,245,15.0,8.908006045903324
catboost,sifilis,6,origin_201912,3536505,245,0.0,0.2242284746061061
catboost,sifilis,6,origin_201912,3541000,245,8.0,3.6746855526247937
catboost,sifilis,6,origin_201912,3543402,245,3.0,3.52119093761571
catboost,sifilis,6,origin_201912,3547809,245,11.0,4.224539588529198
catboost,sifilis,6,origin_201912,3548500,245,7.0,4.278936711335702
catboost,sifilis,6,origin_201912,3548708,245,0.0,2.0886482055675417
catboost,sifilis,6,origin_201912,3549805,245,1.0,1.6009791128697446
catboost,sifilis,6,origin_201912,3549904,245,4.0,6.540566509424348
catboost,sifilis,6,origin_201912,3550308,245,58.0,51.790570495611426
catboost,sifilis,6,origin_201912,3551009,245,8.0,3.691911309741181
catboost,sifilis,6,origin_201912,3552205,245,0.0,3.113547225988297
catboost,sifilis,6,origin_201912,3554102,245,0.0,0.37878961388818816
xgboost,sifilis,6,origin_201912,3505708,245,5.0,1.7738680839538574
xgboost,sifilis,6,origin_201912,3506003,245,2.0,1.2369234561920166
xgboost,sifilis,6,origin_201912,3509502,245,5.0,2.954752206802368
xgboost,sifilis,6,origin_201912,3510609,245,3.0,0.9648029804229736
xgboost,sifilis,6,origin_201912,3513801,245,3.0,3.4676358699798584
xgboost,sifilis,6,origin_201912,3518701,245,0.0,0.3526097536087036
xgboost,sifilis,6,origin_201912,3518800,245,11.0,12.419878959655762
xgboost,sifilis,6,origin_201912,3522208,245,0.0,0.4847080111503601
xgboost,sifilis,6,origin_201912,3525904,245,2.0,2.558551788330078
xgboost,sifilis,6,origin_201912,3529401,245,1.0,0.3504287302494049
xgboost,sifilis,6,origin_201912,3534401,245,15.0,9.578655242919922
xgboost,sifilis,6,origin_201912,3536505,245,0.0,0.08895674347877502
xgboost,sifilis,6,origin_201912,3541000,245,8.0,3.1904640197753906
xgboost,sifilis,6,origin_201912,3543402,245,3.0,3.0559301376342773
xgboost,sifilis,6,origin_201912,3547809,245,11.0,2.8276875019073486
xgboost,sifilis,6,origin_201912,3548500,245,7.0,4.6431450843811035
xgboost,sifilis,6,origin_201912,3548708,245,0.0,1.7332228422164917
xgboost,sifilis,6,origin_201912,3549805,245,1.0,2.084969997406006
xgboost,sifilis,6,origin_201912,3549904,245,4.0,7.059898853302002
xgboost,sifilis,6,origin_201912,3550308,245,58.0,55.46381759643555
xgboost,sifilis,6,origin_201912,3551009,245,8.0,2.3631930351257324
xgboost,sifilis,6,origin_201912,3552205,245,0.0,2.591369867324829
xgboost,sifilis,6,origin_201912,3554102,245,0.0,0.2569863498210907
prophet,sifilis,6,origin_201912,3505708,245,5.0,1.2257286303435029
prophet,sifilis,6,origin_201912,3506003,245,2.0,0.5227919303240359
prophet,sifilis,6,origin_201912,3509502,245,5.0,4.690264405165941
prophet,sifilis,6,origin_201912,3510609,245,3.0,2.707412498733877
prophet,sifilis,6,origin_201912,3513801,245,3.0,4.216654699012961
prophet,sifilis,6,origin_201912,3518701,245,0.0,0.40950785526399236
prophet,sifilis,6,origin_201912,3518800,245,11.0,9.921436496695643
prophet,sifilis,6,origin_201912,3522208,245,0.0,0.4234810609573294
prophet,sifilis,6,origin_201912,3525904,245,2.0,2.1307051509234602
prophet,sifilis,6,origin_201912,3529401,245,1.0,0.4288818159769269
prophet,sifilis,6,origin_201912,3534401,245,15.0,10.464874797662118
prophet,sifilis,6,origin_201912,3536505,245,0.0,0.11630318386708813
prophet,sifilis,6,origin_201912,3541000,245,8.0,4.728223450027881
prophet,sifilis,6,origin_201912,3543402,245,3.0,3.4663309442065597
prophet,sifilis,6,origin_201912,3547809,245,11.0,4.746408846845192
prophet,sifilis,6,origin_201912,3548500,245,7.0,5.703147084118831
prophet,sifilis,6,origin_201912,3548708,245,0.0,1.4375439821142513
prophet,sifilis,6,origin_201912,3549805,245,1.0,2.9430661292701346
prophet,sifilis,6,origin_201912,3549904,245,4.0,6.000290721010369
prophet,sifilis,6,origin_201912,3550308,245,58.0,69.33005117145376
prophet,sifilis,6,origin_201912,3551009,245,8.0,2.7747261387902693
prophet,sifilis,6,origin_201912,3552205,245,0.0,2.7276372477413005
prophet,sifilis,6,origin_201912,3554102,245,0.0,0.3842950725577319
seasonal_naive,sifilis,12,origin_201912,3505708,251,5.0,3.0
seasonal_naive,sifilis,12,origin_201912,3506003,251,0.0,1.0
seasonal_naive,sifilis,12,origin_201912,3509502,251,2.0,2.0
seasonal_naive,sifilis,12,origin_201912,3510609,251,1.0,1.0
seasonal_naive,sifilis,12,origin_201912,3513801,251,3.0,6.0
seasonal_naive,sifilis,12,origin_201912,3518701,251,0.0,0.0
seasonal_naive,sifilis,12,origin_201912,3518800,251,14.0,8.0
seasonal_naive,sifilis,12,origin_201912,3522208,251,0.0,0.0
seasonal_naive,sifilis,12,origin_201912,3525904,251,4.0,1.0
seasonal_naive,sifilis,12,origin_201912,3529401,251,0.0,0.0
seasonal_naive,sifilis,12,origin_201912,3534401,251,3.0,14.0
seasonal_naive,sifilis,12,origin_201912,3536505,251,0.0,0.0
seasonal_naive,sifilis,12,origin_201912,3541000,251,12.0,6.0
seasonal_naive,sifilis,12,origin_201912,3543402,251,2.0,3.0
seasonal_naive,sifilis,12,origin_201912,3547809,251,2.0,1.0
seasonal_naive,sifilis,12,origin_201912,3548500,251,4.0,10.0
seasonal_naive,sifilis,12,origin_201912,3548708,251,1.0,2.0
seasonal_naive,sifilis,12,origin_201912,3549805,251,0.0,3.0
seasonal_naive,sifilis,12,origin_201912,3549904,251,5.0,11.0
seasonal_naive,sifilis,12,origin_201912,3550308,251,89.0,64.0
seasonal_naive,sifilis,12,origin_201912,3551009,251,8.0,13.0
seasonal_naive,sifilis,12,origin_201912,3552205,251,3.0,6.0
seasonal_naive,sifilis,12,origin_201912,3554102,251,0.0,0.0
seasonal_ma3,sifilis,12,origin_201912,3505708,251,5.0,2.0
seasonal_ma3,sifilis,12,origin_201912,3506003,251,0.0,0.6666666865348816
seasonal_ma3,sifilis,12,origin_201912,3509502,251,2.0,3.0
seasonal_ma3,sifilis,12,origin_201912,3510609,251,1.0,3.3333332538604736
seasonal_ma3,sifilis,12,origin_201912,3513801,251,3.0,4.666666507720947
seasonal_ma3,sifilis,12,origin_201912,3518701,251,0.0,0.0
seasonal_ma3,sifilis,12,origin_201912,3518800,251,14.0,8.333333015441895
seasonal_ma3,sifilis,12,origin_201912,3522208,251,0.0,0.3333333432674408
seasonal_ma3,sifilis,12,origin_201912,3525904,251,4.0,1.0
seasonal_ma3,sifilis,12,origin_201912,3529401,251,0.0,0.6666666865348816
seasonal_ma3,sifilis,12,origin_201912,3534401,251,3.0,9.666666984558105
seasonal_ma3,sifilis,12,origin_201912,3536505,251,0.0,0.3333333432674408
seasonal_ma3,sifilis,12,origin_201912,3541000,251,12.0,3.6666667461395264
seasonal_ma3,sifilis,12,origin_201912,3543402,251,2.0,1.6666666269302368
seasonal_ma3,sifilis,12,origin_201912,3547809,251,2.0,3.6666667461395264
seasonal_ma3,sifilis,12,origin_201912,3548500,251,4.0,5.333333492279053
seasonal_ma3,sifilis,12,origin_201912,3548708,251,1.0,2.3333332538604736
seasonal_ma3,sifilis,12,origin_201912,3549805,251,0.0,2.0
seasonal_ma3,sifilis,12,origin_201912,3549904,251,5.0,7.666666507720947
seasonal_ma3,sifilis,12,origin_201912,3550308,251,89.0,56.0
seasonal_ma3,sifilis,12,origin_201912,3551009,251,8.0,5.333333492279053
seasonal_ma3,sifilis,12,origin_201912,3552205,251,3.0,3.6666667461395264
seasonal_ma3,sifilis,12,origin_201912,3554102,251,0.0,0.6666666865348816
sarima,sifilis,12,origin_201912,3505708,251,5.0,1.5379592180252075
sarima,sifilis,12,origin_201912,3506003,251,0.0,0.559358537197113
sarima,sifilis,12,origin_201912,3509502,251,2.0,2.9379472732543945
sarima,sifilis,12,origin_201912,3510609,251,1.0,1.0943529605865479
sarima,sifilis,12,origin_201912,3513801,251,3.0,5.742427825927734
sarima,sifilis,12,origin_201912,3518701,251,0.0,0.5920616388320923
sarima,sifilis,12,origin_201912,3518800,251,14.0,10.513219833374023
sarima,sifilis,12,origin_201912,3522208,251,0.0,0.4906262755393982
sarima,sifilis,12,origin_201912,3525904,251,4.0,1.7148962020874023
sarima,sifilis,12,origin_201912,3529401,251,0.0,0.40794411301612854
sarima,sifilis,12,origin_201912,3534401,251,3.0,10.88455581665039
sarima,sifilis,12,origin_201912,3536505,251,0.0,0.13226009905338287
sarima,sifilis,12,origin_201912,3541000,251,12.0,5.398731231689453
sarima,sifilis,12,origin_201912,3543402,251,2.0,2.2940943241119385
sarima,sifilis,12,origin_201912,3547809,251,2.0,4.895852088928223
sarima,sifilis,12,origin_201912,3548500,251,4.0,6.486412525177002
sarima,sifilis,12,origin_201912,3548708,251,1.0,1.170555591583252
sarima,sifilis,12,origin_201912,3549805,251,0.0,1.542884111404419
sarima,sifilis,12,origin_201912,3549904,251,5.0,7.655551910400391
sarima,sifilis,12,origin_201912,3550308,251,89.0,58.83026885986328
sarima,sifilis,12,origin_201912,3551009,251,8.0,12.440763473510742
sarima,sifilis,12,origin_201912,3552205,251,3.0,2.6331369876861572
sarima,sifilis,12,origin_201912,3554102,251,0.0,0.497567743062973
lgbm,sifilis,12,origin_201912,3505708,251,5.0,1.3870531112337594
lgbm,sifilis,12,origin_201912,3506003,251,0.0,0.9939981284391636
lgbm,sifilis,12,origin_201912,3509502,251,2.0,2.7580258708037633
lgbm,sifilis,12,origin_201912,3510609,251,1.0,1.1131433186264166
lgbm,sifilis,12,origin_201912,3513801,251,3.0,4.809629929008091
lgbm,sifilis,12,origin_201912,3518701,251,0.0,0.25889841969457655
lgbm,sifilis,12,origin_201912,3518800,251,14.0,9.29332928608879
lgbm,sifilis,12,origin_201912,3522208,251,0.0,0.27113269089101044
lgbm,sifilis,12,origin_201912,3525904,251,4.0,1.2490271379585194
lgbm,sifilis,12,origin_201912,3529401,251,0.0,0.21907674506759922
lgbm,sifilis,12,origin_201912,3534401,251,3.0,6.533918710229716
lgbm,sifilis,12,origin_201912,3536505,251,0.0,0.12664124746399372
lgbm,sifilis,12,origin_201912,3541000,251,12.0,3.8880198900604106
lgbm,sifilis,12,origin_201912,3543402,251,2.0,2.258873553326169
lgbm,sifilis,12,origin_201912,3547809,251,2.0,4.777109271066916
lgbm,sifilis,12,origin_201912,3548500,251,4.0,4.265893685167726
lgbm,sifilis,12,origin_201912,3548708,251,1.0,1.1178239831387298
lgbm,sifilis,12,origin_201912,3549805,251,0.0,1.478474966775712
lgbm,sifilis,12,origin_201912,3549904,251,5.0,5.892083828796414
lgbm,sifilis,12,origin_201912,3550308,251,89.0,51.29724429430446
lgbm,sifilis,12,origin_201912,3551009,251,8.0,3.628367897697958
lgbm,sifilis,12,origin_201912,3552205,251,3.0,1.9854207945687927
lgbm,sifilis,12,origin_201912,3554102,251,0.0,0.23773911362148045
catboost,sifilis,12,origin_201912,3505708,251,5.0,1.9063839140596754
catboost,sifilis,12,origin_201912,3506003,251,0.0,0.8144205279942711
catboost,sifilis,12,origin_201912,3509502,251,2.0,2.658528458410847
catboost,sifilis,12,origin_201912,3510609,251,1.0,0.9635281746556279
catboost,sifilis,12,origin_201912,3513801,251,3.0,3.908612272562085
catboost,sifilis,12,origin_201912,3518701,251,0.0,0.3914268925045462
catboost,sifilis,12,origin_201912,3518800,251,14.0,8.258484374801544
catboost,sifilis,12,origin_201912,3522208,251,0.0,0.3413600145827384
catboost,sifilis,12,origin_201912,3525904,251,4.0,1.6388769327165007
catboost,sifilis,12,origin_201912,3529401,251,0.0,0.3742729952643157
catboost,sifilis,12,origin_201912,3534401,251,3.0,8.161376900739501
catboost,sifilis,12,origin_201912,3536505,251,0.0,0.16122109465134124
catboost,sifilis,12,origin_201912,3541000,251,12.0,3.3475086515902968
catboost,sifilis,12,origin_201912,3543402,251,2.0,1.5730848683369731
catboost,sifilis,12,origin_201912,3547809,251,2.0,4.375107278591452
catboost,sifilis,12,origin_201912,3548500,251,4.0,4.560584471872612
catboost,sifilis,12,origin_201912,3548708,251,1.0,1.8031937599534213
catboost,sifilis,12,origin_201912,3549805,251,0.0,1.3056008574805675
catboost,sifilis,12,origin_201912,3549904,251,5.0,6.2095161163793575
catboost,sifilis,12,origin_201912,3550308,251,89.0,46.39796881179189
catboost,sifilis,12,origin_201912,3551009,251,8.0,3.5730036766384785
catboost,sifilis,12,origin_201912,3552205,251,3.0,2.5055889805562717
catboost,sifilis,12,origin_201912,3554102,251,0.0,0.37107604430643076
xgboost,sifilis,12,origin_201912,3505708,251,5.0,1.5531193017959595
xgboost,sifilis,12,origin_201912,3506003,251,0.0,0.6538740992546082
xgboost,sifilis,12,origin_201912,3509502,251,2.0,2.5589640140533447
xgboost,sifilis,12,origin_201912,3510609,251,1.0,1.0684734582901
xgboost,sifilis,12,origin_201912,3513801,251,3.0,4.694516181945801
xgboost,sifilis,12,origin_201912,3518701,251,0.0,0.2373092621564865
xgboost,sifilis,12,origin_201912,3518800,251,14.0,10.428430557250977
xgboost,sifilis,12,origin_201912,3522208,251,0.0,0.33810314536094666
xgboost,sifilis,12,origin_201912,3525904,251,4.0,1.4334603548049927
xgboost,sifilis,12,origin_201912,3529401,251,0.0,0.2504236400127411
xgboost,sifilis,12,origin_201912,3534401,251,3.0,6.393181324005127
xgboost,sifilis,12,origin_201912,3536505,251,0.0,0.2087995409965515
xgboost,sifilis,12,origin_201912,3541000,251,12.0,3.2001688480377197
xgboost,sifilis,12,origin_201912,3543402,251,2.0,2.1156022548675537
xgboost,sifilis,12,origin_201912,3547809,251,2.0,5.1024932861328125
xgboost,sifilis,12,origin_201912,3548500,251,4.0,5.591457366943359
xgboost,sifilis,12,origin_201912,3548708,251,1.0,1.141911506652832
xgboost,sifilis,12,origin_201912,3549805,251,0.0,1.3750171661376953
xgboost,sifilis,12,origin_201912,3549904,251,5.0,6.750214576721191
xgboost,sifilis,12,origin_201912,3550308,251,89.0,46.909183502197266
xgboost,sifilis,12,origin_201912,3551009,251,8.0,2.9412970542907715
xgboost,sifilis,12,origin_201912,3552205,251,3.0,2.048532724380493
xgboost,sifilis,12,origin_201912,3554102,251,0.0,0.29160210490226746
prophet,sifilis,12,origin_201912,3505708,251,5.0,1.171155548438705
prophet,sifilis,12,origin_201912,3506003,251,0.0,0.5728153880138485
prophet,sifilis,12,origin_201912,3509502,251,2.0,3.6382822692158268
prophet,sifilis,12,origin_201912,3510609,251,1.0,2.6812673271892318
prophet,sifilis,12,origin_201912,3513801,251,3.0,4.264577928737309
prophet,sifilis,12,origin_201912,3518701,251,0.0,0.11491031004342114
prophet,sifilis,12,origin_201912,3518800,251,14.0,9.388124395816297
prophet,sifilis,12,origin_201912,3522208,251,0.0,0.379540302907517
prophet,sifilis,12,origin_201912,3525904,251,4.0,1.4847645021060276
prophet,sifilis,12,origin_201912,3529401,251,0.0,0.4289559632056154
prophet,sifilis,12,origin_201912,3534401,251,3.0,11.146306222929205
prophet,sifilis,12,origin_201912,3536505,251,0.0,0.3144547703320054
prophet,sifilis,12,origin_201912,3541000,251,12.0,4.762788498612917
prophet,sifilis,12,origin_201912,3543402,251,2.0,3.5578840738443627
prophet,sifilis,12,origin_201912,3547809,251,2.0,5.315926321388472
prophet,sifilis,12,origin_201912,3548500,251,4.0,5.112844419449696
prophet,sifilis,12,origin_201912,3548708,251,1.0,1.2894495192763438
prophet,sifilis,12,origin_201912,3549805,251,0.0,2.794450151686929
prophet,sifilis,12,origin_201912,3549904,251,5.0,6.279667299960414
prophet,sifilis,12,origin_201912,3550308,251,89.0,63.706474470407755
prophet,sifilis,12,origin_201912,3551009,251,8.0,2.8916468746400272
prophet,sifilis,12,origin_201912,3552205,251,3.0,2.8914812339750835
prophet,sifilis,12,origin_201912,3554102,251,0.0,0.5325870354375495
seasonal_naive,sifilis,1,origin_202012,3505708,252,4.0,5.0
seasonal_naive,sifilis,1,origin_202012,3506003,252,3.0,2.0
seasonal_naive,sifilis,1,origin_202012,3509502,252,0.0,3.0
seasonal_naive,sifilis,1,origin_202012,3510609,252,0.0,0.0
seasonal_naive,sifilis,1,origin_202012,3513801,252,0.0,12.0
seasonal_naive,sifilis,1,origin_202012,3518701,252,3.0,1.0
seasonal_naive,sifilis,1,origin_202012,3518800,252,14.0,13.0
seasonal_naive,sifilis,1,origin_202012,3522208,252,2.0,0.0
seasonal_naive,sifilis,1,origin_202012,3525904,252,1.0,6.0
seasonal_naive,sifilis,1,origin_202012,3529401,252,0.0,0.0
seasonal_naive,sifilis,1,origin_202012,3534401,252,17.0,10.0
seasonal_naive,sifilis,1,origin_202012,3536505,252,0.0,1.0
seasonal_naive,sifilis,1,origin_202012,3541000,252,12.0,5.0
seasonal_naive,sifilis,1,origin_202012,3543402,252,5.0,2.0
seasonal_naive,sifilis,1,origin_202012,3547809,252,9.0,9.0
seasonal_naive,sifilis,1,origin_202012,3548500,252,8.0,6.0
seasonal_naive,sifilis,1,origin_202012,3548708,252,1.0,2.0
seasonal_naive,sifilis,1,origin_202012,3549805,252,0.0,1.0
seasonal_naive,sifilis,1,origin_202012,3549904,252,8.0,7.0
seasonal_naive,sifilis,1,origin_202012,3550308,252,79.0,92.0
seasonal_naive,sifilis,1,origin_202012,3551009,252,6.0,15.0
seasonal_naive,sifilis,1,origin_202012,3552205,252,0.0,1.0
seasonal_naive,sifilis,1,origin_202012,3554102,252,0.0,0.0
seasonal_ma3,sifilis,1,origin_202012,3505708,252,4.0,2.0
seasonal_ma3,sifilis,1,origin_202012,3506003,252,3.0,1.0
seasonal_ma3,sifilis,1,origin_202012,3509502,252,0.0,4.333333492279053
seasonal_ma3,sifilis,1,origin_202012,3510609,252,0.0,1.0
seasonal_ma3,sifilis,1,origin_202012,3513801,252,0.0,8.666666984558105
seasonal_ma3,sifilis,1,origin_202012,3518701,252,3.0,0.3333333432674408
seasonal_ma3,sifilis,1,origin_202012,3518800,252,14.0,12.0
seasonal_ma3,sifilis,1,origin_202012,3522208,252,2.0,0.0
seasonal_ma3,sifilis,1,origin_202012,3525904,252,1.0,3.6666667461395264
seasonal_ma3,sifilis,1,origin_202012,3529401,252,0.0,0.6666666865348816
seasonal_ma3,sifilis,1,origin_202012,3534401,252,17.0,9.0
seasonal_ma3,sifilis,1,origin_202012,3536505,252,0.0,0.3333333432674408
seasonal_ma3,sifilis,1,origin_202012,3541000,252,12.0,5.333333492279053
seasonal_ma3,sifilis,1,origin_202012,3543402,252,5.0,5.0
seasonal_ma3,sifilis,1,origin_202012,3547809,252,9.0,5.666666507720947
seasonal_ma3,sifilis,1,origin_202012,3548500,252,8.0,4.333333492279053
seasonal_ma3,sifilis,1,origin_202012,3548708,252,1.0,1.6666666269302368
seasonal_ma3,sifilis,1,origin_202012,3549805,252,0.0,1.6666666269302368
seasonal_ma3,sifilis,1,origin_202012,3549904,252,8.0,4.333333492279053
seasonal_ma3,sifilis,1,origin_202012,3550308,252,79.0,78.66666412353516
seasonal_ma3,sifilis,1,origin_202012,3551009,252,6.0,6.333333492279053
seasonal_ma3,sifilis,1,origin_202012,3552205,252,0.0,1.6666666269302368
seasonal_ma3,sifilis,1,origin_202012,3554102,252,0.0,0.0
sarima,sifilis,1,origin_202012,3505708,252,4.0,3.029249429702759
sarima,sifilis,1,origin_202012,3506003,252,3.0,2.269169569015503
sarima,sifilis,1,origin_202012,3509502,252,0.0,2.2358694076538086
sarima,sifilis,1,origin_202012,3510609,252,0.0,1.5504122972488403
sarima,sifilis,1,origin_202012,3513801,252,0.0,4.933147430419922
sarima,sifilis,1,origin_202012,3518701,252,3.0,0.7525779008865356
sarima,sifilis,1,origin_202012,3518800,252,14.0,15.054408073425293
sarima,sifilis,1,origin_202012,3522208,252,2.0,0.3310052156448364
sarima,sifilis,1,origin_202012,3525904,252,1.0,2.4126574993133545
sarima,sifilis,1,origin_202012,3529401,252,0.0,0.59312903881073
sarima,sifilis,1,origin_202012,3534401,252,17.0,8.51187801361084
sarima,sifilis,1,origin_202012,3536505,252,0.0,0.10110623389482498
sarima,sifilis,1,origin_202012,3541000,252,12.0,8.822250366210938
sarima,sifilis,1,origin_202012,3543402,252,5.0,2.9028244018554688
sarima,sifilis,1,origin_202012,3547809,252,9.0,6.472866535186768
sarima,sifilis,1,origin_202012,3548500,252,8.0,4.564565658569336
sarima,sifilis,1,origin_202012,3548708,252,1.0,1.7462804317474365
sarima,sifilis,1,origin_202012,3549805,252,0.0,0.9399222731590271
sarima,sifilis,1,origin_202012,3549904,252,8.0,6.12470817565918
sarima,sifilis,1,origin_202012,3550308,252,79.0,80.5802993774414
sarima,sifilis,1,origin_202012,3551009,252,6.0,6.3486127853393555
sarima,sifilis,1,origin_202012,3552205,252,0.0,1.910362720489502
sarima,sifilis,1,origin_202012,3554102,252,0.0,0.3818526566028595
lgbm,sifilis,1,origin_202012,3505708,252,4.0,2.766388099655467
lgbm,sifilis,1,origin_202012,3506003,252,3.0,2.4604172988280224
lgbm,sifilis,1,origin_202012,3509502,252,0.0,1.916608525618089
lgbm,sifilis,1,origin_202012,3510609,252,0.0,1.546141647347949
lgbm,sifilis,1,origin_202012,3513801,252,0.0,4.733461770322794
lgbm,sifilis,1,origin_202012,3518701,252,3.0,0.35212295454020714
lgbm,sifilis,1,origin_202012,3518800,252,14.0,14.346416757178867
lgbm,sifilis,1,origin_202012,3522208,252,2.0,0.21126125350247027
lgbm,sifilis,1,origin_202012,3525904,252,1.0,2.3192140871229743
lgbm,sifilis,1,origin_202012,3529401,252,0.0,0.4522129074459431
lgbm,sifilis,1,origin_202012,3534401,252,17.0,9.568629864791493
lgbm,sifilis,1,origin_202012,3536505,252,0.0,0.10692440548252377
lgbm,sifilis,1,origin_202012,3541000,252,12.0,10.197823555640861
lgbm,sifilis,1,origin_202012,3543402,252,5.0,3.045950574020454
lgbm,sifilis,1,origin_202012,3547809,252,9.0,4.443240903704086
lgbm,sifilis,1,origin_202012,3548500,252,8.0,4.000332833379998
lgbm,sifilis,1,origin_202012,3548708,252,1.0,1.7478915536742152
lgbm,sifilis,1,origin_202012,3549805,252,0.0,1.3796470568788328
lgbm,sifilis,1,origin_202012,3549904,252,8.0,6.027812917563295
lgbm,sifilis,1,origin_202012,3550308,252,79.0,84.49361882160792
lgbm,sifilis,1,origin_202012,3551009,252,6.0,8.944731852076414
lgbm,sifilis,1,origin_202012,3552205,252,0.0,1.735960145582571
lgbm,sifilis,1,origin_202012,3554102,252,0.0,0.17345892864317417
catboost,sifilis,1,origin_202012,3505708,252,4.0,2.509495122249775
catboost,sifilis,1,origin_202012,3506003,252,3.0,2.5578994831711657
catboost,sifilis,1,origin_202012,3509502,252,0.0,2.260733664284184
catboost,sifilis,1,origin_202012,3510609,252,0.0,2.8248590499728246
catboost,sifilis,1,origin_202012,3513801,252,0.0,4.812229633688922
catboost,sifilis,1,origin_202012,3518701,252,3.0,0.48756137882757505
catboost,sifilis,1,origin_202012,3518800,252,14.0,14.834184595617282
catboost,sifilis,1,origin_202012,3522208,252,2.0,0.285632210483474
catboost,sifilis,1,origin_202012,3525904,252,1.0,2.2500907144217392
catboost,sifilis,1,origin_202012,3529401,252,0.0,0.5706349432811572
catboost,sifilis,1,origin_202012,3534401,252,17.0,8.284945887812823
catboost,sifilis,1,origin_202012,3536505,252,0.0,0.18828823135731604
catboost,sifilis,1,origin_202012,3541000,252,12.0,11.008327921976296
catboost,sifilis,1,origin_202012,3543402,252,5.0,2.88027709549488
catboost,sifilis,1,origin_202012,3547809,252,9.0,4.854620764873182
catboost,sifilis,1,origin_202012,3548500,252,8.0,4.446218954101615
catboost,sifilis,1,origin_202012,3548708,252,1.0,1.7480066577845887
catboost,sifilis,1,origin_202012,3549805,252,0.0,1.5363153401239293
catboost,sifilis,1,origin_202012,3549904,252,8.0,5.960452262679204
catboost,sifilis,1,origin_202012,3550308,252,79.0,84.92598894308736
catboost,sifilis,1,origin_202012,3551009,252,6.0,8.746946140830296
catboost,sifilis,1,origin_202012,3552205,252,0.0,1.4780025908583745
catboost,sifilis,1,origin_202012,3554102,252,0.0,0.21293138866102884
xgboost,sifilis,1,origin_202012,3505708,252,4.0,3.445751667022705
xgboost,sifilis,1,origin_202012,3506003,252,3.0,2.5571534633636475
xgboost,sifilis,1,origin_202012,3509502,252,0.0,2.905724048614502
xgboost,sifilis,1,origin_202012,3510609,252,0.0,1.4261491298675537
xgboost,sifilis,1,origin_202012,3513801,252,0.0,5.642486572265625
xgboost,sifilis,1,origin_202012,3518701,252,3.0,0.30850186944007874
xgboost,sifilis,1,origin_202012,3518800,252,14.0,14.409509658813477
xgboost,sifilis,1,origin_202012,3522208,252,2.0,0.25296643376350403
xgboost,sifilis,1,origin_202012,3525904,252,1.0,2.526738166809082
xgboost,sifilis,1,origin_202012,3529401,252,0.0,0.39197203516960144
xgboost,sifilis,1,origin_202012,3534401,252,17.0,10.579992294311523
xgboost,sifilis,1,origin_202012,3536505,252,0.0,0.0982040986418724
xgboost,sifilis,1,origin_202012,3541000,252,12.0,9.343987464904785
xgboost,sifilis,1,origin_202012,3543402,252,5.0,3.0382332801818848
xgboost,sifilis,1,origin_202012,3547809,252,9.0,4.797391891479492
xgboost,sifilis,1,origin_202012,3548500,252,8.0,4.454733371734619
xgboost,sifilis,1,origin_202012,3548708,252,1.0,1.7925686836242676
xgboost,sifilis,1,origin_202012,3549805,252,0.0,1.2964980602264404
xgboost,sifilis,1,origin_202012,3549904,252,8.0,6.192717552185059
xgboost,sifilis,1,origin_202012,3550308,252,79.0,81.32533264160156
xgboost,sifilis,1,origin_202012,3551009,252,6.0,8.32681941986084
xgboost,sifilis,1,origin_202012,3552205,252,0.0,1.5312467813491821
xgboost,sifilis,1,origin_202012,3554102,252,0.0,0.17788805067539215
prophet,sifilis,1,origin_202012,3505708,252,4.0,1.9016515195667878
prophet,sifilis,1,origin_202012,3506003,252,3.0,1.2022747249179915
prophet,sifilis,1,origin_202012,3509502,252,0.0,3.5734396959276076
prophet,sifilis,1,origin_202012,3510609,252,0.0,1.959413878546127
prophet,sifilis,1,origin_202012,3513801,252,0.0,4.337128559242595
prophet,sifilis,1,origin_202012,3518701,252,3.0,0.4924687790675156
prophet,sifilis,1,origin_202012,3518800,252,14.0,14.670055122428264
prophet,sifilis,1,origin_202012,3522208,252,2.0,0.3434410660468062
prophet,sifilis,1,origin_202012,3525904,252,1.0,2.329610268828752
prophet,sifilis,1,origin_202012,3529401,252,0.0,0.4508222060865035
prophet,sifilis,1,origin_202012,3534401,252,17.0,12.620230196802085
prophet,sifilis,1,origin_202012,3536505,252,0.0,0.15761271280161743
prophet,sifilis,1,origin_202012,3541000,252,12.0,6.822562902453432
prophet,sifilis,1,origin_202012,3543402,252,5.0,3.612246231628087
prophet,sifilis,1,origin_202012,3547809,252,9.0,5.491114801918001
prophet,sifilis,1,origin_202012,3548500,252,8.0,5.731569946471338
prophet,sifilis,1,origin_202012,3548708,252,1.0,1.2890502032990736
prophet,sifilis,1,origin_202012,3549805,252,0.0,2.5386552387633037
prophet,sifilis,1,origin_202012,3549904,252,8.0,5.839791849738154
prophet,sifilis,1,origin_202012,3550308,252,79.0,73.15059174586375
prophet,sifilis,1,origin_202012,3551009,252,6.0,6.714669090837122
prophet,sifilis,1,origin_202012,3552205,252,0.0,2.243579911884957
prophet,sifilis,1,origin_202012,3554102,252,0.0,0.23046538566380403
seasonal_naive,sifilis,3,origin_202012,3505708,254,1.0,2.0
seasonal_naive,sifilis,3,origin_202012,3506003,254,1.0,0.0
seasonal_naive,sifilis,3,origin_202012,3509502,254,5.0,3.0
seasonal_naive,sifilis,3,origin_202012,3510609,254,1.0,4.0
seasonal_naive,sifilis,3,origin_202012,3513801,254,5.0,11.0
seasonal_naive,sifilis,3,origin_202012,3518701,254,2.0,1.0
seasonal_naive,sifilis,3,origin_202012,3518800,254,15.0,6.0
seasonal_naive,sifilis,3,origin_202012,3522208,254,0.0,0.0
seasonal_naive,sifilis,3,origin_202012,3525904,254,3.0,6.0
seasonal_naive,sifilis,3,origin_202012,3529401,254,0.0,1.0
seasonal_naive,sifilis,3,origin_202012,3534401,254,6.0,18.0
seasonal_naive,sifilis,3,origin_202012,3536505,254,0.0,0.0
seasonal_naive,sifilis,3,origin_202012,3541000,254,7.0,9.0
seasonal_naive,sifilis,3,origin_202012,3543402,254,5.0,0.0
seasonal_naive,sifilis,3,origin_202012,3547809,254,1.0,5.0
seasonal_naive,sifilis,3,origin_202012,3548500,254,2.0,4.0
seasonal_naive,sifilis,3,origin_202012,3548708,254,3.0,3.0
seasonal_naive,sifilis,3,origin_202012,3549805,254,1.0,0.0
seasonal_naive,sifilis,3,origin_202012,3549904,254,4.0,5.0
seasonal_naive,sifilis,3,origin_202012,3550308,254,71.0,96.0
seasonal_naive,sifilis,3,origin_202012,3551009,254,6.0,3.0
seasonal_naive,sifilis,3,origin_202012,3552205,254,1.0,0.0
seasonal_naive,sifilis,3,origin_202012,3554102,254,1.0,0.0
seasonal_ma3,sifilis,3,origin_202012,3505708,254,1.0,2.0
seasonal_ma3,sifilis,3,origin_202012,3506003,254,1.0,0.0
seasonal_ma3,sifilis,3,origin_202012,3509502,254,5.0,3.3333332538604736
seasonal_ma3,sifilis,3,origin_202012,3510609,254,1.0,1.6666666269302368
seasonal_ma3,sifilis,3,origin_202012,3513801,254,5.0,6.333333492279053
seasonal_ma3,sifilis,3,origin_202012,3518701,254,2.0,0.6666666865348816
seasonal_ma3,sifilis,3,origin_202012,3518800,254,15.0,10.666666984558105
seasonal_ma3,sifilis,3,origin_202012,3522208,254,0.0,1.0
seasonal_ma3,sifilis,3,origin_202012,3525904,254,3.0,3.0
seasonal_ma3,sifilis,3,origin_202012,3529401,254,0.0,1.3333333730697632
seasonal_ma3,sifilis,3,origin_202012,3534401,254,6.0,12.666666984558105
seasonal_ma3,sifilis,3,origin_202012,3536505,254,0.0,0.0
seasonal_ma3,sifilis,3,origin_202012,3541000,254,7.0,8.333333015441895
seasonal_ma3,sifilis,3,origin_202012,3543402,254,5.0,1.3333333730697632
seasonal_ma3,sifilis,3,origin_202012,3547809,254,1.0,5.333333492279053
seasonal_ma3,sifilis,3,origin_202012,3548500,254,2.0,7.0
seasonal_ma3,sifilis,3,origin_202012,3548708,254,3.0,1.6666666269302368
seasonal_ma3,sifilis,3,origin_202012,3549805,254,1.0,1.6666666269302368
seasonal_ma3,sifilis,3,origin_202012,3549904,254,4.0,4.333333492279053
seasonal_ma3,sifilis,3,origin_202012,3550308,254,71.0,71.0
seasonal_ma3,sifilis,3,origin_202012,3551009,254,6.0,1.3333333730697632
seasonal_ma3,sifilis,3,origin_202012,3552205,254,1.0,2.3333332538604736
seasonal_ma3,sifilis,3,origin_202012,3554102,254,1.0,0.0
sarima,sifilis,3,origin_202012,3505708,254,1.0,3.051759719848633
sarima,sifilis,3,origin_202012,3506003,254,1.0,2.269169569015503
sarima,sifilis,3,origin_202012,3509502,254,5.0,2.5367043018341064
sarima,sifilis,3,origin_202012,3510609,254,1.0,1.7340867519378662
sarima,sifilis,3,origin_202012,3513801,254,5.0,4.933147430419922
sarima,sifilis,3,origin_202012,3518701,254,2.0,0.6443204879760742
sarima,sifilis,3,origin_202012,3518800,254,15.0,15.193302154541016
sarima,sifilis,3,origin_202012,3522208,254,0.0,0.3310052156448364
sarima,sifilis,3,origin_202012,3525904,254,3.0,2.429936408996582
sarima,sifilis,3,origin_202012,3529401,254,0.0,0.59312903881073
sarima,sifilis,3,origin_202012,3534401,254,6.0,8.683987617492676
sarima,sifilis,3,origin_202012,3536505,254,0.0,0.11778803169727325
sarima,sifilis,3,origin_202012,3541000,254,7.0,9.338822364807129
sarima,sifilis,3,origin_202012,3543402,254,5.0,2.7442984580993652
sarima,sifilis,3,origin_202012,3547809,254,1.0,6.030197620391846
sarima,sifilis,3,origin_202012,3548500,254,2.0,4.564565658569336
sarima,sifilis,3,origin_202012,3548708,254,3.0,1.7462804317474365
sarima,sifilis,3,origin_202012,3549805,254,1.0,1.4220192432403564
sarima,sifilis,3,origin_202012,3549904,254,4.0,6.028897762298584
sarima,sifilis,3,origin_202012,3550308,254,71.0,81.09019470214844
sarima,sifilis,3,origin_202012,3551009,254,6.0,9.518321990966797
sarima,sifilis,3,origin_202012,3552205,254,1.0,2.0782690048217773
sarima,sifilis,3,origin_202012,3554102,254,1.0,0.4272519052028656
lgbm,sifilis,3,origin_202012,3505708,254,1.0,3.041971757384324
lgbm,sifilis,3,origin_202012,3506003,254,1.0,1.645432516726441
lgbm,sifilis,3,origin_202012,3509502,254,5.0,3.4595622588320487
lgbm,sifilis,3,origin_202012,3510609,254,1.0,1.237805130526959
lgbm,sifilis,3,origin_202012,3513801,254,5.0,4.3637683062441655
lgbm,sifilis,3,origin_202012,3518701,254,2.0,0.4399959034579553
lgbm,sifilis,3,origin_202012,3518800,254,15.0,15.200886894884604
lgbm,sifilis,3,origin_202012,3522208,254,0.0,0.35705435224786397
lgbm,sifilis,3,origin_202012,3525904,254,3.0,2.3981590295454156
lgbm,sifilis,3,origin_202012,3529401,254,0.0,0.5555321066814339
lgbm,sifilis,3,origin_202012,3534401,254,6.0,7.80556140061892
lgbm,sifilis,3,origin_202012,3536505,254,0.0,0.07744086693707153
lgbm,sifilis,3,origin_202012,3541000,254,7.0,11.40903373758909
lgbm,sifilis,3,origin_202012,3543402,254,5.0,2.8782317514649454
lgbm,sifilis,3,origin_202012,3547809,254,1.0,5.110890086769272
lgbm,sifilis,3,origin_202012,3548500,254,2.0,4.321101829964664
lgbm,sifilis,3,origin_202012,3548708,254,3.0,1.6326112794892271
lgbm,sifilis,3,origin_202012,3549805,254,1.0,1.5994519901915223
lgbm,sifilis,3,origin_202012,3549904,254,4.0,4.99963734935141
lgbm,sifilis,3,origin_202012,3550308,254,71.0,78.13794974339613
lgbm,sifilis,3,origin_202012,3551009,254,6.0,6.509995986925456
lgbm,sifilis,3,origin_202012,3552205,254,1.0,1.791547196021802
lgbm,sifilis,3,origin_202012,3554102,254,1.0,0.1812513231320347
catboost,sifilis,3,origin_202012,3505708,254,1.0,2.7197891048737497
catboost,sifilis,3,origin_202012,3506003,254,1.0,2.279096965684003
catboost,sifilis,3,origin_202012,3509502,254,5.0,2.9265779316792555
catboost,sifilis,3,origin_202012,3510609,254,1.0,1.5299885938336706
catboost,sifilis,3,origin_202012,3513801,254,5.0,3.7458976534296435
catboost,sifilis,3,origin_202012,3518701,254,2.0,0.6671378232597523
catboost,sifilis,3,origin_202012,3518800,254,15.0,14.670495041705115
catboost,sifilis,3,origin_202012,3522208,254,0.0,0.27758174698894
catboost,sifilis,3,origin_202012,3525904,254,3.0,2.057969311744376
catboost,sifilis,3,origin_202012,3529401,254,0.0,0.6697978935628057
catboost,sifilis,3,origin_202012,3534401,254,6.0,8.224455097571413
catboost,sifilis,3,origin_202012,3536505,254,0.0,0.17131112780485075
catboost,sifilis,3,origin_202012,3541000,254,7.0,12.35629405562558
catboost,sifilis,3,origin_202012,3543402,254,5.0,3.6990594592015724
catboost,sifilis,3,origin_202012,3547809,254,1.0,6.47688694044674
catboost,sifilis,3,origin_202012,3548500,254,2.0,4.815315934438209
catboost,sifilis,3,origin_202012,3548708,254,3.0,2.166824315931534
catboost,sifilis,3,origin_202012,3549805,254,1.0,1.7774645528774686
catboost,sifilis,3,origin_202012,3549904,254,4.0,5.016307388739646
catboost,sifilis,3,origin_202012,3550308,254,71.0,75.39888462884356
catboost,sifilis,3,origin_202012,3551009,254,6.0,6.192411956891033
catboost,sifilis,3,origin_202012,3552205,254,1.0,2.0249942510498276
catboost,sifilis,3,origin_202012,3554102,254,1.0,0.19029157578973407
xgboost,sifilis,3,origin_202012,3505708,254,1.0,2.94598650932312
xgboost,sifilis,3,origin_202012,3506003,254,1.0,1.706778645515442
xgboost,sifilis,3,origin_202012,3509502,254,5.0,3.306201457977295
xgboost,sifilis,3,origin_202012,3510609,254,1.0,1.0888971090316772
xgboost,sifilis,3,origin_202012,3513801,254,5.0,4.156213760375977
xgboost,sifilis,3,origin_202012,3518701,254,2.0,0.44511929154396057
xgboost,sifilis,3,origin_202012,3518800,254,15.0,15.638127326965332
xgboost,sifilis,3,origin_202012,3522208,254,0.0,0.3474843502044678
xgboost,sifilis,3,origin_202012,3525904,254,3.0,2.6484720706939697
xgboost,sifilis,3,origin_202012,3529401,254,0.0,0.6691573858261108
xgboost,sifilis,3,origin_202012,3534401,254,6.0,9.470778465270996
xgboost,sifilis,3,origin_202012,3536505,254,0.0,0.06728756427764893
xgboost,sifilis,3,origin_202012,3541000,254,7.0,9.744638442993164
xgboost,sifilis,3,origin_202012,3543402,254,5.0,2.591397285461426
xgboost,sifilis,3,origin_202012,3547809,254,1.0,6.12957239151001
xgboost,sifilis,3,origin_202012,3548500,254,2.0,4.583335876464844
xgboost,sifilis,3,origin_202012,3548708,254,3.0,1.6972455978393555
xgboost,sifilis,3,origin_202012,3549805,254,1.0,1.933583378791809
xgboost,sifilis,3,origin_202012,3549904,254,4.0,5.654559135437012
xgboost,sifilis,3,origin_202012,3550308,254,71.0,75.57147979736328
xgboost,sifilis,3,origin_202012,3551009,254,6.0,5.9882330894470215
xgboost,sifilis,3,origin_202012,3552205,254,1.0,1.6189918518066406
xgboost,sifilis,3,origin_202012,3554102,254,1.0,0.14869672060012817
prophet,sifilis,3,origin_202012,3505708,254,1.0,2.122706786600923
prophet,sifilis,3,origin_202012,3506003,254,1.0,0.9498092050014086
prophet,sifilis,3,origin_202012,3509502,254,5.0,4.056333644269452
prophet,sifilis,3,origin_202012,3510609,254,1.0,1.9189369735529769
prophet,sifilis,3,origin_202012,3513801,254,5.0,5.3204876890470745
prophet,sifilis,3,origin_202012,3518701,254,2.0,0.5420905160567391
prophet,sifilis,3,origin_202012,3518800,254,15.0,13.843420236055577
prophet,sifilis,3,origin_202012,3522208,254,0.0,0.5403893579788601
prophet,sifilis,3,origin_202012,3525904,254,3.0,2.5821464251714
prophet,sifilis,3,origin_202012,3529401,254,0.0,0.643276705893634
prophet,sifilis,3,origin_202012,3534401,254,6.0,12.182109527920908
prophet,sifilis,3,origin_202012,3536505,254,0.0,0.06047658364517648
prophet,sifilis,3,origin_202012,3541000,254,7.0,6.865966741735851
prophet,sifilis,3,origin_202012,3543402,254,5.0,3.1445862027293896
prophet,sifilis,3,origin_202012,3547809,254,1.0,6.37906421000981
prophet,sifilis,3,origin_202012,3548500,254,2.0,5.6935367177665315
prophet,sifilis,3,origin_202012,3548708,254,3.0,1.6355862622511599
prophet,sifilis,3,origin_202012,3549805,254,1.0,2.7312464623660806
prophet,sifilis,3,origin_202012,3549904,254,4.0,6.137894589515943
prophet,sifilis,3,origin_202012,3550308,254,71.0,75.4628851316463
prophet,sifilis,3,origin_202012,3551009,254,6.0,6.285519344711539
prophet,sifilis,3,origin_202012,3552205,254,1.0,2.0303350679211736
prophet,sifilis,3,origin_202012,3554102,254,1.0,0.4667990539777589
seasonal_naive,sifilis,6,origin_202012,3505708,257,3.0,5.0
seasonal_naive,sifilis,6,origin_202012,3506003,257,4.0,2.0
seasonal_naive,sifilis,6,origin_202012,3509502,257,3.0,5.0
seasonal_naive,sifilis,6,origin_202012,3510609,257,1.0,3.0
seasonal_naive,sifilis,6,origin_202012,3513801,257,6.0,3.0
seasonal_naive,sifilis,6,origin_202012,3518701,257,6.0,0.0
seasonal_naive,sifilis,6,origin_202012,3518800,257,9.0,11.0
seasonal_naive,sifilis,6,origin_202012,3522208,257,0.0,0.0
seasonal_naive,sifilis,6,origin_202012,3525904,257,0.0,2.0
seasonal_naive,sifilis,6,origin_202012,3529401,257,1.0,1.0
seasonal_naive,sifilis,6,origin_202012,3534401,257,6.0,15.0
seasonal_naive,sifilis,6,origin_202012,3536505,257,0.0,0.0
seasonal_naive,sifilis,6,origin_202012,3541000,257,14.0,8.0
seasonal_naive,sifilis,6,origin_202012,3543402,257,6.0,3.0
seasonal_naive,sifilis,6,origin_202012,3547809,257,7.0,11.0
seasonal_naive,sifilis,6,origin_202012,3548500,257,2.0,7.0
seasonal_naive,sifilis,6,origin_202012,3548708,257,5.0,0.0
seasonal_naive,sifilis,6,origin_202012,3549805,257,0.0,1.0
seasonal_naive,sifilis,6,origin_202012,3549904,257,5.0,4.0
seasonal_naive,sifilis,6,origin_202012,3550308,257,79.0,58.0
seasonal_naive,sifilis,6,origin_202012,3551009,257,7.0,8.0
seasonal_naive,sifilis,6,origin_202012,3552205,257,0.0,0.0
seasonal_naive,sifilis,6,origin_202012,3554102,257,0.0,0.0
seasonal_ma3,sifilis,6,origin_202012,3505708,257,3.0,2.0
seasonal_ma3,sifilis,6,origin_202012,3506003,257,4.0,2.0
seasonal_ma3,sifilis,6,origin_202012,3509502,257,3.0,2.6666667461395264
seasonal_ma3,sifilis,6,origin_202012,3510609,257,1.0,1.6666666269302368
seasonal_ma3,sifilis,6,origin_202012,3513801,257,6.0,5.666666507720947
seasonal_ma3,sifilis,6,origin_202012,3518701,257,6.0,0.0
seasonal_ma3,sifilis,6,origin_202012,3518800,257,9.0,12.666666984558105
seasonal_ma3,sifilis,6,origin_202012,3522208,257,0.0,0.0
seasonal_ma3,sifilis,6,origin_202012,3525904,257,0.0,4.0
seasonal_ma3,sifilis,6,origin_202012,3529401,257,1.0,1.0
seasonal_ma3,sifilis,6,origin_202012,3534401,257,6.0,10.333333015441895
seasonal_ma3,sifilis,6,origin_202012,3536505,257,0.0,0.0
seasonal_ma3,sifilis,6,origin_202012,3541000,257,14.0,5.0
seasonal_ma3,sifilis,6,origin_202012,3543402,257,6.0,2.6666667461395264
seasonal_ma3,sifilis,6,origin_202012,3547809,257,7.0,7.0
seasonal_ma3,sifilis,6,origin_202012,3548500,257,2.0,7.0
seasonal_ma3,sifilis,6,origin_202012,3548708,257,5.0,2.6666667461395264
seasonal_ma3,sifilis,6,origin_202012,3549805,257,0.0,1.6666666269302368
seasonal_ma3,sifilis,6,origin_202012,3549904,257,5.0,4.666666507720947
seasonal_ma3,sifilis,6,origin_202012,3550308,257,79.0,58.33333206176758
seasonal_ma3,sifilis,6,origin_202012,3551009,257,7.0,4.333333492279053
seasonal_ma3,sifilis,6,origin_202012,3552205,257,0.0,2.6666667461395264
seasonal_ma3,sifilis,6,origin_202012,3554102,257,0.0,0.0
sarima,sifilis,6,origin_202012,3505708,257,3.0,3.0855255126953125
sarima,sifilis,6,origin_202012,3506003,257,4.0,2.269169569015503
sarima,sifilis,6,origin_202012,3509502,257,3.0,2.7343666553497314
sarima,sifilis,6,origin_202012,3510609,257,1.0,1.7994130849838257
sarima,sifilis,6,origin_202012,3513801,257,6.0,4.933147430419922
sarima,sifilis,6,origin_202012,3518701,257,6.0,0.6443204879760742
sarima,sifilis,6,origin_202012,3518800,257,9.0,16.109302520751953
sarima,sifilis,6,origin_202012,3522208,257,0.0,0.3310052156448364
sarima,sifilis,6,origin_202012,3525904,257,0.0,2.4558544158935547
sarima,sifilis,6,origin_202012,3529401,257,1.0,0.59312903881073
sarima,sifilis,6,origin_202012,3534401,257,6.0,10.20036506652832
sarima,sifilis,6,origin_202012,3536505,257,0.0,0.1267814040184021
sarima,sifilis,6,origin_202012,3541000,257,14.0,9.462322235107422
sarima,sifilis,6,origin_202012,3543402,257,6.0,2.735567569732666
sarima,sifilis,6,origin_202012,3547809,257,7.0,6.090438365936279
sarima,sifilis,6,origin_202012,3548500,257,2.0,4.564565658569336
sarima,sifilis,6,origin_202012,3548708,257,5.0,1.7462804317474365
sarima,sifilis,6,origin_202012,3549805,257,0.0,1.2500509023666382
sarima,sifilis,6,origin_202012,3549904,257,5.0,6.091589450836182
sarima,sifilis,6,origin_202012,3550308,257,79.0,81.74312591552734
sarima,sifilis,6,origin_202012,3551009,257,7.0,8.259114265441895
sarima,sifilis,6,origin_202012,3552205,257,0.0,2.0782690048217773
sarima,sifilis,6,origin_202012,3554102,257,0.0,0.4320323169231415
lgbm,sifilis,6,origin_202012,3505708,257,3.0,2.507389453767913
lgbm,sifilis,6,origin_202012,3506003,257,4.0,2.390933124247123
lgbm,sifilis,6,origin_202012,3509502,257,3.0,2.0644180480001277
lgbm,sifilis,6,origin_202012,3510609,257,1.0,1.1151229084071765
lgbm,sifilis,6,origin_202012,3513801,257,6.0,5.7014859516224785
lgbm,sifilis,6,origin_202012,3518701,257,6.0,0.5465426170177697
lgbm,sifilis,6,origin_202012,3518800,257,9.0,15.728101209134485
lgbm,sifilis,6,origin_202012,3522208,257,0.0,0.25738508207101596
lgbm,sifilis,6,origin_202012,3525904,257,0.0,2.3047025041694478
lgbm,sifilis,6,origin_202012,3529401,257,1.0,0.6226577632838006
lgbm,sifilis,6,origin_202012,3534401,257,6.0,9.900822777492124
lgbm,sifilis,6,origin_202012,3536505,257,0.0,0.09590304951719797
lgbm,sifilis,6,origin_202012,3541000,257,14.0,9.229791040586184
lgbm,sifilis,6,origin_202012,3543402,257,6.0,2.611309292032325
lgbm,sifilis,6,origin_202012,3547809,257,7.0,6.190920172520412
lgbm,sifilis,6,origin_202012,3548500,257,2.0,5.024415463133259
lgbm,sifilis,6,origin_202012,3548708,257,5.0,1.602281715755212
lgbm,sifilis,6,origin_202012,3549805,257,0.0,1.2826666848270223
lgbm,sifilis,6,origin_202012,3549904,257,5.0,6.625248116979767
lgbm,sifilis,6,origin_202012,3550308,257,79.0,67.9741642135382
lgbm,sifilis,6,origin_202012,3551009,257,7.0,8.318978115794028
lgbm,sifilis,6,origin_202012,3552205,257,0.0,1.20256751212929
lgbm,sifilis,6,origin_202012,3554102,257,0.0,0.1389943095186089
catboost,sifilis,6,origin_202012,3505708,257,3.0,2.308157316804113
catboost,sifilis,6,origin_202012,3506003,257,4.0,2.5942915624560534
catboost,sifilis,6,origin_202012,3509502,257,3.0,1.83044966456881
catboost,sifilis,6,origin_202012,3510609,257,1.0,1.5789960608505458
catboost,sifilis,6,origin_202012,3513801,257,6.0,5.425078602190712
catboost,sifilis,6,origin_202012,3518701,257,6.0,0.6282835270529892
catboost,sifilis,6,origin_202012,3518800,257,9.0,14.078654239558919
catboost,sifilis,6,origin_202012,3522208,257,0.0,0.23414023601283596
catboost,sifilis,6,origin_202012,3525904,257,0.0,2.2410494307984616
catboost,sifilis,6,origin_202012,3529401,257,1.0,0.5000905551449252
catboost,sifilis,6,origin_202012,3534401,257,6.0,8.278538887388317
catboost,sifilis,6,origin_202012,3536505,257,0.0,0.18693407450671587
catboost,sifilis,6,origin_202012,3541000,257,14.0,11.145715059391046
catboost,sifilis,6,origin_202012,3543402,257,6.0,1.678136482979174
catboost,sifilis,6,origin_202012,3547809,257,7.0,5.2365194372670745
catboost,sifilis,6,origin_202012,3548500,257,2.0,3.8182109167899143
catboost,sifilis,6,origin_202012,3548708,257,5.0,1.5081044404433703
catboost,sifilis,6,origin_202012,3549805,257,0.0,1.2266505588384617
catboost,sifilis,6,origin_202012,3549904,257,5.0,7.275105692764475
catboost,sifilis,6,origin_202012,3550308,257,79.0,74.53921517805787
catboost,sifilis,6,origin_202012,3551009,257,7.0,11.232756726181995
catboost,sifilis,6,origin_202012,3552205,257,0.0,1.2367811037608707
catboost,sifilis,6,origin_202012,3554102,257,0.0,0.1922797221534057
xgboost,sifilis,6,origin_202012,3505708,257,3.0,3.093838691711426
xgboost,sifilis,6,origin_202012,3506003,257,4.0,2.1975598335266113
xgboost,sifilis,6,origin_202012,3509502,257,3.0,2.3148868083953857
xgboost,sifilis,6,origin_202012,3510609,257,1.0,1.4443562030792236
xgboost,sifilis,6,origin_202012,3513801,257,6.0,5.557402610778809
xgboost,sifilis,6,origin_202012,3518701,257,6.0,0.5736658573150635
xgboost,sifilis,6,origin_202012,3518800,257,9.0,17.531597137451172
xgboost,sifilis,6,origin_202012,3522208,257,0.0,0.29593783617019653
xgboost,sifilis,6,origin_202012,3525904,257,0.0,2.443135976791382
xgboost,sifilis,6,origin_202012,3529401,257,1.0,0.49400800466537476
xgboost,sifilis,6,origin_202012,3534401,257,6.0,8.031584739685059
xgboost,sifilis,6,origin_202012,3536505,257,0.0,0.08510545641183853
xgboost,sifilis,6,origin_202012,3541000,257,14.0,10.772412300109863
xgboost,sifilis,6,origin_202012,3543402,257,6.0,2.6519107818603516
xgboost,sifilis,6,origin_202012,3547809,257,7.0,7.045970439910889
xgboost,sifilis,6,origin_202012,3548500,257,2.0,4.692693710327148
xgboost,sifilis,6,origin_202012,3548708,257,5.0,1.6392136812210083
xgboost,sifilis,6,origin_202012,3549805,257,0.0,1.7581628561019897
xgboost,sifilis,6,origin_202012,3549904,257,5.0,6.571017742156982
xgboost,sifilis,6,origin_202012,3550308,257,79.0,78.55354309082031
xgboost,sifilis,6,origin_202012,3551009,257,7.0,7.83512544631958
xgboost,sifilis,6,origin_202012,3552205,257,0.0,1.7008267641067505
xgboost,sifilis,6,origin_202012,3554102,257,0.0,0.17832329869270325
prophet,sifilis,6,origin_202012,3505708,257,3.0,2.0827419966409857
prophet,sifilis,6,origin_202012,3506003,257,4.0,1.138518465215454
prophet,sifilis,6,origin_202012,3509502,257,3.0,4.366452264452612
prophet,sifilis,6,origin_202012,3510609,257,1.0,2.771491071347344
prophet,sifilis,6,origin_202012,3513801,257,6.0,5.181838753316658
prophet,sifilis,6,origin_202012,3518701,257,6.0,0.5322772826576792
prophet,sifilis,6,origin_202012,3518800,257,9.0,15.61818048225815
prophet,sifilis,6,origin_202012,3522208,257,0.0,0.35775002105520765
prophet,sifilis,6,origin_202012,3525904,257,0.0,2.7206773472844703
prophet,sifilis,6,origin_202012,3529401,257,1.0,0.5026870738354403
prophet,sifilis,6,origin_202012,3534401,257,6.0,12.317749753864955
prophet,sifilis,6,origin_202012,3536505,257,0.0,0.10981740952557861
prophet,sifilis,6,origin_202012,3541000,257,14.0,6.495723752477139
prophet,sifilis,6,origin_202012,3543402,257,6.0,3.3664697994016555
prophet,sifilis,6,origin_202012,3547809,257,7.0,6.099079392168799
prophet,sifilis,6,origin_202012,3548500,257,2.0,6.552298947040742
prophet,sifilis,6,origin_202012,3548708,257,5.0,1.546234005825097
prophet,sifilis,6,origin_202012,3549805,257,0.0,2.7645271533852727
prophet,sifilis,6,origin_202012,3549904,257,5.0,6.309879564985414
prophet,sifilis,6,origin_202012,3550308,257,79.0,73.69719638767909
prophet,sifilis,6,origin_202012,3551009,257,7.0,7.140591227272155
prophet,sifilis,6,origin_202012,3552205,257,0.0,2.3178330305235946
prophet,sifilis,6,origin_202012,3554102,257,0.0,0.3273428103713747
seasonal_naive,sifilis,12,origin_202012,3505708,263,5.0,5.0
seasonal_naive,sifilis,12,origin_202012,3506003,263,6.0,0.0
seasonal_naive,sifilis,12,origin_202012,3509502,263,1.0,2.0
seasonal_naive,sifilis,12,origin_202012,3510609,263,6.0,1.0
seasonal_naive,sifilis,12,origin_202012,3513801,263,6.0,3.0
seasonal_naive,sifilis,12,origin_202012,3518701,263,11.0,0.0
seasonal_naive,sifilis,12,origin_202012,3518800,263,10.0,14.0
seasonal_naive,sifilis,12,origin_202012,3522208,263,2.0,0.0
seasonal_naive,sifilis,12,origin_202012,3525904,263,2.0,4.0
seasonal_naive,sifilis,12,origin_202012,3529401,263,0.0,0.0
seasonal_naive,sifilis,12,origin_202012,3534401,263,15.0,3.0
seasonal_naive,sifilis,12,origin_202012,3536505,263,0.0,0.0
seasonal_naive,sifilis,12,origin_202012,3541000,263,10.0,12.0
seasonal_naive,sifilis,12,origin_202012,3543402,263,1.0,2.0
seasonal_naive,sifilis,12,origin_202012,3547809,263,2.0,2.0
seasonal_naive,sifilis,12,origin_202012,3548500,263,6.0,4.0
seasonal_naive,sifilis,12,origin_202012,3548708,263,1.0,1.0
seasonal_naive,sifilis,12,origin_202012,3549805,263,2.0,0.0
seasonal_naive,sifilis,12,origin_202012,3549904,263,2.0,5.0
seasonal_naive,sifilis,12,origin_202012,3550308,263,74.0,89.0
seasonal_naive,sifilis,12,origin_202012,3551009,263,4.0,8.0
seasonal_naive,sifilis,12,origin_202012,3552205,263,3.0,3.0
seasonal_naive,sifilis,12,origin_202012,3554102,263,0.0,0.0
seasonal_ma3,sifilis,12,origin_202012,3505708,263,5.0,3.3333332538604736
seasonal_ma3,sifilis,12,origin_202012,3506003,263,6.0,0.6666666865348816
seasonal_ma3,sifilis,12,origin_202012,3509502,263,1.0,1.6666666269302368
seasonal_ma3,sifilis,12,origin_202012,3510609,263,6.0,2.0
seasonal_ma3,sifilis,12,origin_202012,3513801,263,6.0,5.0
seasonal_ma3,sifilis,12,origin_202012,3518701,263,11.0,0.0
seasonal_ma3,sifilis,12,origin_202012,3518800,263,10.0,11.333333015441895
seasonal_ma3,sifilis,12,origin_202012,3522208,263,2.0,0.3333333432674408
seasonal_ma3,sifilis,12,origin_202012,3525904,263,2.0,2.3333332538604736
seasonal_ma3,sifilis,12,origin_202012,3529401,263,0.0,0.0
seasonal_ma3,sifilis,12,origin_202012,3534401,263,15.0,7.333333492279053
seasonal_ma3,sifilis,12,origin_202012,3536505,263,0.0,0.3333333432674408
seasonal_ma3,sifilis,12,origin_202012,3541000,263,10.0,7.0
seasonal_ma3,sifilis,12,origin_202012,3543402,263,1.0,2.0
seasonal_ma3,sifilis,12,origin_202012,3547809,263,2.0,3.0
seasonal_ma3,sifilis,12,origin_202012,3548500,263,6.0,6.0
seasonal_ma3,sifilis,12,origin_202012,3548708,263,1.0,1.6666666269302368
seasonal_ma3,sifilis,12,origin_202012,3549805,263,2.0,1.3333333730697632
seasonal_ma3,sifilis,12,origin_202012,3549904,263,2.0,7.333333492279053
seasonal_ma3,sifilis,12,origin_202012,3550308,263,74.0,63.33333206176758
seasonal_ma3,sifilis,12,origin_202012,3551009,263,4.0,7.333333492279053
seasonal_ma3,sifilis,12,origin_202012,3552205,263,3.0,3.3333332538604736
seasonal_ma3,sifilis,12,origin_202012,3554102,263,0.0,0.6666666865348816
sarima,sifilis,12,origin_202012,3505708,263,5.0,3.1530566215515137
sarima,sifilis,12,origin_202012,3506003,263,6.0,2.269169569015503
sarima,sifilis,12,origin_202012,3509502,263,1.0,2.83146071434021
sarima,sifilis,12,origin_202012,3510609,263,6.0,1.8137930631637573
sarima,sifilis,12,origin_202012,3513801,263,6.0,4.933147430419922
sarima,sifilis,12,origin_202012,3518701,263,11.0,0.6443204879760742
sarima,sifilis,12,origin_202012,3518800,263,10.0,15.919897079467773
sarima,sifilis,12,origin_202012,3522208,263,2.0,0.3310052156448364
sarima,sifilis,12,origin_202012,3525904,263,2.0,2.507690906524658
sarima,sifilis,12,origin_202012,3529401,263,0.0,0.59312903881073
sarima,sifilis,12,origin_202012,3534401,263,15.0,12.262066841125488
sarima,sifilis,12,origin_202012,3536505,263,0.0,0.13000823557376862
sarima,sifilis,12,origin_202012,3541000,263,10.0,9.684446334838867
sarima,sifilis,12,origin_202012,3543402,263,1.0,2.735668897628784
sarima,sifilis,12,origin_202012,3547809,263,2.0,6.22655725479126
sarima,sifilis,12,origin_202012,3548500,263,6.0,4.564565658569336
sarima,sifilis,12,origin_202012,3548708,263,1.0,1.7462804317474365
sarima,sifilis,12,origin_202012,3549805,263,2.0,1.2433934211730957
sarima,sifilis,12,origin_202012,3549904,263,2.0,6.2233381271362305
sarima,sifilis,12,origin_202012,3550308,263,74.0,83.04898834228516
sarima,sifilis,12,origin_202012,3551009,263,4.0,11.18807315826416
sarima,sifilis,12,origin_202012,3552205,263,3.0,1.574549913406372
sarima,sifilis,12,origin_202012,3554102,263,0.0,0.4407104551792145
lgbm,sifilis,12,origin_202012,3505708,263,5.0,2.664443401150797
lgbm,sifilis,12,origin_202012,3506003,263,6.0,2.666245929606011
lgbm,sifilis,12,origin_202012,3509502,263,1.0,2.396434834668892
lgbm,sifilis,12,origin_202012,3510609,263,6.0,1.4157984006560778
lgbm,sifilis,12,origin_202012,3513801,263,6.0,6.36856631851609
lgbm,sifilis,12,origin_202012,3518701,263,11.0,0.2258899005440298
lgbm,sifilis,12,origin_202012,3518800,263,10.0,15.361686712002225
lgbm,sifilis,12,origin_202012,3522208,263,2.0,0.19467922840560317
lgbm,sifilis,12,origin_202012,3525904,263,2.0,1.7816685636010359
lgbm,sifilis,12,origin_202012,3529401,263,0.0,0.32901839762776774
lgbm,sifilis,12,origin_202012,3534401,263,15.0,7.658680738367539
lgbm,sifilis,12,origin_202012,3536505,263,0.0,0.2102444467753569
lgbm,sifilis,12,origin_202012,3541000,263,10.0,7.734387758227616
lgbm,sifilis,12,origin_202012,3543402,263,1.0,2.920096881293375
lgbm,sifilis,12,origin_202012,3547809,263,2.0,5.076327317663138
lgbm,sifilis,12,origin_202012,3548500,263,6.0,4.319094176835909
lgbm,sifilis,12,origin_202012,3548708,263,1.0,1.4197334617854327
lgbm,sifilis,12,origin_202012,3549805,263,2.0,1.3734082410425765
lgbm,sifilis,12,origin_202012,3549904,263,2.0,4.876479330145319
lgbm,sifilis,12,origin_202012,3550308,263,74.0,56.2682787671499
lgbm,sifilis,12,origin_202012,3551009,263,4.0,6.789751779367963
lgbm,sifilis,12,origin_202012,3552205,263,3.0,1.096619553961612
lgbm,sifilis,12,origin_202012,3554102,263,0.0,0.2644980668828106
catboost,sifilis,12,origin_202012,3505708,263,5.0,3.6500679827112616
catboost,sifilis,12,origin_202012,3506003,263,6.0,2.135064933099845
catboost,sifilis,12,origin_202012,3509502,263,1.0,1.9869240654603988
catboost,sifilis,12,origin_202012,3510609,263,6.0,1.3513174228530487
catboost,sifilis,12,origin_202012,3513801,263,6.0,5.157570482229957
catboost,sifilis,12,origin_202012,3518701,263,11.0,0.4971282799066659
catboost,sifilis,12,origin_202012,3518800,263,10.0,14.042197397902143
catboost,sifilis,12,origin_202012,3522208,263,2.0,0.21284821026124207
catboost,sifilis,12,origin_202012,3525904,263,2.0,1.62166887914953
catboost,sifilis,12,origin_202012,3529401,263,0.0,0.4894035943892609
catboost,sifilis,12,origin_202012,3534401,263,15.0,7.208005520776432
catboost,sifilis,12,origin_202012,3536505,263,0.0,0.182138410662985
catboost,sifilis,12,origin_202012,3541000,263,10.0,9.115049250132977
catboost,sifilis,12,origin_202012,3543402,263,1.0,3.4435371228603975
catboost,sifilis,12,origin_202012,3547809,263,2.0,5.633564772198971
catboost,sifilis,12,origin_202012,3548500,263,6.0,2.509211276743501
catboost,sifilis,12,origin_202012,3548708,263,1.0,1.9433851681325456
catboost,sifilis,12,origin_202012,3549805,263,2.0,1.6840106464771216
catboost,sifilis,12,origin_202012,3549904,263,2.0,4.133513271908898
catboost,sifilis,12,origin_202012,3550308,263,74.0,60.00219131722056
catboost,sifilis,12,origin_202012,3551009,263,4.0,7.1699729406348025
catboost,sifilis,12,origin_202012,3552205,263,3.0,1.2996100612519152
catboost,sifilis,12,origin_202012,3554102,263,0.0,0.1544328097379106
xgboost,sifilis,12,origin_202012,3505708,263,5.0,2.673668622970581
xgboost,sifilis,12,origin_202012,3506003,263,6.0,2.470313549041748
xgboost,sifilis,12,origin_202012,3509502,263,1.0,2.469170093536377
xgboost,sifilis,12,origin_202012,3510609,263,6.0,1.2904287576675415
xgboost,sifilis,12,origin_202012,3513801,263,6.0,4.750194549560547
xgboost,sifilis,12,origin_202012,3518701,263,11.0,0.2631167769432068
xgboost,sifilis,12,origin_202012,3518800,263,10.0,15.536590576171875
xgboost,sifilis,12,origin_202012,3522208,263,2.0,0.2682073712348938
xgboost,sifilis,12,origin_202012,3525904,263,2.0,1.4949450492858887
xgboost,sifilis,12,origin_202012,3529401,263,0.0,0.30885857343673706
xgboost,sifilis,12,origin_202012,3534401,263,15.0,6.047328948974609
xgboost,sifilis,12,origin_202012,3536505,263,0.0,0.2292579859495163
xgboost,sifilis,12,origin_202012,3541000,263,10.0,6.931760787963867
xgboost,sifilis,12,origin_202012,3543402,263,1.0,3.0126638412475586
xgboost,sifilis,12,origin_202012,3547809,263,2.0,5.5192155838012695
xgboost,sifilis,12,origin_202012,3548500,263,6.0,3.507718324661255
xgboost,sifilis,12,origin_202012,3548708,263,1.0,1.6182291507720947
xgboost,sifilis,12,origin_202012,3549805,263,2.0,1.4501218795776367
xgboost,sifilis,12,origin_202012,3549904,263,2.0,3.916524648666382
xgboost,sifilis,12,origin_202012,3550308,263,74.0,65.60910034179688
xgboost,sifilis,12,origin_202012,3551009,263,4.0,5.647209167480469
xgboost,sifilis,12,origin_202012,3552205,263,3.0,1.178303837776184
xgboost,sifilis,12,origin_202012,3554102,263,0.0,0.2278917133808136
prophet,sifilis,12,origin_202012,3505708,263,5.0,2.058685889965686
prophet,sifilis,12,origin_202012,3506003,263,6.0,1.1067056425870774
prophet,sifilis,12,origin_202012,3509502,263,1.0,3.710017764179163
prophet,sifilis,12,origin_202012,3510609,263,6.0,2.6523672224040005
prophet,sifilis,12,origin_202012,3513801,263,6.0,5.131696625505917
prophet,sifilis,12,origin_202012,3518701,263,11.0,0.243287726421138
prophet,sifilis,12,origin_202012,3518800,263,10.0,15.948353781262016
prophet,sifilis,12,origin_202012,3522208,263,2.0,0.3191892208568722
prophet,sifilis,12,origin_202012,3525904,263,2.0,2.2270665070082885
prophet,sifilis,12,origin_202012,3529401,263,0.0,0.4550897471957617
prophet,sifilis,12,origin_202012,3534401,263,15.0,12.487793090302885
prophet,sifilis,12,origin_202012,3536505,263,0.0,0.297275883214884
prophet,sifilis,12,origin_202012,3541000,263,10.0,6.888583494507686
prophet,sifilis,12,origin_202012,3543402,263,1.0,3.431085955407137
prophet,sifilis,12,origin_202012,3547809,263,2.0,6.099696044370173
prophet,sifilis,12,origin_202012,3548500,263,6.0,6.082728913831051
prophet,sifilis,12,origin_202012,3548708,263,1.0,1.4624737878871212
prophet,sifilis,12,origin_202012,3549805,263,2.0,2.537086524316174
prophet,sifilis,12,origin_202012,3549904,263,2.0,6.935690583331465
prophet,sifilis,12,origin_202012,3550308,263,74.0,73.10612415499502
prophet,sifilis,12,origin_202012,3551009,263,4.0,7.923414911485622
prophet,sifilis,12,origin_202012,3552205,263,3.0,2.666393544131727
prophet,sifilis,12,origin_202012,3554102,263,0.0,0.4696260678269223
seasonal_naive,sifilis,1,origin_202112,3505708,264,3.0,4.0
seasonal_naive,sifilis,1,origin_202112,3506003,264,1.0,3.0
seasonal_naive,sifilis,1,origin_202112,3509502,264,4.0,0.0
seasonal_naive,sifilis,1,origin_202112,3510609,264,0.0,0.0
seasonal_naive,sifilis,1,origin_202112,3513801,264,1.0,0.0
seasonal_naive,sifilis,1,origin_202112,3518701,264,4.0,3.0
seasonal_naive,sifilis,1,origin_202112,3518800,264,25.0,14.0
seasonal_naive,sifilis,1,origin_202112,3522208,264,0.0,2.0
seasonal_naive,sifilis,1,origin_202112,3525904,264,1.0,1.0
seasonal_naive,sifilis,1,origin_202112,3529401,264,0.0,0.0
seasonal_naive,sifilis,1,origin_202112,3534401,264,17.0,17.0
seasonal_naive,sifilis,1,origin_202112,3536505,264,0.0,0.0
seasonal_naive,sifilis,1,origin_202112,3541000,264,6.0,12.0
seasonal_naive,sifilis,1,origin_202112,3543402,264,5.0,5.0
seasonal_naive,sifilis,1,origin_202112,3547809,264,2.0,9.0
seasonal_naive,sifilis,1,origin_202112,3548500,264,4.0,8.0
seasonal_naive,sifilis,1,origin_202112,3548708,264,0.0,1.0
seasonal_naive,sifilis,1,origin_202112,3549805,264,2.0,0.0
seasonal_naive,sifilis,1,origin_202112,3549904,264,2.0,8.0
seasonal_naive,sifilis,1,origin_202112,3550308,264,71.0,79.0
seasonal_naive,sifilis,1,origin_202112,3551009,264,5.0,6.0
seasonal_naive,sifilis,1,origin_202112,3552205,264,0.0,0.0
seasonal_naive,sifilis,1,origin_202112,3554102,264,1.0,0.0
seasonal_ma3,sifilis,1,origin_202112,3505708,264,3.0,3.0
seasonal_ma3,sifilis,1,origin_202112,3506003,264,1.0,1.6666666269302368
seasonal_ma3,sifilis,1,origin_202112,3509502,264,4.0,3.0
seasonal_ma3,sifilis,1,origin_202112,3510609,264,0.0,0.0
seasonal_ma3,sifilis,1,origin_202112,3513801,264,1.0,7.0
seasonal_ma3,sifilis,1,origin_202112,3518701,264,4.0,1.3333333730697632
seasonal_ma3,sifilis,1,origin_202112,3518800,264,25.0,14.666666984558105
seasonal_ma3,sifilis,1,origin_202112,3522208,264,0.0,0.6666666865348816
seasonal_ma3,sifilis,1,origin_202112,3525904,264,1.0,2.6666667461395264
seasonal_ma3,sifilis,1,origin_202112,3529401,264,0.0,0.3333333432674408
seasonal_ma3,sifilis,1,origin_202112,3534401,264,17.0,11.0
seasonal_ma3,sifilis,1,origin_202112,3536505,264,0.0,0.3333333432674408
seasonal_ma3,sifilis,1,origin_202112,3541000,264,6.0,6.666666507720947
seasonal_ma3,sifilis,1,origin_202112,3543402,264,5.0,3.6666667461395264
seasonal_ma3,sifilis,1,origin_202112,3547809,264,2.0,7.666666507720947
seasonal_ma3,sifilis,1,origin_202112,3548500,264,4.0,5.666666507720947
seasonal_ma3,sifilis,1,origin_202112,3548708,264,0.0,1.3333333730697632
seasonal_ma3,sifilis,1,origin_202112,3549805,264,2.0,0.6666666865348816
seasonal_ma3,sifilis,1,origin_202112,3549904,264,2.0,7.0
seasonal_ma3,sifilis,1,origin_202112,3550308,264,71.0,79.66666412353516
seasonal_ma3,sifilis,1,origin_202112,3551009,264,5.0,7.0
seasonal_ma3,sifilis,1,origin_202112,3552205,264,0.0,1.6666666269302368
seasonal_ma3,sifilis,1,origin_202112,3554102,264,1.0,0.0
sarima,sifilis,1,origin_202112,3505708,264,3.0,2.784893751144409
sarima,sifilis,1,origin_202112,3506003,264,1.0,3.5765302181243896
sarima,sifilis,1,origin_202112,3509502,264,4.0,2.2450218200683594
sarima,sifilis,1,origin_202112,3510609,264,0.0,1.725653886795044
sarima,sifilis,1,origin_202112,3513801,264,1.0,6.105088233947754
sarima,sifilis,1,origin_202112,3518701,264,4.0,5.508390426635742
sarima,sifilis,1,origin_202112,3518800,264,25.0,12.681245803833008
sarima,sifilis,1,origin_202112,3522208,264,0.0,0.570773720741272
sarima,sifilis,1,origin_202112,3525904,264,1.0,3.4362974166870117
sarima,sifilis,1,origin_202112,3529401,264,0.0,0.48107048869132996
sarima,sifilis,1,origin_202112,3534401,264,17.0,11.719202041625977
sarima,sifilis,1,origin_202112,3536505,264,0.0,0.10563868284225464
sarima,sifilis,1,origin_202112,3541000,264,6.0,11.223957061767578
sarima,sifilis,1,origin_202112,3543402,264,5.0,5.519899845123291
sarima,sifilis,1,origin_202112,3547809,264,2.0,7.745505332946777
sarima,sifilis,1,origin_202112,3548500,264,4.0,4.347764492034912
sarima,sifilis,1,origin_202112,3548708,264,0.0,2.217895030975342
sarima,sifilis,1,origin_202112,3549805,264,2.0,1.154788851737976
sarima,sifilis,1,origin_202112,3549904,264,2.0,6.550658226013184
sarima,sifilis,1,origin_202112,3550308,264,71.0,80.07750701904297
sarima,sifilis,1,origin_202112,3551009,264,5.0,5.068976879119873
sarima,sifilis,1,origin_202112,3552205,264,0.0,1.5972025394439697
sarima,sifilis,1,origin_202112,3554102,264,1.0,0.366454154253006
lgbm,sifilis,1,origin_202112,3505708,264,3.0,2.341836741061313
lgbm,sifilis,1,origin_202112,3506003,264,1.0,3.03062628342988
lgbm,sifilis,1,origin_202112,3509502,264,4.0,2.4488113250012473
lgbm,sifilis,1,origin_202112,3510609,264,0.0,2.024185000328697
lgbm,sifilis,1,origin_202112,3513801,264,1.0,5.6019622856097335
lgbm,sifilis,1,origin_202112,3518701,264,4.0,6.581499949258826
lgbm,sifilis,1,origin_202112,3518800,264,25.0,12.480675345038746
lgbm,sifilis,1,origin_202112,3522208,264,0.0,0.6583395617845198
lgbm,sifilis,1,origin_202112,3525904,264,1.0,2.587581805012073
lgbm,sifilis,1,origin_202112,3529401,264,0.0,0.3404930265092488
lgbm,sifilis,1,origin_202112,3534401,264,17.0,11.49499793135591
lgbm,sifilis,1,origin_202112,3536505,264,0.0,0.10419455120076228
lgbm,sifilis,1,origin_202112,3541000,264,6.0,12.800578498731767
lgbm,sifilis,1,origin_202112,3543402,264,5.0,3.859637665803299
lgbm,sifilis,1,origin_202112,3547809,264,2.0,5.802012916429126
lgbm,sifilis,1,origin_202112,3548500,264,4.0,4.70738620339957
lgbm,sifilis,1,origin_202112,3548708,264,0.0,2.5239583591923207
lgbm,sifilis,1,origin_202112,3549805,264,2.0,1.251726888916667
lgbm,sifilis,1,origin_202112,3549904,264,2.0,5.353168963884238
lgbm,sifilis,1,origin_202112,3550308,264,71.0,81.32993615261373
lgbm,sifilis,1,origin_202112,3551009,264,5.0,5.16052089539796
lgbm,sifilis,1,origin_202112,3552205,264,0.0,1.399616442414743
lgbm,sifilis,1,origin_202112,3554102,264,1.0,0.18135709608334394
catboost,sifilis,1,origin_202112,3505708,264,3.0,2.000010418479337
catboost,sifilis,1,origin_202112,3506003,264,1.0,3.292199118330097
catboost,sifilis,1,origin_202112,3509502,264,4.0,2.012281671755667
catboost,sifilis,1,origin_202112,3510609,264,0.0,1.094313560075169
catboost,sifilis,1,origin_202112,3513801,264,1.0,4.806197486537335
catboost,sifilis,1,origin_202112,3518701,264,4.0,4.842457314810002
catboost,sifilis,1,origin_202112,3518800,264,25.0,10.53737823450995
catboost,sifilis,1,origin_202112,3522208,264,0.0,0.5340824310245506
catboost,sifilis,1,origin_202112,3525904,264,1.0,2.507867164144316
catboost,sifilis,1,origin_202112,3529401,264,0.0,0.3460518089350712
catboost,sifilis,1,origin_202112,3534401,264,17.0,7.17852980545717
catboost,sifilis,1,origin_202112,3536505,264,0.0,0.17465585768512604
catboost,sifilis,1,origin_202112,3541000,264,6.0,9.4528828356558
catboost,sifilis,1,origin_202112,3543402,264,5.0,4.05973853194709
catboost,sifilis,1,origin_202112,3547809,264,2.0,5.126659274484932
catboost,sifilis,1,origin_202112,3548500,264,4.0,4.003898582158212
catboost,sifilis,1,origin_202112,3548708,264,0.0,2.6859872792136925
catboost,sifilis,1,origin_202112,3549805,264,2.0,1.3213309966233286
catboost,sifilis,1,origin_202112,3549904,264,2.0,4.507176285732385
catboost,sifilis,1,origin_202112,3550308,264,71.0,78.86339807855676
catboost,sifilis,1,origin_202112,3551009,264,5.0,4.638353509022294
catboost,sifilis,1,origin_202112,3552205,264,0.0,1.2812825181390848
catboost,sifilis,1,origin_202112,3554102,264,1.0,0.24835360359779057
xgboost,sifilis,1,origin_202112,3505708,264,3.0,2.3248372077941895
xgboost,sifilis,1,origin_202112,3506003,264,1.0,2.978830575942993
xgboost,sifilis,1,origin_202112,3509502,264,4.0,2.4246208667755127
xgboost,sifilis,1,origin_202112,3510609,264,0.0,1.45457923412323
xgboost,sifilis,1,origin_202112,3513801,264,1.0,6.099370002746582
xgboost,sifilis,1,origin_202112,3518701,264,4.0,4.556708335876465
xgboost,sifilis,1,origin_202112,3518800,264,25.0,11.901864051818848
xgboost,sifilis,1,origin_202112,3522208,264,0.0,0.5971291661262512
xgboost,sifilis,1,origin_202112,3525904,264,1.0,2.6377100944519043
xgboost,sifilis,1,origin_202112,3529401,264,0.0,0.3007741868495941
xgboost,sifilis,1,origin_202112,3534401,264,17.0,11.33680534362793
xgboost,sifilis,1,origin_202112,3536505,264,0.0,0.06827279180288315
xgboost,sifilis,1,origin_202112,3541000,264,6.0,10.20379638671875
xgboost,sifilis,1,origin_202112,3543402,264,5.0,3.7943708896636963
xgboost,sifilis,1,origin_202112,3547809,264,2.0,5.149127006530762
xgboost,sifilis,1,origin_202112,3548500,264,4.0,4.104701042175293
xgboost,sifilis,1,origin_202112,3548708,264,0.0,2.234787940979004
xgboost,sifilis,1,origin_202112,3549805,264,2.0,1.3875141143798828
xgboost,sifilis,1,origin_202112,3549904,264,2.0,5.087057590484619
xgboost,sifilis,1,origin_202112,3550308,264,71.0,81.1794204711914
xgboost,sifilis,1,origin_202112,3551009,264,5.0,4.492519855499268
xgboost,sifilis,1,origin_202112,3552205,264,0.0,1.4770697355270386
xgboost,sifilis,1,origin_202112,3554102,264,1.0,0.14301365613937378
prophet,sifilis,1,origin_202112,3505708,264,3.0,2.382291815150871
prophet,sifilis,1,origin_202112,3506003,264,1.0,2.389771991885864
prophet,sifilis,1,origin_202112,3509502,264,4.0,3.271076652109191
prophet,sifilis,1,origin_202112,3510609,264,0.0,1.5246513941015163
prophet,sifilis,1,origin_202112,3513801,264,1.0,5.8117620972201
prophet,sifilis,1,origin_202112,3518701,264,4.0,2.428766778702495
prophet,sifilis,1,origin_202112,3518800,264,25.0,14.66007639929765
prophet,sifilis,1,origin_202112,3522208,264,0.0,0.46347739148631895
prophet,sifilis,1,origin_202112,3525904,264,1.0,2.8989572019355965
prophet,sifilis,1,origin_202112,3529401,264,0.0,0.4532044625593017
prophet,sifilis,1,origin_202112,3534401,264,17.0,13.459891898930973
prophet,sifilis,1,origin_202112,3536505,264,0.0,0.15096865759092298
prophet,sifilis,1,origin_202112,3541000,264,6.0,10.131576268991443
prophet,sifilis,1,origin_202112,3543402,264,5.0,4.216965429811607
prophet,sifilis,1,origin_202112,3547809,264,2.0,6.945550433863376
prophet,sifilis,1,origin_202112,3548500,264,4.0,5.576303582257855
prophet,sifilis,1,origin_202112,3548708,264,0.0,1.6526507708119043
prophet,sifilis,1,origin_202112,3549805,264,2.0,2.2544327664667523
prophet,sifilis,1,origin_202112,3549904,264,2.0,6.311862113074389
prophet,sifilis,1,origin_202112,3550308,264,71.0,79.04135889674801
prophet,sifilis,1,origin_202112,3551009,264,5.0,6.669195041148809
prophet,sifilis,1,origin_202112,3552205,264,0.0,1.830190345952065
prophet,sifilis,1,origin_202112,3554102,264,1.0,0.20473949457047816
seasonal_naive,sifilis,3,origin_202112,3505708,266,1.0,1.0
seasonal_naive,sifilis,3,origin_202112,3506003,266,7.0,1.0
seasonal_naive,sifilis,3,origin_202112,3509502,266,7.0,5.0
seasonal_naive,sifilis,3,origin_202112,3510609,266,0.0,1.0
seasonal_naive,sifilis,3,origin_202112,3513801,266,1.0,5.0
seasonal_naive,sifilis,3,origin_202112,3518701,266,4.0,2.0
seasonal_naive,sifilis,3,origin_202112,3518800,266,19.0,15.0
seasonal_naive,sifilis,3,origin_202112,3522208,266,0.0,0.0
seasonal_naive,sifilis,3,origin_202112,3525904,266,5.0,3.0
seasonal_naive,sifilis,3,origin_202112,3529401,266,1.0,0.0
seasonal_naive,sifilis,3,origin_202112,3534401,266,9.0,6.0
seasonal_naive,sifilis,3,origin_202112,3536505,266,0.0,0.0
seasonal_naive,sifilis,3,origin_202112,3541000,266,11.0,7.0
seasonal_naive,sifilis,3,origin_202112,3543402,266,5.0,5.0
seasonal_naive,sifilis,3,origin_202112,3547809,266,3.0,1.0
seasonal_naive,sifilis,3,origin_202112,3548500,266,1.0,2.0
seasonal_naive,sifilis,3,origin_202112,3548708,266,1.0,3.0
seasonal_naive,sifilis,3,origin_202112,3549805,266,2.0,1.0
seasonal_naive,sifilis,3,origin_202112,3549904,266,7.0,4.0
seasonal_naive,sifilis,3,origin_202112,3550308,266,84.0,71.0
seasonal_naive,sifilis,3,origin_202112,3551009,266,3.0,6.0
seasonal_naive,sifilis,3,origin_202112,3552205,266,9.0,1.0
seasonal_naive,sifilis,3,origin_202112,3554102,266,0.0,1.0
seasonal_ma3,sifilis,3,origin_202112,3505708,266,1.0,2.0
seasonal_ma3,sifilis,3,origin_202112,3506003,266,7.0,0.3333333432674408
seasonal_ma3,sifilis,3,origin_202112,3509502,266,7.0,4.0
seasonal_ma3,sifilis,3,origin_202112,3510609,266,0.0,1.6666666269302368
seasonal_ma3,sifilis,3,origin_202112,3513801,266,1.0,6.333333492279053
seasonal_ma3,sifilis,3,origin_202112,3518701,266,4.0,1.3333333730697632
seasonal_ma3,sifilis,3,origin_202112,3518800,266,19.0,11.333333015441895
seasonal_ma3,sifilis,3,origin_202112,3522208,266,0.0,0.6666666865348816
seasonal_ma3,sifilis,3,origin_202112,3525904,266,5.0,3.6666667461395264
seasonal_ma3,sifilis,3,origin_202112,3529401,266,1.0,0.6666666865348816
seasonal_ma3,sifilis,3,origin_202112,3534401,266,9.0,11.333333015441895
seasonal_ma3,sifilis,3,origin_202112,3536505,266,0.0,0.0
seasonal_ma3,sifilis,3,origin_202112,3541000,266,11.0,7.666666507720947
seasonal_ma3,sifilis,3,origin_202112,3543402,266,5.0,2.0
seasonal_ma3,sifilis,3,origin_202112,3547809,266,3.0,3.3333332538604736
seasonal_ma3,sifilis,3,origin_202112,3548500,266,1.0,4.333333492279053
seasonal_ma3,sifilis,3,origin_202112,3548708,266,1.0,2.3333332538604736
seasonal_ma3,sifilis,3,origin_202112,3549805,266,2.0,1.0
seasonal_ma3,sifilis,3,origin_202112,3549904,266,7.0,4.333333492279053
seasonal_ma3,sifilis,3,origin_202112,3550308,266,84.0,71.66666412353516
seasonal_ma3,sifilis,3,origin_202112,3551009,266,3.0,3.0
seasonal_ma3,sifilis,3,origin_202112,3552205,266,9.0,1.0
seasonal_ma3,sifilis,3,origin_202112,3554102,266,0.0,0.3333333432674408
sarima,sifilis,3,origin_202112,3505708,266,1.0,2.552370309829712
sarima,sifilis,3,origin_202112,3506003,266,7.0,3.6033194065093994
sarima,sifilis,3,origin_202112,3509502,266,7.0,2.588726043701172
sarima,sifilis,3,origin_202112,3510609,266,0.0,1.788051962852478
sarima,sifilis,3,origin_202112,3513801,266,1.0,6.105088233947754
sarima,sifilis,3,origin_202112,3518701,266,4.0,7.4415483474731445
sarima,sifilis,3,origin_202112,3518800,266,19.0,13.16462230682373
sarima,sifilis,3,origin_202112,3522208,266,0.0,0.570773720741272
sarima,sifilis,3,origin_202112,3525904,266,5.0,3.055845022201538
sarima,sifilis,3,origin_202112,3529401,266,1.0,0.48107048869132996
sarima,sifilis,3,origin_202112,3534401,266,9.0,13.326756477355957
sarima,sifilis,3,origin_202112,3536505,266,0.0,0.11866806447505951
sarima,sifilis,3,origin_202112,3541000,266,11.0,13.585946083068848
sarima,sifilis,3,origin_202112,3543402,266,5.0,4.634193420410156
sarima,sifilis,3,origin_202112,3547809,266,3.0,4.943323612213135
sarima,sifilis,3,origin_202112,3548500,266,1.0,4.347764492034912
sarima,sifilis,3,origin_202112,3548708,266,1.0,2.3910558223724365
sarima,sifilis,3,origin_202112,3549805,266,2.0,0.9650662541389465
sarima,sifilis,3,origin_202112,3549904,266,7.0,5.916935443878174
sarima,sifilis,3,origin_202112,3550308,266,84.0,80.39202880859375
sarima,sifilis,3,origin_202112,3551009,266,3.0,3.3596129417419434
sarima,sifilis,3,origin_202112,3552205,266,9.0,1.486548900604248
sarima,sifilis,3,origin_202112,3554102,266,0.0,0.4119406044483185
lgbm,sifilis,3,origin_202112,3505708,266,1.0,2.196751678784091
lgbm,sifilis,3,origin_202112,3506003,266,7.0,2.7252927755331924
lgbm,sifilis,3,origin_202112,3509502,266,7.0,3.4521751467304584
lgbm,sifilis,3,origin_202112,3510609,266,0.0,1.360398319366635
lgbm,sifilis,3,origin_202112,3513801,266,1.0,4.302218697465864
lgbm,sifilis,3,origin_202112,3518701,266,4.0,5.220849547256068
lgbm,sifilis,3,origin_202112,3518800,266,19.0,12.053991904917725
lgbm,sifilis,3,origin_202112,3522208,266,0.0,0.4358316317648492
lgbm,sifilis,3,origin_202112,3525904,266,5.0,2.861799963960273
lgbm,sifilis,3,origin_202112,3529401,266,1.0,0.38331600826162154
lgbm,sifilis,3,origin_202112,3534401,266,9.0,11.224794154878035
lgbm,sifilis,3,origin_202112,3536505,266,0.0,0.10463247294005676
lgbm,sifilis,3,origin_202112,3541000,266,11.0,12.109504077866191
lgbm,sifilis,3,origin_202112,3543402,266,5.0,4.8024378316150855
lgbm,sifilis,3,origin_202112,3547809,266,3.0,5.572695935086931
lgbm,sifilis,3,origin_202112,3548500,266,1.0,3.9553159666783446
lgbm,sifilis,3,origin_202112,3548708,266,1.0,2.4264855497776447
lgbm,sifilis,3,origin_202112,3549805,266,2.0,1.487839061015789
lgbm,sifilis,3,origin_202112,3549904,266,7.0,4.801966386952223
lgbm,sifilis,3,origin_202112,3550308,266,84.0,73.70373066487512
lgbm,sifilis,3,origin_202112,3551009,266,3.0,4.264595248630564
lgbm,sifilis,3,origin_202112,3552205,266,9.0,1.301423420247744
lgbm,sifilis,3,origin_202112,3554102,266,0.0,0.17931256541706123
catboost,sifilis,3,origin_202112,3505708,266,1.0,1.9800231318709254
catboost,sifilis,3,origin_202112,3506003,266,7.0,2.019115128973354
catboost,sifilis,3,origin_202112,3509502,266,7.0,2.9520434303719507
catboost,sifilis,3,origin_202112,3510609,266,0.0,1.0540860535132341
catboost,sifilis,3,origin_202112,3513801,266,1.0,4.10300904116634
catboost,sifilis,3,origin_202112,3518701,266,4.0,5.89997065221348
catboost,sifilis,3,origin_202112,3518800,266,19.0,11.02321943742618
catboost,sifilis,3,origin_202112,3522208,266,0.0,0.5242690285450816
catboost,sifilis,3,origin_202112,3525904,266,5.0,3.353799623191836
catboost,sifilis,3,origin_202112,3529401,266,1.0,0.3347174211580064
catboost,sifilis,3,origin_202112,3534401,266,9.0,9.595056504371977
catboost,sifilis,3,origin_202112,3536505,266,0.0,0.1549150265941028
catboost,sifilis,3,origin_202112,3541000,266,11.0,9.633840238233097
catboost,sifilis,3,origin_202112,3543402,266,5.0,5.243340237810285
catboost,sifilis,3,origin_202112,3547809,266,3.0,5.128426298672224
catboost,sifilis,3,origin_202112,3548500,266,1.0,4.625586644387066
catboost,sifilis,3,origin_202112,3548708,266,1.0,2.4957717108505704
catboost,sifilis,3,origin_202112,3549805,266,2.0,1.606448689652969
catboost,sifilis,3,origin_202112,3549904,266,7.0,5.581128077679593
catboost,sifilis,3,origin_202112,3550308,266,84.0,66.89853486458885
catboost,sifilis,3,origin_202112,3551009,266,3.0,4.156722739237015
catboost,sifilis,3,origin_202112,3552205,266,9.0,1.7251300771495275
catboost,sifilis,3,origin_202112,3554102,266,0.0,0.2087344253831634
xgboost,sifilis,3,origin_202112,3505708,266,1.0,2.453674793243408
xgboost,sifilis,3,origin_202112,3506003,266,7.0,2.5285794734954834
xgboost,sifilis,3,origin_202112,3509502,266,7.0,3.1755363941192627
xgboost,sifilis,3,origin_202112,3510609,266,0.0,1.3739415407180786
xgboost,sifilis,3,origin_202112,3513801,266,1.0,4.615999221801758
xgboost,sifilis,3,origin_202112,3518701,266,4.0,5.352579593658447
xgboost,sifilis,3,origin_202112,3518800,266,19.0,12.085270881652832
xgboost,sifilis,3,origin_202112,3522208,266,0.0,0.6209130883216858
xgboost,sifilis,3,origin_202112,3525904,266,5.0,3.1035618782043457
xgboost,sifilis,3,origin_202112,3529401,266,1.0,0.28676551580429077
xgboost,sifilis,3,origin_202112,3534401,266,9.0,10.977293968200684
xgboost,sifilis,3,origin_202112,3536505,266,0.0,0.1091485247015953
xgboost,sifilis,3,origin_202112,3541000,266,11.0,12.331661224365234
xgboost,sifilis,3,origin_202112,3543402,266,5.0,3.794776201248169
xgboost,sifilis,3,origin_202112,3547809,266,3.0,5.020539283752441
xgboost,sifilis,3,origin_202112,3548500,266,1.0,3.9199891090393066
xgboost,sifilis,3,origin_202112,3548708,266,1.0,2.190927743911743
xgboost,sifilis,3,origin_202112,3549805,266,2.0,1.7149276733398438
xgboost,sifilis,3,origin_202112,3549904,266,7.0,4.842770576477051
xgboost,sifilis,3,origin_202112,3550308,266,84.0,69.66378021240234
xgboost,sifilis,3,origin_202112,3551009,266,3.0,4.532241344451904
xgboost,sifilis,3,origin_202112,3552205,266,9.0,1.945779800415039
xgboost,sifilis,3,origin_202112,3554102,266,0.0,0.2320060431957245
prophet,sifilis,3,origin_202112,3505708,266,1.0,2.562994852461191
prophet,sifilis,3,origin_202112,3506003,266,7.0,2.145199824138798
prophet,sifilis,3,origin_202112,3509502,266,7.0,4.047956870196857
prophet,sifilis,3,origin_202112,3510609,266,0.0,1.5389423521331376
prophet,sifilis,3,origin_202112,3513801,266,1.0,5.7243772272031785
prophet,sifilis,3,origin_202112,3518701,266,4.0,2.480509088110938
prophet,sifilis,3,origin_202112,3518800,266,19.0,15.342019146237584
prophet,sifilis,3,origin_202112,3522208,266,0.0,0.5770287296736434
prophet,sifilis,3,origin_202112,3525904,266,5.0,3.2391907791209986
prophet,sifilis,3,origin_202112,3529401,266,1.0,0.6368955273320632
prophet,sifilis,3,origin_202112,3534401,266,9.0,13.025732073458718
prophet,sifilis,3,origin_202112,3536505,266,0.0,0.0
prophet,sifilis,3,origin_202112,3541000,266,11.0,10.132232273928468
prophet,sifilis,3,origin_202112,3543402,266,5.0,3.7718478062988408
prophet,sifilis,3,origin_202112,3547809,266,3.0,6.908441140898403
prophet,sifilis,3,origin_202112,3548500,266,1.0,5.611402440597771
prophet,sifilis,3,origin_202112,3548708,266,1.0,2.060285969803995
prophet,sifilis,3,origin_202112,3549805,266,2.0,2.5585992934880584
prophet,sifilis,3,origin_202112,3549904,266,7.0,6.255516728143262
prophet,sifilis,3,origin_202112,3550308,266,84.0,80.26481819244341
prophet,sifilis,3,origin_202112,3551009,266,3.0,6.167670002387805
prophet,sifilis,3,origin_202112,3552205,266,9.0,1.6925299192873986
prophet,sifilis,3,origin_202112,3554102,266,0.0,0.477820782035025
seasonal_naive,sifilis,6,origin_202112,3505708,269,2.0,3.0
seasonal_naive,sifilis,6,origin_202112,3506003,269,3.0,4.0
seasonal_naive,sifilis,6,origin_202112,3509502,269,5.0,3.0
seasonal_naive,sifilis,6,origin_202112,3510609,269,2.0,1.0
seasonal_naive,sifilis,6,origin_202112,3513801,269,13.0,6.0
seasonal_naive,sifilis,6,origin_202112,3518701,269,4.0,6.0
seasonal_naive,sifilis,6,origin_202112,3518800,269,19.0,9.0
seasonal_naive,sifilis,6,origin_202112,3522208,269,0.0,0.0
seasonal_naive,sifilis,6,origin_202112,3525904,269,8.0,0.0
seasonal_naive,sifilis,6,origin_202112,3529401,269,2.0,1.0
seasonal_naive,sifilis,6,origin_202112,3534401,269,16.0,6.0
seasonal_naive,sifilis,6,origin_202112,3536505,269,0.0,0.0
seasonal_naive,sifilis,6,origin_202112,3541000,269,13.0,14.0
seasonal_naive,sifilis,6,origin_202112,3543402,269,13.0,6.0
seasonal_naive,sifilis,6,origin_202112,3547809,269,3.0,7.0
seasonal_naive,sifilis,6,origin_202112,3548500,269,6.0,2.0
seasonal_naive,sifilis,6,origin_202112,3548708,269,6.0,5.0
seasonal_naive,sifilis,6,origin_202112,3549805,269,2.0,0.0
seasonal_naive,sifilis,6,origin_202112,3549904,269,3.0,5.0
seasonal_naive,sifilis,6,origin_202112,3550308,269,63.0,79.0
seasonal_naive,sifilis,6,origin_202112,3551009,269,1.0,7.0
seasonal_naive,sifilis,6,origin_202112,3552205,269,4.0,0.0
seasonal_naive,sifilis,6,origin_202112,3554102,269,0.0,0.0
seasonal_ma3,sifilis,6,origin_202112,3505708,269,2.0,3.0
seasonal_ma3,sifilis,6,origin_202112,3506003,269,3.0,3.3333332538604736
seasonal_ma3,sifilis,6,origin_202112,3509502,269,5.0,3.3333332538604736
seasonal_ma3,sifilis,6,origin_202112,3510609,269,2.0,2.0
seasonal_ma3,sifilis,6,origin_202112,3513801,269,13.0,5.0
seasonal_ma3,sifilis,6,origin_202112,3518701,269,4.0,2.0
seasonal_ma3,sifilis,6,origin_202112,3518800,269,19.0,10.666666984558105
seasonal_ma3,sifilis,6,origin_202112,3522208,269,0.0,0.0
seasonal_ma3,sifilis,6,origin_202112,3525904,269,8.0,2.6666667461395264
seasonal_ma3,sifilis,6,origin_202112,3529401,269,2.0,1.0
seasonal_ma3,sifilis,6,origin_202112,3534401,269,16.0,10.0
seasonal_ma3,sifilis,6,origin_202112,3536505,269,0.0,0.0
seasonal_ma3,sifilis,6,origin_202112,3541000,269,13.0,8.666666984558105
seasonal_ma3,sifilis,6,origin_202112,3543402,269,13.0,3.6666667461395264
seasonal_ma3,sifilis,6,origin_202112,3547809,269,3.0,7.666666507720947
seasonal_ma3,sifilis,6,origin_202112,3548500,269,6.0,4.666666507720947
seasonal_ma3,sifilis,6,origin_202112,3548708,269,6.0,3.0
seasonal_ma3,sifilis,6,origin_202112,3549805,269,2.0,1.0
seasonal_ma3,sifilis,6,origin_202112,3549904,269,3.0,5.0
seasonal_ma3,sifilis,6,origin_202112,3550308,269,63.0,66.33333587646484
seasonal_ma3,sifilis,6,origin_202112,3551009,269,1.0,5.666666507720947
seasonal_ma3,sifilis,6,origin_202112,3552205,269,4.0,2.3333332538604736
seasonal_ma3,sifilis,6,origin_202112,3554102,269,0.0,0.0
sarima,sifilis,6,origin_202112,3505708,269,2.0,2.5766282081604004
sarima,sifilis,6,origin_202112,3506003,269,3.0,3.643503189086914
sarima,sifilis,6,origin_202112,3509502,269,5.0,2.781075954437256
sarima,sifilis,6,origin_202112,3510609,269,2.0,1.737615704536438
sarima,sifilis,6,origin_202112,3513801,269,13.0,6.105088233947754
sarima,sifilis,6,origin_202112,3518701,269,4.0,7.473939895629883
sarima,sifilis,6,origin_202112,3518800,269,19.0,13.16462230682373
sarima,sifilis,6,origin_202112,3522208,269,0.0,0.570773720741272
sarima,sifilis,6,origin_202112,3525904,269,8.0,3.832082986831665
sarima,sifilis,6,origin_202112,3529401,269,2.0,0.48107048869132996
sarima,sifilis,6,origin_202112,3534401,269,16.0,13.587396621704102
sarima,sifilis,6,origin_202112,3536505,269,0.0,0.1256043016910553
sarima,sifilis,6,origin_202112,3541000,269,13.0,12.311158180236816
sarima,sifilis,6,origin_202112,3543402,269,13.0,4.564607620239258
sarima,sifilis,6,origin_202112,3547809,269,3.0,8.43806266784668
sarima,sifilis,6,origin_202112,3548500,269,6.0,4.347764492034912
sarima,sifilis,6,origin_202112,3548708,269,6.0,2.3938546180725098
sarima,sifilis,6,origin_202112,3549805,269,2.0,1.1627544164657593
sarima,sifilis,6,origin_202112,3549904,269,3.0,5.9784088134765625
sarima,sifilis,6,origin_202112,3550308,269,63.0,80.97770690917969
sarima,sifilis,6,origin_202112,3551009,269,1.0,3.9273600578308105
sarima,sifilis,6,origin_202112,3552205,269,4.0,1.6072927713394165
sarima,sifilis,6,origin_202112,3554102,269,0.0,0.4162279963493347
lgbm,sifilis,6,origin_202112,3505708,269,2.0,2.794093958516581
lgbm,sifilis,6,origin_202112,3506003,269,3.0,3.192068991361887
lgbm,sifilis,6,origin_202112,3509502,269,5.0,2.3410487459454945
lgbm,sifilis,6,origin_202112,3510609,269,2.0,1.6205860155516705
lgbm,sifilis,6,origin_202112,3513801,269,13.0,4.487677949590808
lgbm,sifilis,6,origin_202112,3518701,269,4.0,4.140898805308555
lgbm,sifilis,6,origin_202112,3518800,269,19.0,11.488495385204164
lgbm,sifilis,6,origin_202112,3522208,269,0.0,0.6054945381826179
lgbm,sifilis,6,origin_202112,3525904,269,8.0,2.572741786036867
lgbm,sifilis,6,origin_202112,3529401,269,2.0,0.3360286319459232
lgbm,sifilis,6,origin_202112,3534401,269,16.0,11.59473966320597
lgbm,sifilis,6,origin_202112,3536505,269,0.0,0.12494783523491391
lgbm,sifilis,6,origin_202112,3541000,269,13.0,9.766943050879128
lgbm,sifilis,6,origin_202112,3543402,269,13.0,3.041381993363313
lgbm,sifilis,6,origin_202112,3547809,269,3.0,5.874477647642195
lgbm,sifilis,6,origin_202112,3548500,269,6.0,3.2536221919371933
lgbm,sifilis,6,origin_202112,3548708,269,6.0,2.628869130349533
lgbm,sifilis,6,origin_202112,3549805,269,2.0,1.1639638953876876
lgbm,sifilis,6,origin_202112,3549904,269,3.0,5.209702687004033
lgbm,sifilis,6,origin_202112,3550308,269,63.0,75.05356369017224
lgbm,sifilis,6,origin_202112,3551009,269,1.0,3.2177722376472753
lgbm,sifilis,6,origin_202112,3552205,269,4.0,1.5541367060054445
lgbm,sifilis,6,origin_202112,3554102,269,0.0,0.2818418438978168
catboost,sifilis,6,origin_202112,3505708,269,2.0,2.446487709707449
catboost,sifilis,6,origin_202112,3506003,269,3.0,3.06245755575012
catboost,sifilis,6,origin_202112,3509502,269,5.0,3.2377766884941126
catboost,sifilis,6,origin_202112,3510609,269,2.0,1.7269191634366112
catboost,sifilis,6,origin_202112,3513801,269,13.0,4.427294659622484
catboost,sifilis,6,origin_202112,3518701,269,4.0,5.498657090958096
catboost,sifilis,6,origin_202112,3518800,269,19.0,16.18105420718499
catboost,sifilis,6,origin_202112,3522208,269,0.0,0.5377944185145842
catboost,sifilis,6,origin_202112,3525904,269,8.0,2.820308973384864
catboost,sifilis,6,origin_202112,3529401,269,2.0,0.40162953791035594
catboost,sifilis,6,origin_202112,3534401,269,16.0,9.495770184595509
catboost,sifilis,6,origin_202112,3536505,269,0.0,0.2053253679329672
catboost,sifilis,6,origin_202112,3541000,269,13.0,11.23446792090445
catboost,sifilis,6,origin_202112,3543402,269,13.0,3.6253201005580613
catboost,sifilis,6,origin_202112,3547809,269,3.0,6.023842898780978
catboost,sifilis,6,origin_202112,3548500,269,6.0,4.637823636857335
catboost,sifilis,6,origin_202112,3548708,269,6.0,2.8799998255268933
catboost,sifilis,6,origin_202112,3549805,269,2.0,1.0566560985213973
catboost,sifilis,6,origin_202112,3549904,269,3.0,4.4290682484357315
catboost,sifilis,6,origin_202112,3550308,269,63.0,78.15067424291131
catboost,sifilis,6,origin_202112,3551009,269,1.0,3.5209758314153237
catboost,sifilis,6,origin_202112,3552205,269,4.0,1.1750865533062278
catboost,sifilis,6,origin_202112,3554102,269,0.0,0.3350932904978079
xgboost,sifilis,6,origin_202112,3505708,269,2.0,2.922173023223877
xgboost,sifilis,6,origin_202112,3506003,269,3.0,3.8742432594299316
xgboost,sifilis,6,origin_202112,3509502,269,5.0,2.7314038276672363
xgboost,sifilis,6,origin_202112,3510609,269,2.0,1.5207806825637817
xgboost,sifilis,6,origin_202112,3513801,269,13.0,5.3240203857421875
xgboost,sifilis,6,origin_202112,3518701,269,4.0,4.965182304382324
xgboost,sifilis,6,origin_202112,3518800,269,19.0,11.94217586517334
xgboost,sifilis,6,origin_202112,3522208,269,0.0,0.458794504404068
xgboost,sifilis,6,origin_202112,3525904,269,8.0,3.0343339443206787
xgboost,sifilis,6,origin_202112,3529401,269,2.0,0.2676023244857788
xgboost,sifilis,6,origin_202112,3534401,269,16.0,9.714599609375
xgboost,sifilis,6,origin_202112,3536505,269,0.0,0.08624810725450516
xgboost,sifilis,6,origin_202112,3541000,269,13.0,9.748040199279785
xgboost,sifilis,6,origin_202112,3543402,269,13.0,3.4820075035095215
xgboost,sifilis,6,origin_202112,3547809,269,3.0,6.468183517456055
xgboost,sifilis,6,origin_202112,3548500,269,6.0,3.8084793090820312
xgboost,sifilis,6,origin_202112,3548708,269,6.0,2.1597695350646973
xgboost,sifilis,6,origin_202112,3549805,269,2.0,0.8896176218986511
xgboost,sifilis,6,origin_202112,3549904,269,3.0,5.82615852355957
xgboost,sifilis,6,origin_202112,3550308,269,63.0,75.87966918945312
xgboost,sifilis,6,origin_202112,3551009,269,1.0,3.6925089359283447
xgboost,sifilis,6,origin_202112,3552205,269,4.0,1.501370906829834
xgboost,sifilis,6,origin_202112,3554102,269,0.0,0.26670902967453003
prophet,sifilis,6,origin_202112,3505708,269,2.0,2.401808309153654
prophet,sifilis,6,origin_202112,3506003,269,3.0,2.5948084455020384
prophet,sifilis,6,origin_202112,3509502,269,5.0,4.0789389380115
prophet,sifilis,6,origin_202112,3510609,269,2.0,2.3639189505839733
prophet,sifilis,6,origin_202112,3513801,269,13.0,6.7965277919430465
prophet,sifilis,6,origin_202112,3518701,269,4.0,2.7284944267411495
prophet,sifilis,6,origin_202112,3518800,269,19.0,15.963617612228251
prophet,sifilis,6,origin_202112,3522208,269,0.0,0.39835777308033193
prophet,sifilis,6,origin_202112,3525904,269,8.0,3.393441136934739
prophet,sifilis,6,origin_202112,3529401,269,2.0,0.5446297709089424
prophet,sifilis,6,origin_202112,3534401,269,16.0,13.325201748383513
prophet,sifilis,6,origin_202112,3536505,269,0.0,0.13271081466706416
prophet,sifilis,6,origin_202112,3541000,269,13.0,10.024461228243027
prophet,sifilis,6,origin_202112,3543402,269,13.0,4.03412279021065
prophet,sifilis,6,origin_202112,3547809,269,3.0,7.006299591143571
prophet,sifilis,6,origin_202112,3548500,269,6.0,6.014371185453639
prophet,sifilis,6,origin_202112,3548708,269,6.0,2.0993347992123117
prophet,sifilis,6,origin_202112,3549805,269,2.0,2.510682107072805
prophet,sifilis,6,origin_202112,3549904,269,3.0,6.540481609076576
prophet,sifilis,6,origin_202112,3550308,269,63.0,78.28872975004577
prophet,sifilis,6,origin_202112,3551009,269,1.0,7.263376758482354
prophet,sifilis,6,origin_202112,3552205,269,4.0,1.9215268221637694
prophet,sifilis,6,origin_202112,3554102,269,0.0,0.2954064759249268
seasonal_naive,sifilis,12,origin_202112,3505708,275,5.0,5.0
seasonal_naive,sifilis,12,origin_202112,3506003,275,3.0,6.0
seasonal_naive,sifilis,12,origin_202112,3509502,275,3.0,1.0
seasonal_naive,sifilis,12,origin_202112,3510609,275,14.0,6.0
seasonal_naive,sifilis,12,origin_202112,3513801,275,6.0,6.0
seasonal_naive,sifilis,12,origin_202112,3518701,275,5.0,11.0
seasonal_naive,sifilis,12,origin_202112,3518800,275,21.0,10.0
seasonal_naive,sifilis,12,origin_202112,3522208,275,0.0,2.0
seasonal_naive,sifilis,12,origin_202112,3525904,275,2.0,2.0
seasonal_naive,sifilis,12,origin_202112,3529401,275,0.0,0.0
seasonal_naive,sifilis,12,origin_202112,3534401,275,10.0,15.0
seasonal_naive,sifilis,12,origin_202112,3536505,275,0.0,0.0
seasonal_naive,sifilis,12,origin_202112,3541000,275,20.0,10.0
seasonal_naive,sifilis,12,origin_202112,3543402,275,7.0,1.0
seasonal_naive,sifilis,12,origin_202112,3547809,275,7.0,2.0
seasonal_naive,sifilis,12,origin_202112,3548500,275,4.0,6.0
seasonal_naive,sifilis,12,origin_202112,3548708,275,2.0,1.0
seasonal_naive,sifilis,12,origin_202112,3549805,275,1.0,2.0
seasonal_naive,sifilis,12,origin_202112,3549904,275,9.0,2.0
seasonal_naive,sifilis,12,origin_202112,3550308,275,78.0,74.0
seasonal_naive,sifilis,12,origin_202112,3551009,275,3.0,4.0
seasonal_naive,sifilis,12,origin_202112,3552205,275,10.0,3.0
seasonal_naive,sifilis,12,origin_202112,3554102,275,2.0,0.0
seasonal_ma3,sifilis,12,origin_202112,3505708,275,5.0,4.333333492279053
seasonal_ma3,sifilis,12,origin_202112,3506003,275,3.0,2.3333332538604736
seasonal_ma3,sifilis,12,origin_202112,3509502,275,3.0,1.6666666269302368
seasonal_ma3,sifilis,12,origin_202112,3510609,275,14.0,2.6666667461395264
seasonal_ma3,sifilis,12,origin_202112,3513801,275,6.0,5.0
seasonal_ma3,sifilis,12,origin_202112,3518701,275,5.0,3.6666667461395264
seasonal_ma3,sifilis,12,origin_202112,3518800,275,21.0,10.666666984558105
seasonal_ma3,sifilis,12,origin_202112,3522208,275,0.0,0.6666666865348816
seasonal_ma3,sifilis,12,origin_202112,3525904,275,2.0,2.3333332538604736
seasonal_ma3,sifilis,12,origin_202112,3529401,275,0.0,0.0
seasonal_ma3,sifilis,12,origin_202112,3534401,275,10.0,10.666666984558105
seasonal_ma3,sifilis,12,origin_202112,3536505,275,0.0,0.0
seasonal_ma3,sifilis,12,origin_202112,3541000,275,20.0,9.333333015441895
seasonal_ma3,sifilis,12,origin_202112,3543402,275,7.0,2.0
seasonal_ma3,sifilis,12,origin_202112,3547809,275,7.0,1.6666666269302368
seasonal_ma3,sifilis,12,origin_202112,3548500,275,4.0,6.666666507720947
seasonal_ma3,sifilis,12,origin_202112,3548708,275,2.0,1.3333333730697632
seasonal_ma3,sifilis,12,origin_202112,3549805,275,1.0,1.6666666269302368
seasonal_ma3,sifilis,12,origin_202112,3549904,275,9.0,6.0
seasonal_ma3,sifilis,12,origin_202112,3550308,275,78.0,75.66666412353516
seasonal_ma3,sifilis,12,origin_202112,3551009,275,3.0,8.333333015441895
seasonal_ma3,sifilis,12,origin_202112,3552205,275,10.0,4.0
seasonal_ma3,sifilis,12,origin_202112,3554102,275,2.0,0.0
sarima,sifilis,12,origin_202112,3505708,275,5.0,2.6304194927215576
sarima,sifilis,12,origin_202112,3506003,275,3.0,3.7238707542419434
sarima,sifilis,12,origin_202112,3509502,275,3.0,2.8542683124542236
sarima,sifilis,12,origin_202112,3510609,275,14.0,1.6797070503234863
sarima,sifilis,12,origin_202112,3513801,275,6.0,6.105088233947754
sarima,sifilis,12,origin_202112,3518701,275,5.0,8.677947998046875
sarima,sifilis,12,origin_202112,3518800,275,21.0,13.16462230682373
sarima,sifilis,12,origin_202112,3522208,275,0.0,0.570773720741272
sarima,sifilis,12,origin_202112,3525904,275,2.0,3.4754552841186523
sarima,sifilis,12,origin_202112,3529401,275,0.0,0.48107048869132996
sarima,sifilis,12,origin_202112,3534401,275,10.0,12.711726188659668
sarima,sifilis,12,origin_202112,3536505,275,0.0,0.1280442476272583
sarima,sifilis,12,origin_202112,3541000,275,20.0,13.023727416992188
sarima,sifilis,12,origin_202112,3543402,275,7.0,4.565914630889893
sarima,sifilis,12,origin_202112,3547809,275,7.0,5.896787643432617
sarima,sifilis,12,origin_202112,3548500,275,4.0,4.347764492034912
sarima,sifilis,12,origin_202112,3548708,275,2.0,2.393860340118408
sarima,sifilis,12,origin_202112,3549805,275,1.0,1.160194993019104
sarima,sifilis,12,origin_202112,3549904,275,9.0,6.101356029510498
sarima,sifilis,12,origin_202112,3550308,275,78.0,82.22660064697266
sarima,sifilis,12,origin_202112,3551009,275,3.0,5.198301315307617
sarima,sifilis,12,origin_202112,3552205,275,10.0,1.1658676862716675
sarima,sifilis,12,origin_202112,3554102,275,2.0,0.423822283744812
lgbm,sifilis,12,origin_202112,3505708,275,5.0,2.3922853244526014
lgbm,sifilis,12,origin_202112,3506003,275,3.0,4.682319583903043
lgbm,sifilis,12,origin_202112,3509502,275,3.0,2.236021390218403
lgbm,sifilis,12,origin_202112,3510609,275,14.0,1.1659360499216131
lgbm,sifilis,12,origin_202112,3513801,275,6.0,5.756423635697828
lgbm,sifilis,12,origin_202112,3518701,275,5.0,3.489574540787481
lgbm,sifilis,12,origin_202112,3518800,275,21.0,13.573740107890234
lgbm,sifilis,12,origin_202112,3522208,275,0.0,0.41567785054183887
lgbm,sifilis,12,origin_202112,3525904,275,2.0,2.606266688712378
lgbm,sifilis,12,origin_202112,3529401,275,0.0,0.3455064351608468
lgbm,sifilis,12,origin_202112,3534401,275,10.0,8.236533342939103
lgbm,sifilis,12,origin_202112,3536505,275,0.0,0.11704239400873674
lgbm,sifilis,12,origin_202112,3541000,275,20.0,8.729537338255378
lgbm,sifilis,12,origin_202112,3543402,275,7.0,4.230228470408759
lgbm,sifilis,12,origin_202112,3547809,275,7.0,7.055392904492178
lgbm,sifilis,12,origin_202112,3548500,275,4.0,3.0258196922107485
lgbm,sifilis,12,origin_202112,3548708,275,2.0,2.4324131461614735
lgbm,sifilis,12,origin_202112,3549805,275,1.0,1.6572063627414464
lgbm,sifilis,12,origin_202112,3549904,275,9.0,5.456242279437569
lgbm,sifilis,12,origin_202112,3550308,275,78.0,77.23460518554297
lgbm,sifilis,12,origin_202112,3551009,275,3.0,2.8458537597428126
lgbm,sifilis,12,origin_202112,3552205,275,10.0,1.3034729993443197
lgbm,sifilis,12,origin_202112,3554102,275,2.0,0.2621080828768527
catboost,sifilis,12,origin_202112,3505708,275,5.0,2.58158191957656
catboost,sifilis,12,origin_202112,3506003,275,3.0,3.5431595440727173
catboost,sifilis,12,origin_202112,3509502,275,3.0,2.4348809595195497
catboost,sifilis,12,origin_202112,3510609,275,14.0,1.3228613629764434
catboost,sifilis,12,origin_202112,3513801,275,6.0,6.638190892916309
catboost,sifilis,12,origin_202112,3518701,275,5.0,5.8309636090313735
catboost,sifilis,12,origin_202112,3518800,275,21.0,16.193114175873692
catboost,sifilis,12,origin_202112,3522208,275,0.0,0.43419175011494204
catboost,sifilis,12,origin_202112,3525904,275,2.0,3.0600885512657414
catboost,sifilis,12,origin_202112,3529401,275,0.0,0.3582472192133747
catboost,sifilis,12,origin_202112,3534401,275,10.0,8.650953034177213
catboost,sifilis,12,origin_202112,3536505,275,0.0,0.139249143559833
catboost,sifilis,12,origin_202112,3541000,275,20.0,8.015502224775243
catboost,sifilis,12,origin_202112,3543402,275,7.0,4.404076549550307
catboost,sifilis,12,origin_202112,3547809,275,7.0,5.163501692111149
catboost,sifilis,12,origin_202112,3548500,275,4.0,3.5232339899653358
catboost,sifilis,12,origin_202112,3548708,275,2.0,2.578076445688442
catboost,sifilis,12,origin_202112,3549805,275,1.0,1.5659676259697242
catboost,sifilis,12,origin_202112,3549904,275,9.0,5.690536458868438
catboost,sifilis,12,origin_202112,3550308,275,78.0,81.24656730056604
catboost,sifilis,12,origin_202112,3551009,275,3.0,3.8247167805722433
catboost,sifilis,12,origin_202112,3552205,275,10.0,1.2805120843096436
catboost,sifilis,12,origin_202112,3554102,275,2.0,0.2146669755802091
xgboost,sifilis,12,origin_202112,3505708,275,5.0,2.3672499656677246
xgboost,sifilis,12,origin_202112,3506003,275,3.0,4.357492923736572
xgboost,sifilis,12,origin_202112,3509502,275,3.0,2.184203863143921
xgboost,sifilis,12,origin_202112,3510609,275,14.0,1.4433419704437256
xgboost,sifilis,12,origin_202112,3513801,275,6.0,5.37594747543335
xgboost,sifilis,12,origin_202112,3518701,275,5.0,4.231781959533691
xgboost,sifilis,12,origin_202112,3518800,275,21.0,16.538101196289062
xgboost,sifilis,12,origin_202112,3522208,275,0.0,0.5652700662612915
xgboost,sifilis,12,origin_202112,3525904,275,2.0,2.803115129470825
xgboost,sifilis,12,origin_202112,3529401,275,0.0,0.2739521265029907
xgboost,sifilis,12,origin_202112,3534401,275,10.0,7.101175785064697
xgboost,sifilis,12,origin_202112,3536505,275,0.0,0.10660335421562195
xgboost,sifilis,12,origin_202112,3541000,275,20.0,10.06990909576416
xgboost,sifilis,12,origin_202112,3543402,275,7.0,3.5976061820983887
xgboost,sifilis,12,origin_202112,3547809,275,7.0,6.307766437530518
xgboost,sifilis,12,origin_202112,3548500,275,4.0,2.9452521800994873
xgboost,sifilis,12,origin_202112,3548708,275,2.0,2.338244915008545
xgboost,sifilis,12,origin_202112,3549805,275,1.0,1.3544870615005493
xgboost,sifilis,12,origin_202112,3549904,275,9.0,6.210981845855713
xgboost,sifilis,12,origin_202112,3550308,275,78.0,70.1806640625
xgboost,sifilis,12,origin_202112,3551009,275,3.0,4.764251232147217
xgboost,sifilis,12,origin_202112,3552205,275,10.0,1.7582149505615234
xgboost,sifilis,12,origin_202112,3554102,275,2.0,0.196099191904068
prophet,sifilis,12,origin_202112,3505708,275,5.0,2.5772026219205286
prophet,sifilis,12,origin_202112,3506003,275,3.0,2.7698675856728565
prophet,sifilis,12,origin_202112,3509502,275,3.0,3.5542796726765022
prophet,sifilis,12,origin_202112,3510609,275,14.0,2.450447256139624
prophet,sifilis,12,origin_202112,3513801,275,6.0,6.277866234945943
prophet,sifilis,12,origin_202112,3518701,275,5.0,2.876131495865289
prophet,sifilis,12,origin_202112,3518800,275,21.0,15.782969233979852
prophet,sifilis,12,origin_202112,3522208,275,0.0,0.455984943568536
prophet,sifilis,12,origin_202112,3525904,275,2.0,2.9496846720115215
prophet,sifilis,12,origin_202112,3529401,275,0.0,0.4587361026119347
prophet,sifilis,12,origin_202112,3534401,275,10.0,14.299033318881625
prophet,sifilis,12,origin_202112,3536505,275,0.0,0.3500975703615368
prophet,sifilis,12,origin_202112,3541000,275,20.0,10.397783848070027
prophet,sifilis,12,origin_202112,3543402,275,7.0,3.934854478042837
prophet,sifilis,12,origin_202112,3547809,275,7.0,6.926370951954439
prophet,sifilis,12,origin_202112,3548500,275,4.0,5.806142581649998
prophet,sifilis,12,origin_202112,3548708,275,2.0,1.8452465667160214
prophet,sifilis,12,origin_202112,3549805,275,1.0,2.4321927130790937
prophet,sifilis,12,origin_202112,3549904,275,9.0,7.204787751566541
prophet,sifilis,12,origin_202112,3550308,275,78.0,79.11523743781039
prophet,sifilis,12,origin_202112,3551009,275,3.0,7.5410839997410015
prophet,sifilis,12,origin_202112,3552205,275,10.0,2.3798385375103837
prophet,sifilis,12,origin_202112,3554102,275,2.0,0.4315004138557502
seasonal_naive,sifilis,1,origin_202212,3505708,276,3.0,3.0
seasonal_naive,sifilis,1,origin_202212,3506003,276,5.0,1.0
seasonal_naive,sifilis,1,origin_202212,3509502,276,2.0,4.0
seasonal_naive,sifilis,1,origin_202212,3510609,276,5.0,0.0
seasonal_naive,sifilis,1,origin_202212,3513801,276,7.0,1.0
seasonal_naive,sifilis,1,origin_202212,3518701,276,2.0,4.0
seasonal_naive,sifilis,1,origin_202212,3518800,276,14.0,25.0
seasonal_naive,sifilis,1,origin_202212,3522208,276,0.0,0.0
seasonal_naive,sifilis,1,origin_202212,3525904,276,3.0,1.0
seasonal_naive,sifilis,1,origin_202212,3529401,276,1.0,0.0
seasonal_naive,sifilis,1,origin_202212,3534401,276,21.0,17.0
seasonal_naive,sifilis,1,origin_202212,3536505,276,0.0,0.0
seasonal_naive,sifilis,1,origin_202212,3541000,276,13.0,6.0
seasonal_naive,sifilis,1,origin_202212,3543402,276,3.0,5.0
seasonal_naive,sifilis,1,origin_202212,3547809,276,5.0,2.0
seasonal_naive,sifilis,1,origin_202212,3548500,276,4.0,4.0
seasonal_naive,sifilis,1,origin_202212,3548708,276,2.0,0.0
seasonal_naive,sifilis,1,origin_202212,3549805,276,2.0,2.0
seasonal_naive,sifilis,1,origin_202212,3549904,276,4.0,2.0
seasonal_naive,sifilis,1,origin_202212,3550308,276,101.0,71.0
seasonal_naive,sifilis,1,origin_202212,3551009,276,11.0,5.0
seasonal_naive,sifilis,1,origin_202212,3552205,276,9.0,0.0
seasonal_naive,sifilis,1,origin_202212,3554102,276,0.0,1.0
seasonal_ma3,sifilis,1,origin_202212,3505708,276,3.0,4.0
seasonal_ma3,sifilis,1,origin_202212,3506003,276,5.0,2.0
seasonal_ma3,sifilis,1,origin_202212,3509502,276,2.0,2.3333332538604736
seasonal_ma3,sifilis,1,origin_202212,3510609,276,5.0,0.0
seasonal_ma3,sifilis,1,origin_202212,3513801,276,7.0,4.333333492279053
seasonal_ma3,sifilis,1,origin_202212,3518701,276,2.0,2.6666667461395264
seasonal_ma3,sifilis,1,origin_202212,3518800,276,14.0,17.33333396911621
seasonal_ma3,sifilis,1,origin_202212,3522208,276,0.0,0.6666666865348816
seasonal_ma3,sifilis,1,origin_202212,3525904,276,3.0,2.6666667461395264
seasonal_ma3,sifilis,1,origin_202212,3529401,276,1.0,0.0
seasonal_ma3,sifilis,1,origin_202212,3534401,276,21.0,14.666666984558105
seasonal_ma3,sifilis,1,origin_202212,3536505,276,0.0,0.3333333432674408
seasonal_ma3,sifilis,1,origin_202212,3541000,276,13.0,7.666666507720947
seasonal_ma3,sifilis,1,origin_202212,3543402,276,3.0,4.0
seasonal_ma3,sifilis,1,origin_202212,3547809,276,5.0,6.666666507720947
seasonal_ma3,sifilis,1,origin_202212,3548500,276,4.0,6.0
seasonal_ma3,sifilis,1,origin_202212,3548708,276,2.0,1.0
seasonal_ma3,sifilis,1,origin_202212,3549805,276,2.0,1.0
seasonal_ma3,sifilis,1,origin_202212,3549904,276,4.0,5.666666507720947
seasonal_ma3,sifilis,1,origin_202212,3550308,276,101.0,80.66666412353516
seasonal_ma3,sifilis,1,origin_202212,3551009,276,11.0,8.666666984558105
seasonal_ma3,sifilis,1,origin_202212,3552205,276,9.0,0.3333333432674408
seasonal_ma3,sifilis,1,origin_202212,3554102,276,0.0,0.3333333432674408
sarima,sifilis,1,origin_202212,3505708,276,3.0,2.677675724029541
sarima,sifilis,1,origin_202212,3506003,276,5.0,3.8240435123443604
sarima,sifilis,1,origin_202212,3509502,276,2.0,3.2815425395965576
sarima,sifilis,1,origin_202212,3510609,276,5.0,3.251627206802368
sarima,sifilis,1,origin_202212,3513801,276,7.0,4.111639976501465
sarima,sifilis,1,origin_202212,3518701,276,2.0,0.4803006947040558
sarima,sifilis,1,origin_202212,3518800,276,14.0,15.925772666931152
sarima,sifilis,1,origin_202212,3522208,276,0.0,0.4381886124610901
sarima,sifilis,1,origin_202212,3525904,276,3.0,3.4072039127349854
sarima,sifilis,1,origin_202212,3529401,276,1.0,0.42435652017593384
sarima,sifilis,1,origin_202212,3534401,276,21.0,13.604744911193848
sarima,sifilis,1,origin_202212,3536505,276,0.0,0.1304347813129425
sarima,sifilis,1,origin_202212,3541000,276,13.0,11.193321228027344
sarima,sifilis,1,origin_202212,3543402,276,3.0,4.343026638031006
sarima,sifilis,1,origin_202212,3547809,276,5.0,5.217538833618164
sarima,sifilis,1,origin_202212,3548500,276,4.0,4.368531703948975
sarima,sifilis,1,origin_202212,3548708,276,2.0,2.112697124481201
sarima,sifilis,1,origin_202212,3549805,276,2.0,1.7621594667434692
sarima,sifilis,1,origin_202212,3549904,276,4.0,4.7243523597717285
sarima,sifilis,1,origin_202212,3550308,276,101.0,82.96533203125
sarima,sifilis,1,origin_202212,3551009,276,11.0,2.699136972427368
sarima,sifilis,1,origin_202212,3552205,276,9.0,5.809906959533691
sarima,sifilis,1,origin_202212,3554102,276,0.0,0.6071490049362183
lgbm,sifilis,1,origin_202212,3505708,276,3.0,2.855956904550654
lgbm,sifilis,1,origin_202212,3506003,276,5.0,4.835885627768111
lgbm,sifilis,1,origin_202212,3509502,276,2.0,3.262554133875846
lgbm,sifilis,1,origin_202212,3510609,276,5.0,2.4620281849288577
lgbm,sifilis,1,origin_202212,3513801,276,7.0,4.044861098521629
lgbm,sifilis,1,origin_202212,3518701,276,2.0,2.5981384487676142
lgbm,sifilis,1,origin_202212,3518800,276,14.0,12.98715571461834
lgbm,sifilis,1,origin_202212,3522208,276,0.0,0.3365309193387203
lgbm,sifilis,1,origin_202212,3525904,276,3.0,2.41089497035734
lgbm,sifilis,1,origin_202212,3529401,276,1.0,0.4307700936547563
lgbm,sifilis,1,origin_202212,3534401,276,21.0,12.554498076367743
lgbm,sifilis,1,origin_202212,3536505,276,0.0,0.1274866418975888
lgbm,sifilis,1,origin_202212,3541000,276,13.0,12.648966669166763
lgbm,sifilis,1,origin_202212,3543402,276,3.0,4.087877973286496
lgbm,sifilis,1,origin_202212,3547809,276,5.0,4.857934846226316
lgbm,sifilis,1,origin_202212,3548500,276,4.0,4.540783758425869
lgbm,sifilis,1,origin_202212,3548708,276,2.0,1.6826700843391107
lgbm,sifilis,1,origin_202212,3549805,276,2.0,1.8879923673416708
lgbm,sifilis,1,origin_202212,3549904,276,4.0,4.3468359382426875
lgbm,sifilis,1,origin_202212,3550308,276,101.0,79.76597533069241
lgbm,sifilis,1,origin_202212,3551009,276,11.0,2.906604288854603
lgbm,sifilis,1,origin_202212,3552205,276,9.0,4.785586693660397
lgbm,sifilis,1,origin_202212,3554102,276,0.0,0.3183853506654633
catboost,sifilis,1,origin_202212,3505708,276,3.0,3.0155972099861326
catboost,sifilis,1,origin_202212,3506003,276,5.0,4.937176363142235
catboost,sifilis,1,origin_202212,3509502,276,2.0,3.090101209167385
catboost,sifilis,1,origin_202212,3510609,276,5.0,4.796382118078897
catboost,sifilis,1,origin_202212,3513801,276,7.0,4.861184386550867
catboost,sifilis,1,origin_202212,3518701,276,2.0,3.6403043977499436
catboost,sifilis,1,origin_202212,3518800,276,14.0,11.859975883312512
catboost,sifilis,1,origin_202212,3522208,276,0.0,0.3634760865521096
catboost,sifilis,1,origin_202212,3525904,276,3.0,2.8434564581430934
catboost,sifilis,1,origin_202212,3529401,276,1.0,0.5644744517556501
catboost,sifilis,1,origin_202212,3534401,276,21.0,13.18670940848551
catboost,sifilis,1,origin_202212,3536505,276,0.0,0.20508821784992998
catboost,sifilis,1,origin_202212,3541000,276,13.0,11.115467714792034
catboost,sifilis,1,origin_202212,3543402,276,3.0,3.931845851792204
catboost,sifilis,1,origin_202212,3547809,276,5.0,4.248182830172802
catboost,sifilis,1,origin_202212,3548500,276,4.0,5.133204657445041
catboost,sifilis,1,origin_202212,3548708,276,2.0,1.987652534375948
catboost,sifilis,1,origin_202212,3549805,276,2.0,1.88531735288478
catboost,sifilis,1,origin_202212,3549904,276,4.0,4.24094627187183
catboost,sifilis,1,origin_202212,3550308,276,101.0,59.765044444954235
catboost,sifilis,1,origin_202212,3551009,276,11.0,3.3557596488244243
catboost,sifilis,1,origin_202212,3552205,276,9.0,5.6636489316364935
catboost,sifilis,1,origin_202212,3554102,276,0.0,0.43201443044226223
xgboost,sifilis,1,origin_202212,3505708,276,3.0,3.0409555435180664
xgboost,sifilis,1,origin_202212,3506003,276,5.0,3.5164401531219482
xgboost,sifilis,1,origin_202212,3509502,276,2.0,2.7125821113586426
xgboost,sifilis,1,origin_202212,3510609,276,5.0,2.3639354705810547
xgboost,sifilis,1,origin_202212,3513801,276,7.0,4.775665283203125
xgboost,sifilis,1,origin_202212,3518701,276,2.0,3.1087119579315186
xgboost,sifilis,1,origin_202212,3518800,276,14.0,13.157746315002441
xgboost,sifilis,1,origin_202212,3522208,276,0.0,0.30182674527168274
xgboost,sifilis,1,origin_202212,3525904,276,3.0,2.2727880477905273
xgboost,sifilis,1,origin_202212,3529401,276,1.0,0.371395081281662
xgboost,sifilis,1,origin_202212,3534401,276,21.0,13.334112167358398
xgboost,sifilis,1,origin_202212,3536505,276,0.0,0.08123675733804703
xgboost,sifilis,1,origin_202212,3541000,276,13.0,11.790647506713867
xgboost,sifilis,1,origin_202212,3543402,276,3.0,4.396795272827148
xgboost,sifilis,1,origin_202212,3547809,276,5.0,4.952221393585205
xgboost,sifilis,1,origin_202212,3548500,276,4.0,4.460904598236084
xgboost,sifilis,1,origin_202212,3548708,276,2.0,1.742680311203003
xgboost,sifilis,1,origin_202212,3549805,276,2.0,1.7692790031433105
xgboost,sifilis,1,origin_202212,3549904,276,4.0,4.720526695251465
xgboost,sifilis,1,origin_202212,3550308,276,101.0,79.42283630371094
xgboost,sifilis,1,origin_202212,3551009,276,11.0,3.486675977706909
xgboost,sifilis,1,origin_202212,3552205,276,9.0,4.404725551605225
xgboost,sifilis,1,origin_202212,3554102,276,0.0,0.32753971219062805
prophet,sifilis,1,origin_202212,3505708,276,3.0,2.6190872804737526
prophet,sifilis,1,origin_202212,3506003,276,5.0,3.687264901304166
prophet,sifilis,1,origin_202212,3509502,276,2.0,3.655052341790756
prophet,sifilis,1,origin_202212,3510609,276,5.0,1.6023924193340866
prophet,sifilis,1,origin_202212,3513801,276,7.0,6.28482038453115
prophet,sifilis,1,origin_202212,3518701,276,2.0,2.9010908868768515
prophet,sifilis,1,origin_202212,3518800,276,14.0,16.181132442055542
prophet,sifilis,1,origin_202212,3522208,276,0.0,0.3862385451282655
prophet,sifilis,1,origin_202212,3525904,276,3.0,3.3897742704127536
prophet,sifilis,1,origin_202212,3529401,276,1.0,0.4796583550241117
prophet,sifilis,1,origin_202212,3534401,276,21.0,14.33059915983226
prophet,sifilis,1,origin_202212,3536505,276,0.0,0.09692316797329091
prophet,sifilis,1,origin_202212,3541000,276,13.0,11.981810489711835
prophet,sifilis,1,origin_202212,3543402,276,3.0,4.9450394898310845
prophet,sifilis,1,origin_202212,3547809,276,5.0,7.18236835807135
prophet,sifilis,1,origin_202212,3548500,276,4.0,5.463523014945782
prophet,sifilis,1,origin_202212,3548708,276,2.0,1.6480093259517183
prophet,sifilis,1,origin_202212,3549805,276,2.0,2.1252027840801655
prophet,sifilis,1,origin_202212,3549904,276,4.0,6.027912135275977
prophet,sifilis,1,origin_202212,3550308,276,101.0,81.99319913734199
prophet,sifilis,1,origin_202212,3551009,276,11.0,5.962614581277038
prophet,sifilis,1,origin_202212,3552205,276,9.0,2.44018740883877
prophet,sifilis,1,origin_202212,3554102,276,0.0,0.2707212417661683
seasonal_naive,sifilis,3,origin_202212,3505708,278,1.0,1.0
seasonal_naive,sifilis,3,origin_202212,3506003,278,2.0,7.0
seasonal_naive,sifilis,3,origin_202212,3509502,278,4.0,7.0
seasonal_naive,sifilis,3,origin_202212,3510609,278,0.0,0.0
seasonal_naive,sifilis,3,origin_202212,3513801,278,5.0,1.0
seasonal_naive,sifilis,3,origin_202212,3518701,278,5.0,4.0
seasonal_naive,sifilis,3,origin_202212,3518800,278,21.0,19.0
seasonal_naive,sifilis,3,origin_202212,3522208,278,1.0,0.0
seasonal_naive,sifilis,3,origin_202212,3525904,278,5.0,5.0
seasonal_naive,sifilis,3,origin_202212,3529401,278,0.0,1.0
seasonal_naive,sifilis,3,origin_202212,3534401,278,25.0,9.0
seasonal_naive,sifilis,3,origin_202212,3536505,278,0.0,0.0
seasonal_naive,sifilis,3,origin_202212,3541000,278,24.0,11.0
seasonal_naive,sifilis,3,origin_202212,3543402,278,4.0,5.0
seasonal_naive,sifilis,3,origin_202212,3547809,278,7.0,3.0
seasonal_naive,sifilis,3,origin_202212,3548500,278,3.0,1.0
seasonal_naive,sifilis,3,origin_202212,3548708,278,2.0,1.0
seasonal_naive,sifilis,3,origin_202212,3549805,278,1.0,2.0
seasonal_naive,sifilis,3,origin_202212,3549904,278,2.0,7.0
seasonal_naive,sifilis,3,origin_202212,3550308,278,88.0,84.0
seasonal_naive,sifilis,3,origin_202212,3551009,278,1.0,3.0
seasonal_naive,sifilis,3,origin_202212,3552205,278,1.0,9.0
seasonal_naive,sifilis,3,origin_202212,3554102,278,0.0,0.0
seasonal_ma3,sifilis,3,origin_202212,3505708,278,1.0,1.3333333730697632
seasonal_ma3,sifilis,3,origin_202212,3506003,278,2.0,2.6666667461395264
seasonal_ma3,sifilis,3,origin_202212,3509502,278,4.0,5.0
seasonal_ma3,sifilis,3,origin_202212,3510609,278,0.0,1.6666666269302368
seasonal_ma3,sifilis,3,origin_202212,3513801,278,5.0,5.666666507720947
seasonal_ma3,sifilis,3,origin_202212,3518701,278,5.0,2.3333332538604736
seasonal_ma3,sifilis,3,origin_202212,3518800,278,21.0,13.333333015441895
seasonal_ma3,sifilis,3,origin_202212,3522208,278,1.0,0.0
seasonal_ma3,sifilis,3,origin_202212,3525904,278,5.0,4.666666507720947
seasonal_ma3,sifilis,3,origin_202212,3529401,278,0.0,0.6666666865348816
seasonal_ma3,sifilis,3,origin_202212,3534401,278,25.0,11.0
seasonal_ma3,sifilis,3,origin_202212,3536505,278,0.0,0.0
seasonal_ma3,sifilis,3,origin_202212,3541000,278,24.0,9.0
seasonal_ma3,sifilis,3,origin_202212,3543402,278,4.0,3.3333332538604736
seasonal_ma3,sifilis,3,origin_202212,3547809,278,7.0,3.0
seasonal_ma3,sifilis,3,origin_202212,3548500,278,3.0,2.3333332538604736
seasonal_ma3,sifilis,3,origin_202212,3548708,278,2.0,2.3333332538604736
seasonal_ma3,sifilis,3,origin_202212,3549805,278,1.0,1.0
seasonal_ma3,sifilis,3,origin_202212,3549904,278,2.0,5.333333492279053
seasonal_ma3,sifilis,3,origin_202212,3550308,278,88.0,83.66666412353516
seasonal_ma3,sifilis,3,origin_202212,3551009,278,1.0,4.0
seasonal_ma3,sifilis,3,origin_202212,3552205,278,1.0,3.3333332538604736
seasonal_ma3,sifilis,3,origin_202212,3554102,278,0.0,0.3333333432674408
sarima,sifilis,3,origin_202212,3505708,278,1.0,2.695755958557129
sarima,sifilis,3,origin_202212,3506003,278,2.0,5.454959392547607
sarima,sifilis,3,origin_202212,3509502,278,4.0,3.670095682144165
sarima,sifilis,3,origin_202212,3510609,278,0.0,4.321915149688721
sarima,sifilis,3,origin_202212,3513801,278,5.0,4.68339729309082
sarima,sifilis,3,origin_202212,3518701,278,5.0,1.8505398035049438
sarima,sifilis,3,origin_202212,3518800,278,21.0,15.925772666931152
sarima,sifilis,3,origin_202212,3522208,278,1.0,0.4381886124610901
sarima,sifilis,3,origin_202212,3525904,278,5.0,2.959266424179077
sarima,sifilis,3,origin_202212,3529401,278,0.0,0.5061123371124268
sarima,sifilis,3,origin_202212,3534401,278,25.0,13.702911376953125
sarima,sifilis,3,origin_202212,3536505,278,0.0,0.1304347813129425
sarima,sifilis,3,origin_202212,3541000,278,24.0,12.452824592590332
sarima,sifilis,3,origin_202212,3543402,278,4.0,4.900566577911377
sarima,sifilis,3,origin_202212,3547809,278,7.0,4.528229236602783
sarima,sifilis,3,origin_202212,3548500,278,3.0,4.368531703948975
sarima,sifilis,3,origin_202212,3548708,278,2.0,2.129976749420166
sarima,sifilis,3,origin_202212,3549805,278,1.0,2.1062169075012207
sarima,sifilis,3,origin_202212,3549904,278,2.0,5.3680644035339355
sarima,sifilis,3,origin_202212,3550308,278,88.0,82.27169036865234
sarima,sifilis,3,origin_202212,3551009,278,1.0,2.151812791824341
sarima,sifilis,3,origin_202212,3552205,278,1.0,5.809906959533691
sarima,sifilis,3,origin_202212,3554102,278,0.0,0.4343910813331604
lgbm,sifilis,3,origin_202212,3505708,278,1.0,2.6751031910808187
lgbm,sifilis,3,origin_202212,3506003,278,2.0,3.5051814863779063
lgbm,sifilis,3,origin_202212,3509502,278,4.0,3.9494668310493672
lgbm,sifilis,3,origin_202212,3510609,278,0.0,2.637745073498591
lgbm,sifilis,3,origin_202212,3513801,278,5.0,4.460206135341716
lgbm,sifilis,3,origin_202212,3518701,278,5.0,2.538805423941864
lgbm,sifilis,3,origin_202212,3518800,278,21.0,14.162409568734795
lgbm,sifilis,3,origin_202212,3522208,278,1.0,0.36537962640935984
lgbm,sifilis,3,origin_202212,3525904,278,5.0,3.0827705199032525
lgbm,sifilis,3,origin_202212,3529401,278,0.0,0.5091060443945363
lgbm,sifilis,3,origin_202212,3534401,278,25.0,12.000943008864839
lgbm,sifilis,3,origin_202212,3536505,278,0.0,0.1186459528140379
lgbm,sifilis,3,origin_202212,3541000,278,24.0,12.509134397645209
lgbm,sifilis,3,origin_202212,3543402,278,4.0,3.6437348704512944
lgbm,sifilis,3,origin_202212,3547809,278,7.0,4.261000413202824
lgbm,sifilis,3,origin_202212,3548500,278,3.0,4.752406503700637
lgbm,sifilis,3,origin_202212,3548708,278,2.0,2.091786428425715
lgbm,sifilis,3,origin_202212,3549805,278,1.0,2.2822133784109453
lgbm,sifilis,3,origin_202212,3549904,278,2.0,4.950115915752768
lgbm,sifilis,3,origin_202212,3550308,278,88.0,80.46039059409425
lgbm,sifilis,3,origin_202212,3551009,278,1.0,2.985976699905932
lgbm,sifilis,3,origin_202212,3552205,278,1.0,3.828230627903567
lgbm,sifilis,3,origin_202212,3554102,278,0.0,0.3396504645899955
catboost,sifilis,3,origin_202212,3505708,278,1.0,2.700077919032414
catboost,sifilis,3,origin_202212,3506003,278,2.0,3.9085495223052305
catboost,sifilis,3,origin_202212,3509502,278,4.0,3.9958434799393854
catboost,sifilis,3,origin_202212,3510609,278,0.0,2.6157787362037364
catboost,sifilis,3,origin_202212,3513801,278,5.0,3.100723702545451
catboost,sifilis,3,origin_202212,3518701,278,5.0,3.195207175699091
catboost,sifilis,3,origin_202212,3518800,278,21.0,11.905241139136425
catboost,sifilis,3,origin_202212,3522208,278,1.0,0.3386357670753815
catboost,sifilis,3,origin_202212,3525904,278,5.0,2.6404543123364084
catboost,sifilis,3,origin_202212,3529401,278,0.0,0.6226928049484509
catboost,sifilis,3,origin_202212,3534401,278,25.0,12.681158412249678
catboost,sifilis,3,origin_202212,3536505,278,0.0,0.18589874501048537
catboost,sifilis,3,origin_202212,3541000,278,24.0,10.911542100086738
catboost,sifilis,3,origin_202212,3543402,278,4.0,4.422780856192491
catboost,sifilis,3,origin_202212,3547809,278,7.0,4.717549034999694
catboost,sifilis,3,origin_202212,3548500,278,3.0,4.724638686047149
catboost,sifilis,3,origin_202212,3548708,278,2.0,1.8933038532147757
catboost,sifilis,3,origin_202212,3549805,278,1.0,1.9324195729125822
catboost,sifilis,3,origin_202212,3549904,278,2.0,5.093850747240563
catboost,sifilis,3,origin_202212,3550308,278,88.0,65.46570792633435
catboost,sifilis,3,origin_202212,3551009,278,1.0,2.294420119391057
catboost,sifilis,3,origin_202212,3552205,278,1.0,4.866028279434958
catboost,sifilis,3,origin_202212,3554102,278,0.0,0.38129041217973253
xgboost,sifilis,3,origin_202212,3505708,278,1.0,2.689117193222046
xgboost,sifilis,3,origin_202212,3506003,278,2.0,4.154719352722168
xgboost,sifilis,3,origin_202212,3509502,278,4.0,2.9008214473724365
xgboost,sifilis,3,origin_202212,3510609,278,0.0,2.5500147342681885
xgboost,sifilis,3,origin_202212,3513801,278,5.0,4.432180881500244
xgboost,sifilis,3,origin_202212,3518701,278,5.0,3.133500099182129
xgboost,sifilis,3,origin_202212,3518800,278,21.0,14.479381561279297
xgboost,sifilis,3,origin_202212,3522208,278,1.0,0.5473186373710632
xgboost,sifilis,3,origin_202212,3525904,278,5.0,2.914397716522217
xgboost,sifilis,3,origin_202212,3529401,278,0.0,0.5684467554092407
xgboost,sifilis,3,origin_202212,3534401,278,25.0,14.168227195739746
xgboost,sifilis,3,origin_202212,3536505,278,0.0,0.11803950369358063
xgboost,sifilis,3,origin_202212,3541000,278,24.0,11.963346481323242
xgboost,sifilis,3,origin_202212,3543402,278,4.0,4.139487266540527
xgboost,sifilis,3,origin_202212,3547809,278,7.0,4.085063457489014
xgboost,sifilis,3,origin_202212,3548500,278,3.0,4.165396213531494
xgboost,sifilis,3,origin_202212,3548708,278,2.0,1.9576444625854492
xgboost,sifilis,3,origin_202212,3549805,278,1.0,2.1610445976257324
xgboost,sifilis,3,origin_202212,3549904,278,2.0,4.5897369384765625
xgboost,sifilis,3,origin_202212,3550308,278,88.0,77.83720397949219
xgboost,sifilis,3,origin_202212,3551009,278,1.0,3.4082982540130615
xgboost,sifilis,3,origin_202212,3552205,278,1.0,3.998901605606079
xgboost,sifilis,3,origin_202212,3554102,278,0.0,0.28970253467559814
prophet,sifilis,3,origin_202212,3505708,278,1.0,2.679816421683683
prophet,sifilis,3,origin_202212,3506003,278,2.0,3.9512469088287365
prophet,sifilis,3,origin_202212,3509502,278,4.0,4.523821193377284
prophet,sifilis,3,origin_202212,3510609,278,0.0,1.626521469834162
prophet,sifilis,3,origin_202212,3513801,278,5.0,4.63996899034262
prophet,sifilis,3,origin_202212,3518701,278,5.0,3.1007614421224696
prophet,sifilis,3,origin_202212,3518800,278,21.0,18.13253798812213
prophet,sifilis,3,origin_202212,3522208,278,1.0,0.5454497274446816
prophet,sifilis,3,origin_202212,3525904,278,5.0,3.5039016122343214
prophet,sifilis,3,origin_202212,3529401,278,0.0,0.6947107829152429
prophet,sifilis,3,origin_202212,3534401,278,25.0,14.027046012011416
prophet,sifilis,3,origin_202212,3536505,278,0.0,0.0
prophet,sifilis,3,origin_202212,3541000,278,24.0,12.617711706836667
prophet,sifilis,3,origin_202212,3543402,278,4.0,4.5123042732467935
prophet,sifilis,3,origin_202212,3547809,278,7.0,6.7394663570001505
prophet,sifilis,3,origin_202212,3548500,278,3.0,5.63181001567484
prophet,sifilis,3,origin_202212,3548708,278,2.0,2.0734440348670784
prophet,sifilis,3,origin_202212,3549805,278,1.0,2.432245589098948
prophet,sifilis,3,origin_202212,3549904,278,2.0,6.149230686418323
prophet,sifilis,3,origin_202212,3550308,278,88.0,83.16342970576444
prophet,sifilis,3,origin_202212,3551009,278,1.0,5.287853299839231
prophet,sifilis,3,origin_202212,3552205,278,1.0,2.760444513367849
prophet,sifilis,3,origin_202212,3554102,278,0.0,0.48877194051131984
seasonal_naive,sifilis,6,origin_202212,3505708,281,0.0,2.0
seasonal_naive,sifilis,6,origin_202212,3506003,281,4.0,3.0
seasonal_naive,sifilis,6,origin_202212,3509502,281,2.0,5.0
seasonal_naive,sifilis,6,origin_202212,3510609,281,0.0,2.0
seasonal_naive,sifilis,6,origin_202212,3513801,281,1.0,13.0
seasonal_naive,sifilis,6,origin_202212,3518701,281,9.0,4.0
seasonal_naive,sifilis,6,origin_202212,3518800,281,15.0,19.0
seasonal_naive,sifilis,6,origin_202212,3522208,281,1.0,0.0
seasonal_naive,sifilis,6,origin_202212,3525904,281,3.0,8.0
seasonal_naive,sifilis,6,origin_202212,3529401,281,0.0,2.0
seasonal_naive,sifilis,6,origin_202212,3534401,281,12.0,16.0
seasonal_naive,sifilis,6,origin_202212,3536505,281,0.0,0.0
seasonal_naive,sifilis,6,origin_202212,3541000,281,16.0,13.0
seasonal_naive,sifilis,6,origin_202212,3543402,281,5.0,13.0
seasonal_naive,sifilis,6,origin_202212,3547809,281,6.0,3.0
seasonal_naive,sifilis,6,origin_202212,3548500,281,3.0,6.0
seasonal_naive,sifilis,6,origin_202212,3548708,281,3.0,6.0
seasonal_naive,sifilis,6,origin_202212,3549805,281,2.0,2.0
seasonal_naive,sifilis,6,origin_202212,3549904,281,11.0,3.0
seasonal_naive,sifilis,6,origin_202212,3550308,281,74.0,63.0
seasonal_naive,sifilis,6,origin_202212,3551009,281,4.0,1.0
seasonal_naive,sifilis,6,origin_202212,3552205,281,2.0,4.0
seasonal_naive,sifilis,6,origin_202212,3554102,281,1.0,0.0
seasonal_ma3,sifilis,6,origin_202212,3505708,281,0.0,3.3333332538604736
seasonal_ma3,sifilis,6,origin_202212,3506003,281,4.0,3.0
seasonal_ma3,sifilis,6,origin_202212,3509502,281,2.0,4.333333492279053
seasonal_ma3,sifilis,6,origin_202212,3510609,281,0.0,2.0
seasonal_ma3,sifilis,6,origin_202212,3513801,281,1.0,7.333333492279053
seasonal_ma3,sifilis,6,origin_202212,3518701,281,9.0,3.3333332538604736
seasonal_ma3,sifilis,6,origin_202212,3518800,281,15.0,13.0
seasonal_ma3,sifilis,6,origin_202212,3522208,281,1.0,0.0
seasonal_ma3,sifilis,6,origin_202212,3525904,281,3.0,3.3333332538604736
seasonal_ma3,sifilis,6,origin_202212,3529401,281,0.0,1.3333333730697632
seasonal_ma3,sifilis,6,origin_202212,3534401,281,12.0,12.333333015441895
seasonal_ma3,sifilis,6,origin_202212,3536505,281,0.0,0.0
seasonal_ma3,sifilis,6,origin_202212,3541000,281,16.0,11.666666984558105
seasonal_ma3,sifilis,6,origin_202212,3543402,281,5.0,7.333333492279053
seasonal_ma3,sifilis,6,origin_202212,3547809,281,6.0,7.0
seasonal_ma3,sifilis,6,origin_202212,3548500,281,3.0,5.0
seasonal_ma3,sifilis,6,origin_202212,3548708,281,3.0,3.6666667461395264
seasonal_ma3,sifilis,6,origin_202212,3549805,281,2.0,1.0
seasonal_ma3,sifilis,6,origin_202212,3549904,281,11.0,4.0
seasonal_ma3,sifilis,6,origin_202212,3550308,281,74.0,66.66666412353516
seasonal_ma3,sifilis,6,origin_202212,3551009,281,4.0,5.333333492279053
seasonal_ma3,sifilis,6,origin_202212,3552205,281,2.0,1.3333333730697632
seasonal_ma3,sifilis,6,origin_202212,3554102,281,1.0,0.0
sarima,sifilis,6,origin_202212,3505708,281,0.0,2.7228760719299316
sarima,sifilis,6,origin_202212,3506003,281,4.0,4.449432849884033
sarima,sifilis,6,origin_202212,3509502,281,2.0,3.8421993255615234
sarima,sifilis,6,origin_202212,3510609,281,0.0,2.9116997718811035
sarima,sifilis,6,origin_202212,3513801,281,1.0,4.8188700675964355
sarima,sifilis,6,origin_202212,3518701,281,9.0,1.8505398035049438
sarima,sifilis,6,origin_202212,3518800,281,15.0,15.925772666931152
sarima,sifilis,6,origin_202212,3522208,281,1.0,0.4381886124610901
sarima,sifilis,6,origin_202212,3525904,281,3.0,2.7028839588165283
sarima,sifilis,6,origin_202212,3529401,281,0.0,0.7286431789398193
sarima,sifilis,6,origin_202212,3534401,281,12.0,13.8501615524292
sarima,sifilis,6,origin_202212,3536505,281,0.0,0.1304347813129425
sarima,sifilis,6,origin_202212,3541000,281,16.0,13.107053756713867
sarima,sifilis,6,origin_202212,3543402,281,5.0,4.961149215698242
sarima,sifilis,6,origin_202212,3547809,281,6.0,4.737537384033203
sarima,sifilis,6,origin_202212,3548500,281,3.0,4.368531703948975
sarima,sifilis,6,origin_202212,3548708,281,3.0,2.1302969455718994
sarima,sifilis,6,origin_202212,3549805,281,2.0,1.9458565711975098
sarima,sifilis,6,origin_202212,3549904,281,11.0,5.43936014175415
sarima,sifilis,6,origin_202212,3550308,281,74.0,82.62512969970703
sarima,sifilis,6,origin_202212,3551009,281,4.0,3.050640821456909
sarima,sifilis,6,origin_202212,3552205,281,2.0,5.809906959533691
sarima,sifilis,6,origin_202212,3554102,281,1.0,0.43600043654441833
lgbm,sifilis,6,origin_202212,3505708,281,0.0,3.3970152755335086
lgbm,sifilis,6,origin_202212,3506003,281,4.0,4.586339782988816
lgbm,sifilis,6,origin_202212,3509502,281,2.0,4.599889203399813
lgbm,sifilis,6,origin_202212,3510609,281,0.0,2.263539100626119
lgbm,sifilis,6,origin_202212,3513801,281,1.0,4.116051730046595
lgbm,sifilis,6,origin_202212,3518701,281,9.0,3.2122889525665914
lgbm,sifilis,6,origin_202212,3518800,281,15.0,13.423100343060904
lgbm,sifilis,6,origin_202212,3522208,281,1.0,0.3980048090001014
lgbm,sifilis,6,origin_202212,3525904,281,3.0,3.3018420549344816
lgbm,sifilis,6,origin_202212,3529401,281,0.0,0.5359509808847486
lgbm,sifilis,6,origin_202212,3534401,281,12.0,15.391977874376543
lgbm,sifilis,6,origin_202212,3536505,281,0.0,0.09006019328957567
lgbm,sifilis,6,origin_202212,3541000,281,16.0,11.520218560654678
lgbm,sifilis,6,origin_202212,3543402,281,5.0,5.791516359200944
lgbm,sifilis,6,origin_202212,3547809,281,6.0,7.035312432481442
lgbm,sifilis,6,origin_202212,3548500,281,3.0,4.599726563793258
lgbm,sifilis,6,origin_202212,3548708,281,3.0,2.0078732056076354
lgbm,sifilis,6,origin_202212,3549805,281,2.0,2.1177510359877214
lgbm,sifilis,6,origin_202212,3549904,281,11.0,6.015819080517378
lgbm,sifilis,6,origin_202212,3550308,281,74.0,60.49483203488409
lgbm,sifilis,6,origin_202212,3551009,281,4.0,2.9911965583912448
lgbm,sifilis,6,origin_202212,3552205,281,2.0,4.766099798811078
lgbm,sifilis,6,origin_202212,3554102,281,1.0,0.2627737415505808
catboost,sifilis,6,origin_202212,3505708,281,0.0,3.02525808556135
catboost,sifilis,6,origin_202212,3506003,281,4.0,4.627394343175429
catboost,sifilis,6,origin_202212,3509502,281,2.0,3.8892003694832997
catboost,sifilis,6,origin_202212,3510609,281,0.0,2.2330665227883797
catboost,sifilis,6,origin_202212,3513801,281,1.0,3.910148948927217
catboost,sifilis,6,origin_202212,3518701,281,9.0,2.6442995128560476
catboost,sifilis,6,origin_202212,3518800,281,15.0,14.339963567021325
catboost,sifilis,6,origin_202212,3522208,281,1.0,0.3799942105278737
catboost,sifilis,6,origin_202212,3525904,281,3.0,2.944742708443435
catboost,sifilis,6,origin_202212,3529401,281,0.0,0.6036536416038449
catboost,sifilis,6,origin_202212,3534401,281,12.0,16.940099400082246
catboost,sifilis,6,origin_202212,3536505,281,0.0,0.2283473492341616
catboost,sifilis,6,origin_202212,3541000,281,16.0,11.022711056453115
catboost,sifilis,6,origin_202212,3543402,281,5.0,4.632487438932678
catboost,sifilis,6,origin_202212,3547809,281,6.0,5.619552008477878
catboost,sifilis,6,origin_202212,3548500,281,3.0,4.1798428851927865
catboost,sifilis,6,origin_202212,3548708,281,3.0,2.17352549946065
catboost,sifilis,6,origin_202212,3549805,281,2.0,1.9071020206815525
catboost,sifilis,6,origin_202212,3549904,281,11.0,6.017215285729522
catboost,sifilis,6,origin_202212,3550308,281,74.0,54.65857369925936
catboost,sifilis,6,origin_202212,3551009,281,4.0,3.13354577817176
catboost,sifilis,6,origin_202212,3552205,281,2.0,4.863526056882895
catboost,sifilis,6,origin_202212,3554102,281,1.0,0.35723660098271776
xgboost,sifilis,6,origin_202212,3505708,281,0.0,2.640523672103882
xgboost,sifilis,6,origin_202212,3506003,281,4.0,4.590008735656738
xgboost,sifilis,6,origin_202212,3509502,281,2.0,3.98323392868042
xgboost,sifilis,6,origin_202212,3510609,281,0.0,2.381896734237671
xgboost,sifilis,6,origin_202212,3513801,281,1.0,3.9910545349121094
xgboost,sifilis,6,origin_202212,3518701,281,9.0,3.007507085800171
xgboost,sifilis,6,origin_202212,3518800,281,15.0,13.220633506774902
xgboost,sifilis,6,origin_202212,3522208,281,1.0,0.37239333987236023
xgboost,sifilis,6,origin_202212,3525904,281,3.0,3.4053127765655518
xgboost,sifilis,6,origin_202212,3529401,281,0.0,0.5341407060623169
xgboost,sifilis,6,origin_202212,3534401,281,12.0,14.191577911376953
xgboost,sifilis,6,origin_202212,3536505,281,0.0,0.09162174165248871
xgboost,sifilis,6,origin_202212,3541000,281,16.0,12.64574909210205
xgboost,sifilis,6,origin_202212,3543402,281,5.0,5.368624687194824
xgboost,sifilis,6,origin_202212,3547809,281,6.0,6.352816104888916
xgboost,sifilis,6,origin_202212,3548500,281,3.0,5.102293014526367
xgboost,sifilis,6,origin_202212,3548708,281,3.0,2.439915657043457
xgboost,sifilis,6,origin_202212,3549805,281,2.0,2.468043327331543
xgboost,sifilis,6,origin_202212,3549904,281,11.0,5.416388511657715
xgboost,sifilis,6,origin_202212,3550308,281,74.0,69.63349151611328
xgboost,sifilis,6,origin_202212,3551009,281,4.0,3.22926664352417
xgboost,sifilis,6,origin_202212,3552205,281,2.0,4.343845367431641
xgboost,sifilis,6,origin_202212,3554102,281,1.0,0.24019499123096466
prophet,sifilis,6,origin_202212,3505708,281,0.0,2.5576244478386645
prophet,sifilis,6,origin_202212,3506003,281,4.0,4.263424820498845
prophet,sifilis,6,origin_202212,3509502,281,2.0,4.436528589687422
prophet,sifilis,6,origin_202212,3510609,281,0.0,2.7419699950758334
prophet,sifilis,6,origin_202212,3513801,281,1.0,7.7244154853093825
prophet,sifilis,6,origin_202212,3518701,281,9.0,3.31380323310523
prophet,sifilis,6,origin_202212,3518800,281,15.0,18.08050889995567
prophet,sifilis,6,origin_202212,3522208,281,1.0,0.3674331493196267
prophet,sifilis,6,origin_202212,3525904,281,3.0,4.120875021376652
prophet,sifilis,6,origin_202212,3529401,281,0.0,0.6482857481601545
prophet,sifilis,6,origin_202212,3534401,281,12.0,14.824404087348729
prophet,sifilis,6,origin_202212,3536505,281,0.0,0.2282278597192889
prophet,sifilis,6,origin_202212,3541000,281,16.0,12.51415838998389
prophet,sifilis,6,origin_202212,3543402,281,5.0,5.224759102819511
prophet,sifilis,6,origin_202212,3547809,281,6.0,6.92414408741149
prophet,sifilis,6,origin_202212,3548500,281,3.0,6.054641322473915
prophet,sifilis,6,origin_202212,3548708,281,3.0,2.3279794092286084
prophet,sifilis,6,origin_202212,3549805,281,2.0,2.3487230649342434
prophet,sifilis,6,origin_202212,3549904,281,11.0,6.283861279728359
prophet,sifilis,6,origin_202212,3550308,281,74.0,79.0097059922511
prophet,sifilis,6,origin_202212,3551009,281,4.0,6.201546498085238
prophet,sifilis,6,origin_202212,3552205,281,2.0,2.833109429075212
prophet,sifilis,6,origin_202212,3554102,281,1.0,0.2962060283376782
seasonal_naive,sifilis,12,origin_202212,3505708,287,3.0,5.0
seasonal_naive,sifilis,12,origin_202212,3506003,287,6.0,3.0
seasonal_naive,sifilis,12,origin_202212,3509502,287,9.0,3.0
seasonal_naive,sifilis,12,origin_202212,3510609,287,1.0,14.0
seasonal_naive,sifilis,12,origin_202212,3513801,287,8.0,6.0
seasonal_naive,sifilis,12,origin_202212,3518701,287,4.0,5.0
seasonal_naive,sifilis,12,origin_202212,3518800,287,13.0,21.0
seasonal_naive,sifilis,12,origin_202212,3522208,287,0.0,0.0
seasonal_naive,sifilis,12,origin_202212,3525904,287,3.0,2.0
seasonal_naive,sifilis,12,origin_202212,3529401,287,5.0,0.0
seasonal_naive,sifilis,12,origin_202212,3534401,287,0.0,10.0
seasonal_naive,sifilis,12,origin_202212,3536505,287,0.0,0.0
seasonal_naive,sifilis,12,origin_202212,3541000,287,13.0,20.0
seasonal_naive,sifilis,12,origin_202212,3543402,287,5.0,7.0
seasonal_naive,sifilis,12,origin_202212,3547809,287,6.0,7.0
seasonal_naive,sifilis,12,origin_202212,3548500,287,3.0,4.0
seasonal_naive,sifilis,12,origin_202212,3548708,287,2.0,2.0
seasonal_naive,sifilis,12,origin_202212,3549805,287,2.0,1.0
seasonal_naive,sifilis,12,origin_202212,3549904,287,11.0,9.0
seasonal_naive,sifilis,12,origin_202212,3550308,287,40.0,78.0
seasonal_naive,sifilis,12,origin_202212,3551009,287,10.0,3.0
seasonal_naive,sifilis,12,origin_202212,3552205,287,6.0,10.0
seasonal_naive,sifilis,12,origin_202212,3554102,287,0.0,2.0
seasonal_ma3,sifilis,12,origin_202212,3505708,287,3.0,5.0
seasonal_ma3,sifilis,12,origin_202212,3506003,287,6.0,3.0
seasonal_ma3,sifilis,12,origin_202212,3509502,287,9.0,2.0
seasonal_ma3,sifilis,12,origin_202212,3510609,287,1.0,7.0
seasonal_ma3,sifilis,12,origin_202212,3513801,287,8.0,5.0
seasonal_ma3,sifilis,12,origin_202212,3518701,287,4.0,5.333333492279053
seasonal_ma3,sifilis,12,origin_202212,3518800,287,13.0,15.0
seasonal_ma3,sifilis,12,origin_202212,3522208,287,0.0,0.6666666865348816
seasonal_ma3,sifilis,12,origin_202212,3525904,287,3.0,2.6666667461395264
seasonal_ma3,sifilis,12,origin_202212,3529401,287,5.0,0.0
seasonal_ma3,sifilis,12,origin_202212,3534401,287,0.0,9.333333015441895
seasonal_ma3,sifilis,12,origin_202212,3536505,287,0.0,0.0
seasonal_ma3,sifilis,12,origin_202212,3541000,287,13.0,14.0
seasonal_ma3,sifilis,12,origin_202212,3543402,287,5.0,3.3333332538604736
seasonal_ma3,sifilis,12,origin_202212,3547809,287,6.0,3.6666667461395264
seasonal_ma3,sifilis,12,origin_202212,3548500,287,3.0,4.666666507720947
seasonal_ma3,sifilis,12,origin_202212,3548708,287,2.0,1.3333333730697632
seasonal_ma3,sifilis,12,origin_202212,3549805,287,2.0,1.0
seasonal_ma3,sifilis,12,origin_202212,3549904,287,11.0,5.333333492279053
seasonal_ma3,sifilis,12,origin_202212,3550308,287,40.0,80.33333587646484
seasonal_ma3,sifilis,12,origin_202212,3551009,287,10.0,5.0
seasonal_ma3,sifilis,12,origin_202212,3552205,287,6.0,5.333333492279053
seasonal_ma3,sifilis,12,origin_202212,3554102,287,0.0,0.6666666865348816
sarima,sifilis,12,origin_202212,3505708,287,3.0,2.777116537094116
sarima,sifilis,12,origin_202212,3506003,287,6.0,4.791081428527832
sarima,sifilis,12,origin_202212,3509502,287,9.0,3.9399545192718506
sarima,sifilis,12,origin_202212,3510609,287,1.0,3.8404831886291504
sarima,sifilis,12,origin_202212,3513801,287,8.0,4.812570095062256
sarima,sifilis,12,origin_202212,3518701,287,4.0,1.8505398035049438
sarima,sifilis,12,origin_202212,3518800,287,13.0,15.925772666931152
sarima,sifilis,12,origin_202212,3522208,287,0.0,0.4381886124610901
sarima,sifilis,12,origin_202212,3525904,287,3.0,3.420044183731079
sarima,sifilis,12,origin_202212,3529401,287,5.0,0.42435652017593384
sarima,sifilis,12,origin_202212,3534401,287,0.0,14.144660949707031
sarima,sifilis,12,origin_202212,3536505,287,0.0,0.1304347813129425
sarima,sifilis,12,origin_202212,3541000,287,13.0,13.321537017822266
sarima,sifilis,12,origin_202212,3543402,287,5.0,4.989206314086914
sarima,sifilis,12,origin_202212,3547809,287,6.0,6.442450523376465
sarima,sifilis,12,origin_202212,3548500,287,3.0,4.368531703948975
sarima,sifilis,12,origin_202212,3548708,287,2.0,2.130297899246216
sarima,sifilis,12,origin_202212,3549805,287,2.0,1.9450256824493408
sarima,sifilis,12,origin_202212,3549904,287,11.0,5.545045852661133
sarima,sifilis,12,origin_202212,3550308,287,40.0,83.8276596069336
sarima,sifilis,12,origin_202212,3551009,287,10.0,1.8496888875961304
sarima,sifilis,12,origin_202212,3552205,287,6.0,5.809906959533691
sarima,sifilis,12,origin_202212,3554102,287,0.0,0.44374510645866394
lgbm,sifilis,12,origin_202212,3505708,287,3.0,2.507651710554277
lgbm,sifilis,12,origin_202212,3506003,287,6.0,5.071445376175398
lgbm,sifilis,12,origin_202212,3509502,287,9.0,2.5314838016688825
lgbm,sifilis,12,origin_202212,3510609,287,1.0,2.16724598252459
lgbm,sifilis,12,origin_202212,3513801,287,8.0,3.2485788360074777
lgbm,sifilis,12,origin_202212,3518701,287,4.0,2.2524796132808964
lgbm,sifilis,12,origin_202212,3518800,287,13.0,11.651344728943398
lgbm,sifilis,12,origin_202212,3522208,287,0.0,0.31421873803964356
lgbm,sifilis,12,origin_202212,3525904,287,3.0,2.2961945826033237
lgbm,sifilis,12,origin_202212,3529401,287,5.0,0.337863255272148
lgbm,sifilis,12,origin_202212,3534401,287,0.0,12.357529484674364
lgbm,sifilis,12,origin_202212,3536505,287,0.0,0.16438724373101277
lgbm,sifilis,12,origin_202212,3541000,287,13.0,12.448627796875359
lgbm,sifilis,12,origin_202212,3543402,287,5.0,4.35347783969239
lgbm,sifilis,12,origin_202212,3547809,287,6.0,4.617795314738183
lgbm,sifilis,12,origin_202212,3548500,287,3.0,3.8302586845045528
lgbm,sifilis,12,origin_202212,3548708,287,2.0,1.5474056056549734
lgbm,sifilis,12,origin_202212,3549805,287,2.0,2.504784897151432
lgbm,sifilis,12,origin_202212,3549904,287,11.0,4.728829960297156
lgbm,sifilis,12,origin_202212,3550308,287,40.0,43.320481762814204
lgbm,sifilis,12,origin_202212,3551009,287,10.0,2.9668907349293843
lgbm,sifilis,12,origin_202212,3552205,287,6.0,4.054454832279657
lgbm,sifilis,12,origin_202212,3554102,287,0.0,0.3180235828908565
catboost,sifilis,12,origin_202212,3505708,287,3.0,2.440421194089555
catboost,sifilis,12,origin_202212,3506003,287,6.0,7.011959790990777
catboost,sifilis,12,origin_202212,3509502,287,9.0,2.8556893367665217
catboost,sifilis,12,origin_202212,3510609,287,1.0,1.8477004780907664
catboost,sifilis,12,origin_202212,3513801,287,8.0,2.9586478653642323
catboost,sifilis,12,origin_202212,3518701,287,4.0,3.468227173201872
catboost,sifilis,12,origin_202212,3518800,287,13.0,10.911215679706054
catboost,sifilis,12,origin_202212,3522208,287,0.0,0.355147198155453
catboost,sifilis,12,origin_202212,3525904,287,3.0,2.217546134958042
catboost,sifilis,12,origin_202212,3529401,287,5.0,0.5867181684109303
catboost,sifilis,12,origin_202212,3534401,287,0.0,13.81298529273088
catboost,sifilis,12,origin_202212,3536505,287,0.0,0.18624632616175235
catboost,sifilis,12,origin_202212,3541000,287,13.0,13.54182970929283
catboost,sifilis,12,origin_202212,3543402,287,5.0,4.233761694986873
catboost,sifilis,12,origin_202212,3547809,287,6.0,5.466725584123237
catboost,sifilis,12,origin_202212,3548500,287,3.0,4.100360318099696
catboost,sifilis,12,origin_202212,3548708,287,2.0,1.971164244277498
catboost,sifilis,12,origin_202212,3549805,287,2.0,2.185612461062989
catboost,sifilis,12,origin_202212,3549904,287,11.0,5.455894306912985
catboost,sifilis,12,origin_202212,3550308,287,40.0,44.9188356627868
catboost,sifilis,12,origin_202212,3551009,287,10.0,2.484588520297501
catboost,sifilis,12,origin_202212,3552205,287,6.0,5.037616444383291
catboost,sifilis,12,origin_202212,3554102,287,0.0,0.32373455028725123
xgboost,sifilis,12,origin_202212,3505708,287,3.0,2.6720783710479736
xgboost,sifilis,12,origin_202212,3506003,287,6.0,5.022556304931641
xgboost,sifilis,12,origin_202212,3509502,287,9.0,2.6059935092926025
xgboost,sifilis,12,origin_202212,3510609,287,1.0,2.6874020099639893
xgboost,sifilis,12,origin_202212,3513801,287,8.0,3.3672943115234375
xgboost,sifilis,12,origin_202212,3518701,287,4.0,2.5626816749572754
xgboost,sifilis,12,origin_202212,3518800,287,13.0,12.396818161010742
xgboost,sifilis,12,origin_202212,3522208,287,0.0,0.3635648787021637
xgboost,sifilis,12,origin_202212,3525904,287,3.0,2.1026763916015625
xgboost,sifilis,12,origin_202212,3529401,287,5.0,0.35108843445777893
xgboost,sifilis,12,origin_202212,3534401,287,0.0,14.176373481750488
xgboost,sifilis,12,origin_202212,3536505,287,0.0,0.12115418165922165
xgboost,sifilis,12,origin_202212,3541000,287,13.0,12.045944213867188
xgboost,sifilis,12,origin_202212,3543402,287,5.0,4.416082382202148
xgboost,sifilis,12,origin_202212,3547809,287,6.0,5.592482566833496
xgboost,sifilis,12,origin_202212,3548500,287,3.0,3.8291807174682617
xgboost,sifilis,12,origin_202212,3548708,287,2.0,1.5753344297409058
xgboost,sifilis,12,origin_202212,3549805,287,2.0,2.3030378818511963
xgboost,sifilis,12,origin_202212,3549904,287,11.0,5.059225082397461
xgboost,sifilis,12,origin_202212,3550308,287,40.0,57.21700668334961
xgboost,sifilis,12,origin_202212,3551009,287,10.0,2.6787850856781006
xgboost,sifilis,12,origin_202212,3552205,287,6.0,4.277988433837891
xgboost,sifilis,12,origin_202212,3554102,287,0.0,0.31072527170181274
prophet,sifilis,12,origin_202212,3505708,287,3.0,2.8765923932727633
prophet,sifilis,12,origin_202212,3506003,287,6.0,4.494057754622488
prophet,sifilis,12,origin_202212,3509502,287,9.0,3.885069419764788
prophet,sifilis,12,origin_202212,3510609,287,1.0,3.3566491038643194
prophet,sifilis,12,origin_202212,3513801,287,8.0,6.188314238016529
prophet,sifilis,12,origin_202212,3518701,287,4.0,3.585144021885498
prophet,sifilis,12,origin_202212,3518800,287,13.0,17.643188276330932
prophet,sifilis,12,origin_202212,3522208,287,0.0,0.4290926216650342
prophet,sifilis,12,origin_202212,3525904,287,3.0,3.19765551071637
prophet,sifilis,12,origin_202212,3529401,287,5.0,0.4816078355592082
prophet,sifilis,12,origin_202212,3534401,287,0.0,15.86116728248852
prophet,sifilis,12,origin_202212,3536505,287,0.0,0.49542902757936436
prophet,sifilis,12,origin_202212,3541000,287,13.0,13.421389693083123
prophet,sifilis,12,origin_202212,3543402,287,5.0,5.262190190361041
prophet,sifilis,12,origin_202212,3547809,287,6.0,7.22724109180123
prophet,sifilis,12,origin_202212,3548500,287,3.0,5.820460554753944
prophet,sifilis,12,origin_202212,3548708,287,2.0,1.8993854560690009
prophet,sifilis,12,origin_202212,3549805,287,2.0,2.261737209034248
prophet,sifilis,12,origin_202212,3549904,287,11.0,7.295361446331442
prophet,sifilis,12,origin_202212,3550308,287,40.0,82.00067603829257
prophet,sifilis,12,origin_202212,3551009,287,10.0,6.408570912294031
prophet,sifilis,12,origin_202212,3552205,287,6.0,3.623155776498481
prophet,sifilis,12,origin_202212,3554102,287,0.0,0.5261303330159506
seasonal_naive,tuberculose,1,origin_201912,3505708,240,0.0,2.0
seasonal_naive,tuberculose,1,origin_201912,3506003,240,2.0,5.0
seasonal_naive,tuberculose,1,origin_201912,3509502,240,4.0,4.0
seasonal_naive,tuberculose,1,origin_201912,3510609,240,7.0,9.0
seasonal_naive,tuberculose,1,origin_201912,3513801,240,1.0,7.0
seasonal_naive,tuberculose,1,origin_201912,3518701,240,11.0,12.0
seasonal_naive,tuberculose,1,origin_201912,3518800,240,8.0,11.0
seasonal_naive,tuberculose,1,origin_201912,3522208,240,3.0,1.0
seasonal_naive,tuberculose,1,origin_201912,3525904,240,0.0,1.0
seasonal_naive,tuberculose,1,origin_201912,3529401,240,0.0,2.0
seasonal_naive,tuberculose,1,origin_201912,3534401,240,5.0,6.0
seasonal_naive,tuberculose,1,origin_201912,3536505,240,0.0,1.0
seasonal_naive,tuberculose,1,origin_201912,3541000,240,2.0,5.0
seasonal_naive,tuberculose,1,origin_201912,3543402,240,5.0,7.0
seasonal_naive,tuberculose,1,origin_201912,3547809,240,4.0,6.0
seasonal_naive,tuberculose,1,origin_201912,3548500,240,3.0,7.0
seasonal_naive,tuberculose,1,origin_201912,3548708,240,3.0,4.0
seasonal_naive,tuberculose,1,origin_201912,3549805,240,2.0,1.0
seasonal_naive,tuberculose,1,origin_201912,3549904,240,3.0,1.0
seasonal_naive,tuberculose,1,origin_201912,3550308,240,105.0,132.0
seasonal_naive,tuberculose,1,origin_201912,3551009,240,14.0,6.0
seasonal_naive,tuberculose,1,origin_201912,3552205,240,2.0,0.0
seasonal_naive,tuberculose,1,origin_201912,3554102,240,4.0,3.0
seasonal_ma3,tuberculose,1,origin_201912,3505708,240,0.0,2.0
seasonal_ma3,tuberculose,1,origin_201912,3506003,240,2.0,2.3333332538604736
seasonal_ma3,tuberculose,1,origin_201912,3509502,240,4.0,6.333333492279053
seasonal_ma3,tuberculose,1,origin_201912,3510609,240,7.0,6.666666507720947
seasonal_ma3,tuberculose,1,origin_201912,3513801,240,1.0,6.666666507720947
seasonal_ma3,tuberculose,1,origin_201912,3518701,240,11.0,8.0
seasonal_ma3,tuberculose,1,origin_201912,3518800,240,8.0,9.333333015441895
seasonal_ma3,tuberculose,1,origin_201912,3522208,240,3.0,0.3333333432674408
seasonal_ma3,tuberculose,1,origin_201912,3525904,240,0.0,1.3333333730697632
seasonal_ma3,tuberculose,1,origin_201912,3529401,240,0.0,2.0
seasonal_ma3,tuberculose,1,origin_201912,3534401,240,5.0,5.333333492279053
seasonal_ma3,tuberculose,1,origin_201912,3536505,240,0.0,2.3333332538604736
seasonal_ma3,tuberculose,1,origin_201912,3541000,240,2.0,5.0
seasonal_ma3,tuberculose,1,origin_201912,3543402,240,5.0,7.0
seasonal_ma3,tuberculose,1,origin_201912,3547809,240,4.0,5.0
seasonal_ma3,tuberculose,1,origin_201912,3548500,240,3.0,8.0
seasonal_ma3,tuberculose,1,origin_201912,3548708,240,3.0,3.0
seasonal_ma3,tuberculose,1,origin_201912,3549805,240,2.0,0.3333333432674408
seasonal_ma3,tuberculose,1,origin_201912,3549904,240,3.0,0.3333333432674408
seasonal_ma3,tuberculose,1,origin_201912,3550308,240,105.0,113.66666412353516
seasonal_ma3,tuberculose,1,origin_201912,3551009,240,14.0,10.0
seasonal_ma3,tuberculose,1,origin_201912,3552205,240,2.0,0.0
seasonal_ma3,tuberculose,1,origin_201912,3554102,240,4.0,2.0
sarima,tuberculose,1,origin_201912,3505708,240,0.0,1.6066861152648926
sarima,tuberculose,1,origin_201912,3506003,240,2.0,2.3599531650543213
sarima,tuberculose,1,origin_201912,3509502,240,4.0,5.8715996742248535
sarima,tuberculose,1,origin_201912,3510609,240,7.0,2.7041077613830566
sarima,tuberculose,1,origin_201912,3513801,240,1.0,5.434809684753418
sarima,tuberculose,1,origin_201912,3518701,240,11.0,8.271873474121094
sarima,tuberculose,1,origin_201912,3518800,240,8.0,4.955863952636719
sarima,tuberculose,1,origin_201912,3522208,240,3.0,1.2513329982757568
sarima,tuberculose,1,origin_201912,3525904,240,0.0,1.76732337474823
sarima,tuberculose,1,origin_201912,3529401,240,0.0,1.7633576393127441
sarima,tuberculose,1,origin_201912,3534401,240,5.0,3.27860951423645
sarima,tuberculose,1,origin_201912,3536505,240,0.0,1.3777518272399902
sarima,tuberculose,1,origin_201912,3541000,240,2.0,5.318174362182617
sarima,tuberculose,1,origin_201912,3543402,240,5.0,6.951818943023682
sarima,tuberculose,1,origin_201912,3547809,240,4.0,4.779426574707031
sarima,tuberculose,1,origin_201912,3548500,240,3.0,6.60407018661499
sarima,tuberculose,1,origin_201912,3548708,240,3.0,4.922422885894775
sarima,tuberculose,1,origin_201912,3549805,240,2.0,0.8712067008018494
sarima,tuberculose,1,origin_201912,3549904,240,3.0,1.0117441415786743
sarima,tuberculose,1,origin_201912,3550308,240,105.0,89.6633529663086
sarima,tuberculose,1,origin_201912,3551009,240,14.0,7.8227434158325195
sarima,tuberculose,1,origin_201912,3552205,240,2.0,0.5478211641311646
sarima,tuberculose,1,origin_201912,3554102,240,4.0,3.555677890777588
lgbm,tuberculose,1,origin_201912,3505708,240,0.0,1.6272749640592572
lgbm,tuberculose,1,origin_201912,3506003,240,2.0,2.4318745135152464
lgbm,tuberculose,1,origin_201912,3509502,240,4.0,7.017895309813805
lgbm,tuberculose,1,origin_201912,3510609,240,7.0,3.0844964822349143
lgbm,tuberculose,1,origin_201912,3513801,240,1.0,5.689882388765428
lgbm,tuberculose,1,origin_201912,3518701,240,11.0,8.402888096321778
lgbm,tuberculose,1,origin_201912,3518800,240,8.0,5.9300259518934215
lgbm,tuberculose,1,origin_201912,3522208,240,3.0,0.9529165277458208
lgbm,tuberculose,1,origin_201912,3525904,240,0.0,2.1746512923950534
lgbm,tuberculose,1,origin_201912,3529401,240,0.0,1.3995059394563816
lgbm,tuberculose,1,origin_201912,3534401,240,5.0,4.371355610693624
lgbm,tuberculose,1,origin_201912,3536505,240,0.0,1.3796658758646936
lgbm,tuberculose,1,origin_201912,3541000,240,2.0,5.172091340039955
lgbm,tuberculose,1,origin_201912,3543402,240,5.0,7.190599225431904
lgbm,tuberculose,1,origin_201912,3547809,240,4.0,5.187450122716703
lgbm,tuberculose,1,origin_201912,3548500,240,3.0,6.566430713101649
lgbm,tuberculose,1,origin_201912,3548708,240,3.0,4.810352736432667
lgbm,tuberculose,1,origin_201912,3549805,240,2.0,1.474925333133616
lgbm,tuberculose,1,origin_201912,3549904,240,3.0,0.97655501559933
lgbm,tuberculose,1,origin_201912,3550308,240,105.0,97.83810346810789
lgbm,tuberculose,1,origin_201912,3551009,240,14.0,8.181817073599387
lgbm,tuberculose,1,origin_201912,3552205,240,2.0,0.814750520655974
lgbm,tuberculose,1,origin_201912,3554102,240,4.0,2.8264134341232787
catboost,tuberculose,1,origin_201912,3505708,240,0.0,1.3804364417335258
catboost,tuberculose,1,origin_201912,3506003,240,2.0,2.461099678601455
catboost,tuberculose,1,origin_201912,3509502,240,4.0,6.155549179129036
catboost,tuberculose,1,origin_201912,3510609,240,7.0,3.177468137763053
catboost,tuberculose,1,origin_201912,3513801,240,1.0,5.7407963298543
catboost,tuberculose,1,origin_201912,3518701,240,11.0,6.721227829784339
catboost,tuberculose,1,origin_201912,3518800,240,8.0,5.130044959102757
catboost,tuberculose,1,origin_201912,3522208,240,3.0,1.044640835513271
catboost,tuberculose,1,origin_201912,3525904,240,0.0,2.1073882822035968
catboost,tuberculose,1,origin_201912,3529401,240,0.0,1.657455300562367
catboost,tuberculose,1,origin_201912,3534401,240,5.0,3.935064647830582
catboost,tuberculose,1,origin_201912,3536505,240,0.0,1.3854612601542873
catboost,tuberculose,1,origin_201912,3541000,240,2.0,5.3417553941741875
catboost,tuberculose,1,origin_201912,3543402,240,5.0,6.614462699958845
catboost,tuberculose,1,origin_201912,3547809,240,4.0,5.321888329606406
catboost,tuberculose,1,origin_201912,3548500,240,3.0,6.556419980117821
catboost,tuberculose,1,origin_201912,3548708,240,3.0,4.6674539157925965
catboost,tuberculose,1,origin_201912,3549805,240,2.0,1.4136108890295067
catboost,tuberculose,1,origin_201912,3549904,240,3.0,1.2434772924342936
catboost,tuberculose,1,origin_201912,3550308,240,105.0,86.59215820022281
catboost,tuberculose,1,origin_201912,3551009,240,14.0,6.012888883370644
catboost,tuberculose,1,origin_201912,3552205,240,2.0,1.037448502518669
catboost,tuberculose,1,origin_201912,3554102,240,4.0,2.7567422613932715
xgboost,tuberculose,1,origin_201912,3505708,240,0.0,1.5273892879486084
xgboost,tuberculose,1,origin_201912,3506003,240,2.0,2.2408933639526367
xgboost,tuberculose,1,origin_201912,3509502,240,4.0,6.420227527618408
xgboost,tuberculose,1,origin_201912,3510609,240,7.0,2.854473114013672
xgboost,tuberculose,1,origin_201912,3513801,240,1.0,5.541597366333008
xgboost,tuberculose,1,origin_201912,3518701,240,11.0,7.51575231552124
xgboost,tuberculose,1,origin_201912,3518800,240,8.0,5.436038970947266
xgboost,tuberculose,1,origin_201912,3522208,240,3.0,0.9950807094573975
xgboost,tuberculose,1,origin_201912,3525904,240,0.0,2.1313037872314453
xgboost,tuberculose,1,origin_201912,3529401,240,0.0,1.487536907196045
xgboost,tuberculose,1,origin_201912,3534401,240,5.0,4.194974899291992
xgboost,tuberculose,1,origin_201912,3536505,240,0.0,1.4552568197250366
xgboost,tuberculose,1,origin_201912,3541000,240,2.0,5.373465538024902
xgboost,tuberculose,1,origin_201912,3543402,240,5.0,7.038971424102783
xgboost,tuberculose,1,origin_201912,3547809,240,4.0,4.8994550704956055
xgboost,tuberculose,1,origin_201912,3548500,240,3.0,6.578495979309082
xgboost,tuberculose,1,origin_201912,3548708,240,3.0,3.840071678161621
xgboost,tuberculose,1,origin_201912,3549805,240,2.0,1.5212361812591553
xgboost,tuberculose,1,origin_201912,3549904,240,3.0,1.1050783395767212
xgboost,tuberculose,1,origin_201912,3550308,240,105.0,101.67130279541016
xgboost,tuberculose,1,origin_201912,3551009,240,14.0,7.517827987670898
xgboost,tuberculose,1,origin_201912,3552205,240,2.0,0.8112755417823792
xgboost,tuberculose,1,origin_201912,3554102,240,4.0,3.0738842487335205
prophet,tuberculose,1,origin_201912,3505708,240,0.0,1.5300387380384772
prophet,tuberculose,1,origin_201912,3506003,240,2.0,3.641652321914335
prophet,tuberculose,1,origin_201912,3509502,240,4.0,5.157331560388565
prophet,tuberculose,1,origin_201912,3510609,240,7.0,4.086728375280418
prophet,tuberculose,1,origin_201912,3513801,240,1.0,5.793943415704788
prophet,tuberculose,1,origin_201912,3518701,240,11.0,9.283517198788305
prophet,tuberculose,1,origin_201912,3518800,240,8.0,6.6367715155947264
prophet,tuberculose,1,origin_201912,3522208,240,3.0,0.8998986605386662
prophet,tuberculose,1,origin_201912,3525904,240,0.0,0.17856938594103117
prophet,tuberculose,1,origin_201912,3529401,240,0.0,1.7165795486699433
prophet,tuberculose,1,origin_201912,3534401,240,5.0,4.458500211565475
prophet,tuberculose,1,origin_201912,3536505,240,0.0,1.9423822337729404
prophet,tuberculose,1,origin_201912,3541000,240,2.0,3.5732267642876274
prophet,tuberculose,1,origin_201912,3543402,240,5.0,5.025364303181764
prophet,tuberculose,1,origin_201912,3547809,240,4.0,6.2484603318098175
prophet,tuberculose,1,origin_201912,3548500,240,3.0,9.72047900693742
prophet,tuberculose,1,origin_201912,3548708,240,3.0,4.885098892650129
prophet,tuberculose,1,origin_201912,3549805,240,2.0,0.8368040515975954
prophet,tuberculose,1,origin_201912,3549904,240,3.0,0.12604621651771267
prophet,tuberculose,1,origin_201912,3550308,240,105.0,99.0925344659763
prophet,tuberculose,1,origin_201912,3551009,240,14.0,12.573438829496936
prophet,tuberculose,1,origin_201912,3552205,240,2.0,0.6644126610011762
prophet,tuberculose,1,origin_201912,3554102,240,4.0,2.9613078669485384
seasonal_naive,tuberculose,3,origin_201912,3505708,242,3.0,0.0
seasonal_naive,tuberculose,3,origin_201912,3506003,242,1.0,4.0
seasonal_naive,tuberculose,3,origin_201912,3509502,242,4.0,4.0
seasonal_naive,tuberculose,3,origin_201912,3510609,242,5.0,3.0
seasonal_naive,tuberculose,3,origin_201912,3513801,242,5.0,3.0
seasonal_naive,tuberculose,3,origin_201912,3518701,242,4.0,6.0
seasonal_naive,tuberculose,3,origin_201912,3518800,242,2.0,6.0
seasonal_naive,tuberculose,3,origin_201912,3522208,242,1.0,1.0
seasonal_naive,tuberculose,3,origin_201912,3525904,242,1.0,3.0
seasonal_naive,tuberculose,3,origin_201912,3529401,242,2.0,3.0
seasonal_naive,tuberculose,3,origin_201912,3534401,242,2.0,2.0
seasonal_naive,tuberculose,3,origin_201912,3536505,242,3.0,0.0
seasonal_naive,tuberculose,3,origin_201912,3541000,242,7.0,1.0
seasonal_naive,tuberculose,3,origin_201912,3543402,242,15.0,11.0
seasonal_naive,tuberculose,3,origin_201912,3547809,242,9.0,5.0
seasonal_naive,tuberculose,3,origin_201912,3548500,242,10.0,8.0
seasonal_naive,tuberculose,3,origin_201912,3548708,242,5.0,5.0
seasonal_naive,tuberculose,3,origin_201912,3549805,242,2.0,2.0
seasonal_naive,tuberculose,3,origin_201912,3549904,242,0.0,0.0
seasonal_naive,tuberculose,3,origin_201912,3550308,242,110.0,96.0
seasonal_naive,tuberculose,3,origin_201912,3551009,242,11.0,16.0
seasonal_naive,tuberculose,3,origin_201912,3552205,242,0.0,2.0
seasonal_naive,tuberculose,3,origin_201912,3554102,242,1.0,0.0
seasonal_ma3,tuberculose,3,origin_201912,3505708,242,3.0,0.6666666865348816
seasonal_ma3,tuberculose,3,origin_201912,3506003,242,1.0,3.6666667461395264
seasonal_ma3,tuberculose,3,origin_201912,3509502,242,4.0,5.333333492279053
seasonal_ma3,tuberculose,3,origin_201912,3510609,242,5.0,2.0
seasonal_ma3,tuberculose,3,origin_201912,3513801,242,5.0,3.6666667461395264
seasonal_ma3,tuberculose,3,origin_201912,3518701,242,4.0,8.0
seasonal_ma3,tuberculose,3,origin_201912,3518800,242,2.0,8.666666984558105
seasonal_ma3,tuberculose,3,origin_201912,3522208,242,1.0,1.6666666269302368
seasonal_ma3,tuberculose,3,origin_201912,3525904,242,1.0,2.0
seasonal_ma3,tuberculose,3,origin_201912,3529401,242,2.0,2.0
seasonal_ma3,tuberculose,3,origin_201912,3534401,242,2.0,5.0
seasonal_ma3,tuberculose,3,origin_201912,3536505,242,3.0,2.0
seasonal_ma3,tuberculose,3,origin_201912,3541000,242,7.0,3.6666667461395264
seasonal_ma3,tuberculose,3,origin_201912,3543402,242,15.0,9.666666984558105
seasonal_ma3,tuberculose,3,origin_201912,3547809,242,9.0,4.333333492279053
seasonal_ma3,tuberculose,3,origin_201912,3548500,242,10.0,8.666666984558105
seasonal_ma3,tuberculose,3,origin_201912,3548708,242,5.0,6.333333492279053
seasonal_ma3,tuberculose,3,origin_201912,3549805,242,2.0,1.6666666269302368
seasonal_ma3,tuberculose,3,origin_201912,3549904,242,0.0,0.6666666865348816
seasonal_ma3,tuberculose,3,origin_201912,3550308,242,110.0,107.66666412353516
seasonal_ma3,tuberculose,3,origin_201912,3551009,242,11.0,11.0
seasonal_ma3,tuberculose,3,origin_201912,3552205,242,0.0,0.6666666865348816
seasonal_ma3,tuberculose,3,origin_201912,3554102,242,1.0,1.0
sarima,tuberculose,3,origin_201912,3505708,242,3.0,1.6066861152648926
sarima,tuberculose,3,origin_201912,3506003,242,1.0,2.2470967769622803
sarima,tuberculose,3,origin_201912,3509502,242,4.0,5.833337783813477
sarima,tuberculose,3,origin_201912,3510609,242,5.0,3.0220823287963867
sarima,tuberculose,3,origin_201912,3513801,242,5.0,6.582808971405029
sarima,tuberculose,3,origin_201912,3518701,242,4.0,7.887962818145752
sarima,tuberculose,3,origin_201912,3518800,242,2.0,5.256253719329834
sarima,tuberculose,3,origin_201912,3522208,242,1.0,1.2064437866210938
sarima,tuberculose,3,origin_201912,3525904,242,1.0,1.76732337474823
sarima,tuberculose,3,origin_201912,3529401,242,2.0,1.6302655935287476
sarima,tuberculose,3,origin_201912,3534401,242,2.0,3.27860951423645
sarima,tuberculose,3,origin_201912,3536505,242,3.0,1.3777518272399902
sarima,tuberculose,3,origin_201912,3541000,242,7.0,5.318174362182617
sarima,tuberculose,3,origin_201912,3543402,242,15.0,7.621349811553955
sarima,tuberculose,3,origin_201912,3547809,242,9.0,4.779426574707031
sarima,tuberculose,3,origin_201912,3548500,242,10.0,6.60407018661499
sarima,tuberculose,3,origin_201912,3548708,242,5.0,5.253322124481201
sarima,tuberculose,3,origin_201912,3549805,242,2.0,0.8032050728797913
sarima,tuberculose,3,origin_201912,3549904,242,0.0,1.0117441415786743
sarima,tuberculose,3,origin_201912,3550308,242,110.0,86.29377746582031
sarima,tuberculose,3,origin_201912,3551009,242,11.0,6.694650173187256
sarima,tuberculose,3,origin_201912,3552205,242,0.0,0.8921696543693542
sarima,tuberculose,3,origin_201912,3554102,242,1.0,3.448105573654175
lgbm,tuberculose,3,origin_201912,3505708,242,3.0,1.554829234556016
lgbm,tuberculose,3,origin_201912,3506003,242,1.0,2.3189519731075987
lgbm,tuberculose,3,origin_201912,3509502,242,4.0,6.548789389962943
lgbm,tuberculose,3,origin_201912,3510609,242,5.0,2.762119934044477
lgbm,tuberculose,3,origin_201912,3513801,242,5.0,5.776861501237505
lgbm,tuberculose,3,origin_201912,3518701,242,4.0,8.007598716344303
lgbm,tuberculose,3,origin_201912,3518800,242,2.0,5.367320191058922
lgbm,tuberculose,3,origin_201912,3522208,242,1.0,1.0163815832589547
lgbm,tuberculose,3,origin_201912,3525904,242,1.0,2.0327647033934095
lgbm,tuberculose,3,origin_201912,3529401,242,2.0,1.4277571873195811
lgbm,tuberculose,3,origin_201912,3534401,242,2.0,4.487696569754125
lgbm,tuberculose,3,origin_201912,3536505,242,3.0,1.5516709579065746
lgbm,tuberculose,3,origin_201912,3541000,242,7.0,5.057927883894675
lgbm,tuberculose,3,origin_201912,3543402,242,15.0,6.7986865848601
lgbm,tuberculose,3,origin_201912,3547809,242,9.0,5.053491672384056
lgbm,tuberculose,3,origin_201912,3548500,242,10.0,8.191951093255078
lgbm,tuberculose,3,origin_201912,3548708,242,5.0,4.746821153978327
lgbm,tuberculose,3,origin_201912,3549805,242,2.0,1.299377751258802
lgbm,tuberculose,3,origin_201912,3549904,242,0.0,0.8879561181926326
lgbm,tuberculose,3,origin_201912,3550308,242,110.0,97.82588478479947
lgbm,tuberculose,3,origin_201912,3551009,242,11.0,9.0944460145853
lgbm,tuberculose,3,origin_201912,3552205,242,0.0,0.7102192025512823
lgbm,tuberculose,3,origin_201912,3554102,242,1.0,3.213009227907907
catboost,tuberculose,3,origin_201912,3505708,242,3.0,1.376491700888098
catboost,tuberculose,3,origin_201912,3506003,242,1.0,2.4758304040666284
catboost,tuberculose,3,origin_201912,3509502,242,4.0,5.354635320785375
catboost,tuberculose,3,origin_201912,3510609,242,5.0,2.386407474816732
catboost,tuberculose,3,origin_201912,3513801,242,5.0,5.537373870733783
catboost,tuberculose,3,origin_201912,3518701,242,4.0,7.950629453180009
catboost,tuberculose,3,origin_201912,3518800,242,2.0,4.8921586129012775
catboost,tuberculose,3,origin_201912,3522208,242,1.0,1.0029248527778292
catboost,tuberculose,3,origin_201912,3525904,242,1.0,1.939266318563848
catboost,tuberculose,3,origin_201912,3529401,242,2.0,1.6298216192408799
catboost,tuberculose,3,origin_201912,3534401,242,2.0,2.8672011585235766
catboost,tuberculose,3,origin_201912,3536505,242,3.0,1.2695286987453236
catboost,tuberculose,3,origin_201912,3541000,242,7.0,4.57455458191174
catboost,tuberculose,3,origin_201912,3543402,242,15.0,7.450942289225752
catboost,tuberculose,3,origin_201912,3547809,242,9.0,5.234493034395651
catboost,tuberculose,3,origin_201912,3548500,242,10.0,7.820894360777718
catboost,tuberculose,3,origin_201912,3548708,242,5.0,4.929424731319833
catboost,tuberculose,3,origin_201912,3549805,242,2.0,1.4076993610736486
catboost,tuberculose,3,origin_201912,3549904,242,0.0,1.2565533421096848
catboost,tuberculose,3,origin_201912,3550308,242,110.0,77.15156446754486
catboost,tuberculose,3,origin_201912,3551009,242,11.0,7.508834700594577
catboost,tuberculose,3,origin_201912,3552205,242,0.0,0.8787801748216727
catboost,tuberculose,3,origin_201912,3554102,242,1.0,2.67026103547714
xgboost,tuberculose,3,origin_201912,3505708,242,3.0,1.7196147441864014
xgboost,tuberculose,3,origin_201912,3506003,242,1.0,2.61442232131958
xgboost,tuberculose,3,origin_201912,3509502,242,4.0,6.07862663269043
xgboost,tuberculose,3,origin_201912,3510609,242,5.0,2.447047710418701
xgboost,tuberculose,3,origin_201912,3513801,242,5.0,6.065915584564209
xgboost,tuberculose,3,origin_201912,3518701,242,4.0,8.202617645263672
xgboost,tuberculose,3,origin_201912,3518800,242,2.0,5.454644680023193
xgboost,tuberculose,3,origin_201912,3522208,242,1.0,1.2417101860046387
xgboost,tuberculose,3,origin_201912,3525904,242,1.0,2.045731782913208
xgboost,tuberculose,3,origin_201912,3529401,242,2.0,1.4614675045013428
xgboost,tuberculose,3,origin_201912,3534401,242,2.0,4.471960067749023
xgboost,tuberculose,3,origin_201912,3536505,242,3.0,1.7345877885818481
xgboost,tuberculose,3,origin_201912,3541000,242,7.0,4.801164627075195
xgboost,tuberculose,3,origin_201912,3543402,242,15.0,6.730575084686279
xgboost,tuberculose,3,origin_201912,3547809,242,9.0,5.217953681945801
xgboost,tuberculose,3,origin_201912,3548500,242,10.0,8.1399564743042
xgboost,tuberculose,3,origin_201912,3548708,242,5.0,4.449296951293945
xgboost,tuberculose,3,origin_201912,3549805,242,2.0,1.1628018617630005
xgboost,tuberculose,3,origin_201912,3549904,242,0.0,0.925977885723114
xgboost,tuberculose,3,origin_201912,3550308,242,110.0,98.13773345947266
xgboost,tuberculose,3,origin_201912,3551009,242,11.0,8.568343162536621
xgboost,tuberculose,3,origin_201912,3552205,242,0.0,0.759493887424469
xgboost,tuberculose,3,origin_201912,3554102,242,1.0,3.296908378601074
prophet,tuberculose,3,origin_201912,3505708,242,3.0,1.2738051914456332
prophet,tuberculose,3,origin_201912,3506003,242,1.0,4.427336210833726
prophet,tuberculose,3,origin_201912,3509502,242,4.0,3.831317103189845
prophet,tuberculose,3,origin_201912,3510609,242,5.0,2.5061875454387197
prophet,tuberculose,3,origin_201912,3513801,242,5.0,5.265135489745608
prophet,tuberculose,3,origin_201912,3518701,242,4.0,9.069925330499942
prophet,tuberculose,3,origin_201912,3518800,242,2.0,7.390688039941247
prophet,tuberculose,3,origin_201912,3522208,242,1.0,0.8084080010677404
prophet,tuberculose,3,origin_201912,3525904,242,1.0,0.22217793698522795
prophet,tuberculose,3,origin_201912,3529401,242,2.0,1.8619305125111814
prophet,tuberculose,3,origin_201912,3534401,242,2.0,5.0296632606193
prophet,tuberculose,3,origin_201912,3536505,242,3.0,1.8253391845444786
prophet,tuberculose,3,origin_201912,3541000,242,7.0,4.80334007357162
prophet,tuberculose,3,origin_201912,3543402,242,15.0,4.01494064379425
prophet,tuberculose,3,origin_201912,3547809,242,9.0,6.6043734884946454
prophet,tuberculose,3,origin_201912,3548500,242,10.0,9.131135946687106
prophet,tuberculose,3,origin_201912,3548708,242,5.0,4.961077521579819
prophet,tuberculose,3,origin_201912,3549805,242,2.0,0.6979594519701273
prophet,tuberculose,3,origin_201912,3549904,242,0.0,0.0
prophet,tuberculose,3,origin_201912,3550308,242,110.0,102.64045450705167
prophet,tuberculose,3,origin_201912,3551009,242,11.0,12.925818806887628
prophet,tuberculose,3,origin_201912,3552205,242,0.0,0.0
prophet,tuberculose,3,origin_201912,3554102,242,1.0,1.385078948410221
seasonal_naive,tuberculose,6,origin_201912,3505708,245,1.0,1.0
seasonal_naive,tuberculose,6,origin_201912,3506003,245,3.0,4.0
seasonal_naive,tuberculose,6,origin_201912,3509502,245,8.0,8.0
seasonal_naive,tuberculose,6,origin_201912,3510609,245,2.0,4.0
seasonal_naive,tuberculose,6,origin_201912,3513801,245,6.0,3.0
seasonal_naive,tuberculose,6,origin_201912,3518701,245,7.0,8.0
seasonal_naive,tuberculose,6,origin_201912,3518800,245,1.0,10.0
seasonal_naive,tuberculose,6,origin_201912,3522208,245,0.0,1.0
seasonal_naive,tuberculose,6,origin_201912,3525904,245,0.0,1.0
seasonal_naive,tuberculose,6,origin_201912,3529401,245,1.0,4.0
seasonal_naive,tuberculose,6,origin_201912,3534401,245,4.0,8.0
seasonal_naive,tuberculose,6,origin_201912,3536505,245,1.0,1.0
seasonal_naive,tuberculose,6,origin_201912,3541000,245,3.0,8.0
seasonal_naive,tuberculose,6,origin_201912,3543402,245,15.0,5.0
seasonal_naive,tuberculose,6,origin_201912,3547809,245,3.0,3.0
seasonal_naive,tuberculose,6,origin_201912,3548500,245,1.0,4.0
seasonal_naive,tuberculose,6,origin_201912,3548708,245,3.0,9.0
seasonal_naive,tuberculose,6,origin_201912,3549805,245,2.0,1.0
seasonal_naive,tuberculose,6,origin_201912,3549904,245,1.0,1.0
seasonal_naive,tuberculose,6,origin_201912,3550308,245,56.0,71.0
seasonal_naive,tuberculose,6,origin_201912,3551009,245,3.0,6.0
seasonal_naive,tuberculose,6,origin_201912,3552205,245,0.0,0.0
seasonal_naive,tuberculose,6,origin_201912,3554102,245,3.0,9.0
seasonal_ma3,tuberculose,6,origin_201912,3505708,245,1.0,1.3333333730697632
seasonal_ma3,tuberculose,6,origin_201912,3506003,245,3.0,2.6666667461395264
seasonal_ma3,tuberculose,6,origin_201912,3509502,245,8.0,5.666666507720947
seasonal_ma3,tuberculose,6,origin_201912,3510609,245,2.0,2.3333332538604736
seasonal_ma3,tuberculose,6,origin_201912,3513801,245,6.0,5.333333492279053
seasonal_ma3,tuberculose,6,origin_201912,3518701,245,7.0,9.333333015441895
seasonal_ma3,tuberculose,6,origin_201912,3518800,245,1.0,5.666666507720947
seasonal_ma3,tuberculose,6,origin_201912,3522208,245,0.0,1.0
seasonal_ma3,tuberculose,6,origin_201912,3525904,245,0.0,1.3333333730697632
seasonal_ma3,tuberculose,6,origin_201912,3529401,245,1.0,3.0
seasonal_ma3,tuberculose,6,origin_201912,3534401,245,4.0,6.0
seasonal_ma3,tuberculose,6,origin_201912,3536505,245,1.0,2.0
seasonal_ma3,tuberculose,6,origin_201912,3541000,245,3.0,4.333333492279053
seasonal_ma3,tuberculose,6,origin_201912,3543402,245,15.0,9.0
seasonal_ma3,tuberculose,6,origin_201912,3547809,245,3.0,3.3333332538604736
seasonal_ma3,tuberculose,6,origin_201912,3548500,245,1.0,7.0
seasonal_ma3,tuberculose,6,origin_201912,3548708,245,3.0,4.333333492279053
seasonal_ma3,tuberculose,6,origin_201912,3549805,245,2.0,1.0
seasonal_ma3,tuberculose,6,origin_201912,3549904,245,1.0,0.3333333432674408
seasonal_ma3,tuberculose,6,origin_201912,3550308,245,56.0,81.0
seasonal_ma3,tuberculose,6,origin_201912,3551009,245,3.0,12.0
seasonal_ma3,tuberculose,6,origin_201912,3552205,245,0.0,0.0
seasonal_ma3,tuberculose,6,origin_201912,3554102,245,3.0,4.0
sarima,tuberculose,6,origin_201912,3505708,245,1.0,1.6066861152648926
sarima,tuberculose,6,origin_201912,3506003,245,3.0,2.243675708770752
sarima,tuberculose,6,origin_201912,3509502,245,8.0,5.831026077270508
sarima,tuberculose,6,origin_201912,3510609,245,2.0,3.1009039878845215
sarima,tuberculose,6,origin_201912,3513801,245,6.0,6.174737453460693
sarima,tuberculose,6,origin_201912,3518701,245,7.0,8.343791007995605
sarima,tuberculose,6,origin_201912,3518800,245,1.0,5.276159763336182
sarima,tuberculose,6,origin_201912,3522208,245,0.0,1.229007363319397
sarima,tuberculose,6,origin_201912,3525904,245,0.0,1.76732337474823
sarima,tuberculose,6,origin_201912,3529401,245,1.0,1.4005812406539917
sarima,tuberculose,6,origin_201912,3534401,245,4.0,3.27860951423645
sarima,tuberculose,6,origin_201912,3536505,245,1.0,1.3777518272399902
sarima,tuberculose,6,origin_201912,3541000,245,3.0,5.318174362182617
sarima,tuberculose,6,origin_201912,3543402,245,15.0,6.542425632476807
sarima,tuberculose,6,origin_201912,3547809,245,3.0,4.779426574707031
sarima,tuberculose,6,origin_201912,3548500,245,1.0,6.60407018661499
sarima,tuberculose,6,origin_201912,3548708,245,3.0,5.28089714050293
sarima,tuberculose,6,origin_201912,3549805,245,2.0,0.9662577509880066
sarima,tuberculose,6,origin_201912,3549904,245,1.0,1.0117441415786743
sarima,tuberculose,6,origin_201912,3550308,245,56.0,86.75012969970703
sarima,tuberculose,6,origin_201912,3551009,245,3.0,7.697819232940674
sarima,tuberculose,6,origin_201912,3552205,245,0.0,0.5478211641311646
sarima,tuberculose,6,origin_201912,3554102,245,3.0,3.1371445655822754
lgbm,tuberculose,6,origin_201912,3505708,245,1.0,1.4681655393500486
lgbm,tuberculose,6,origin_201912,3506003,245,3.0,2.095753715711411
lgbm,tuberculose,6,origin_201912,3509502,245,8.0,6.105553072742141
lgbm,tuberculose,6,origin_201912,3510609,245,2.0,2.7667961697611707
lgbm,tuberculose,6,origin_201912,3513801,245,6.0,5.478113969996605
lgbm,tuberculose,6,origin_201912,3518701,245,7.0,8.342496611591681
lgbm,tuberculose,6,origin_201912,3518800,245,1.0,5.422268698504258
lgbm,tuberculose,6,origin_201912,3522208,245,0.0,1.0802202144118014
lgbm,tuberculose,6,origin_201912,3525904,245,0.0,2.3825634659363
lgbm,tuberculose,6,origin_201912,3529401,245,1.0,1.5341144787994583
lgbm,tuberculose,6,origin_201912,3534401,245,4.0,4.594457839789495
lgbm,tuberculose,6,origin_201912,3536505,245,1.0,1.3591748381825002
lgbm,tuberculose,6,origin_201912,3541000,245,3.0,4.1940763892222295
lgbm,tuberculose,6,origin_201912,3543402,245,15.0,6.491895451782183
lgbm,tuberculose,6,origin_201912,3547809,245,3.0,4.774684576331253
lgbm,tuberculose,6,origin_201912,3548500,245,1.0,6.8958263011223
lgbm,tuberculose,6,origin_201912,3548708,245,3.0,4.676077913642594
lgbm,tuberculose,6,origin_201912,3549805,245,2.0,1.0326149894415764
lgbm,tuberculose,6,origin_201912,3549904,245,1.0,0.8380669509962153
lgbm,tuberculose,6,origin_201912,3550308,245,56.0,98.37582635015332
lgbm,tuberculose,6,origin_201912,3551009,245,3.0,9.003568019823325
lgbm,tuberculose,6,origin_201912,3552205,245,0.0,0.8725538684786603
lgbm,tuberculose,6,origin_201912,3554102,245,3.0,4.399605385679821
catboost,tuberculose,6,origin_201912,3505708,245,1.0,1.3314207122276016
catboost,tuberculose,6,origin_201912,3506003,245,3.0,2.2296421154883874
catboost,tuberculose,6,origin_201912,3509502,245,8.0,5.46473038372776
catboost,tuberculose,6,origin_201912,3510609,245,2.0,1.9448909882560101
catboost,tuberculose,6,origin_201912,3513801,245,6.0,5.70542679629593
catboost,tuberculose,6,origin_201912,3518701,245,7.0,6.939220824347357
catboost,tuberculose,6,origin_201912,3518800,245,1.0,4.9222386991238585
catboost,tuberculose,6,origin_201912,3522208,245,0.0,1.3471541171155998
catboost,tuberculose,6,origin_201912,3525904,245,0.0,2.2318959099772737
catboost,tuberculose,6,origin_201912,3529401,245,1.0,1.7122516928485025
catboost,tuberculose,6,origin_201912,3534401,245,4.0,4.3256884578337385
catboost,tuberculose,6,origin_201912,3536505,245,1.0,1.4420107420534283
catboost,tuberculose,6,origin_201912,3541000,245,3.0,4.660770581994865
catboost,tuberculose,6,origin_201912,3543402,245,15.0,6.9430701791031
catboost,tuberculose,6,origin_201912,3547809,245,3.0,4.84397575058589
catboost,tuberculose,6,origin_201912,3548500,245,1.0,6.44264319975868
catboost,tuberculose,6,origin_201912,3548708,245,3.0,4.841325759495844
catboost,tuberculose,6,origin_201912,3549805,245,2.0,1.1983063878941524
catboost,tuberculose,6,origin_201912,3549904,245,1.0,1.3102065843644042
catboost,tuberculose,6,origin_201912,3550308,245,56.0,89.84056175926608
catboost,tuberculose,6,origin_201912,3551009,245,3.0,5.918511111915957
catboost,tuberculose,6,origin_201912,3552205,245,0.0,1.170480241594742
catboost,tuberculose,6,origin_201912,3554102,245,3.0,4.150600706991034
xgboost,tuberculose,6,origin_201912,3505708,245,1.0,1.7410047054290771
xgboost,tuberculose,6,origin_201912,3506003,245,3.0,2.222564935684204
xgboost,tuberculose,6,origin_201912,3509502,245,8.0,5.987408638000488
xgboost,tuberculose,6,origin_201912,3510609,245,2.0,2.8372092247009277
xgboost,tuberculose,6,origin_201912,3513801,245,6.0,6.18553352355957
xgboost,tuberculose,6,origin_201912,3518701,245,7.0,7.433811187744141
xgboost,tuberculose,6,origin_201912,3518800,245,1.0,5.528834342956543
xgboost,tuberculose,6,origin_201912,3522208,245,0.0,1.0446022748947144
xgboost,tuberculose,6,origin_201912,3525904,245,0.0,2.244479179382324
xgboost,tuberculose,6,origin_201912,3529401,245,1.0,1.411014199256897
xgboost,tuberculose,6,origin_201912,3534401,245,4.0,4.753688812255859
xgboost,tuberculose,6,origin_201912,3536505,245,1.0,1.243810772895813
xgboost,tuberculose,6,origin_201912,3541000,245,3.0,4.048964977264404
xgboost,tuberculose,6,origin_201912,3543402,245,15.0,6.760103225708008
xgboost,tuberculose,6,origin_201912,3547809,245,3.0,4.65873908996582
xgboost,tuberculose,6,origin_201912,3548500,245,1.0,6.979982852935791
xgboost,tuberculose,6,origin_201912,3548708,245,3.0,4.643133640289307
xgboost,tuberculose,6,origin_201912,3549805,245,2.0,0.9332402348518372
xgboost,tuberculose,6,origin_201912,3549904,245,1.0,0.8318690061569214
xgboost,tuberculose,6,origin_201912,3550308,245,56.0,87.75399017333984
xgboost,tuberculose,6,origin_201912,3551009,245,3.0,7.106881141662598
xgboost,tuberculose,6,origin_201912,3552205,245,0.0,0.8341119885444641
xgboost,tuberculose,6,origin_201912,3554102,245,3.0,3.891671657562256
prophet,tuberculose,6,origin_201912,3505708,245,1.0,2.265030694308744
prophet,tuberculose,6,origin_201912,3506003,245,3.0,3.3709466595082382
prophet,tuberculose,6,origin_201912,3509502,245,8.0,4.394676376614119
prophet,tuberculose,6,origin_201912,3510609,245,2.0,2.5069117954775835
prophet,tuberculose,6,origin_201912,3513801,245,6.0,5.516092933105976
prophet,tuberculose,6,origin_201912,3518701,245,7.0,9.920511859282945
prophet,tuberculose,6,origin_201912,3518800,245,1.0,4.967773847062577
prophet,tuberculose,6,origin_201912,3522208,245,0.0,0.7335818195880187
prophet,tuberculose,6,origin_201912,3525904,245,0.0,1.150587618588826
prophet,tuberculose,6,origin_201912,3529401,245,1.0,1.8459908897011728
prophet,tuberculose,6,origin_201912,3534401,245,4.0,5.048944146756147
prophet,tuberculose,6,origin_201912,3536505,245,1.0,2.083568654732218
prophet,tuberculose,6,origin_201912,3541000,245,3.0,3.7719621852212133
prophet,tuberculose,6,origin_201912,3543402,245,15.0,5.752865084018787
prophet,tuberculose,6,origin_201912,3547809,245,3.0,5.261805739499776
prophet,tuberculose,6,origin_201912,3548500,245,1.0,9.286648064335322
prophet,tuberculose,6,origin_201912,3548708,245,3.0,4.94541379969382
prophet,tuberculose,6,origin_201912,3549805,245,2.0,0.7791770895900407
prophet,tuberculose,6,origin_201912,3549904,245,1.0,0.32101949359387827
prophet,tuberculose,6,origin_201912,3550308,245,56.0,103.16936944077972
prophet,tuberculose,6,origin_201912,3551009,245,3.0,11.45574048308605
prophet,tuberculose,6,origin_201912,3552205,245,0.0,0.0
prophet,tuberculose,6,origin_201912,3554102,245,3.0,2.0882407580461364
seasonal_naive,tuberculose,12,origin_201912,3505708,251,3.0,2.0
seasonal_naive,tuberculose,12,origin_201912,3506003,251,5.0,2.0
seasonal_naive,tuberculose,12,origin_201912,3509502,251,7.0,6.0
seasonal_naive,tuberculose,12,origin_201912,3510609,251,3.0,4.0
seasonal_naive,tuberculose,12,origin_201912,3513801,251,0.0,7.0
seasonal_naive,tuberculose,12,origin_201912,3518701,251,3.0,5.0
seasonal_naive,tuberculose,12,origin_201912,3518800,251,4.0,4.0
seasonal_naive,tuberculose,12,origin_201912,3522208,251,3.0,1.0
seasonal_naive,tuberculose,12,origin_201912,3525904,251,0.0,1.0
seasonal_naive,tuberculose,12,origin_201912,3529401,251,0.0,0.0
seasonal_naive,tuberculose,12,origin_201912,3534401,251,5.0,4.0
seasonal_naive,tuberculose,12,origin_201912,3536505,251,0.0,2.0
seasonal_naive,tuberculose,12,origin_201912,3541000,251,3.0,7.0
seasonal_naive,tuberculose,12,origin_201912,3543402,251,4.0,6.0
seasonal_naive,tuberculose,12,origin_201912,3547809,251,4.0,5.0
seasonal_naive,tuberculose,12,origin_201912,3548500,251,5.0,4.0
seasonal_naive,tuberculose,12,origin_201912,3548708,251,8.0,4.0
seasonal_naive,tuberculose,12,origin_201912,3549805,251,1.0,2.0
seasonal_naive,tuberculose,12,origin_201912,3549904,251,1.0,1.0
seasonal_naive,tuberculose,12,origin_201912,3550308,251,71.0,78.0
seasonal_naive,tuberculose,12,origin_201912,3551009,251,9.0,6.0
seasonal_naive,tuberculose,12,origin_201912,3552205,251,0.0,1.0
seasonal_naive,tuberculose,12,origin_201912,3554102,251,5.0,2.0
seasonal_ma3,tuberculose,12,origin_201912,3505708,251,3.0,2.0
seasonal_ma3,tuberculose,12,origin_201912,3506003,251,5.0,4.0
seasonal_ma3,tuberculose,12,origin_201912,3509502,251,7.0,6.0
seasonal_ma3,tuberculose,12,origin_201912,3510609,251,3.0,3.0
seasonal_ma3,tuberculose,12,origin_201912,3513801,251,0.0,4.666666507720947
seasonal_ma3,tuberculose,12,origin_201912,3518701,251,3.0,4.333333492279053
seasonal_ma3,tuberculose,12,origin_201912,3518800,251,4.0,3.6666667461395264
seasonal_ma3,tuberculose,12,origin_201912,3522208,251,3.0,2.3333332538604736
seasonal_ma3,tuberculose,12,origin_201912,3525904,251,0.0,2.0
seasonal_ma3,tuberculose,12,origin_201912,3529401,251,0.0,2.0
seasonal_ma3,tuberculose,12,origin_201912,3534401,251,5.0,4.333333492279053
seasonal_ma3,tuberculose,12,origin_201912,3536505,251,0.0,2.6666667461395264
seasonal_ma3,tuberculose,12,origin_201912,3541000,251,3.0,3.0
seasonal_ma3,tuberculose,12,origin_201912,3543402,251,4.0,8.666666984558105
seasonal_ma3,tuberculose,12,origin_201912,3547809,251,4.0,4.333333492279053
seasonal_ma3,tuberculose,12,origin_201912,3548500,251,5.0,7.666666507720947
seasonal_ma3,tuberculose,12,origin_201912,3548708,251,8.0,4.0
seasonal_ma3,tuberculose,12,origin_201912,3549805,251,1.0,2.0
seasonal_ma3,tuberculose,12,origin_201912,3549904,251,1.0,1.0
seasonal_ma3,tuberculose,12,origin_201912,3550308,251,71.0,82.33333587646484
seasonal_ma3,tuberculose,12,origin_201912,3551009,251,9.0,8.0
seasonal_ma3,tuberculose,12,origin_201912,3552205,251,0.0,0.6666666865348816
seasonal_ma3,tuberculose,12,origin_201912,3554102,251,5.0,1.3333333730697632
sarima,tuberculose,12,origin_201912,3505708,251,3.0,1.6066861152648926
sarima,tuberculose,12,origin_201912,3506003,251,5.0,1.967227816581726
sarima,tuberculose,12,origin_201912,3509502,251,7.0,5.83099365234375
sarima,tuberculose,12,origin_201912,3510609,251,3.0,3.095062732696533
sarima,tuberculose,12,origin_201912,3513801,251,0.0,6.249341011047363
sarima,tuberculose,12,origin_201912,3518701,251,3.0,8.579361915588379
sarima,tuberculose,12,origin_201912,3518800,251,4.0,5.276480197906494
sarima,tuberculose,12,origin_201912,3522208,251,3.0,1.165928840637207
sarima,tuberculose,12,origin_201912,3525904,251,0.0,1.76732337474823
sarima,tuberculose,12,origin_201912,3529401,251,0.0,2.113757371902466
sarima,tuberculose,12,origin_201912,3534401,251,5.0,3.27860951423645
sarima,tuberculose,12,origin_201912,3536505,251,0.0,1.3777518272399902
sarima,tuberculose,12,origin_201912,3541000,251,3.0,5.318174362182617
sarima,tuberculose,12,origin_201912,3543402,251,4.0,6.637829303741455
sarima,tuberculose,12,origin_201912,3547809,251,4.0,4.779426574707031
sarima,tuberculose,12,origin_201912,3548500,251,5.0,6.60407018661499
sarima,tuberculose,12,origin_201912,3548708,251,8.0,5.281517028808594
sarima,tuberculose,12,origin_201912,3549805,251,1.0,0.8345549702644348
sarima,tuberculose,12,origin_201912,3549904,251,1.0,1.0117441415786743
sarima,tuberculose,12,origin_201912,3550308,251,71.0,86.75904846191406
sarima,tuberculose,12,origin_201912,3551009,251,9.0,7.7860612869262695
sarima,tuberculose,12,origin_201912,3552205,251,0.0,0.719995379447937
sarima,tuberculose,12,origin_201912,3554102,251,5.0,3.1230170726776123
lgbm,tuberculose,12,origin_201912,3505708,251,3.0,1.1898664548155196
lgbm,tuberculose,12,origin_201912,3506003,251,5.0,2.5456074660775054
lgbm,tuberculose,12,origin_201912,3509502,251,7.0,6.6737950188416075
lgbm,tuberculose,12,origin_201912,3510609,251,3.0,2.7481263969098397
lgbm,tuberculose,12,origin_201912,3513801,251,0.0,5.217567315367898
lgbm,tuberculose,12,origin_201912,3518701,251,3.0,8.119568901319704
lgbm,tuberculose,12,origin_201912,3518800,251,4.0,5.5201660125454595
lgbm,tuberculose,12,origin_201912,3522208,251,3.0,1.1980351194126628
lgbm,tuberculose,12,origin_201912,3525904,251,0.0,2.0891682592024816
lgbm,tuberculose,12,origin_201912,3529401,251,0.0,1.6092678215286007
lgbm,tuberculose,12,origin_201912,3534401,251,5.0,4.602436647473365
lgbm,tuberculose,12,origin_201912,3536505,251,0.0,1.4926237352481264
lgbm,tuberculose,12,origin_201912,3541000,251,3.0,3.772016371584065
lgbm,tuberculose,12,origin_201912,3543402,251,4.0,8.418025268613443
lgbm,tuberculose,12,origin_201912,3547809,251,4.0,5.311399579508357
lgbm,tuberculose,12,origin_201912,3548500,251,5.0,8.327138288236167
lgbm,tuberculose,12,origin_201912,3548708,251,8.0,5.239546876321537
lgbm,tuberculose,12,origin_201912,3549805,251,1.0,1.0380812445385084
lgbm,tuberculose,12,origin_201912,3549904,251,1.0,1.0889150286093359
lgbm,tuberculose,12,origin_201912,3550308,251,71.0,95.33922362553716
lgbm,tuberculose,12,origin_201912,3551009,251,9.0,7.3622346147270195
lgbm,tuberculose,12,origin_201912,3552205,251,0.0,0.8614670616908652
lgbm,tuberculose,12,origin_201912,3554102,251,5.0,3.4913259282795335
catboost,tuberculose,12,origin_201912,3505708,251,3.0,1.250541027775946
catboost,tuberculose,12,origin_201912,3506003,251,5.0,2.036027055777743
catboost,tuberculose,12,origin_201912,3509502,251,7.0,6.037519112816453
catboost,tuberculose,12,origin_201912,3510609,251,3.0,2.8289449147416117
catboost,tuberculose,12,origin_201912,3513801,251,0.0,6.148638525156573
catboost,tuberculose,12,origin_201912,3518701,251,3.0,6.767176973264668
catboost,tuberculose,12,origin_201912,3518800,251,4.0,5.9415978630050885
catboost,tuberculose,12,origin_201912,3522208,251,3.0,1.1247401189552195
catboost,tuberculose,12,origin_201912,3525904,251,0.0,1.7185296877867664
catboost,tuberculose,12,origin_201912,3529401,251,0.0,1.5869574573097667
catboost,tuberculose,12,origin_201912,3534401,251,5.0,4.041520120183334
catboost,tuberculose,12,origin_201912,3536505,251,0.0,1.4149129987444844
catboost,tuberculose,12,origin_201912,3541000,251,3.0,3.971820025196938
catboost,tuberculose,12,origin_201912,3543402,251,4.0,7.2021815775767974
catboost,tuberculose,12,origin_201912,3547809,251,4.0,4.6582615617568255
catboost,tuberculose,12,origin_201912,3548500,251,5.0,6.343854551582951
catboost,tuberculose,12,origin_201912,3548708,251,8.0,4.900392610435045
catboost,tuberculose,12,origin_201912,3549805,251,1.0,1.46452896747847
catboost,tuberculose,12,origin_201912,3549904,251,1.0,1.2444868507059197
catboost,tuberculose,12,origin_201912,3550308,251,71.0,87.70658208592224
catboost,tuberculose,12,origin_201912,3551009,251,9.0,7.360800754490747
catboost,tuberculose,12,origin_201912,3552205,251,0.0,1.0853193724133832
catboost,tuberculose,12,origin_201912,3554102,251,5.0,3.5292487961434316
xgboost,tuberculose,12,origin_201912,3505708,251,3.0,1.2696582078933716
xgboost,tuberculose,12,origin_201912,3506003,251,5.0,2.421962261199951
xgboost,tuberculose,12,origin_201912,3509502,251,7.0,6.322470188140869
xgboost,tuberculose,12,origin_201912,3510609,251,3.0,2.9233412742614746
xgboost,tuberculose,12,origin_201912,3513801,251,0.0,5.484217166900635
xgboost,tuberculose,12,origin_201912,3518701,251,3.0,8.239843368530273
xgboost,tuberculose,12,origin_201912,3518800,251,4.0,5.6733012199401855
xgboost,tuberculose,12,origin_201912,3522208,251,3.0,1.1270747184753418
xgboost,tuberculose,12,origin_201912,3525904,251,0.0,2.2119338512420654
xgboost,tuberculose,12,origin_201912,3529401,251,0.0,1.6440731287002563
xgboost,tuberculose,12,origin_201912,3534401,251,5.0,4.319815635681152
xgboost,tuberculose,12,origin_201912,3536505,251,0.0,1.5700221061706543
xgboost,tuberculose,12,origin_201912,3541000,251,3.0,3.551931142807007
xgboost,tuberculose,12,origin_201912,3543402,251,4.0,8.1849946975708
xgboost,tuberculose,12,origin_201912,3547809,251,4.0,4.908526420593262
xgboost,tuberculose,12,origin_201912,3548500,251,5.0,8.154077529907227
xgboost,tuberculose,12,origin_201912,3548708,251,8.0,5.209489345550537
xgboost,tuberculose,12,origin_201912,3549805,251,1.0,0.980464518070221
xgboost,tuberculose,12,origin_201912,3549904,251,1.0,1.1131142377853394
xgboost,tuberculose,12,origin_201912,3550308,251,71.0,94.94678497314453
xgboost,tuberculose,12,origin_201912,3551009,251,9.0,6.922111511230469
xgboost,tuberculose,12,origin_201912,3552205,251,0.0,0.7251216769218445
xgboost,tuberculose,12,origin_201912,3554102,251,5.0,3.458923816680908
prophet,tuberculose,12,origin_201912,3505708,251,3.0,1.8371641201154554
prophet,tuberculose,12,origin_201912,3506003,251,5.0,4.145549883611866
prophet,tuberculose,12,origin_201912,3509502,251,7.0,4.152353021757574
prophet,tuberculose,12,origin_201912,3510609,251,3.0,4.119794235737009
prophet,tuberculose,12,origin_201912,3513801,251,0.0,5.951723914159011
prophet,tuberculose,12,origin_201912,3518701,251,3.0,9.970237905532187
prophet,tuberculose,12,origin_201912,3518800,251,4.0,5.885112638484816
prophet,tuberculose,12,origin_201912,3522208,251,3.0,1.3090706544601671
prophet,tuberculose,12,origin_201912,3525904,251,0.0,0.24742819802970223
prophet,tuberculose,12,origin_201912,3529401,251,0.0,1.3175857040393728
prophet,tuberculose,12,origin_201912,3534401,251,5.0,5.468554848025904
prophet,tuberculose,12,origin_201912,3536505,251,0.0,1.8712374301913268
prophet,tuberculose,12,origin_201912,3541000,251,3.0,3.4712914309177267
prophet,tuberculose,12,origin_201912,3543402,251,4.0,6.943621653066759
prophet,tuberculose,12,origin_201912,3547809,251,4.0,5.004867524733923
prophet,tuberculose,12,origin_201912,3548500,251,5.0,9.872738386886732
prophet,tuberculose,12,origin_201912,3548708,251,8.0,5.313360625101597
prophet,tuberculose,12,origin_201912,3549805,251,1.0,1.045248155870234
prophet,tuberculose,12,origin_201912,3549904,251,1.0,0.0
prophet,tuberculose,12,origin_201912,3550308,251,71.0,108.87175112037576
prophet,tuberculose,12,origin_201912,3551009,251,9.0,11.807582919235056
prophet,tuberculose,12,origin_201912,3552205,251,0.0,0.0
prophet,tuberculose,12,origin_201912,3554102,251,5.0,2.8825367076319353
seasonal_naive,tuberculose,1,origin_202012,3505708,252,2.0,0.0
seasonal_naive,tuberculose,1,origin_202012,3506003,252,4.0,2.0
seasonal_naive,tuberculose,1,origin_202012,3509502,252,3.0,4.0
seasonal_naive,tuberculose,1,origin_202012,3510609,252,7.0,7.0
seasonal_naive,tuberculose,1,origin_202012,3513801,252,6.0,1.0
seasonal_naive,tuberculose,1,origin_202012,3518701,252,8.0,11.0
seasonal_naive,tuberculose,1,origin_202012,3518800,252,5.0,8.0
seasonal_naive,tuberculose,1,origin_202012,3522208,252,3.0,3.0
seasonal_naive,tuberculose,1,origin_202012,3525904,252,0.0,0.0
seasonal_naive,tuberculose,1,origin_202012,3529401,252,2.0,0.0
seasonal_naive,tuberculose,1,origin_202012,3534401,252,5.0,5.0
seasonal_naive,tuberculose,1,origin_202012,3536505,252,0.0,0.0
seasonal_naive,tuberculose,1,origin_202012,3541000,252,4.0,2.0
seasonal_naive,tuberculose,1,origin_202012,3543402,252,5.0,5.0
seasonal_naive,tuberculose,1,origin_202012,3547809,252,7.0,4.0
seasonal_naive,tuberculose,1,origin_202012,3548500,252,7.0,3.0
seasonal_naive,tuberculose,1,origin_202012,3548708,252,2.0,3.0
seasonal_naive,tuberculose,1,origin_202012,3549805,252,0.0,2.0
seasonal_naive,tuberculose,1,origin_202012,3549904,252,1.0,3.0
seasonal_naive,tuberculose,1,origin_202012,3550308,252,107.0,105.0
seasonal_naive,tuberculose,1,origin_202012,3551009,252,10.0,14.0
seasonal_naive,tuberculose,1,origin_202012,3552205,252,2.0,2.0
seasonal_naive,tuberculose,1,origin_202012,3554102,252,4.0,4.0
seasonal_ma3,tuberculose,1,origin_202012,3505708,252,2.0,1.3333333730697632
seasonal_ma3,tuberculose,1,origin_202012,3506003,252,4.0,3.0
seasonal_ma3,tuberculose,1,origin_202012,3509502,252,3.0,5.0
seasonal_ma3,tuberculose,1,origin_202012,3510609,252,7.0,7.0
seasonal_ma3,tuberculose,1,origin_202012,3513801,252,6.0,5.0
seasonal_ma3,tuberculose,1,origin_202012,3518701,252,8.0,8.666666984558105
seasonal_ma3,tuberculose,1,origin_202012,3518800,252,5.0,8.333333015441895
seasonal_ma3,tuberculose,1,origin_202012,3522208,252,3.0,1.3333333730697632
seasonal_ma3,tuberculose,1,origin_202012,3525904,252,0.0,0.3333333432674408
seasonal_ma3,tuberculose,1,origin_202012,3529401,252,2.0,1.6666666269302368
seasonal_ma3,tuberculose,1,origin_202012,3534401,252,5.0,4.666666507720947
seasonal_ma3,tuberculose,1,origin_202012,3536505,252,0.0,1.3333333730697632
seasonal_ma3,tuberculose,1,origin_202012,3541000,252,4.0,3.3333332538604736
seasonal_ma3,tuberculose,1,origin_202012,3543402,252,5.0,6.333333492279053
seasonal_ma3,tuberculose,1,origin_202012,3547809,252,7.0,5.0
seasonal_ma3,tuberculose,1,origin_202012,3548500,252,7.0,6.0
seasonal_ma3,tuberculose,1,origin_202012,3548708,252,2.0,3.3333332538604736
seasonal_ma3,tuberculose,1,origin_202012,3549805,252,0.0,1.0
seasonal_ma3,tuberculose,1,origin_202012,3549904,252,1.0,1.3333333730697632
seasonal_ma3,tuberculose,1,origin_202012,3550308,252,107.0,114.33333587646484
seasonal_ma3,tuberculose,1,origin_202012,3551009,252,10.0,9.0
seasonal_ma3,tuberculose,1,origin_202012,3552205,252,2.0,0.6666666865348816
seasonal_ma3,tuberculose,1,origin_202012,3554102,252,4.0,2.6666667461395264
sarima,tuberculose,1,origin_202012,3505708,252,2.0,3.197219133377075
sarima,tuberculose,1,origin_202012,3506003,252,4.0,4.0197296142578125
sarima,tuberculose,1,origin_202012,3509502,252,3.0,7.132112979888916
sarima,tuberculose,1,origin_202012,3510609,252,7.0,3.4078211784362793
sarima,tuberculose,1,origin_202012,3513801,252,6.0,4.292846202850342
sarima,tuberculose,1,origin_202012,3518701,252,8.0,5.160490989685059
sarima,tuberculose,1,origin_202012,3518800,252,5.0,4.482501983642578
sarima,tuberculose,1,origin_202012,3522208,252,3.0,0.9475202560424805
sarima,tuberculose,1,origin_202012,3525904,252,0.0,0.014215524308383465
sarima,tuberculose,1,origin_202012,3529401,252,2.0,1.2117620706558228
sarima,tuberculose,1,origin_202012,3534401,252,5.0,4.81410026550293
sarima,tuberculose,1,origin_202012,3536505,252,0.0,1.3142869472503662
sarima,tuberculose,1,origin_202012,3541000,252,4.0,2.65729022026062
sarima,tuberculose,1,origin_202012,3543402,252,5.0,8.210198402404785
sarima,tuberculose,1,origin_202012,3547809,252,7.0,5.118052959442139
sarima,tuberculose,1,origin_202012,3548500,252,7.0,5.782925605773926
sarima,tuberculose,1,origin_202012,3548708,252,2.0,6.636487007141113
sarima,tuberculose,1,origin_202012,3549805,252,0.0,1.3030272722244263
sarima,tuberculose,1,origin_202012,3549904,252,1.0,0.8235697150230408
sarima,tuberculose,1,origin_202012,3550308,252,107.0,79.20838165283203
sarima,tuberculose,1,origin_202012,3551009,252,10.0,8.73135757446289
sarima,tuberculose,1,origin_202012,3552205,252,2.0,0.5213119983673096
sarima,tuberculose,1,origin_202012,3554102,252,4.0,4.294821739196777
lgbm,tuberculose,1,origin_202012,3505708,252,2.0,2.4831861733808567
lgbm,tuberculose,1,origin_202012,3506003,252,4.0,3.954596962343229
lgbm,tuberculose,1,origin_202012,3509502,252,3.0,7.278511239496981
lgbm,tuberculose,1,origin_202012,3510609,252,7.0,4.281676167836215
lgbm,tuberculose,1,origin_202012,3513801,252,6.0,2.803149663720565
lgbm,tuberculose,1,origin_202012,3518701,252,8.0,5.22156563938913
lgbm,tuberculose,1,origin_202012,3518800,252,5.0,4.834031385417933
lgbm,tuberculose,1,origin_202012,3522208,252,3.0,1.1698537946983234
lgbm,tuberculose,1,origin_202012,3525904,252,0.0,0.5029573627346287
lgbm,tuberculose,1,origin_202012,3529401,252,2.0,0.9275506659137902
lgbm,tuberculose,1,origin_202012,3534401,252,5.0,4.328562173413239
lgbm,tuberculose,1,origin_202012,3536505,252,0.0,1.173054709671047
lgbm,tuberculose,1,origin_202012,3541000,252,4.0,2.6068534234714282
lgbm,tuberculose,1,origin_202012,3543402,252,5.0,7.75970879736062
lgbm,tuberculose,1,origin_202012,3547809,252,7.0,5.272660537081554
lgbm,tuberculose,1,origin_202012,3548500,252,7.0,5.773869195574414
lgbm,tuberculose,1,origin_202012,3548708,252,2.0,7.054282141689492
lgbm,tuberculose,1,origin_202012,3549805,252,0.0,1.2047609488639683
lgbm,tuberculose,1,origin_202012,3549904,252,1.0,1.169792141151603
lgbm,tuberculose,1,origin_202012,3550308,252,107.0,90.61903681300619
lgbm,tuberculose,1,origin_202012,3551009,252,10.0,7.991050776687152
lgbm,tuberculose,1,origin_202012,3552205,252,2.0,0.8090575716355703
lgbm,tuberculose,1,origin_202012,3554102,252,4.0,3.095617837252855
catboost,tuberculose,1,origin_202012,3505708,252,2.0,2.698445333845432
catboost,tuberculose,1,origin_202012,3506003,252,4.0,4.223470734475819
catboost,tuberculose,1,origin_202012,3509502,252,3.0,6.940551876094101
catboost,tuberculose,1,origin_202012,3510609,252,7.0,5.234027381762418
catboost,tuberculose,1,origin_202012,3513801,252,6.0,2.9700455298185635
catboost,tuberculose,1,origin_202012,3518701,252,8.0,5.780932969399261
catboost,tuberculose,1,origin_202012,3518800,252,5.0,4.80667966605948
catboost,tuberculose,1,origin_202012,3522208,252,3.0,1.287448811692328
catboost,tuberculose,1,origin_202012,3525904,252,0.0,0.609036648431582
catboost,tuberculose,1,origin_202012,3529401,252,2.0,0.9284287773963996
catboost,tuberculose,1,origin_202012,3534401,252,5.0,3.826826866876989
catboost,tuberculose,1,origin_202012,3536505,252,0.0,1.1374003929280743
catboost,tuberculose,1,origin_202012,3541000,252,4.0,2.6203544121667814
catboost,tuberculose,1,origin_202012,3543402,252,5.0,7.282512961344672
catboost,tuberculose,1,origin_202012,3547809,252,7.0,4.823189189538125
catboost,tuberculose,1,origin_202012,3548500,252,7.0,5.93723597026546
catboost,tuberculose,1,origin_202012,3548708,252,2.0,6.529826293589708
catboost,tuberculose,1,origin_202012,3549805,252,0.0,1.2715302468867975
catboost,tuberculose,1,origin_202012,3549904,252,1.0,1.2109727867553617
catboost,tuberculose,1,origin_202012,3550308,252,107.0,91.50330918103404
catboost,tuberculose,1,origin_202012,3551009,252,10.0,7.775193510572679
catboost,tuberculose,1,origin_202012,3552205,252,2.0,0.8113283192818166
catboost,tuberculose,1,origin_202012,3554102,252,4.0,2.4428331279705238
xgboost,tuberculose,1,origin_202012,3505708,252,2.0,2.195915937423706
xgboost,tuberculose,1,origin_202012,3506003,252,4.0,4.165901184082031
xgboost,tuberculose,1,origin_202012,3509502,252,3.0,6.7135114669799805
xgboost,tuberculose,1,origin_202012,3510609,252,7.0,4.053537368774414
xgboost,tuberculose,1,origin_202012,3513801,252,6.0,2.937535047531128
xgboost,tuberculose,1,origin_202012,3518701,252,8.0,4.617910861968994
xgboost,tuberculose,1,origin_202012,3518800,252,5.0,5.073153018951416
xgboost,tuberculose,1,origin_202012,3522208,252,3.0,1.287711501121521
xgboost,tuberculose,1,origin_202012,3525904,252,0.0,0.4901537299156189
xgboost,tuberculose,1,origin_202012,3529401,252,2.0,0.9519001841545105
xgboost,tuberculose,1,origin_202012,3534401,252,5.0,3.791131019592285
xgboost,tuberculose,1,origin_202012,3536505,252,0.0,1.0268917083740234
xgboost,tuberculose,1,origin_202012,3541000,252,4.0,3.4035022258758545
xgboost,tuberculose,1,origin_202012,3543402,252,5.0,6.936785697937012
xgboost,tuberculose,1,origin_202012,3547809,252,7.0,5.112118244171143
xgboost,tuberculose,1,origin_202012,3548500,252,7.0,5.965146541595459
xgboost,tuberculose,1,origin_202012,3548708,252,2.0,6.482828140258789
xgboost,tuberculose,1,origin_202012,3549805,252,0.0,1.0479155778884888
xgboost,tuberculose,1,origin_202012,3549904,252,1.0,1.172303557395935
xgboost,tuberculose,1,origin_202012,3550308,252,107.0,82.50382232666016
xgboost,tuberculose,1,origin_202012,3551009,252,10.0,9.098539352416992
xgboost,tuberculose,1,origin_202012,3552205,252,2.0,0.6604580879211426
xgboost,tuberculose,1,origin_202012,3554102,252,4.0,2.515918016433716
prophet,tuberculose,1,origin_202012,3505708,252,2.0,1.7017409151524259
prophet,tuberculose,1,origin_202012,3506003,252,4.0,3.631627990950448
prophet,tuberculose,1,origin_202012,3509502,252,3.0,5.441763418122547
prophet,tuberculose,1,origin_202012,3510609,252,7.0,4.049544850342117
prophet,tuberculose,1,origin_202012,3513801,252,6.0,5.231348105477636
prophet,tuberculose,1,origin_202012,3518701,252,8.0,8.845327880851409
prophet,tuberculose,1,origin_202012,3518800,252,5.0,6.543087093772787
prophet,tuberculose,1,origin_202012,3522208,252,3.0,0.9526852151308061
prophet,tuberculose,1,origin_202012,3525904,252,0.0,0.0
prophet,tuberculose,1,origin_202012,3529401,252,2.0,1.5438401892593863
prophet,tuberculose,1,origin_202012,3534401,252,5.0,4.689533627168953
prophet,tuberculose,1,origin_202012,3536505,252,0.0,1.7961465068774023
prophet,tuberculose,1,origin_202012,3541000,252,4.0,3.673305636369648
prophet,tuberculose,1,origin_202012,3543402,252,5.0,7.762389795961469
prophet,tuberculose,1,origin_202012,3547809,252,7.0,5.591765368533318
prophet,tuberculose,1,origin_202012,3548500,252,7.0,8.477775173157756
prophet,tuberculose,1,origin_202012,3548708,252,2.0,5.207369373656173
prophet,tuberculose,1,origin_202012,3549805,252,0.0,1.1079972406470127
prophet,tuberculose,1,origin_202012,3549904,252,1.0,0.7432709714851714
prophet,tuberculose,1,origin_202012,3550308,252,107.0,104.18241294582111
prophet,tuberculose,1,origin_202012,3551009,252,10.0,12.510083126075891
prophet,tuberculose,1,origin_202012,3552205,252,2.0,0.49734780601390693
prophet,tuberculose,1,origin_202012,3554102,252,4.0,3.793559972699252
seasonal_naive,tuberculose,3,origin_202012,3505708,254,1.0,3.0
seasonal_naive,tuberculose,3,origin_202012,3506003,254,7.0,1.0
seasonal_naive,tuberculose,3,origin_202012,3509502,254,5.0,4.0
seasonal_naive,tuberculose,3,origin_202012,3510609,254,3.0,5.0
seasonal_naive,tuberculose,3,origin_202012,3513801,254,3.0,5.0
seasonal_naive,tuberculose,3,origin_202012,3518701,254,7.0,4.0
seasonal_naive,tuberculose,3,origin_202012,3518800,254,4.0,2.0
seasonal_naive,tuberculose,3,origin_202012,3522208,254,1.0,1.0
seasonal_naive,tuberculose,3,origin_202012,3525904,254,1.0,1.0
seasonal_naive,tuberculose,3,origin_202012,3529401,254,3.0,2.0
seasonal_naive,tuberculose,3,origin_202012,3534401,254,3.0,2.0
seasonal_naive,tuberculose,3,origin_202012,3536505,254,1.0,3.0
seasonal_naive,tuberculose,3,origin_202012,3541000,254,2.0,7.0
seasonal_naive,tuberculose,3,origin_202012,3543402,254,3.0,15.0
seasonal_naive,tuberculose,3,origin_202012,3547809,254,12.0,9.0
seasonal_naive,tuberculose,3,origin_202012,3548500,254,3.0,10.0
seasonal_naive,tuberculose,3,origin_202012,3548708,254,2.0,5.0
seasonal_naive,tuberculose,3,origin_202012,3549805,254,3.0,2.0
seasonal_naive,tuberculose,3,origin_202012,3549904,254,2.0,0.0
seasonal_naive,tuberculose,3,origin_202012,3550308,254,85.0,110.0
seasonal_naive,tuberculose,3,origin_202012,3551009,254,11.0,11.0
seasonal_naive,tuberculose,3,origin_202012,3552205,254,0.0,0.0
seasonal_naive,tuberculose,3,origin_202012,3554102,254,0.0,1.0
seasonal_ma3,tuberculose,3,origin_202012,3505708,254,1.0,1.3333333730697632
seasonal_ma3,tuberculose,3,origin_202012,3506003,254,7.0,2.3333332538604736
seasonal_ma3,tuberculose,3,origin_202012,3509502,254,5.0,5.666666507720947
seasonal_ma3,tuberculose,3,origin_202012,3510609,254,3.0,3.0
seasonal_ma3,tuberculose,3,origin_202012,3513801,254,3.0,4.0
seasonal_ma3,tuberculose,3,origin_202012,3518701,254,7.0,7.0
seasonal_ma3,tuberculose,3,origin_202012,3518800,254,4.0,7.0
seasonal_ma3,tuberculose,3,origin_202012,3522208,254,1.0,1.3333333730697632
seasonal_ma3,tuberculose,3,origin_202012,3525904,254,1.0,2.0
seasonal_ma3,tuberculose,3,origin_202012,3529401,254,3.0,2.3333332538604736
seasonal_ma3,tuberculose,3,origin_202012,3534401,254,3.0,3.6666667461395264
seasonal_ma3,tuberculose,3,origin_202012,3536505,254,1.0,2.6666667461395264
seasonal_ma3,tuberculose,3,origin_202012,3541000,254,2.0,3.3333332538604736
seasonal_ma3,tuberculose,3,origin_202012,3543402,254,3.0,11.333333015441895
seasonal_ma3,tuberculose,3,origin_202012,3547809,254,12.0,6.333333492279053
seasonal_ma3,tuberculose,3,origin_202012,3548500,254,3.0,8.666666984558105
seasonal_ma3,tuberculose,3,origin_202012,3548708,254,2.0,6.0
seasonal_ma3,tuberculose,3,origin_202012,3549805,254,3.0,2.0
seasonal_ma3,tuberculose,3,origin_202012,3549904,254,2.0,0.0
seasonal_ma3,tuberculose,3,origin_202012,3550308,254,85.0,106.0
seasonal_ma3,tuberculose,3,origin_202012,3551009,254,11.0,11.0
seasonal_ma3,tuberculose,3,origin_202012,3552205,254,0.0,0.6666666865348816
seasonal_ma3,tuberculose,3,origin_202012,3554102,254,0.0,1.3333333730697632
sarima,tuberculose,3,origin_202012,3505708,254,1.0,2.914203643798828
sarima,tuberculose,3,origin_202012,3506003,254,7.0,3.9291248321533203
sarima,tuberculose,3,origin_202012,3509502,254,5.0,7.168898582458496
sarima,tuberculose,3,origin_202012,3510609,254,3.0,3.309331178665161
sarima,tuberculose,3,origin_202012,3513801,254,3.0,3.661750078201294
sarima,tuberculose,3,origin_202012,3518701,254,7.0,5.160490989685059
sarima,tuberculose,3,origin_202012,3518800,254,4.0,4.490694046020508
sarima,tuberculose,3,origin_202012,3522208,254,1.0,1.2542662620544434
sarima,tuberculose,3,origin_202012,3525904,254,1.0,0.014215524308383465
sarima,tuberculose,3,origin_202012,3529401,254,3.0,0.8948312401771545
sarima,tuberculose,3,origin_202012,3534401,254,3.0,4.81410026550293
sarima,tuberculose,3,origin_202012,3536505,254,1.0,1.3142869472503662
sarima,tuberculose,3,origin_202012,3541000,254,2.0,2.65729022026062
sarima,tuberculose,3,origin_202012,3543402,254,3.0,9.72876262664795
sarima,tuberculose,3,origin_202012,3547809,254,12.0,5.118052959442139
sarima,tuberculose,3,origin_202012,3548500,254,3.0,5.782925605773926
sarima,tuberculose,3,origin_202012,3548708,254,2.0,6.144050121307373
sarima,tuberculose,3,origin_202012,3549805,254,3.0,1.17157781124115
sarima,tuberculose,3,origin_202012,3549904,254,2.0,0.8235697150230408
sarima,tuberculose,3,origin_202012,3550308,254,85.0,76.8944091796875
sarima,tuberculose,3,origin_202012,3551009,254,11.0,8.95753288269043
sarima,tuberculose,3,origin_202012,3552205,254,0.0,0.18371471762657166
sarima,tuberculose,3,origin_202012,3554102,254,0.0,3.8346216678619385
lgbm,tuberculose,3,origin_202012,3505708,254,1.0,2.087749679856063
lgbm,tuberculose,3,origin_202012,3506003,254,7.0,5.158980414262327
lgbm,tuberculose,3,origin_202012,3509502,254,5.0,6.890439637097351
lgbm,tuberculose,3,origin_202012,3510609,254,3.0,3.734291558215763
lgbm,tuberculose,3,origin_202012,3513801,254,3.0,2.9246143404092595
lgbm,tuberculose,3,origin_202012,3518701,254,7.0,5.238039030646718
lgbm,tuberculose,3,origin_202012,3518800,254,4.0,6.012726701398257
lgbm,tuberculose,3,origin_202012,3522208,254,1.0,1.2601516708769496
lgbm,tuberculose,3,origin_202012,3525904,254,1.0,0.5028419573183929
lgbm,tuberculose,3,origin_202012,3529401,254,3.0,1.142662396513022
lgbm,tuberculose,3,origin_202012,3534401,254,3.0,4.4438821924064875
lgbm,tuberculose,3,origin_202012,3536505,254,1.0,1.337241108732818
lgbm,tuberculose,3,origin_202012,3541000,254,2.0,3.657112509565569
lgbm,tuberculose,3,origin_202012,3543402,254,3.0,7.873728987510079
lgbm,tuberculose,3,origin_202012,3547809,254,12.0,5.598803553768427
lgbm,tuberculose,3,origin_202012,3548500,254,3.0,6.099547334332019
lgbm,tuberculose,3,origin_202012,3548708,254,2.0,5.280486225530124
lgbm,tuberculose,3,origin_202012,3549805,254,3.0,1.3816232323729485
lgbm,tuberculose,3,origin_202012,3549904,254,2.0,0.9438905057154773
lgbm,tuberculose,3,origin_202012,3550308,254,85.0,93.13980249112878
lgbm,tuberculose,3,origin_202012,3551009,254,11.0,9.424111729672328
lgbm,tuberculose,3,origin_202012,3552205,254,0.0,0.5028451044812373
lgbm,tuberculose,3,origin_202012,3554102,254,0.0,2.383366723309288
catboost,tuberculose,3,origin_202012,3505708,254,1.0,2.8266467009562555
catboost,tuberculose,3,origin_202012,3506003,254,7.0,4.956273197792183
catboost,tuberculose,3,origin_202012,3509502,254,5.0,7.035738800346705
catboost,tuberculose,3,origin_202012,3510609,254,3.0,4.24587138509286
catboost,tuberculose,3,origin_202012,3513801,254,3.0,3.5958987791962014
catboost,tuberculose,3,origin_202012,3518701,254,7.0,6.038342176727237
catboost,tuberculose,3,origin_202012,3518800,254,4.0,6.049869948771916
catboost,tuberculose,3,origin_202012,3522208,254,1.0,1.3727592886864035
catboost,tuberculose,3,origin_202012,3525904,254,1.0,0.676707051218299
catboost,tuberculose,3,origin_202012,3529401,254,3.0,1.0242433990999813
catboost,tuberculose,3,origin_202012,3534401,254,3.0,4.764812578351789
catboost,tuberculose,3,origin_202012,3536505,254,1.0,1.2091109030562293
catboost,tuberculose,3,origin_202012,3541000,254,2.0,3.493884741234877
catboost,tuberculose,3,origin_202012,3543402,254,3.0,6.00785935989314
catboost,tuberculose,3,origin_202012,3547809,254,12.0,4.820251318043609
catboost,tuberculose,3,origin_202012,3548500,254,3.0,5.724517482691035
catboost,tuberculose,3,origin_202012,3548708,254,2.0,5.669193466245314
catboost,tuberculose,3,origin_202012,3549805,254,3.0,1.3868702730821838
catboost,tuberculose,3,origin_202012,3549904,254,2.0,1.3895740048598013
catboost,tuberculose,3,origin_202012,3550308,254,85.0,93.68127553205309
catboost,tuberculose,3,origin_202012,3551009,254,11.0,10.082090132247348
catboost,tuberculose,3,origin_202012,3552205,254,0.0,0.7380815798684595
catboost,tuberculose,3,origin_202012,3554102,254,0.0,3.1195010538250307
xgboost,tuberculose,3,origin_202012,3505708,254,1.0,2.3279306888580322
xgboost,tuberculose,3,origin_202012,3506003,254,7.0,4.45851993560791
xgboost,tuberculose,3,origin_202012,3509502,254,5.0,6.420996189117432
xgboost,tuberculose,3,origin_202012,3510609,254,3.0,3.708660364151001
xgboost,tuberculose,3,origin_202012,3513801,254,3.0,2.7114531993865967
xgboost,tuberculose,3,origin_202012,3518701,254,7.0,4.979063510894775
xgboost,tuberculose,3,origin_202012,3518800,254,4.0,5.5933942794799805
xgboost,tuberculose,3,origin_202012,3522208,254,1.0,1.261854887008667
xgboost,tuberculose,3,origin_202012,3525904,254,1.0,0.6749141812324524
xgboost,tuberculose,3,origin_202012,3529401,254,3.0,1.0682333707809448
xgboost,tuberculose,3,origin_202012,3534401,254,3.0,4.3901753425598145
xgboost,tuberculose,3,origin_202012,3536505,254,1.0,1.287829041481018
xgboost,tuberculose,3,origin_202012,3541000,254,2.0,3.8483870029449463
xgboost,tuberculose,3,origin_202012,3543402,254,3.0,7.568676948547363
xgboost,tuberculose,3,origin_202012,3547809,254,12.0,5.389253616333008
xgboost,tuberculose,3,origin_202012,3548500,254,3.0,6.000816345214844
xgboost,tuberculose,3,origin_202012,3548708,254,2.0,5.39973258972168
xgboost,tuberculose,3,origin_202012,3549805,254,3.0,1.0097548961639404
xgboost,tuberculose,3,origin_202012,3549904,254,2.0,0.8322846293449402
xgboost,tuberculose,3,origin_202012,3550308,254,85.0,94.3230209350586
xgboost,tuberculose,3,origin_202012,3551009,254,11.0,9.976420402526855
xgboost,tuberculose,3,origin_202012,3552205,254,0.0,0.5255818367004395
xgboost,tuberculose,3,origin_202012,3554102,254,0.0,2.6425788402557373
prophet,tuberculose,3,origin_202012,3505708,254,1.0,1.5536842911189266
prophet,tuberculose,3,origin_202012,3506003,254,7.0,4.448189395413635
prophet,tuberculose,3,origin_202012,3509502,254,5.0,4.285817007641542
prophet,tuberculose,3,origin_202012,3510609,254,3.0,3.1378564655375434
prophet,tuberculose,3,origin_202012,3513801,254,3.0,4.7140878925106735
prophet,tuberculose,3,origin_202012,3518701,254,7.0,8.262812749973211
prophet,tuberculose,3,origin_202012,3518800,254,4.0,6.522357443105916
prophet,tuberculose,3,origin_202012,3522208,254,1.0,0.8025043037057085
prophet,tuberculose,3,origin_202012,3525904,254,1.0,0.007695596716050135
prophet,tuberculose,3,origin_202012,3529401,254,3.0,1.7493333832510773
prophet,tuberculose,3,origin_202012,3534401,254,3.0,4.581050208681606
prophet,tuberculose,3,origin_202012,3536505,254,1.0,1.814009784327189
prophet,tuberculose,3,origin_202012,3541000,254,2.0,4.3486787203035
prophet,tuberculose,3,origin_202012,3543402,254,3.0,5.918362766436673
prophet,tuberculose,3,origin_202012,3547809,254,12.0,6.647238484863543
prophet,tuberculose,3,origin_202012,3548500,254,3.0,8.23858232563873
prophet,tuberculose,3,origin_202012,3548708,254,2.0,5.381358726967601
prophet,tuberculose,3,origin_202012,3549805,254,3.0,1.0061758590153023
prophet,tuberculose,3,origin_202012,3549904,254,2.0,0.14205797708466122
prophet,tuberculose,3,origin_202012,3550308,254,85.0,93.89140083917344
prophet,tuberculose,3,origin_202012,3551009,254,11.0,12.907995095510078
prophet,tuberculose,3,origin_202012,3552205,254,0.0,0.0
prophet,tuberculose,3,origin_202012,3554102,254,0.0,1.6902593933237369
seasonal_naive,tuberculose,6,origin_202012,3505708,257,4.0,1.0
seasonal_naive,tuberculose,6,origin_202012,3506003,257,3.0,3.0
seasonal_naive,tuberculose,6,origin_202012,3509502,257,6.0,8.0
seasonal_naive,tuberculose,6,origin_202012,3510609,257,3.0,2.0
seasonal_naive,tuberculose,6,origin_202012,3513801,257,6.0,6.0
seasonal_naive,tuberculose,6,origin_202012,3518701,257,6.0,7.0
seasonal_naive,tuberculose,6,origin_202012,3518800,257,4.0,1.0
seasonal_naive,tuberculose,6,origin_202012,3522208,257,0.0,0.0
seasonal_naive,tuberculose,6,origin_202012,3525904,257,0.0,0.0
seasonal_naive,tuberculose,6,origin_202012,3529401,257,1.0,1.0
seasonal_naive,tuberculose,6,origin_202012,3534401,257,3.0,4.0
seasonal_naive,tuberculose,6,origin_202012,3536505,257,1.0,1.0
seasonal_naive,tuberculose,6,origin_202012,3541000,257,2.0,3.0
seasonal_naive,tuberculose,6,origin_202012,3543402,257,4.0,15.0
seasonal_naive,tuberculose,6,origin_202012,3547809,257,5.0,3.0
seasonal_naive,tuberculose,6,origin_202012,3548500,257,4.0,1.0
seasonal_naive,tuberculose,6,origin_202012,3548708,257,5.0,3.0
seasonal_naive,tuberculose,6,origin_202012,3549805,257,0.0,2.0
seasonal_naive,tuberculose,6,origin_202012,3549904,257,1.0,1.0
seasonal_naive,tuberculose,6,origin_202012,3550308,257,73.0,56.0
seasonal_naive,tuberculose,6,origin_202012,3551009,257,7.0,3.0
seasonal_naive,tuberculose,6,origin_202012,3552205,257,1.0,0.0
seasonal_naive,tuberculose,6,origin_202012,3554102,257,4.0,3.0
seasonal_ma3,tuberculose,6,origin_202012,3505708,257,4.0,1.3333333730697632
seasonal_ma3,tuberculose,6,origin_202012,3506003,257,3.0,3.0
seasonal_ma3,tuberculose,6,origin_202012,3509502,257,6.0,6.0
seasonal_ma3,tuberculose,6,origin_202012,3510609,257,3.0,3.0
seasonal_ma3,tuberculose,6,origin_202012,3513801,257,6.0,5.333333492279053
seasonal_ma3,tuberculose,6,origin_202012,3518701,257,6.0,7.0
seasonal_ma3,tuberculose,6,origin_202012,3518800,257,4.0,4.666666507720947
seasonal_ma3,tuberculose,6,origin_202012,3522208,257,0.0,0.6666666865348816
seasonal_ma3,tuberculose,6,origin_202012,3525904,257,0.0,1.3333333730697632
seasonal_ma3,tuberculose,6,origin_202012,3529401,257,1.0,3.3333332538604736
seasonal_ma3,tuberculose,6,origin_202012,3534401,257,3.0,6.333333492279053
seasonal_ma3,tuberculose,6,origin_202012,3536505,257,1.0,1.3333333730697632
seasonal_ma3,tuberculose,6,origin_202012,3541000,257,2.0,4.333333492279053
seasonal_ma3,tuberculose,6,origin_202012,3543402,257,4.0,10.0
seasonal_ma3,tuberculose,6,origin_202012,3547809,257,5.0,2.3333332538604736
seasonal_ma3,tuberculose,6,origin_202012,3548500,257,4.0,5.333333492279053
seasonal_ma3,tuberculose,6,origin_202012,3548708,257,5.0,4.666666507720947
seasonal_ma3,tuberculose,6,origin_202012,3549805,257,0.0,1.6666666269302368
seasonal_ma3,tuberculose,6,origin_202012,3549904,257,1.0,0.6666666865348816
seasonal_ma3,tuberculose,6,origin_202012,3550308,257,73.0,76.66666412353516
seasonal_ma3,tuberculose,6,origin_202012,3551009,257,7.0,8.666666984558105
seasonal_ma3,tuberculose,6,origin_202012,3552205,257,1.0,0.0
seasonal_ma3,tuberculose,6,origin_202012,3554102,257,4.0,4.666666507720947
sarima,tuberculose,6,origin_202012,3505708,257,4.0,3.1059787273406982
sarima,tuberculose,6,origin_202012,3506003,257,3.0,4.129842281341553
sarima,tuberculose,6,origin_202012,3509502,257,6.0,7.170872688293457
sarima,tuberculose,6,origin_202012,3510609,257,3.0,3.2883498668670654
sarima,tuberculose,6,origin_202012,3513801,257,6.0,3.4253089427948
sarima,tuberculose,6,origin_202012,3518701,257,6.0,5.160490989685059
sarima,tuberculose,6,origin_202012,3518800,257,4.0,4.490694046020508
sarima,tuberculose,6,origin_202012,3522208,257,0.0,1.4076392650604248
sarima,tuberculose,6,origin_202012,3525904,257,0.0,0.014215524308383465
sarima,tuberculose,6,origin_202012,3529401,257,1.0,1.0121339559555054
sarima,tuberculose,6,origin_202012,3534401,257,3.0,4.81410026550293
sarima,tuberculose,6,origin_202012,3536505,257,1.0,1.3142869472503662
sarima,tuberculose,6,origin_202012,3541000,257,2.0,2.65729022026062
sarima,tuberculose,6,origin_202012,3543402,257,4.0,9.89426326751709
sarima,tuberculose,6,origin_202012,3547809,257,5.0,5.118052959442139
sarima,tuberculose,6,origin_202012,3548500,257,4.0,5.782925605773926
sarima,tuberculose,6,origin_202012,3548708,257,5.0,6.102534294128418
sarima,tuberculose,6,origin_202012,3549805,257,0.0,1.0380592346191406
sarima,tuberculose,6,origin_202012,3549904,257,1.0,0.8235697150230408
sarima,tuberculose,6,origin_202012,3550308,257,73.0,77.26848602294922
sarima,tuberculose,6,origin_202012,3551009,257,7.0,10.16634464263916
sarima,tuberculose,6,origin_202012,3552205,257,1.0,0.18371471762657166
sarima,tuberculose,6,origin_202012,3554102,257,4.0,3.106015205383301
lgbm,tuberculose,6,origin_202012,3505708,257,4.0,1.679842685082291
lgbm,tuberculose,6,origin_202012,3506003,257,3.0,4.097256924003538
lgbm,tuberculose,6,origin_202012,3509502,257,6.0,5.335036648065903
lgbm,tuberculose,6,origin_202012,3510609,257,3.0,3.062325761459102
lgbm,tuberculose,6,origin_202012,3513801,257,6.0,3.393086739533682
lgbm,tuberculose,6,origin_202012,3518701,257,6.0,4.165566799922561
lgbm,tuberculose,6,origin_202012,3518800,257,4.0,4.8571234326374695
lgbm,tuberculose,6,origin_202012,3522208,257,0.0,1.1727849254155112
lgbm,tuberculose,6,origin_202012,3525904,257,0.0,0.7549605095646241
lgbm,tuberculose,6,origin_202012,3529401,257,1.0,1.3141205175342021
lgbm,tuberculose,6,origin_202012,3534401,257,3.0,3.7306070241512788
lgbm,tuberculose,6,origin_202012,3536505,257,1.0,1.5518093872066143
lgbm,tuberculose,6,origin_202012,3541000,257,2.0,2.685296048737862
lgbm,tuberculose,6,origin_202012,3543402,257,4.0,10.161175210253505
lgbm,tuberculose,6,origin_202012,3547809,257,5.0,5.299752340710337
lgbm,tuberculose,6,origin_202012,3548500,257,4.0,5.8453134716765
lgbm,tuberculose,6,origin_202012,3548708,257,5.0,4.919731712148551
lgbm,tuberculose,6,origin_202012,3549805,257,0.0,1.4368149812588147
lgbm,tuberculose,6,origin_202012,3549904,257,1.0,0.7724156190648581
lgbm,tuberculose,6,origin_202012,3550308,257,73.0,74.35571643031466
lgbm,tuberculose,6,origin_202012,3551009,257,7.0,6.999198209122447
lgbm,tuberculose,6,origin_202012,3552205,257,1.0,0.5512460933571575
lgbm,tuberculose,6,origin_202012,3554102,257,4.0,2.3340072528153133
catboost,tuberculose,6,origin_202012,3505708,257,4.0,1.8143632080982277
catboost,tuberculose,6,origin_202012,3506003,257,3.0,5.286713022648564
catboost,tuberculose,6,origin_202012,3509502,257,6.0,5.568499697114165
catboost,tuberculose,6,origin_202012,3510609,257,3.0,3.2196202030142373
catboost,tuberculose,6,origin_202012,3513801,257,6.0,3.661411017959164
catboost,tuberculose,6,origin_202012,3518701,257,6.0,4.778734859604789
catboost,tuberculose,6,origin_202012,3518800,257,4.0,5.206409732265425
catboost,tuberculose,6,origin_202012,3522208,257,0.0,1.2511776633441427
catboost,tuberculose,6,origin_202012,3525904,257,0.0,0.5283821832113659
catboost,tuberculose,6,origin_202012,3529401,257,1.0,1.2985924318621687
catboost,tuberculose,6,origin_202012,3534401,257,3.0,5.027571887881521
catboost,tuberculose,6,origin_202012,3536505,257,1.0,1.5048148071103875
catboost,tuberculose,6,origin_202012,3541000,257,2.0,2.4340690433193446
catboost,tuberculose,6,origin_202012,3543402,257,4.0,10.670598175617332
catboost,tuberculose,6,origin_202012,3547809,257,5.0,4.9223717068982245
catboost,tuberculose,6,origin_202012,3548500,257,4.0,5.652250701601255
catboost,tuberculose,6,origin_202012,3548708,257,5.0,5.39984047795672
catboost,tuberculose,6,origin_202012,3549805,257,0.0,1.4636316396868891
catboost,tuberculose,6,origin_202012,3549904,257,1.0,1.2234897584995597
catboost,tuberculose,6,origin_202012,3550308,257,73.0,78.18297271913588
catboost,tuberculose,6,origin_202012,3551009,257,7.0,6.558163194134843
catboost,tuberculose,6,origin_202012,3552205,257,1.0,0.9441527951119588
catboost,tuberculose,6,origin_202012,3554102,257,4.0,2.5221757087373704
xgboost,tuberculose,6,origin_202012,3505708,257,4.0,2.110586166381836
xgboost,tuberculose,6,origin_202012,3506003,257,3.0,3.8512237071990967
xgboost,tuberculose,6,origin_202012,3509502,257,6.0,5.430917263031006
xgboost,tuberculose,6,origin_202012,3510609,257,3.0,2.9080960750579834
xgboost,tuberculose,6,origin_202012,3513801,257,6.0,3.867485761642456
xgboost,tuberculose,6,origin_202012,3518701,257,6.0,4.509514331817627
xgboost,tuberculose,6,origin_202012,3518800,257,4.0,5.044978141784668
xgboost,tuberculose,6,origin_202012,3522208,257,0.0,1.135683298110962
xgboost,tuberculose,6,origin_202012,3525904,257,0.0,0.9790098071098328
xgboost,tuberculose,6,origin_202012,3529401,257,1.0,1.3630952835083008
xgboost,tuberculose,6,origin_202012,3534401,257,3.0,4.878577709197998
xgboost,tuberculose,6,origin_202012,3536505,257,1.0,1.3507198095321655
xgboost,tuberculose,6,origin_202012,3541000,257,2.0,2.651475667953491
xgboost,tuberculose,6,origin_202012,3543402,257,4.0,9.296979904174805
xgboost,tuberculose,6,origin_202012,3547809,257,5.0,5.25603723526001
xgboost,tuberculose,6,origin_202012,3548500,257,4.0,6.297827243804932
xgboost,tuberculose,6,origin_202012,3548708,257,5.0,5.1601762771606445
xgboost,tuberculose,6,origin_202012,3549805,257,0.0,1.0771331787109375
xgboost,tuberculose,6,origin_202012,3549904,257,1.0,0.8695951104164124
xgboost,tuberculose,6,origin_202012,3550308,257,73.0,74.63949584960938
xgboost,tuberculose,6,origin_202012,3551009,257,7.0,7.219761371612549
xgboost,tuberculose,6,origin_202012,3552205,257,1.0,0.6005930304527283
xgboost,tuberculose,6,origin_202012,3554102,257,4.0,2.8610661029815674
prophet,tuberculose,6,origin_202012,3505708,257,4.0,2.172671544428295
prophet,tuberculose,6,origin_202012,3506003,257,3.0,3.471857528465506
prophet,tuberculose,6,origin_202012,3509502,257,6.0,5.016337997631212
prophet,tuberculose,6,origin_202012,3510609,257,3.0,2.8573051883696854
prophet,tuberculose,6,origin_202012,3513801,257,6.0,5.030537657773205
prophet,tuberculose,6,origin_202012,3518701,257,6.0,9.192829875074985
prophet,tuberculose,6,origin_202012,3518800,257,4.0,4.892328578785548
prophet,tuberculose,6,origin_202012,3522208,257,0.0,0.7319945157792234
prophet,tuberculose,6,origin_202012,3525904,257,0.0,0.7687262324366533
prophet,tuberculose,6,origin_202012,3529401,257,1.0,1.7065699815851472
prophet,tuberculose,6,origin_202012,3534401,257,3.0,5.0296341448651045
prophet,tuberculose,6,origin_202012,3536505,257,1.0,1.9768180493407006
prophet,tuberculose,6,origin_202012,3541000,257,2.0,3.7082979054602303
prophet,tuberculose,6,origin_202012,3543402,257,4.0,7.690152791044959
prophet,tuberculose,6,origin_202012,3547809,257,5.0,5.191512404010602
prophet,tuberculose,6,origin_202012,3548500,257,4.0,8.058408767309787
prophet,tuberculose,6,origin_202012,3548708,257,5.0,5.346753684700721
prophet,tuberculose,6,origin_202012,3549805,257,0.0,1.0076107267137542
prophet,tuberculose,6,origin_202012,3549904,257,1.0,0.5946550459749849
prophet,tuberculose,6,origin_202012,3550308,257,73.0,90.46393596196528
prophet,tuberculose,6,origin_202012,3551009,257,7.0,11.20197942482072
prophet,tuberculose,6,origin_202012,3552205,257,1.0,0.0
prophet,tuberculose,6,origin_202012,3554102,257,4.0,2.566784837901195
seasonal_naive,tuberculose,12,origin_202012,3505708,263,4.0,3.0
seasonal_naive,tuberculose,12,origin_202012,3506003,263,9.0,5.0
seasonal_naive,tuberculose,12,origin_202012,3509502,263,10.0,7.0
seasonal_naive,tuberculose,12,origin_202012,3510609,263,4.0,3.0
seasonal_naive,tuberculose,12,origin_202012,3513801,263,1.0,0.0
seasonal_naive,tuberculose,12,origin_202012,3518701,263,9.0,3.0
seasonal_naive,tuberculose,12,origin_202012,3518800,263,5.0,4.0
seasonal_naive,tuberculose,12,origin_202012,3522208,263,0.0,3.0
seasonal_naive,tuberculose,12,origin_202012,3525904,263,3.0,0.0
seasonal_naive,tuberculose,12,origin_202012,3529401,263,1.0,0.0
seasonal_naive,tuberculose,12,origin_202012,3534401,263,4.0,5.0
seasonal_naive,tuberculose,12,origin_202012,3536505,263,2.0,0.0
seasonal_naive,tuberculose,12,origin_202012,3541000,263,2.0,3.0
seasonal_naive,tuberculose,12,origin_202012,3543402,263,12.0,4.0
seasonal_naive,tuberculose,12,origin_202012,3547809,263,12.0,4.0
seasonal_naive,tuberculose,12,origin_202012,3548500,263,6.0,5.0
seasonal_naive,tuberculose,12,origin_202012,3548708,263,5.0,8.0
seasonal_naive,tuberculose,12,origin_202012,3549805,263,4.0,1.0
seasonal_naive,tuberculose,12,origin_202012,3549904,263,1.0,1.0
seasonal_naive,tuberculose,12,origin_202012,3550308,263,95.0,71.0
seasonal_naive,tuberculose,12,origin_202012,3551009,263,22.0,9.0
seasonal_naive,tuberculose,12,origin_202012,3552205,263,1.0,0.0
seasonal_naive,tuberculose,12,origin_202012,3554102,263,2.0,5.0
seasonal_ma3,tuberculose,12,origin_202012,3505708,263,4.0,2.6666667461395264
seasonal_ma3,tuberculose,12,origin_202012,3506003,263,9.0,4.0
seasonal_ma3,tuberculose,12,origin_202012,3509502,263,10.0,6.0
seasonal_ma3,tuberculose,12,origin_202012,3510609,263,4.0,3.3333332538604736
seasonal_ma3,tuberculose,12,origin_202012,3513801,263,1.0,3.0
seasonal_ma3,tuberculose,12,origin_202012,3518701,263,9.0,4.0
seasonal_ma3,tuberculose,12,origin_202012,3518800,263,5.0,4.333333492279053
seasonal_ma3,tuberculose,12,origin_202012,3522208,263,0.0,2.6666667461395264
seasonal_ma3,tuberculose,12,origin_202012,3525904,263,3.0,1.6666666269302368
seasonal_ma3,tuberculose,12,origin_202012,3529401,263,1.0,0.3333333432674408
seasonal_ma3,tuberculose,12,origin_202012,3534401,263,4.0,4.666666507720947
seasonal_ma3,tuberculose,12,origin_202012,3536505,263,2.0,1.0
seasonal_ma3,tuberculose,12,origin_202012,3541000,263,2.0,3.3333332538604736
seasonal_ma3,tuberculose,12,origin_202012,3543402,263,12.0,7.333333492279053
seasonal_ma3,tuberculose,12,origin_202012,3547809,263,12.0,4.0
seasonal_ma3,tuberculose,12,origin_202012,3548500,263,6.0,5.666666507720947
seasonal_ma3,tuberculose,12,origin_202012,3548708,263,5.0,5.333333492279053
seasonal_ma3,tuberculose,12,origin_202012,3549805,263,4.0,2.3333332538604736
seasonal_ma3,tuberculose,12,origin_202012,3549904,263,1.0,1.0
seasonal_ma3,tuberculose,12,origin_202012,3550308,263,95.0,79.66666412353516
seasonal_ma3,tuberculose,12,origin_202012,3551009,263,22.0,8.666666984558105
seasonal_ma3,tuberculose,12,origin_202012,3552205,263,1.0,0.3333333432674408
seasonal_ma3,tuberculose,12,origin_202012,3554102,263,2.0,3.0
sarima,tuberculose,12,origin_202012,3505708,263,4.0,2.8914501667022705
sarima,tuberculose,12,origin_202012,3506003,263,9.0,4.353161334991455
sarima,tuberculose,12,origin_202012,3509502,263,10.0,7.170896053314209
sarima,tuberculose,12,origin_202012,3510609,263,4.0,3.2896764278411865
sarima,tuberculose,12,origin_202012,3513801,263,1.0,4.547389507293701
sarima,tuberculose,12,origin_202012,3518701,263,9.0,5.160490989685059
sarima,tuberculose,12,origin_202012,3518800,263,5.0,4.490694046020508
sarima,tuberculose,12,origin_202012,3522208,263,0.0,0.9475202560424805
sarima,tuberculose,12,origin_202012,3525904,263,3.0,0.014215524308383465
sarima,tuberculose,12,origin_202012,3529401,263,1.0,1.2608317136764526
sarima,tuberculose,12,origin_202012,3534401,263,4.0,4.81410026550293
sarima,tuberculose,12,origin_202012,3536505,263,2.0,1.3142869472503662
sarima,tuberculose,12,origin_202012,3541000,263,2.0,2.65729022026062
sarima,tuberculose,12,origin_202012,3543402,263,12.0,8.09521484375
sarima,tuberculose,12,origin_202012,3547809,263,12.0,5.118052959442139
sarima,tuberculose,12,origin_202012,3548500,263,6.0,5.782925605773926
sarima,tuberculose,12,origin_202012,3548708,263,5.0,6.1015849113464355
sarima,tuberculose,12,origin_202012,3549805,263,4.0,0.9032103419303894
sarima,tuberculose,12,origin_202012,3549904,263,1.0,0.8235697150230408
sarima,tuberculose,12,origin_202012,3550308,263,95.0,77.28120422363281
sarima,tuberculose,12,origin_202012,3551009,263,22.0,9.387499809265137
sarima,tuberculose,12,origin_202012,3552205,263,1.0,0.18371471762657166
sarima,tuberculose,12,origin_202012,3554102,263,2.0,3.2927019596099854
lgbm,tuberculose,12,origin_202012,3505708,263,4.0,1.5169612872266607
lgbm,tuberculose,12,origin_202012,3506003,263,9.0,4.0564553586960725
lgbm,tuberculose,12,origin_202012,3509502,263,10.0,6.444480622536449
lgbm,tuberculose,12,origin_202012,3510609,263,4.0,3.306140226881461
lgbm,tuberculose,12,origin_202012,3513801,263,1.0,4.132522199930854
lgbm,tuberculose,12,origin_202012,3518701,263,9.0,4.681824317322597
lgbm,tuberculose,12,origin_202012,3518800,263,5.0,4.903903508433334
lgbm,tuberculose,12,origin_202012,3522208,263,0.0,1.118770039882418
lgbm,tuberculose,12,origin_202012,3525904,263,3.0,1.0680346436961543
lgbm,tuberculose,12,origin_202012,3529401,263,1.0,1.3970019314049669
lgbm,tuberculose,12,origin_202012,3534401,263,4.0,4.276279112191
lgbm,tuberculose,12,origin_202012,3536505,263,2.0,0.9772431342197695
lgbm,tuberculose,12,origin_202012,3541000,263,2.0,2.418370438387004
lgbm,tuberculose,12,origin_202012,3543402,263,12.0,12.73425544844829
lgbm,tuberculose,12,origin_202012,3547809,263,12.0,5.336300435514833
lgbm,tuberculose,12,origin_202012,3548500,263,6.0,6.386099157944623
lgbm,tuberculose,12,origin_202012,3548708,263,5.0,4.5495384815584945
lgbm,tuberculose,12,origin_202012,3549805,263,4.0,1.5770479146985437
lgbm,tuberculose,12,origin_202012,3549904,263,1.0,1.1289973967479696
lgbm,tuberculose,12,origin_202012,3550308,263,95.0,100.97493549065952
lgbm,tuberculose,12,origin_202012,3551009,263,22.0,8.65547770571652
lgbm,tuberculose,12,origin_202012,3552205,263,1.0,0.6397140587644389
lgbm,tuberculose,12,origin_202012,3554102,263,2.0,3.4079088671063524
catboost,tuberculose,12,origin_202012,3505708,263,4.0,1.7362311233988983
catboost,tuberculose,12,origin_202012,3506003,263,9.0,3.8844602684820897
catboost,tuberculose,12,origin_202012,3509502,263,10.0,6.719243805004958
catboost,tuberculose,12,origin_202012,3510609,263,4.0,4.321333985902519
catboost,tuberculose,12,origin_202012,3513801,263,1.0,4.572777743228213
catboost,tuberculose,12,origin_202012,3518701,263,9.0,3.7238462145857127
catboost,tuberculose,12,origin_202012,3518800,263,5.0,5.942694311034298
catboost,tuberculose,12,origin_202012,3522208,263,0.0,1.2307355857874653
catboost,tuberculose,12,origin_202012,3525904,263,3.0,0.9382244549590397
catboost,tuberculose,12,origin_202012,3529401,263,1.0,1.3837789780436383
catboost,tuberculose,12,origin_202012,3534401,263,4.0,4.539860808753775
catboost,tuberculose,12,origin_202012,3536505,263,2.0,1.2516218342213499
catboost,tuberculose,12,origin_202012,3541000,263,2.0,2.719004060478757
catboost,tuberculose,12,origin_202012,3543402,263,12.0,11.569003139954138
catboost,tuberculose,12,origin_202012,3547809,263,12.0,4.998258456845181
catboost,tuberculose,12,origin_202012,3548500,263,6.0,4.9774139575599845
catboost,tuberculose,12,origin_202012,3548708,263,5.0,6.001484231382512
catboost,tuberculose,12,origin_202012,3549805,263,4.0,1.5870463958213177
catboost,tuberculose,12,origin_202012,3549904,263,1.0,1.427577681488137
catboost,tuberculose,12,origin_202012,3550308,263,95.0,76.03976559357058
catboost,tuberculose,12,origin_202012,3551009,263,22.0,5.878884559522223
catboost,tuberculose,12,origin_202012,3552205,263,1.0,1.0028423995260394
catboost,tuberculose,12,origin_202012,3554102,263,2.0,3.0385722873771877
xgboost,tuberculose,12,origin_202012,3505708,263,4.0,1.4942853450775146
xgboost,tuberculose,12,origin_202012,3506003,263,9.0,4.962854385375977
xgboost,tuberculose,12,origin_202012,3509502,263,10.0,6.351815700531006
xgboost,tuberculose,12,origin_202012,3510609,263,4.0,3.274843692779541
xgboost,tuberculose,12,origin_202012,3513801,263,1.0,4.2148895263671875
xgboost,tuberculose,12,origin_202012,3518701,263,9.0,4.891484260559082
xgboost,tuberculose,12,origin_202012,3518800,263,5.0,4.561049938201904
xgboost,tuberculose,12,origin_202012,3522208,263,0.0,1.1133246421813965
xgboost,tuberculose,12,origin_202012,3525904,263,3.0,0.9715022444725037
xgboost,tuberculose,12,origin_202012,3529401,263,1.0,1.6959537267684937
xgboost,tuberculose,12,origin_202012,3534401,263,4.0,4.512684345245361
xgboost,tuberculose,12,origin_202012,3536505,263,2.0,1.4725496768951416
xgboost,tuberculose,12,origin_202012,3541000,263,2.0,2.607438087463379
xgboost,tuberculose,12,origin_202012,3543402,263,12.0,11.73098087310791
xgboost,tuberculose,12,origin_202012,3547809,263,12.0,5.313344478607178
xgboost,tuberculose,12,origin_202012,3548500,263,6.0,6.59260892868042
xgboost,tuberculose,12,origin_202012,3548708,263,5.0,5.2635087966918945
xgboost,tuberculose,12,origin_202012,3549805,263,4.0,1.3990004062652588
xgboost,tuberculose,12,origin_202012,3549904,263,1.0,1.1894738674163818
xgboost,tuberculose,12,origin_202012,3550308,263,95.0,71.22703552246094
xgboost,tuberculose,12,origin_202012,3551009,263,22.0,7.03955602645874
xgboost,tuberculose,12,origin_202012,3552205,263,1.0,0.7177606225013733
xgboost,tuberculose,12,origin_202012,3554102,263,2.0,3.47924542427063
prophet,tuberculose,12,origin_202012,3505708,263,4.0,2.028629561269787
prophet,tuberculose,12,origin_202012,3506003,263,9.0,4.260191345961386
prophet,tuberculose,12,origin_202012,3509502,263,10.0,4.938959828273107
prophet,tuberculose,12,origin_202012,3510609,263,4.0,4.484361533089365
prophet,tuberculose,12,origin_202012,3513801,263,1.0,5.2015277805227225
prophet,tuberculose,12,origin_202012,3518701,263,9.0,8.785135284558024
prophet,tuberculose,12,origin_202012,3518800,263,5.0,5.5506585930647665
prophet,tuberculose,12,origin_202012,3522208,263,0.0,1.4387835925483758
prophet,tuberculose,12,origin_202012,3525904,263,3.0,0.0
prophet,tuberculose,12,origin_202012,3529401,263,1.0,1.1362853647582862
prophet,tuberculose,12,origin_202012,3534401,263,4.0,5.207549759009495
prophet,tuberculose,12,origin_202012,3536505,263,2.0,1.7362430843364887
prophet,tuberculose,12,origin_202012,3541000,263,2.0,3.3892942325620505
prophet,tuberculose,12,origin_202012,3543402,263,12.0,8.196093865080602
prophet,tuberculose,12,origin_202012,3547809,263,12.0,4.973642949810747
prophet,tuberculose,12,origin_202012,3548500,263,6.0,8.510493557653051
prophet,tuberculose,12,origin_202012,3548708,263,5.0,5.9262094522159785
prophet,tuberculose,12,origin_202012,3549805,263,4.0,1.2452682901565817
prophet,tuberculose,12,origin_202012,3549904,263,1.0,0.012969328908487787
prophet,tuberculose,12,origin_202012,3550308,263,95.0,100.207315122911
prophet,tuberculose,12,origin_202012,3551009,263,22.0,11.671575820260555
prophet,tuberculose,12,origin_202012,3552205,263,1.0,0.0
prophet,tuberculose,12,origin_202012,3554102,263,2.0,3.467675709852894
seasonal_naive,tuberculose,1,origin_202112,3505708,264,2.0,2.0
seasonal_naive,tuberculose,1,origin_202112,3506003,264,4.0,4.0
seasonal_naive,tuberculose,1,origin_202112,3509502,264,9.0,3.0
seasonal_naive,tuberculose,1,origin_202112,3510609,264,0.0,7.0
seasonal_naive,tuberculose,1,origin_202112,3513801,264,2.0,6.0
seasonal_naive,tuberculose,1,origin_202112,3518701,264,11.0,8.0
seasonal_naive,tuberculose,1,origin_202112,3518800,264,5.0,5.0
seasonal_naive,tuberculose,1,origin_202112,3522208,264,0.0,3.0
seasonal_naive,tuberculose,1,origin_202112,3525904,264,2.0,0.0
seasonal_naive,tuberculose,1,origin_202112,3529401,264,3.0,2.0
seasonal_naive,tuberculose,1,origin_202112,3534401,264,9.0,5.0
seasonal_naive,tuberculose,1,origin_202112,3536505,264,0.0,0.0
seasonal_naive,tuberculose,1,origin_202112,3541000,264,4.0,4.0
seasonal_naive,tuberculose,1,origin_202112,3543402,264,10.0,5.0
seasonal_naive,tuberculose,1,origin_202112,3547809,264,6.0,7.0
seasonal_naive,tuberculose,1,origin_202112,3548500,264,5.0,7.0
seasonal_naive,tuberculose,1,origin_202112,3548708,264,5.0,2.0
seasonal_naive,tuberculose,1,origin_202112,3549805,264,4.0,0.0
seasonal_naive,tuberculose,1,origin_202112,3549904,264,3.0,1.0
seasonal_naive,tuberculose,1,origin_202112,3550308,264,115.0,107.0
seasonal_naive,tuberculose,1,origin_202112,3551009,264,11.0,10.0
seasonal_naive,tuberculose,1,origin_202112,3552205,264,1.0,2.0
seasonal_naive,tuberculose,1,origin_202112,3554102,264,1.0,4.0
seasonal_ma3,tuberculose,1,origin_202112,3505708,264,2.0,1.3333333730697632
seasonal_ma3,tuberculose,1,origin_202112,3506003,264,4.0,3.6666667461395264
seasonal_ma3,tuberculose,1,origin_202112,3509502,264,9.0,3.6666667461395264
seasonal_ma3,tuberculose,1,origin_202112,3510609,264,0.0,7.666666507720947
seasonal_ma3,tuberculose,1,origin_202112,3513801,264,2.0,4.666666507720947
seasonal_ma3,tuberculose,1,origin_202112,3518701,264,11.0,10.333333015441895
seasonal_ma3,tuberculose,1,origin_202112,3518800,264,5.0,8.0
seasonal_ma3,tuberculose,1,origin_202112,3522208,264,0.0,2.3333332538604736
seasonal_ma3,tuberculose,1,origin_202112,3525904,264,2.0,0.3333333432674408
seasonal_ma3,tuberculose,1,origin_202112,3529401,264,3.0,1.3333333730697632
seasonal_ma3,tuberculose,1,origin_202112,3534401,264,9.0,5.333333492279053
seasonal_ma3,tuberculose,1,origin_202112,3536505,264,0.0,0.3333333432674408
seasonal_ma3,tuberculose,1,origin_202112,3541000,264,4.0,3.6666667461395264
seasonal_ma3,tuberculose,1,origin_202112,3543402,264,10.0,5.666666507720947
seasonal_ma3,tuberculose,1,origin_202112,3547809,264,6.0,5.666666507720947
seasonal_ma3,tuberculose,1,origin_202112,3548500,264,5.0,5.666666507720947
seasonal_ma3,tuberculose,1,origin_202112,3548708,264,5.0,3.0
seasonal_ma3,tuberculose,1,origin_202112,3549805,264,4.0,1.0
seasonal_ma3,tuberculose,1,origin_202112,3549904,264,3.0,1.6666666269302368
seasonal_ma3,tuberculose,1,origin_202112,3550308,264,115.0,114.66666412353516
seasonal_ma3,tuberculose,1,origin_202112,3551009,264,11.0,10.0
seasonal_ma3,tuberculose,1,origin_202112,3552205,264,1.0,1.3333333730697632
seasonal_ma3,tuberculose,1,origin_202112,3554102,264,1.0,3.6666667461395264
sarima,tuberculose,1,origin_202112,3505708,264,2.0,3.7233479022979736
sarima,tuberculose,1,origin_202112,3506003,264,4.0,6.6865057945251465
sarima,tuberculose,1,origin_202112,3509502,264,9.0,7.283657073974609
sarima,tuberculose,1,origin_202112,3510609,264,0.0,4.831064224243164
sarima,tuberculose,1,origin_202112,3513801,264,2.0,3.2062830924987793
sarima,tuberculose,1,origin_202112,3518701,264,11.0,9.961265563964844
sarima,tuberculose,1,origin_202112,3518800,264,5.0,5.95517635345459
sarima,tuberculose,1,origin_202112,3522208,264,0.0,0.05605287849903107
sarima,tuberculose,1,origin_202112,3525904,264,2.0,2.2459299564361572
sarima,tuberculose,1,origin_202112,3529401,264,3.0,1.149143934249878
sarima,tuberculose,1,origin_202112,3534401,264,9.0,5.5131096839904785
sarima,tuberculose,1,origin_202112,3536505,264,0.0,0.9785308241844177
sarima,tuberculose,1,origin_202112,3541000,264,4.0,1.8589210510253906
sarima,tuberculose,1,origin_202112,3543402,264,10.0,7.700977325439453
sarima,tuberculose,1,origin_202112,3547809,264,6.0,6.478767395019531
sarima,tuberculose,1,origin_202112,3548500,264,5.0,7.680025100708008
sarima,tuberculose,1,origin_202112,3548708,264,5.0,4.674771785736084
sarima,tuberculose,1,origin_202112,3549805,264,4.0,3.788997173309326
sarima,tuberculose,1,origin_202112,3549904,264,3.0,0.9778660535812378
sarima,tuberculose,1,origin_202112,3550308,264,115.0,93.97811889648438
sarima,tuberculose,1,origin_202112,3551009,264,11.0,21.095680236816406
sarima,tuberculose,1,origin_202112,3552205,264,1.0,0.9245997071266174
sarima,tuberculose,1,origin_202112,3554102,264,1.0,3.5813467502593994
lgbm,tuberculose,1,origin_202112,3505708,264,2.0,2.9625221249706906
lgbm,tuberculose,1,origin_202112,3506003,264,4.0,5.607237941114605
lgbm,tuberculose,1,origin_202112,3509502,264,9.0,7.52154055319217
lgbm,tuberculose,1,origin_202112,3510609,264,0.0,4.4192161657653966
lgbm,tuberculose,1,origin_202112,3513801,264,2.0,3.0613907970842367
lgbm,tuberculose,1,origin_202112,3518701,264,11.0,8.339233364106043
lgbm,tuberculose,1,origin_202112,3518800,264,5.0,5.8580451587853
lgbm,tuberculose,1,origin_202112,3522208,264,0.0,0.6325456403066664
lgbm,tuberculose,1,origin_202112,3525904,264,2.0,1.8932850947010096
lgbm,tuberculose,1,origin_202112,3529401,264,3.0,1.2054809049500999
lgbm,tuberculose,1,origin_202112,3534401,264,9.0,5.011600217846806
lgbm,tuberculose,1,origin_202112,3536505,264,0.0,0.8512026088722046
lgbm,tuberculose,1,origin_202112,3541000,264,4.0,1.7459533779072967
lgbm,tuberculose,1,origin_202112,3543402,264,10.0,6.922935689122559
lgbm,tuberculose,1,origin_202112,3547809,264,6.0,7.073820386877679
lgbm,tuberculose,1,origin_202112,3548500,264,5.0,6.654905407054459
lgbm,tuberculose,1,origin_202112,3548708,264,5.0,4.936346022985259
lgbm,tuberculose,1,origin_202112,3549805,264,4.0,3.8982385677105023
lgbm,tuberculose,1,origin_202112,3549904,264,3.0,1.1534261494136995
lgbm,tuberculose,1,origin_202112,3550308,264,115.0,94.82031879431997
lgbm,tuberculose,1,origin_202112,3551009,264,11.0,20.264058472034453
lgbm,tuberculose,1,origin_202112,3552205,264,1.0,0.7326017770908269
lgbm,tuberculose,1,origin_202112,3554102,264,1.0,3.331004507253225
catboost,tuberculose,1,origin_202112,3505708,264,2.0,3.08764119905259
catboost,tuberculose,1,origin_202112,3506003,264,4.0,5.916477001084738
catboost,tuberculose,1,origin_202112,3509502,264,9.0,6.1263576200723575
catboost,tuberculose,1,origin_202112,3510609,264,0.0,5.359350070251827
catboost,tuberculose,1,origin_202112,3513801,264,2.0,2.7694367403686924
catboost,tuberculose,1,origin_202112,3518701,264,11.0,7.680338411411926
catboost,tuberculose,1,origin_202112,3518800,264,5.0,6.338494890543352
catboost,tuberculose,1,origin_202112,3522208,264,0.0,0.6952190887892787
catboost,tuberculose,1,origin_202112,3525904,264,2.0,1.7342617327034138
catboost,tuberculose,1,origin_202112,3529401,264,3.0,1.1369203062707636
catboost,tuberculose,1,origin_202112,3534401,264,9.0,4.755253309515774
catboost,tuberculose,1,origin_202112,3536505,264,0.0,0.962328186371152
catboost,tuberculose,1,origin_202112,3541000,264,4.0,1.7944920903372696
catboost,tuberculose,1,origin_202112,3543402,264,10.0,6.910978648352109
catboost,tuberculose,1,origin_202112,3547809,264,6.0,8.03678109183054
catboost,tuberculose,1,origin_202112,3548500,264,5.0,6.495840739064511
catboost,tuberculose,1,origin_202112,3548708,264,5.0,4.489658049943478
catboost,tuberculose,1,origin_202112,3549805,264,4.0,3.5470378900284785
catboost,tuberculose,1,origin_202112,3549904,264,3.0,1.0814988330275972
catboost,tuberculose,1,origin_202112,3550308,264,115.0,95.30735888953014
catboost,tuberculose,1,origin_202112,3551009,264,11.0,21.969554035382657
catboost,tuberculose,1,origin_202112,3552205,264,1.0,0.8841994913004146
catboost,tuberculose,1,origin_202112,3554102,264,1.0,3.224481241849368
xgboost,tuberculose,1,origin_202112,3505708,264,2.0,3.1805315017700195
xgboost,tuberculose,1,origin_202112,3506003,264,4.0,4.840076923370361
xgboost,tuberculose,1,origin_202112,3509502,264,9.0,6.519371032714844
xgboost,tuberculose,1,origin_202112,3510609,264,0.0,4.837597846984863
xgboost,tuberculose,1,origin_202112,3513801,264,2.0,2.7684109210968018
xgboost,tuberculose,1,origin_202112,3518701,264,11.0,7.966599941253662
xgboost,tuberculose,1,origin_202112,3518800,264,5.0,5.960036754608154
xgboost,tuberculose,1,origin_202112,3522208,264,0.0,0.7041756510734558
xgboost,tuberculose,1,origin_202112,3525904,264,2.0,2.0321617126464844
xgboost,tuberculose,1,origin_202112,3529401,264,3.0,1.2595399618148804
xgboost,tuberculose,1,origin_202112,3534401,264,9.0,5.397312641143799
xgboost,tuberculose,1,origin_202112,3536505,264,0.0,0.8775434494018555
xgboost,tuberculose,1,origin_202112,3541000,264,4.0,1.7763029336929321
xgboost,tuberculose,1,origin_202112,3543402,264,10.0,6.036728382110596
xgboost,tuberculose,1,origin_202112,3547809,264,6.0,6.873944282531738
xgboost,tuberculose,1,origin_202112,3548500,264,5.0,7.365175247192383
xgboost,tuberculose,1,origin_202112,3548708,264,5.0,5.236034393310547
xgboost,tuberculose,1,origin_202112,3549805,264,4.0,3.375621795654297
xgboost,tuberculose,1,origin_202112,3549904,264,3.0,1.0459568500518799
xgboost,tuberculose,1,origin_202112,3550308,264,115.0,98.11405181884766
xgboost,tuberculose,1,origin_202112,3551009,264,11.0,20.480745315551758
xgboost,tuberculose,1,origin_202112,3552205,264,1.0,0.826920211315155
xgboost,tuberculose,1,origin_202112,3554102,264,1.0,3.355679750442505
prophet,tuberculose,1,origin_202112,3505708,264,2.0,1.9504522857136564
prophet,tuberculose,1,origin_202112,3506003,264,4.0,4.015937720917931
prophet,tuberculose,1,origin_202112,3509502,264,9.0,5.421763215535661
prophet,tuberculose,1,origin_202112,3510609,264,0.0,5.1127926329077065
prophet,tuberculose,1,origin_202112,3513801,264,2.0,5.014371419951596
prophet,tuberculose,1,origin_202112,3518701,264,11.0,9.445657707389708
prophet,tuberculose,1,origin_202112,3518800,264,5.0,6.504388641977646
prophet,tuberculose,1,origin_202112,3522208,264,0.0,1.0368803345005095
prophet,tuberculose,1,origin_202112,3525904,264,2.0,0.0
prophet,tuberculose,1,origin_202112,3529401,264,3.0,1.6269197687958372
prophet,tuberculose,1,origin_202112,3534401,264,9.0,5.0241037197815395
prophet,tuberculose,1,origin_202112,3536505,264,0.0,1.5467081686395934
prophet,tuberculose,1,origin_202112,3541000,264,4.0,3.29276322322551
prophet,tuberculose,1,origin_202112,3543402,264,10.0,5.944731543046228
prophet,tuberculose,1,origin_202112,3547809,264,6.0,6.204649302261891
prophet,tuberculose,1,origin_202112,3548500,264,5.0,8.316513058514795
prophet,tuberculose,1,origin_202112,3548708,264,5.0,4.804699435126909
prophet,tuberculose,1,origin_202112,3549805,264,4.0,1.9089166354712477
prophet,tuberculose,1,origin_202112,3549904,264,3.0,0.6575353449778529
prophet,tuberculose,1,origin_202112,3550308,264,115.0,98.3605308921257
prophet,tuberculose,1,origin_202112,3551009,264,11.0,13.970449019392769
prophet,tuberculose,1,origin_202112,3552205,264,1.0,0.6028470898295862
prophet,tuberculose,1,origin_202112,3554102,264,1.0,4.1157797664235645
seasonal_naive,tuberculose,3,origin_202112,3505708,266,3.0,1.0
seasonal_naive,tuberculose,3,origin_202112,3506003,266,2.0,7.0
seasonal_naive,tuberculose,3,origin_202112,3509502,266,11.0,5.0
seasonal_naive,tuberculose,3,origin_202112,3510609,266,1.0,3.0
seasonal_naive,tuberculose,3,origin_202112,3513801,266,7.0,3.0
seasonal_naive,tuberculose,3,origin_202112,3518701,266,12.0,7.0
seasonal_naive,tuberculose,3,origin_202112,3518800,266,7.0,4.0
seasonal_naive,tuberculose,3,origin_202112,3522208,266,1.0,1.0
seasonal_naive,tuberculose,3,origin_202112,3525904,266,2.0,1.0
seasonal_naive,tuberculose,3,origin_202112,3529401,266,1.0,3.0
seasonal_naive,tuberculose,3,origin_202112,3534401,266,16.0,3.0
seasonal_naive,tuberculose,3,origin_202112,3536505,266,2.0,1.0
seasonal_naive,tuberculose,3,origin_202112,3541000,266,3.0,2.0
seasonal_naive,tuberculose,3,origin_202112,3543402,266,8.0,3.0
seasonal_naive,tuberculose,3,origin_202112,3547809,266,14.0,12.0
seasonal_naive,tuberculose,3,origin_202112,3548500,266,8.0,3.0
seasonal_naive,tuberculose,3,origin_202112,3548708,266,6.0,2.0
seasonal_naive,tuberculose,3,origin_202112,3549805,266,4.0,3.0
seasonal_naive,tuberculose,3,origin_202112,3549904,266,3.0,2.0
seasonal_naive,tuberculose,3,origin_202112,3550308,266,94.0,85.0
seasonal_naive,tuberculose,3,origin_202112,3551009,266,13.0,11.0
seasonal_naive,tuberculose,3,origin_202112,3552205,266,1.0,0.0
seasonal_naive,tuberculose,3,origin_202112,3554102,266,2.0,0.0
seasonal_ma3,tuberculose,3,origin_202112,3505708,266,3.0,1.3333333730697632
seasonal_ma3,tuberculose,3,origin_202112,3506003,266,2.0,4.0
seasonal_ma3,tuberculose,3,origin_202112,3509502,266,11.0,4.333333492279053
seasonal_ma3,tuberculose,3,origin_202112,3510609,266,1.0,3.6666667461395264
seasonal_ma3,tuberculose,3,origin_202112,3513801,266,7.0,3.6666667461395264
seasonal_ma3,tuberculose,3,origin_202112,3518701,266,12.0,5.666666507720947
seasonal_ma3,tuberculose,3,origin_202112,3518800,266,7.0,4.0
seasonal_ma3,tuberculose,3,origin_202112,3522208,266,1.0,1.0
seasonal_ma3,tuberculose,3,origin_202112,3525904,266,2.0,1.6666666269302368
seasonal_ma3,tuberculose,3,origin_202112,3529401,266,1.0,2.6666667461395264
seasonal_ma3,tuberculose,3,origin_202112,3534401,266,16.0,2.3333332538604736
seasonal_ma3,tuberculose,3,origin_202112,3536505,266,2.0,1.3333333730697632
seasonal_ma3,tuberculose,3,origin_202112,3541000,266,3.0,3.3333332538604736
seasonal_ma3,tuberculose,3,origin_202112,3543402,266,8.0,9.666666984558105
seasonal_ma3,tuberculose,3,origin_202112,3547809,266,14.0,8.666666984558105
seasonal_ma3,tuberculose,3,origin_202112,3548500,266,8.0,7.0
seasonal_ma3,tuberculose,3,origin_202112,3548708,266,6.0,4.0
seasonal_ma3,tuberculose,3,origin_202112,3549805,266,4.0,2.3333332538604736
seasonal_ma3,tuberculose,3,origin_202112,3549904,266,3.0,0.6666666865348816
seasonal_ma3,tuberculose,3,origin_202112,3550308,266,94.0,97.0
seasonal_ma3,tuberculose,3,origin_202112,3551009,266,13.0,12.666666984558105
seasonal_ma3,tuberculose,3,origin_202112,3552205,266,1.0,0.6666666865348816
seasonal_ma3,tuberculose,3,origin_202112,3554102,266,2.0,0.3333333432674408
sarima,tuberculose,3,origin_202112,3505708,266,3.0,3.7233479022979736
sarima,tuberculose,3,origin_202112,3506003,266,2.0,7.138840675354004
sarima,tuberculose,3,origin_202112,3509502,266,11.0,6.505556583404541
sarima,tuberculose,3,origin_202112,3510609,266,1.0,4.831064224243164
sarima,tuberculose,3,origin_202112,3513801,266,7.0,3.3861751556396484
sarima,tuberculose,3,origin_202112,3518701,266,12.0,9.881574630737305
sarima,tuberculose,3,origin_202112,3518800,266,7.0,6.21130895614624
sarima,tuberculose,3,origin_202112,3522208,266,1.0,0.3034803867340088
sarima,tuberculose,3,origin_202112,3525904,266,2.0,2.2459299564361572
sarima,tuberculose,3,origin_202112,3529401,266,1.0,0.9710206389427185
sarima,tuberculose,3,origin_202112,3534401,266,16.0,5.020044326782227
sarima,tuberculose,3,origin_202112,3536505,266,2.0,0.9785308241844177
sarima,tuberculose,3,origin_202112,3541000,266,3.0,1.8589210510253906
sarima,tuberculose,3,origin_202112,3543402,266,8.0,6.638886451721191
sarima,tuberculose,3,origin_202112,3547809,266,14.0,6.478767395019531
sarima,tuberculose,3,origin_202112,3548500,266,8.0,7.680025100708008
sarima,tuberculose,3,origin_202112,3548708,266,6.0,4.546263694763184
sarima,tuberculose,3,origin_202112,3549805,266,4.0,3.788997173309326
sarima,tuberculose,3,origin_202112,3549904,266,3.0,0.9778660535812378
sarima,tuberculose,3,origin_202112,3550308,266,94.0,93.97811889648438
sarima,tuberculose,3,origin_202112,3551009,266,13.0,21.095680236816406
sarima,tuberculose,3,origin_202112,3552205,266,1.0,0.5855923891067505
sarima,tuberculose,3,origin_202112,3554102,266,2.0,3.1159539222717285
lgbm,tuberculose,3,origin_202112,3505708,266,3.0,2.0966161277566324
lgbm,tuberculose,3,origin_202112,3506003,266,2.0,6.006797446507012
lgbm,tuberculose,3,origin_202112,3509502,266,11.0,5.787885841493474
lgbm,tuberculose,3,origin_202112,3510609,266,1.0,4.4881758447622335
lgbm,tuberculose,3,origin_202112,3513801,266,7.0,2.5833904229854117
lgbm,tuberculose,3,origin_202112,3518701,266,12.0,7.442406002064145
lgbm,tuberculose,3,origin_202112,3518800,266,7.0,5.239541480916603
lgbm,tuberculose,3,origin_202112,3522208,266,1.0,0.6418771013300995
lgbm,tuberculose,3,origin_202112,3525904,266,2.0,1.5731894216559064
lgbm,tuberculose,3,origin_202112,3529401,266,1.0,1.4217074631647282
lgbm,tuberculose,3,origin_202112,3534401,266,16.0,4.437556186931487
lgbm,tuberculose,3,origin_202112,3536505,266,2.0,0.7541389353560102
lgbm,tuberculose,3,origin_202112,3541000,266,3.0,2.2742115513146066
lgbm,tuberculose,3,origin_202112,3543402,266,8.0,6.683345686927035
lgbm,tuberculose,3,origin_202112,3547809,266,14.0,5.423802680506902
lgbm,tuberculose,3,origin_202112,3548500,266,8.0,5.8752998382064705
lgbm,tuberculose,3,origin_202112,3548708,266,6.0,3.92645944920799
lgbm,tuberculose,3,origin_202112,3549805,266,4.0,2.797454962901954
lgbm,tuberculose,3,origin_202112,3549904,266,3.0,0.7458202372184211
lgbm,tuberculose,3,origin_202112,3550308,266,94.0,77.00119037195134
lgbm,tuberculose,3,origin_202112,3551009,266,13.0,14.66787075281527
lgbm,tuberculose,3,origin_202112,3552205,266,1.0,0.7922434217377174
lgbm,tuberculose,3,origin_202112,3554102,266,2.0,2.704459388836137
catboost,tuberculose,3,origin_202112,3505708,266,3.0,2.406033621316481
catboost,tuberculose,3,origin_202112,3506003,266,2.0,6.575200469540013
catboost,tuberculose,3,origin_202112,3509502,266,11.0,5.971474656729555
catboost,tuberculose,3,origin_202112,3510609,266,1.0,4.9542927228075
catboost,tuberculose,3,origin_202112,3513801,266,7.0,2.7256581898709253
catboost,tuberculose,3,origin_202112,3518701,266,12.0,6.645625927460595
catboost,tuberculose,3,origin_202112,3518800,266,7.0,5.4959875014594335
catboost,tuberculose,3,origin_202112,3522208,266,1.0,0.5863235595856173
catboost,tuberculose,3,origin_202112,3525904,266,2.0,1.597634082235258
catboost,tuberculose,3,origin_202112,3529401,266,1.0,1.2340368279587475
catboost,tuberculose,3,origin_202112,3534401,266,16.0,4.742548056808798
catboost,tuberculose,3,origin_202112,3536505,266,2.0,0.7788276105714234
catboost,tuberculose,3,origin_202112,3541000,266,3.0,2.0599340362589023
catboost,tuberculose,3,origin_202112,3543402,266,8.0,6.14829851624835
catboost,tuberculose,3,origin_202112,3547809,266,14.0,6.316643222747517
catboost,tuberculose,3,origin_202112,3548500,266,8.0,6.031465678241729
catboost,tuberculose,3,origin_202112,3548708,266,6.0,5.018149275575222
catboost,tuberculose,3,origin_202112,3549805,266,4.0,3.2232703188160983
catboost,tuberculose,3,origin_202112,3549904,266,3.0,0.8602011397276383
catboost,tuberculose,3,origin_202112,3550308,266,94.0,89.97094172895746
catboost,tuberculose,3,origin_202112,3551009,266,13.0,15.553283617964318
catboost,tuberculose,3,origin_202112,3552205,266,1.0,0.9191456656310079
catboost,tuberculose,3,origin_202112,3554102,266,2.0,2.715251264011277
xgboost,tuberculose,3,origin_202112,3505708,266,3.0,2.5025696754455566
xgboost,tuberculose,3,origin_202112,3506003,266,2.0,5.728510856628418
xgboost,tuberculose,3,origin_202112,3509502,266,11.0,6.135853290557861
xgboost,tuberculose,3,origin_202112,3510609,266,1.0,4.437834739685059
xgboost,tuberculose,3,origin_202112,3513801,266,7.0,2.5330371856689453
xgboost,tuberculose,3,origin_202112,3518701,266,12.0,6.390145778656006
xgboost,tuberculose,3,origin_202112,3518800,266,7.0,5.719915866851807
xgboost,tuberculose,3,origin_202112,3522208,266,1.0,0.560266375541687
xgboost,tuberculose,3,origin_202112,3525904,266,2.0,1.700880527496338
xgboost,tuberculose,3,origin_202112,3529401,266,1.0,1.5468989610671997
xgboost,tuberculose,3,origin_202112,3534401,266,16.0,4.649682521820068
xgboost,tuberculose,3,origin_202112,3536505,266,2.0,0.7731906771659851
xgboost,tuberculose,3,origin_202112,3541000,266,3.0,2.1459109783172607
xgboost,tuberculose,3,origin_202112,3543402,266,8.0,6.516585350036621
xgboost,tuberculose,3,origin_202112,3547809,266,14.0,5.6962995529174805
xgboost,tuberculose,3,origin_202112,3548500,266,8.0,6.376673698425293
xgboost,tuberculose,3,origin_202112,3548708,266,6.0,4.307987689971924
xgboost,tuberculose,3,origin_202112,3549805,266,4.0,3.5341429710388184
xgboost,tuberculose,3,origin_202112,3549904,266,3.0,0.6228439807891846
xgboost,tuberculose,3,origin_202112,3550308,266,94.0,83.700439453125
xgboost,tuberculose,3,origin_202112,3551009,266,13.0,15.228742599487305
xgboost,tuberculose,3,origin_202112,3552205,266,1.0,0.7240781784057617
xgboost,tuberculose,3,origin_202112,3554102,266,2.0,2.461625814437866
prophet,tuberculose,3,origin_202112,3505708,266,3.0,1.7859279002367399
prophet,tuberculose,3,origin_202112,3506003,266,2.0,4.966760333899245
prophet,tuberculose,3,origin_202112,3509502,266,11.0,4.391350496244097
prophet,tuberculose,3,origin_202112,3510609,266,1.0,3.889766077027723
prophet,tuberculose,3,origin_202112,3513801,266,7.0,4.324334970294672
prophet,tuberculose,3,origin_202112,3518701,266,12.0,8.89702560501781
prophet,tuberculose,3,origin_202112,3518800,266,7.0,6.216168434368145
prophet,tuberculose,3,origin_202112,3522208,266,1.0,0.7317950682223137
prophet,tuberculose,3,origin_202112,3525904,266,2.0,0.1556995614202692
prophet,tuberculose,3,origin_202112,3529401,266,1.0,1.8018401742969432
prophet,tuberculose,3,origin_202112,3534401,266,16.0,4.99517927514306
prophet,tuberculose,3,origin_202112,3536505,266,2.0,1.5920109189668097
prophet,tuberculose,3,origin_202112,3541000,266,3.0,3.231220060658425
prophet,tuberculose,3,origin_202112,3543402,266,8.0,5.218998101898082
prophet,tuberculose,3,origin_202112,3547809,266,14.0,6.893404835568835
prophet,tuberculose,3,origin_202112,3548500,266,8.0,7.719791577015714
prophet,tuberculose,3,origin_202112,3548708,266,6.0,4.8996269749130335
prophet,tuberculose,3,origin_202112,3549805,266,4.0,2.028238303007621
prophet,tuberculose,3,origin_202112,3549904,266,3.0,0.23362649447628178
prophet,tuberculose,3,origin_202112,3550308,266,94.0,89.90741426665682
prophet,tuberculose,3,origin_202112,3551009,266,13.0,14.27885117269607
prophet,tuberculose,3,origin_202112,3552205,266,1.0,0.0
prophet,tuberculose,3,origin_202112,3554102,266,2.0,2.2458067931808197
seasonal_naive,tuberculose,6,origin_202112,3505708,269,1.0,4.0
seasonal_naive,tuberculose,6,origin_202112,3506003,269,4.0,3.0
seasonal_naive,tuberculose,6,origin_202112,3509502,269,10.0,6.0
seasonal_naive,tuberculose,6,origin_202112,3510609,269,6.0,3.0
seasonal_naive,tuberculose,6,origin_202112,3513801,269,6.0,6.0
seasonal_naive,tuberculose,6,origin_202112,3518701,269,15.0,6.0
seasonal_naive,tuberculose,6,origin_202112,3518800,269,2.0,4.0
seasonal_naive,tuberculose,6,origin_202112,3522208,269,0.0,0.0
seasonal_naive,tuberculose,6,origin_202112,3525904,269,2.0,0.0
seasonal_naive,tuberculose,6,origin_202112,3529401,269,1.0,1.0
seasonal_naive,tuberculose,6,origin_202112,3534401,269,14.0,3.0
seasonal_naive,tuberculose,6,origin_202112,3536505,269,2.0,1.0
seasonal_naive,tuberculose,6,origin_202112,3541000,269,5.0,2.0
seasonal_naive,tuberculose,6,origin_202112,3543402,269,13.0,4.0
seasonal_naive,tuberculose,6,origin_202112,3547809,269,2.0,5.0
seasonal_naive,tuberculose,6,origin_202112,3548500,269,7.0,4.0
seasonal_naive,tuberculose,6,origin_202112,3548708,269,6.0,5.0
seasonal_naive,tuberculose,6,origin_202112,3549805,269,1.0,0.0
seasonal_naive,tuberculose,6,origin_202112,3549904,269,1.0,1.0
seasonal_naive,tuberculose,6,origin_202112,3550308,269,85.0,73.0
seasonal_naive,tuberculose,6,origin_202112,3551009,269,12.0,7.0
seasonal_naive,tuberculose,6,origin_202112,3552205,269,0.0,1.0
seasonal_naive,tuberculose,6,origin_202112,3554102,269,3.0,4.0
seasonal_ma3,tuberculose,6,origin_202112,3505708,269,1.0,2.0
seasonal_ma3,tuberculose,6,origin_202112,3506003,269,4.0,3.3333332538604736
seasonal_ma3,tuberculose,6,origin_202112,3509502,269,10.0,7.333333492279053
seasonal_ma3,tuberculose,6,origin_202112,3510609,269,6.0,3.0
seasonal_ma3,tuberculose,6,origin_202112,3513801,269,6.0,5.0
seasonal_ma3,tuberculose,6,origin_202112,3518701,269,15.0,7.0
seasonal_ma3,tuberculose,6,origin_202112,3518800,269,2.0,5.0
seasonal_ma3,tuberculose,6,origin_202112,3522208,269,0.0,0.3333333432674408
seasonal_ma3,tuberculose,6,origin_202112,3525904,269,2.0,0.3333333432674408
seasonal_ma3,tuberculose,6,origin_202112,3529401,269,1.0,2.0
seasonal_ma3,tuberculose,6,origin_202112,3534401,269,14.0,5.0
seasonal_ma3,tuberculose,6,origin_202112,3536505,269,2.0,1.0
seasonal_ma3,tuberculose,6,origin_202112,3541000,269,5.0,4.333333492279053
seasonal_ma3,tuberculose,6,origin_202112,3543402,269,13.0,8.0
seasonal_ma3,tuberculose,6,origin_202112,3547809,269,2.0,3.6666667461395264
seasonal_ma3,tuberculose,6,origin_202112,3548500,269,7.0,3.0
seasonal_ma3,tuberculose,6,origin_202112,3548708,269,6.0,5.666666507720947
seasonal_ma3,tuberculose,6,origin_202112,3549805,269,1.0,1.0
seasonal_ma3,tuberculose,6,origin_202112,3549904,269,1.0,1.0
seasonal_ma3,tuberculose,6,origin_202112,3550308,269,85.0,66.66666412353516
seasonal_ma3,tuberculose,6,origin_202112,3551009,269,12.0,5.333333492279053
seasonal_ma3,tuberculose,6,origin_202112,3552205,269,0.0,0.3333333432674408
seasonal_ma3,tuberculose,6,origin_202112,3554102,269,3.0,5.333333492279053
sarima,tuberculose,6,origin_202112,3505708,269,1.0,3.7233479022979736
sarima,tuberculose,6,origin_202112,3506003,269,4.0,6.517910957336426
sarima,tuberculose,6,origin_202112,3509502,269,10.0,6.461678504943848
sarima,tuberculose,6,origin_202112,3510609,269,6.0,4.831064224243164
sarima,tuberculose,6,origin_202112,3513801,269,6.0,2.6256444454193115
sarima,tuberculose,6,origin_202112,3518701,269,15.0,9.771385192871094
sarima,tuberculose,6,origin_202112,3518800,269,2.0,6.21130895614624
sarima,tuberculose,6,origin_202112,3522208,269,0.0,0.4275357723236084
sarima,tuberculose,6,origin_202112,3525904,269,2.0,2.2459299564361572
sarima,tuberculose,6,origin_202112,3529401,269,1.0,1.2620763778686523
sarima,tuberculose,6,origin_202112,3534401,269,14.0,4.867893218994141
sarima,tuberculose,6,origin_202112,3536505,269,2.0,0.9785308241844177
sarima,tuberculose,6,origin_202112,3541000,269,5.0,1.8589210510253906
sarima,tuberculose,6,origin_202112,3543402,269,13.0,6.763104438781738
sarima,tuberculose,6,origin_202112,3547809,269,2.0,6.478767395019531
sarima,tuberculose,6,origin_202112,3548500,269,7.0,7.680025100708008
sarima,tuberculose,6,origin_202112,3548708,269,6.0,4.533616065979004
sarima,tuberculose,6,origin_202112,3549805,269,1.0,3.788997173309326
sarima,tuberculose,6,origin_202112,3549904,269,1.0,0.9778660535812378
sarima,tuberculose,6,origin_202112,3550308,269,85.0,93.97811889648438
sarima,tuberculose,6,origin_202112,3551009,269,12.0,21.095680236816406
sarima,tuberculose,6,origin_202112,3552205,269,0.0,0.7550960779190063
sarima,tuberculose,6,origin_202112,3554102,269,3.0,3.4737191200256348
lgbm,tuberculose,6,origin_202112,3505708,269,1.0,2.690510419883059
lgbm,tuberculose,6,origin_202112,3506003,269,4.0,4.464770085743225
lgbm,tuberculose,6,origin_202112,3509502,269,10.0,4.789181897259932
lgbm,tuberculose,6,origin_202112,3510609,269,6.0,4.040207894545632
lgbm,tuberculose,6,origin_202112,3513801,269,6.0,3.294097079178652
lgbm,tuberculose,6,origin_202112,3518701,269,15.0,8.250134104360516
lgbm,tuberculose,6,origin_202112,3518800,269,2.0,4.60043876684503
lgbm,tuberculose,6,origin_202112,3522208,269,0.0,0.7350067461334401
lgbm,tuberculose,6,origin_202112,3525904,269,2.0,1.6095995214044767
lgbm,tuberculose,6,origin_202112,3529401,269,1.0,1.3438276096898072
lgbm,tuberculose,6,origin_202112,3534401,269,14.0,3.8878922472378563
lgbm,tuberculose,6,origin_202112,3536505,269,2.0,0.8351292530893173
lgbm,tuberculose,6,origin_202112,3541000,269,5.0,2.0207485846379103
lgbm,tuberculose,6,origin_202112,3543402,269,13.0,8.083554505234577
lgbm,tuberculose,6,origin_202112,3547809,269,2.0,4.932545000107784
lgbm,tuberculose,6,origin_202112,3548500,269,7.0,5.991904360243657
lgbm,tuberculose,6,origin_202112,3548708,269,6.0,3.468960854172619
lgbm,tuberculose,6,origin_202112,3549805,269,1.0,3.072255224665703
lgbm,tuberculose,6,origin_202112,3549904,269,1.0,0.7627851831571854
lgbm,tuberculose,6,origin_202112,3550308,269,85.0,73.18854624066563
lgbm,tuberculose,6,origin_202112,3551009,269,12.0,16.179889591247782
lgbm,tuberculose,6,origin_202112,3552205,269,0.0,0.6644430433656522
lgbm,tuberculose,6,origin_202112,3554102,269,3.0,3.2488401656949386
catboost,tuberculose,6,origin_202112,3505708,269,1.0,2.561422482235342
catboost,tuberculose,6,origin_202112,3506003,269,4.0,4.612315975918088
catboost,tuberculose,6,origin_202112,3509502,269,10.0,4.598354588729455
catboost,tuberculose,6,origin_202112,3510609,269,6.0,4.285624001296856
catboost,tuberculose,6,origin_202112,3513801,269,6.0,2.756340557444745
catboost,tuberculose,6,origin_202112,3518701,269,15.0,7.554056180695778
catboost,tuberculose,6,origin_202112,3518800,269,2.0,4.707968258792402
catboost,tuberculose,6,origin_202112,3522208,269,0.0,0.6102878551039772
catboost,tuberculose,6,origin_202112,3525904,269,2.0,1.5791383876784082
catboost,tuberculose,6,origin_202112,3529401,269,1.0,1.2525158418282234
catboost,tuberculose,6,origin_202112,3534401,269,14.0,3.7264326468348976
catboost,tuberculose,6,origin_202112,3536505,269,2.0,0.8170168165376602
catboost,tuberculose,6,origin_202112,3541000,269,5.0,1.8616338724336507
catboost,tuberculose,6,origin_202112,3543402,269,13.0,6.204467647598677
catboost,tuberculose,6,origin_202112,3547809,269,2.0,6.13666501599813
catboost,tuberculose,6,origin_202112,3548500,269,7.0,6.229962877800368
catboost,tuberculose,6,origin_202112,3548708,269,6.0,3.8411476337050012
catboost,tuberculose,6,origin_202112,3549805,269,1.0,2.2745103677343286
catboost,tuberculose,6,origin_202112,3549904,269,1.0,0.9320838910143846
catboost,tuberculose,6,origin_202112,3550308,269,85.0,77.37845048417448
catboost,tuberculose,6,origin_202112,3551009,269,12.0,15.630176008523144
catboost,tuberculose,6,origin_202112,3552205,269,0.0,0.7661161847202487
catboost,tuberculose,6,origin_202112,3554102,269,3.0,3.1046726516431122
xgboost,tuberculose,6,origin_202112,3505708,269,1.0,3.3257369995117188
xgboost,tuberculose,6,origin_202112,3506003,269,4.0,3.6416802406311035
xgboost,tuberculose,6,origin_202112,3509502,269,10.0,5.373518466949463
xgboost,tuberculose,6,origin_202112,3510609,269,6.0,3.8628029823303223
xgboost,tuberculose,6,origin_202112,3513801,269,6.0,2.9245734214782715
xgboost,tuberculose,6,origin_202112,3518701,269,15.0,6.950448513031006
xgboost,tuberculose,6,origin_202112,3518800,269,2.0,4.933139801025391
xgboost,tuberculose,6,origin_202112,3522208,269,0.0,0.7253785729408264
xgboost,tuberculose,6,origin_202112,3525904,269,2.0,1.7213979959487915
xgboost,tuberculose,6,origin_202112,3529401,269,1.0,1.3844635486602783
xgboost,tuberculose,6,origin_202112,3534401,269,14.0,4.321373462677002
xgboost,tuberculose,6,origin_202112,3536505,269,2.0,0.9077461957931519
xgboost,tuberculose,6,origin_202112,3541000,269,5.0,1.8230808973312378
xgboost,tuberculose,6,origin_202112,3543402,269,13.0,6.72163724899292
xgboost,tuberculose,6,origin_202112,3547809,269,2.0,6.159771919250488
xgboost,tuberculose,6,origin_202112,3548500,269,7.0,6.17486572265625
xgboost,tuberculose,6,origin_202112,3548708,269,6.0,3.9109363555908203
xgboost,tuberculose,6,origin_202112,3549805,269,1.0,3.615504264831543
xgboost,tuberculose,6,origin_202112,3549904,269,1.0,0.7939956784248352
xgboost,tuberculose,6,origin_202112,3550308,269,85.0,79.54293823242188
xgboost,tuberculose,6,origin_202112,3551009,269,12.0,16.6871395111084
xgboost,tuberculose,6,origin_202112,3552205,269,0.0,0.6334779262542725
xgboost,tuberculose,6,origin_202112,3554102,269,3.0,2.7879693508148193
prophet,tuberculose,6,origin_202112,3505708,269,1.0,2.3883935403915233
prophet,tuberculose,6,origin_202112,3506003,269,4.0,3.8047662023030338
prophet,tuberculose,6,origin_202112,3509502,269,10.0,5.144203756611822
prophet,tuberculose,6,origin_202112,3510609,269,6.0,3.627502415686949
prophet,tuberculose,6,origin_202112,3513801,269,6.0,4.774988812942655
prophet,tuberculose,6,origin_202112,3518701,269,15.0,9.704476724071556
prophet,tuberculose,6,origin_202112,3518800,269,2.0,5.4900490348631905
prophet,tuberculose,6,origin_202112,3522208,269,0.0,0.6827273889487644
prophet,tuberculose,6,origin_202112,3525904,269,2.0,0.7752790370092064
prophet,tuberculose,6,origin_202112,3529401,269,1.0,1.7639488786918813
prophet,tuberculose,6,origin_202112,3534401,269,14.0,5.598918448845627
prophet,tuberculose,6,origin_202112,3536505,269,2.0,1.749998724005107
prophet,tuberculose,6,origin_202112,3541000,269,5.0,3.3349258409331703
prophet,tuberculose,6,origin_202112,3543402,269,13.0,6.697281535473118
prophet,tuberculose,6,origin_202112,3547809,269,2.0,5.506150177660664
prophet,tuberculose,6,origin_202112,3548500,269,7.0,8.06406303948264
prophet,tuberculose,6,origin_202112,3548708,269,6.0,5.054693851495165
prophet,tuberculose,6,origin_202112,3549805,269,1.0,1.8563106814366734
prophet,tuberculose,6,origin_202112,3549904,269,1.0,0.6863695298624108
prophet,tuberculose,6,origin_202112,3550308,269,85.0,88.1496124795462
prophet,tuberculose,6,origin_202112,3551009,269,12.0,12.663753651838377
prophet,tuberculose,6,origin_202112,3552205,269,0.0,0.0
prophet,tuberculose,6,origin_202112,3554102,269,3.0,3.2579925150306663
seasonal_naive,tuberculose,12,origin_202112,3505708,275,4.0,4.0
seasonal_naive,tuberculose,12,origin_202112,3506003,275,2.0,9.0
seasonal_naive,tuberculose,12,origin_202112,3509502,275,13.0,10.0
seasonal_naive,tuberculose,12,origin_202112,3510609,275,1.0,4.0
seasonal_naive,tuberculose,12,origin_202112,3513801,275,4.0,1.0
seasonal_naive,tuberculose,12,origin_202112,3518701,275,7.0,9.0
seasonal_naive,tuberculose,12,origin_202112,3518800,275,8.0,5.0
seasonal_naive,tuberculose,12,origin_202112,3522208,275,0.0,0.0
seasonal_naive,tuberculose,12,origin_202112,3525904,275,3.0,3.0
seasonal_naive,tuberculose,12,origin_202112,3529401,275,1.0,1.0
seasonal_naive,tuberculose,12,origin_202112,3534401,275,5.0,4.0
seasonal_naive,tuberculose,12,origin_202112,3536505,275,0.0,2.0
seasonal_naive,tuberculose,12,origin_202112,3541000,275,8.0,2.0
seasonal_naive,tuberculose,12,origin_202112,3543402,275,13.0,12.0
seasonal_naive,tuberculose,12,origin_202112,3547809,275,5.0,12.0
seasonal_naive,tuberculose,12,origin_202112,3548500,275,12.0,6.0
seasonal_naive,tuberculose,12,origin_202112,3548708,275,6.0,5.0
seasonal_naive,tuberculose,12,origin_202112,3549805,275,2.0,4.0
seasonal_naive,tuberculose,12,origin_202112,3549904,275,5.0,1.0
seasonal_naive,tuberculose,12,origin_202112,3550308,275,103.0,95.0
seasonal_naive,tuberculose,12,origin_202112,3551009,275,12.0,22.0
seasonal_naive,tuberculose,12,origin_202112,3552205,275,2.0,1.0
seasonal_naive,tuberculose,12,origin_202112,3554102,275,1.0,2.0
seasonal_ma3,tuberculose,12,origin_202112,3505708,275,4.0,3.0
seasonal_ma3,tuberculose,12,origin_202112,3506003,275,2.0,5.333333492279053
seasonal_ma3,tuberculose,12,origin_202112,3509502,275,13.0,7.666666507720947
seasonal_ma3,tuberculose,12,origin_202112,3510609,275,1.0,3.6666667461395264
seasonal_ma3,tuberculose,12,origin_202112,3513801,275,4.0,2.6666667461395264
seasonal_ma3,tuberculose,12,origin_202112,3518701,275,7.0,5.666666507720947
seasonal_ma3,tuberculose,12,origin_202112,3518800,275,8.0,4.333333492279053
seasonal_ma3,tuberculose,12,origin_202112,3522208,275,0.0,1.3333333730697632
seasonal_ma3,tuberculose,12,origin_202112,3525904,275,3.0,1.3333333730697632
seasonal_ma3,tuberculose,12,origin_202112,3529401,275,1.0,0.3333333432674408
seasonal_ma3,tuberculose,12,origin_202112,3534401,275,5.0,4.333333492279053
seasonal_ma3,tuberculose,12,origin_202112,3536505,275,0.0,1.3333333730697632
seasonal_ma3,tuberculose,12,origin_202112,3541000,275,8.0,4.0
seasonal_ma3,tuberculose,12,origin_202112,3543402,275,13.0,7.333333492279053
seasonal_ma3,tuberculose,12,origin_202112,3547809,275,5.0,7.0
seasonal_ma3,tuberculose,12,origin_202112,3548500,275,12.0,5.0
seasonal_ma3,tuberculose,12,origin_202112,3548708,275,6.0,5.666666507720947
seasonal_ma3,tuberculose,12,origin_202112,3549805,275,2.0,2.3333332538604736
seasonal_ma3,tuberculose,12,origin_202112,3549904,275,5.0,1.0
seasonal_ma3,tuberculose,12,origin_202112,3550308,275,103.0,81.33333587646484
seasonal_ma3,tuberculose,12,origin_202112,3551009,275,12.0,12.333333015441895
seasonal_ma3,tuberculose,12,origin_202112,3552205,275,2.0,0.6666666865348816
seasonal_ma3,tuberculose,12,origin_202112,3554102,275,1.0,3.0
sarima,tuberculose,12,origin_202112,3505708,275,4.0,3.7233479022979736
sarima,tuberculose,12,origin_202112,3506003,275,2.0,7.337208271026611
sarima,tuberculose,12,origin_202112,3509502,275,13.0,6.46112060546875
sarima,tuberculose,12,origin_202112,3510609,275,1.0,4.831064224243164
sarima,tuberculose,12,origin_202112,3513801,275,4.0,4.39202880859375
sarima,tuberculose,12,origin_202112,3518701,275,7.0,9.796719551086426
sarima,tuberculose,12,origin_202112,3518800,275,8.0,6.21130895614624
sarima,tuberculose,12,origin_202112,3522208,275,0.0,0.389781653881073
sarima,tuberculose,12,origin_202112,3525904,275,3.0,2.2459299564361572
sarima,tuberculose,12,origin_202112,3529401,275,1.0,1.2927639484405518
sarima,tuberculose,12,origin_202112,3534401,275,5.0,4.79965877532959
sarima,tuberculose,12,origin_202112,3536505,275,0.0,0.9785308241844177
sarima,tuberculose,12,origin_202112,3541000,275,8.0,1.8589210510253906
sarima,tuberculose,12,origin_202112,3543402,275,13.0,8.125282287597656
sarima,tuberculose,12,origin_202112,3547809,275,5.0,6.478767395019531
sarima,tuberculose,12,origin_202112,3548500,275,12.0,7.680025100708008
sarima,tuberculose,12,origin_202112,3548708,275,6.0,4.5332536697387695
sarima,tuberculose,12,origin_202112,3549805,275,2.0,3.788997173309326
sarima,tuberculose,12,origin_202112,3549904,275,5.0,0.9778660535812378
sarima,tuberculose,12,origin_202112,3550308,275,103.0,93.97811889648438
sarima,tuberculose,12,origin_202112,3551009,275,12.0,21.095680236816406
sarima,tuberculose,12,origin_202112,3552205,275,2.0,0.7550960779190063
sarima,tuberculose,12,origin_202112,3554102,275,1.0,3.0101125240325928
lgbm,tuberculose,12,origin_202112,3505708,275,4.0,1.836871696369557
lgbm,tuberculose,12,origin_202112,3506003,275,2.0,5.730219593038772
lgbm,tuberculose,12,origin_202112,3509502,275,13.0,6.870836029907223
lgbm,tuberculose,12,origin_202112,3510609,275,1.0,3.498855645766104
lgbm,tuberculose,12,origin_202112,3513801,275,4.0,2.953640632012837
lgbm,tuberculose,12,origin_202112,3518701,275,7.0,7.347854241673475
lgbm,tuberculose,12,origin_202112,3518800,275,8.0,5.218749375929239
lgbm,tuberculose,12,origin_202112,3522208,275,0.0,1.0239325158211443
lgbm,tuberculose,12,origin_202112,3525904,275,3.0,1.4689590173816904
lgbm,tuberculose,12,origin_202112,3529401,275,1.0,0.9157617850583979
lgbm,tuberculose,12,origin_202112,3534401,275,5.0,4.122475426932055
lgbm,tuberculose,12,origin_202112,3536505,275,0.0,0.9146944163545934
lgbm,tuberculose,12,origin_202112,3541000,275,8.0,1.8700859327181634
lgbm,tuberculose,12,origin_202112,3543402,275,13.0,9.786526321527562
lgbm,tuberculose,12,origin_202112,3547809,275,5.0,5.088190692225329
lgbm,tuberculose,12,origin_202112,3548500,275,12.0,5.988881035720289
lgbm,tuberculose,12,origin_202112,3548708,275,6.0,4.554671335615245
lgbm,tuberculose,12,origin_202112,3549805,275,2.0,3.9459922716305478
lgbm,tuberculose,12,origin_202112,3549904,275,5.0,0.7849681139070088
lgbm,tuberculose,12,origin_202112,3550308,275,103.0,91.25217588984249
lgbm,tuberculose,12,origin_202112,3551009,275,12.0,6.938906128890507
lgbm,tuberculose,12,origin_202112,3552205,275,2.0,0.8205980556865776
lgbm,tuberculose,12,origin_202112,3554102,275,1.0,4.871821430473798
catboost,tuberculose,12,origin_202112,3505708,275,4.0,1.6162665663325644
catboost,tuberculose,12,origin_202112,3506003,275,2.0,5.8018801332035865
catboost,tuberculose,12,origin_202112,3509502,275,13.0,6.163211841361321
catboost,tuberculose,12,origin_202112,3510609,275,1.0,4.075232548802486
catboost,tuberculose,12,origin_202112,3513801,275,4.0,2.6707559216396692
catboost,tuberculose,12,origin_202112,3518701,275,7.0,5.50330641873307
catboost,tuberculose,12,origin_202112,3518800,275,8.0,5.244894762343572
catboost,tuberculose,12,origin_202112,3522208,275,0.0,0.8041058284975653
catboost,tuberculose,12,origin_202112,3525904,275,3.0,1.055958023595737
catboost,tuberculose,12,origin_202112,3529401,275,1.0,1.1914132317660309
catboost,tuberculose,12,origin_202112,3534401,275,5.0,4.108333160833825
catboost,tuberculose,12,origin_202112,3536505,275,0.0,1.0359618681159395
catboost,tuberculose,12,origin_202112,3541000,275,8.0,1.7130900893026595
catboost,tuberculose,12,origin_202112,3543402,275,13.0,8.154594252138562
catboost,tuberculose,12,origin_202112,3547809,275,5.0,5.547445208222834
catboost,tuberculose,12,origin_202112,3548500,275,12.0,5.497011067996461
catboost,tuberculose,12,origin_202112,3548708,275,6.0,4.895021962261918
catboost,tuberculose,12,origin_202112,3549805,275,2.0,2.6935202794114983
catboost,tuberculose,12,origin_202112,3549904,275,5.0,1.027145453040432
catboost,tuberculose,12,origin_202112,3550308,275,103.0,93.7863503758992
catboost,tuberculose,12,origin_202112,3551009,275,12.0,9.697270782626207
catboost,tuberculose,12,origin_202112,3552205,275,2.0,0.8835540453247774
catboost,tuberculose,12,origin_202112,3554102,275,1.0,4.661147928071503
xgboost,tuberculose,12,origin_202112,3505708,275,4.0,2.3136401176452637
xgboost,tuberculose,12,origin_202112,3506003,275,2.0,5.975147247314453
xgboost,tuberculose,12,origin_202112,3509502,275,13.0,6.074556350708008
xgboost,tuberculose,12,origin_202112,3510609,275,1.0,3.652278184890747
xgboost,tuberculose,12,origin_202112,3513801,275,4.0,2.728508472442627
xgboost,tuberculose,12,origin_202112,3518701,275,7.0,7.397444725036621
xgboost,tuberculose,12,origin_202112,3518800,275,8.0,5.213272571563721
xgboost,tuberculose,12,origin_202112,3522208,275,0.0,0.8469295501708984
xgboost,tuberculose,12,origin_202112,3525904,275,3.0,1.6575028896331787
xgboost,tuberculose,12,origin_202112,3529401,275,1.0,1.0399937629699707
xgboost,tuberculose,12,origin_202112,3534401,275,5.0,4.4431915283203125
xgboost,tuberculose,12,origin_202112,3536505,275,0.0,1.123355746269226
xgboost,tuberculose,12,origin_202112,3541000,275,8.0,1.9619940519332886
xgboost,tuberculose,12,origin_202112,3543402,275,13.0,9.466146469116211
xgboost,tuberculose,12,origin_202112,3547809,275,5.0,5.4682793617248535
xgboost,tuberculose,12,origin_202112,3548500,275,12.0,5.655842304229736
xgboost,tuberculose,12,origin_202112,3548708,275,6.0,4.714447975158691
xgboost,tuberculose,12,origin_202112,3549805,275,2.0,3.0362586975097656
xgboost,tuberculose,12,origin_202112,3549904,275,5.0,0.9726213812828064
xgboost,tuberculose,12,origin_202112,3550308,275,103.0,88.94778442382812
xgboost,tuberculose,12,origin_202112,3551009,275,12.0,8.914694786071777
xgboost,tuberculose,12,origin_202112,3552205,275,2.0,0.8361284136772156
xgboost,tuberculose,12,origin_202112,3554102,275,1.0,4.050609111785889
prophet,tuberculose,12,origin_202112,3505708,275,4.0,2.3860685087877442
prophet,tuberculose,12,origin_202112,3506003,275,2.0,4.813349137573891
prophet,tuberculose,12,origin_202112,3509502,275,13.0,5.434837793465121
prophet,tuberculose,12,origin_202112,3510609,275,1.0,5.323318145706177
prophet,tuberculose,12,origin_202112,3513801,275,4.0,4.786088653710223
prophet,tuberculose,12,origin_202112,3518701,275,7.0,9.401620872115204
prophet,tuberculose,12,origin_202112,3518800,275,8.0,5.660370898656529
prophet,tuberculose,12,origin_202112,3522208,275,0.0,1.354843851384977
prophet,tuberculose,12,origin_202112,3525904,275,3.0,0.23363385501557893
prophet,tuberculose,12,origin_202112,3529401,275,1.0,1.181137611298142
prophet,tuberculose,12,origin_202112,3534401,275,5.0,5.7351677663678124
prophet,tuberculose,12,origin_202112,3536505,275,0.0,1.5538866149930943
prophet,tuberculose,12,origin_202112,3541000,275,8.0,2.9667642222372868
prophet,tuberculose,12,origin_202112,3543402,275,13.0,7.8309431976972705
prophet,tuberculose,12,origin_202112,3547809,275,5.0,5.52632916943436
prophet,tuberculose,12,origin_202112,3548500,275,12.0,8.32955752603809
prophet,tuberculose,12,origin_202112,3548708,275,6.0,5.5361502617122476
prophet,tuberculose,12,origin_202112,3549805,275,2.0,2.3695731372821482
prophet,tuberculose,12,origin_202112,3549904,275,5.0,0.13799838698938702
prophet,tuberculose,12,origin_202112,3550308,275,103.0,101.66075520636552
prophet,tuberculose,12,origin_202112,3551009,275,12.0,13.55220567619992
prophet,tuberculose,12,origin_202112,3552205,275,2.0,0.06448248014582547
prophet,tuberculose,12,origin_202112,3554102,275,1.0,4.078778603296483
seasonal_naive,tuberculose,1,origin_202212,3505708,276,5.0,2.0
seasonal_naive,tuberculose,1,origin_202212,3506003,276,7.0,4.0
seasonal_naive,tuberculose,1,origin_202212,3509502,276,22.0,9.0
seasonal_naive,tuberculose,1,origin_202212,3510609,276,11.0,0.0
seasonal_naive,tuberculose,1,origin_202212,3513801,276,6.0,2.0
seasonal_naive,tuberculose,1,origin_202212,3518701,276,7.0,11.0
seasonal_naive,tuberculose,1,origin_202212,3518800,276,1.0,5.0
seasonal_naive,tuberculose,1,origin_202212,3522208,276,3.0,0.0
seasonal_naive,tuberculose,1,origin_202212,3525904,276,1.0,2.0
seasonal_naive,tuberculose,1,origin_202212,3529401,276,2.0,3.0
seasonal_naive,tuberculose,1,origin_202212,3534401,276,2.0,9.0
seasonal_naive,tuberculose,1,origin_202212,3536505,276,5.0,0.0
seasonal_naive,tuberculose,1,origin_202212,3541000,276,2.0,4.0
seasonal_naive,tuberculose,1,origin_202212,3543402,276,9.0,10.0
seasonal_naive,tuberculose,1,origin_202212,3547809,276,2.0,6.0
seasonal_naive,tuberculose,1,origin_202212,3548500,276,9.0,5.0
seasonal_naive,tuberculose,1,origin_202212,3548708,276,8.0,5.0
seasonal_naive,tuberculose,1,origin_202212,3549805,276,3.0,4.0
seasonal_naive,tuberculose,1,origin_202212,3549904,276,1.0,3.0
seasonal_naive,tuberculose,1,origin_202212,3550308,276,121.0,115.0
seasonal_naive,tuberculose,1,origin_202212,3551009,276,7.0,11.0
seasonal_naive,tuberculose,1,origin_202212,3552205,276,1.0,1.0
seasonal_naive,tuberculose,1,origin_202212,3554102,276,4.0,1.0
seasonal_ma3,tuberculose,1,origin_202212,3505708,276,5.0,1.3333333730697632
seasonal_ma3,tuberculose,1,origin_202212,3506003,276,7.0,3.3333332538604736
seasonal_ma3,tuberculose,1,origin_202212,3509502,276,22.0,5.333333492279053
seasonal_ma3,tuberculose,1,origin_202212,3510609,276,11.0,4.666666507720947
seasonal_ma3,tuberculose,1,origin_202212,3513801,276,6.0,3.0
seasonal_ma3,tuberculose,1,origin_202212,3518701,276,7.0,10.0
seasonal_ma3,tuberculose,1,origin_202212,3518800,276,1.0,6.0
seasonal_ma3,tuberculose,1,origin_202212,3522208,276,3.0,2.0
seasonal_ma3,tuberculose,1,origin_202212,3525904,276,1.0,0.6666666865348816
seasonal_ma3,tuberculose,1,origin_202212,3529401,276,2.0,1.6666666269302368
seasonal_ma3,tuberculose,1,origin_202212,3534401,276,2.0,6.333333492279053
seasonal_ma3,tuberculose,1,origin_202212,3536505,276,5.0,0.0
seasonal_ma3,tuberculose,1,origin_202212,3541000,276,2.0,3.3333332538604736
seasonal_ma3,tuberculose,1,origin_202212,3543402,276,9.0,6.666666507720947
seasonal_ma3,tuberculose,1,origin_202212,3547809,276,2.0,5.666666507720947
seasonal_ma3,tuberculose,1,origin_202212,3548500,276,9.0,5.0
seasonal_ma3,tuberculose,1,origin_202212,3548708,276,8.0,3.3333332538604736
seasonal_ma3,tuberculose,1,origin_202212,3549805,276,3.0,2.0
seasonal_ma3,tuberculose,1,origin_202212,3549904,276,1.0,2.3333332538604736
seasonal_ma3,tuberculose,1,origin_202212,3550308,276,121.0,109.0
seasonal_ma3,tuberculose,1,origin_202212,3551009,276,7.0,11.666666984558105
seasonal_ma3,tuberculose,1,origin_202212,3552205,276,1.0,1.6666666269302368
seasonal_ma3,tuberculose,1,origin_202212,3554102,276,4.0,3.0
sarima,tuberculose,1,origin_202212,3505708,276,5.0,3.3477742671966553
sarima,tuberculose,1,origin_202212,3506003,276,7.0,4.439537525177002
sarima,tuberculose,1,origin_202212,3509502,276,22.0,12.981231689453125
sarima,tuberculose,1,origin_202212,3510609,276,11.0,3.0346288681030273
sarima,tuberculose,1,origin_202212,3513801,276,6.0,4.463603496551514
sarima,tuberculose,1,origin_202212,3518701,276,7.0,10.855412483215332
sarima,tuberculose,1,origin_202212,3518800,276,1.0,6.355691432952881
sarima,tuberculose,1,origin_202212,3522208,276,3.0,0.707578182220459
sarima,tuberculose,1,origin_202212,3525904,276,1.0,2.3133156299591064
sarima,tuberculose,1,origin_202212,3529401,276,2.0,1.436862587928772
sarima,tuberculose,1,origin_202212,3534401,276,2.0,4.968177318572998
sarima,tuberculose,1,origin_202212,3536505,276,5.0,0.9421818852424622
sarima,tuberculose,1,origin_202212,3541000,276,2.0,4.968109130859375
sarima,tuberculose,1,origin_202212,3543402,276,9.0,9.996188163757324
sarima,tuberculose,1,origin_202212,3547809,276,2.0,7.565507888793945
sarima,tuberculose,1,origin_202212,3548500,276,9.0,9.195902824401855
sarima,tuberculose,1,origin_202212,3548708,276,8.0,5.523850917816162
sarima,tuberculose,1,origin_202212,3549805,276,3.0,2.9139726161956787
sarima,tuberculose,1,origin_202212,3549904,276,1.0,3.577104330062866
sarima,tuberculose,1,origin_202212,3550308,276,121.0,95.72779083251953
sarima,tuberculose,1,origin_202212,3551009,276,7.0,12.499893188476562
sarima,tuberculose,1,origin_202212,3552205,276,1.0,1.0588359832763672
sarima,tuberculose,1,origin_202212,3554102,276,4.0,1.8623591661453247
lgbm,tuberculose,1,origin_202212,3505708,276,5.0,3.0635160180504
lgbm,tuberculose,1,origin_202212,3506003,276,7.0,4.5136238249413605
lgbm,tuberculose,1,origin_202212,3509502,276,22.0,13.046451955219977
lgbm,tuberculose,1,origin_202212,3510609,276,11.0,3.2512738092954567
lgbm,tuberculose,1,origin_202212,3513801,276,6.0,4.81762738685481
lgbm,tuberculose,1,origin_202212,3518701,276,7.0,9.069550379467456
lgbm,tuberculose,1,origin_202212,3518800,276,1.0,6.221746591800135
lgbm,tuberculose,1,origin_202212,3522208,276,3.0,0.9587590108490798
lgbm,tuberculose,1,origin_202212,3525904,276,1.0,2.397374003182569
lgbm,tuberculose,1,origin_202212,3529401,276,2.0,1.8485598891255477
lgbm,tuberculose,1,origin_202212,3534401,276,2.0,5.3003872514616885
lgbm,tuberculose,1,origin_202212,3536505,276,5.0,0.7391213345786071
lgbm,tuberculose,1,origin_202212,3541000,276,2.0,4.291945796138416
lgbm,tuberculose,1,origin_202212,3543402,276,9.0,8.441648169713435
lgbm,tuberculose,1,origin_202212,3547809,276,2.0,6.664329295792616
lgbm,tuberculose,1,origin_202212,3548500,276,9.0,8.270956547113862
lgbm,tuberculose,1,origin_202212,3548708,276,8.0,5.502048745101091
lgbm,tuberculose,1,origin_202212,3549805,276,3.0,2.637279428550951
lgbm,tuberculose,1,origin_202212,3549904,276,1.0,3.879532004630215
lgbm,tuberculose,1,origin_202212,3550308,276,121.0,92.4341293350174
lgbm,tuberculose,1,origin_202212,3551009,276,7.0,10.714018969804725
lgbm,tuberculose,1,origin_202212,3552205,276,1.0,0.9326233937490791
lgbm,tuberculose,1,origin_202212,3554102,276,4.0,2.2387227348984675
catboost,tuberculose,1,origin_202212,3505708,276,5.0,3.0412109398958447
catboost,tuberculose,1,origin_202212,3506003,276,7.0,4.308357650332627
catboost,tuberculose,1,origin_202212,3509502,276,22.0,11.932568930759476
catboost,tuberculose,1,origin_202212,3510609,276,11.0,2.976749417550978
catboost,tuberculose,1,origin_202212,3513801,276,6.0,4.218673283135356
catboost,tuberculose,1,origin_202212,3518701,276,7.0,8.356975115245351
catboost,tuberculose,1,origin_202212,3518800,276,1.0,5.855343039441213
catboost,tuberculose,1,origin_202212,3522208,276,3.0,0.7876822506071416
catboost,tuberculose,1,origin_202212,3525904,276,1.0,2.258402592938852
catboost,tuberculose,1,origin_202212,3529401,276,2.0,1.5910563567924927
catboost,tuberculose,1,origin_202212,3534401,276,2.0,4.200518828318803
catboost,tuberculose,1,origin_202212,3536505,276,5.0,0.774723169069696
catboost,tuberculose,1,origin_202212,3541000,276,2.0,4.788835087581144
catboost,tuberculose,1,origin_202212,3543402,276,9.0,9.232703700204071
catboost,tuberculose,1,origin_202212,3547809,276,2.0,7.355500858024687
catboost,tuberculose,1,origin_202212,3548500,276,9.0,7.88988020874931
catboost,tuberculose,1,origin_202212,3548708,276,8.0,5.4248690208266
catboost,tuberculose,1,origin_202212,3549805,276,3.0,3.1261030419554094
catboost,tuberculose,1,origin_202212,3549904,276,1.0,3.169658085314437
catboost,tuberculose,1,origin_202212,3550308,276,121.0,95.0972360319325
catboost,tuberculose,1,origin_202212,3551009,276,7.0,11.934419635138363
catboost,tuberculose,1,origin_202212,3552205,276,1.0,1.1178503019763644
catboost,tuberculose,1,origin_202212,3554102,276,4.0,1.7123363031328285
xgboost,tuberculose,1,origin_202212,3505708,276,5.0,2.7118608951568604
xgboost,tuberculose,1,origin_202212,3506003,276,7.0,4.243110656738281
xgboost,tuberculose,1,origin_202212,3509502,276,22.0,12.000337600708008
xgboost,tuberculose,1,origin_202212,3510609,276,11.0,3.2813642024993896
xgboost,tuberculose,1,origin_202212,3513801,276,6.0,4.2641191482543945
xgboost,tuberculose,1,origin_202212,3518701,276,7.0,9.054079055786133
xgboost,tuberculose,1,origin_202212,3518800,276,1.0,6.394251346588135
xgboost,tuberculose,1,origin_202212,3522208,276,3.0,0.9141862988471985
xgboost,tuberculose,1,origin_202212,3525904,276,1.0,2.299107551574707
xgboost,tuberculose,1,origin_202212,3529401,276,2.0,1.9110817909240723
xgboost,tuberculose,1,origin_202212,3534401,276,2.0,4.864817142486572
xgboost,tuberculose,1,origin_202212,3536505,276,5.0,0.8579739332199097
xgboost,tuberculose,1,origin_202212,3541000,276,2.0,4.795535087585449
xgboost,tuberculose,1,origin_202212,3543402,276,9.0,8.898855209350586
xgboost,tuberculose,1,origin_202212,3547809,276,2.0,6.912036895751953
xgboost,tuberculose,1,origin_202212,3548500,276,9.0,8.773674964904785
xgboost,tuberculose,1,origin_202212,3548708,276,8.0,5.187941551208496
xgboost,tuberculose,1,origin_202212,3549805,276,3.0,2.5080621242523193
xgboost,tuberculose,1,origin_202212,3549904,276,1.0,3.3981549739837646
xgboost,tuberculose,1,origin_202212,3550308,276,121.0,95.7408447265625
xgboost,tuberculose,1,origin_202212,3551009,276,7.0,10.648666381835938
xgboost,tuberculose,1,origin_202212,3552205,276,1.0,1.0017720460891724
xgboost,tuberculose,1,origin_202212,3554102,276,4.0,2.1487553119659424
prophet,tuberculose,1,origin_202212,3505708,276,5.0,2.2402037507247887
prophet,tuberculose,1,origin_202212,3506003,276,7.0,4.156858241926206
prophet,tuberculose,1,origin_202212,3509502,276,22.0,7.720365528009906
prophet,tuberculose,1,origin_202212,3510609,276,11.0,5.180052335650992
prophet,tuberculose,1,origin_202212,3513801,276,6.0,4.828050236126012
prophet,tuberculose,1,origin_202212,3518701,276,7.0,10.8790680835006
prophet,tuberculose,1,origin_202212,3518800,276,1.0,6.491338188743669
prophet,tuberculose,1,origin_202212,3522208,276,3.0,0.9984292818650121
prophet,tuberculose,1,origin_202212,3525904,276,1.0,0.3729300249052315
prophet,tuberculose,1,origin_202212,3529401,276,2.0,1.7660349068684782
prophet,tuberculose,1,origin_202212,3534401,276,2.0,5.779003008812565
prophet,tuberculose,1,origin_202212,3536505,276,5.0,1.4905724883928186
prophet,tuberculose,1,origin_202212,3541000,276,2.0,3.5523049718311306
prophet,tuberculose,1,origin_202212,3543402,276,9.0,6.652997983271821
prophet,tuberculose,1,origin_202212,3547809,276,2.0,6.552102518279348
prophet,tuberculose,1,origin_202212,3548500,276,9.0,8.707898604424614
prophet,tuberculose,1,origin_202212,3548708,276,8.0,5.3437086345674585
prophet,tuberculose,1,origin_202212,3549805,276,3.0,2.4891138864023854
prophet,tuberculose,1,origin_202212,3549904,276,1.0,1.0870910274235293
prophet,tuberculose,1,origin_202212,3550308,276,121.0,95.73377082685865
prophet,tuberculose,1,origin_202212,3551009,276,7.0,15.152558792767646
prophet,tuberculose,1,origin_202212,3552205,276,1.0,0.795469355543948
prophet,tuberculose,1,origin_202212,3554102,276,4.0,3.7043680471052607
seasonal_naive,tuberculose,3,origin_202212,3505708,278,4.0,3.0
seasonal_naive,tuberculose,3,origin_202212,3506003,278,4.0,2.0
seasonal_naive,tuberculose,3,origin_202212,3509502,278,12.0,11.0
seasonal_naive,tuberculose,3,origin_202212,3510609,278,10.0,1.0
seasonal_naive,tuberculose,3,origin_202212,3513801,278,5.0,7.0
seasonal_naive,tuberculose,3,origin_202212,3518701,278,13.0,12.0
seasonal_naive,tuberculose,3,origin_202212,3518800,278,7.0,7.0
seasonal_naive,tuberculose,3,origin_202212,3522208,278,1.0,1.0
seasonal_naive,tuberculose,3,origin_202212,3525904,278,4.0,2.0
seasonal_naive,tuberculose,3,origin_202212,3529401,278,6.0,1.0
seasonal_naive,tuberculose,3,origin_202212,3534401,278,7.0,16.0
seasonal_naive,tuberculose,3,origin_202212,3536505,278,0.0,2.0
seasonal_naive,tuberculose,3,origin_202212,3541000,278,7.0,3.0
seasonal_naive,tuberculose,3,origin_202212,3543402,278,2.0,8.0
seasonal_naive,tuberculose,3,origin_202212,3547809,278,8.0,14.0
seasonal_naive,tuberculose,3,origin_202212,3548500,278,12.0,8.0
seasonal_naive,tuberculose,3,origin_202212,3548708,278,12.0,6.0
seasonal_naive,tuberculose,3,origin_202212,3549805,278,2.0,4.0
seasonal_naive,tuberculose,3,origin_202212,3549904,278,0.0,3.0
seasonal_naive,tuberculose,3,origin_202212,3550308,278,134.0,94.0
seasonal_naive,tuberculose,3,origin_202212,3551009,278,14.0,13.0
seasonal_naive,tuberculose,3,origin_202212,3552205,278,1.0,1.0
seasonal_naive,tuberculose,3,origin_202212,3554102,278,0.0,2.0
seasonal_ma3,tuberculose,3,origin_202212,3505708,278,4.0,2.3333332538604736
seasonal_ma3,tuberculose,3,origin_202212,3506003,278,4.0,3.3333332538604736
seasonal_ma3,tuberculose,3,origin_202212,3509502,278,12.0,6.666666507720947
seasonal_ma3,tuberculose,3,origin_202212,3510609,278,10.0,3.0
seasonal_ma3,tuberculose,3,origin_202212,3513801,278,5.0,5.0
seasonal_ma3,tuberculose,3,origin_202212,3518701,278,13.0,7.666666507720947
seasonal_ma3,tuberculose,3,origin_202212,3518800,278,7.0,4.333333492279053
seasonal_ma3,tuberculose,3,origin_202212,3522208,278,1.0,1.0
seasonal_ma3,tuberculose,3,origin_202212,3525904,278,4.0,1.3333333730697632
seasonal_ma3,tuberculose,3,origin_202212,3529401,278,6.0,2.0
seasonal_ma3,tuberculose,3,origin_202212,3534401,278,7.0,7.0
seasonal_ma3,tuberculose,3,origin_202212,3536505,278,0.0,2.0
seasonal_ma3,tuberculose,3,origin_202212,3541000,278,7.0,4.0
seasonal_ma3,tuberculose,3,origin_202212,3543402,278,2.0,8.666666984558105
seasonal_ma3,tuberculose,3,origin_202212,3547809,278,8.0,11.666666984558105
seasonal_ma3,tuberculose,3,origin_202212,3548500,278,12.0,7.0
seasonal_ma3,tuberculose,3,origin_202212,3548708,278,12.0,4.333333492279053
seasonal_ma3,tuberculose,3,origin_202212,3549805,278,2.0,3.0
seasonal_ma3,tuberculose,3,origin_202212,3549904,278,0.0,1.6666666269302368
seasonal_ma3,tuberculose,3,origin_202212,3550308,278,134.0,96.33333587646484
seasonal_ma3,tuberculose,3,origin_202212,3551009,278,14.0,11.666666984558105
seasonal_ma3,tuberculose,3,origin_202212,3552205,278,1.0,0.3333333432674408
seasonal_ma3,tuberculose,3,origin_202212,3554102,278,0.0,1.0
sarima,tuberculose,3,origin_202212,3505708,278,4.0,3.3477742671966553
sarima,tuberculose,3,origin_202212,3506003,278,4.0,4.439537525177002
sarima,tuberculose,3,origin_202212,3509502,278,12.0,12.976848602294922
sarima,tuberculose,3,origin_202212,3510609,278,10.0,3.187990665435791
sarima,tuberculose,3,origin_202212,3513801,278,5.0,3.9840028285980225
sarima,tuberculose,3,origin_202212,3518701,278,13.0,11.002881050109863
sarima,tuberculose,3,origin_202212,3518800,278,7.0,5.968621253967285
sarima,tuberculose,3,origin_202212,3522208,278,1.0,0.6215855479240417
sarima,tuberculose,3,origin_202212,3525904,278,4.0,2.3133156299591064
sarima,tuberculose,3,origin_202212,3529401,278,6.0,1.721490740776062
sarima,tuberculose,3,origin_202212,3534401,278,7.0,4.968177318572998
sarima,tuberculose,3,origin_202212,3536505,278,0.0,0.9421818852424622
sarima,tuberculose,3,origin_202212,3541000,278,7.0,4.608637809753418
sarima,tuberculose,3,origin_202212,3543402,278,2.0,9.400640487670898
sarima,tuberculose,3,origin_202212,3547809,278,8.0,7.565507888793945
sarima,tuberculose,3,origin_202212,3548500,278,12.0,9.195902824401855
sarima,tuberculose,3,origin_202212,3548708,278,12.0,5.356776237487793
sarima,tuberculose,3,origin_202212,3549805,278,2.0,2.8517911434173584
sarima,tuberculose,3,origin_202212,3549904,278,0.0,3.577104330062866
sarima,tuberculose,3,origin_202212,3550308,278,134.0,95.72779083251953
sarima,tuberculose,3,origin_202212,3551009,278,14.0,12.499893188476562
sarima,tuberculose,3,origin_202212,3552205,278,1.0,1.0588359832763672
sarima,tuberculose,3,origin_202212,3554102,278,0.0,2.0105888843536377
lgbm,tuberculose,3,origin_202212,3505708,278,4.0,2.5958391813857817
lgbm,tuberculose,3,origin_202212,3506003,278,4.0,5.713736684147643
lgbm,tuberculose,3,origin_202212,3509502,278,12.0,12.532545614069804
lgbm,tuberculose,3,origin_202212,3510609,278,10.0,4.031761579409443
lgbm,tuberculose,3,origin_202212,3513801,278,5.0,4.51323443614171
lgbm,tuberculose,3,origin_202212,3518701,278,13.0,8.687979078118214
lgbm,tuberculose,3,origin_202212,3518800,278,7.0,6.20374114906248
lgbm,tuberculose,3,origin_202212,3522208,278,1.0,0.8161800540060238
lgbm,tuberculose,3,origin_202212,3525904,278,4.0,2.3343501724515487
lgbm,tuberculose,3,origin_202212,3529401,278,6.0,1.5408753107620268
lgbm,tuberculose,3,origin_202212,3534401,278,7.0,5.801746678035536
lgbm,tuberculose,3,origin_202212,3536505,278,0.0,0.9030621517310579
lgbm,tuberculose,3,origin_202212,3541000,278,7.0,4.8901903917803295
lgbm,tuberculose,3,origin_202212,3543402,278,2.0,8.283940470060825
lgbm,tuberculose,3,origin_202212,3547809,278,8.0,7.810094332405788
lgbm,tuberculose,3,origin_202212,3548500,278,12.0,8.755489027664044
lgbm,tuberculose,3,origin_202212,3548708,278,12.0,5.26276817289187
lgbm,tuberculose,3,origin_202212,3549805,278,2.0,2.034184216766788
lgbm,tuberculose,3,origin_202212,3549904,278,0.0,2.612737222078092
lgbm,tuberculose,3,origin_202212,3550308,278,134.0,88.33055512572705
lgbm,tuberculose,3,origin_202212,3551009,278,14.0,10.531863778254085
lgbm,tuberculose,3,origin_202212,3552205,278,1.0,0.7575375784844562
lgbm,tuberculose,3,origin_202212,3554102,278,0.0,2.2793937635209933
catboost,tuberculose,3,origin_202212,3505708,278,4.0,2.8583532586396228
catboost,tuberculose,3,origin_202212,3506003,278,4.0,5.3644392146541025
catboost,tuberculose,3,origin_202212,3509502,278,12.0,13.0180088044878
catboost,tuberculose,3,origin_202212,3510609,278,10.0,3.811811072886066
catboost,tuberculose,3,origin_202212,3513801,278,5.0,4.381887545467569
catboost,tuberculose,3,origin_202212,3518701,278,13.0,8.333997710417322
catboost,tuberculose,3,origin_202212,3518800,278,7.0,6.273830350783004
catboost,tuberculose,3,origin_202212,3522208,278,1.0,0.8879143057491395
catboost,tuberculose,3,origin_202212,3525904,278,4.0,2.0967779962965962
catboost,tuberculose,3,origin_202212,3529401,278,6.0,1.9041663716415806
catboost,tuberculose,3,origin_202212,3534401,278,7.0,5.979051248239809
catboost,tuberculose,3,origin_202212,3536505,278,0.0,0.801721851559454
catboost,tuberculose,3,origin_202212,3541000,278,7.0,4.819648637939709
catboost,tuberculose,3,origin_202212,3543402,278,2.0,9.134760699214585
catboost,tuberculose,3,origin_202212,3547809,278,8.0,7.698834202120342
catboost,tuberculose,3,origin_202212,3548500,278,12.0,9.443803942050184
catboost,tuberculose,3,origin_202212,3548708,278,12.0,6.118581995281586
catboost,tuberculose,3,origin_202212,3549805,278,2.0,2.564425094446541
catboost,tuberculose,3,origin_202212,3549904,278,0.0,2.5138480329266946
catboost,tuberculose,3,origin_202212,3550308,278,134.0,101.88377515594246
catboost,tuberculose,3,origin_202212,3551009,278,14.0,10.705378832682724
catboost,tuberculose,3,origin_202212,3552205,278,1.0,1.03829941630555
catboost,tuberculose,3,origin_202212,3554102,278,0.0,1.821180242373455
xgboost,tuberculose,3,origin_202212,3505708,278,4.0,2.598316192626953
xgboost,tuberculose,3,origin_202212,3506003,278,4.0,4.792055606842041
xgboost,tuberculose,3,origin_202212,3509502,278,12.0,12.78150463104248
xgboost,tuberculose,3,origin_202212,3510609,278,10.0,3.7533791065216064
xgboost,tuberculose,3,origin_202212,3513801,278,5.0,4.14479923248291
xgboost,tuberculose,3,origin_202212,3518701,278,13.0,9.15223217010498
xgboost,tuberculose,3,origin_202212,3518800,278,7.0,6.2841715812683105
xgboost,tuberculose,3,origin_202212,3522208,278,1.0,0.8218302726745605
xgboost,tuberculose,3,origin_202212,3525904,278,4.0,2.370009660720825
xgboost,tuberculose,3,origin_202212,3529401,278,6.0,1.7679589986801147
xgboost,tuberculose,3,origin_202212,3534401,278,7.0,5.981610298156738
xgboost,tuberculose,3,origin_202212,3536505,278,0.0,0.8603699207305908
xgboost,tuberculose,3,origin_202212,3541000,278,7.0,4.478763580322266
xgboost,tuberculose,3,origin_202212,3543402,278,2.0,9.097148895263672
xgboost,tuberculose,3,origin_202212,3547809,278,8.0,7.2374420166015625
xgboost,tuberculose,3,origin_202212,3548500,278,12.0,9.147339820861816
xgboost,tuberculose,3,origin_202212,3548708,278,12.0,5.264736175537109
xgboost,tuberculose,3,origin_202212,3549805,278,2.0,2.2846152782440186
xgboost,tuberculose,3,origin_202212,3549904,278,0.0,2.43414568901062
xgboost,tuberculose,3,origin_202212,3550308,278,134.0,97.30026245117188
xgboost,tuberculose,3,origin_202212,3551009,278,14.0,11.39348316192627
xgboost,tuberculose,3,origin_202212,3552205,278,1.0,0.893873929977417
xgboost,tuberculose,3,origin_202212,3554102,278,0.0,2.1391348838806152
prophet,tuberculose,3,origin_202212,3505708,278,4.0,2.203865507274574
prophet,tuberculose,3,origin_202212,3506003,278,4.0,5.016392329710052
prophet,tuberculose,3,origin_202212,3509502,278,12.0,6.796133081682927
prophet,tuberculose,3,origin_202212,3510609,278,10.0,3.8496433472168174
prophet,tuberculose,3,origin_202212,3513801,278,5.0,4.387140150431769
prophet,tuberculose,3,origin_202212,3518701,278,13.0,10.449394045921604
prophet,tuberculose,3,origin_202212,3518800,278,7.0,5.968410788302695
prophet,tuberculose,3,origin_202212,3522208,278,1.0,0.6970504054173947
prophet,tuberculose,3,origin_202212,3525904,278,4.0,0.59483183265133
prophet,tuberculose,3,origin_202212,3529401,278,6.0,1.8546700287198017
prophet,tuberculose,3,origin_202212,3534401,278,7.0,6.377884086414676
prophet,tuberculose,3,origin_202212,3536505,278,0.0,1.6078038633344631
prophet,tuberculose,3,origin_202212,3541000,278,7.0,3.5023610006067205
prophet,tuberculose,3,origin_202212,3543402,278,2.0,6.076420401438558
prophet,tuberculose,3,origin_202212,3547809,278,8.0,7.423416543698041
prophet,tuberculose,3,origin_202212,3548500,278,12.0,7.914115899240484
prophet,tuberculose,3,origin_202212,3548708,278,12.0,5.398939949005401
prophet,tuberculose,3,origin_202212,3549805,278,2.0,2.64734427915154
prophet,tuberculose,3,origin_202212,3549904,278,0.0,0.9362929067208922
prophet,tuberculose,3,origin_202212,3550308,278,134.0,88.92614802128645
prophet,tuberculose,3,origin_202212,3551009,278,14.0,15.160409227703052
prophet,tuberculose,3,origin_202212,3552205,278,1.0,0.0
prophet,tuberculose,3,origin_202212,3554102,278,0.0,2.2014230859131847
seasonal_naive,tuberculose,6,origin_202212,3505708,281,1.0,1.0
seasonal_naive,tuberculose,6,origin_202212,3506003,281,13.0,4.0
seasonal_naive,tuberculose,6,origin_202212,3509502,281,5.0,10.0
seasonal_naive,tuberculose,6,origin_202212,3510609,281,2.0,6.0
seasonal_naive,tuberculose,6,origin_202212,3513801,281,13.0,6.0
seasonal_naive,tuberculose,6,origin_202212,3518701,281,10.0,15.0
seasonal_naive,tuberculose,6,origin_202212,3518800,281,6.0,2.0
seasonal_naive,tuberculose,6,origin_202212,3522208,281,1.0,0.0
seasonal_naive,tuberculose,6,origin_202212,3525904,281,2.0,2.0
seasonal_naive,tuberculose,6,origin_202212,3529401,281,1.0,1.0
seasonal_naive,tuberculose,6,origin_202212,3534401,281,9.0,14.0
seasonal_naive,tuberculose,6,origin_202212,3536505,281,2.0,2.0
seasonal_naive,tuberculose,6,origin_202212,3541000,281,8.0,5.0
seasonal_naive,tuberculose,6,origin_202212,3543402,281,8.0,13.0
seasonal_naive,tuberculose,6,origin_202212,3547809,281,7.0,2.0
seasonal_naive,tuberculose,6,origin_202212,3548500,281,8.0,7.0
seasonal_naive,tuberculose,6,origin_202212,3548708,281,11.0,6.0
seasonal_naive,tuberculose,6,origin_202212,3549805,281,3.0,1.0
seasonal_naive,tuberculose,6,origin_202212,3549904,281,0.0,1.0
seasonal_naive,tuberculose,6,origin_202212,3550308,281,108.0,85.0
seasonal_naive,tuberculose,6,origin_202212,3551009,281,10.0,12.0
seasonal_naive,tuberculose,6,origin_202212,3552205,281,4.0,0.0
seasonal_naive,tuberculose,6,origin_202212,3554102,281,2.0,3.0
seasonal_ma3,tuberculose,6,origin_202212,3505708,281,1.0,2.0
seasonal_ma3,tuberculose,6,origin_202212,3506003,281,13.0,3.3333332538604736
seasonal_ma3,tuberculose,6,origin_202212,3509502,281,5.0,8.0
seasonal_ma3,tuberculose,6,origin_202212,3510609,281,2.0,3.6666667461395264
seasonal_ma3,tuberculose,6,origin_202212,3513801,281,13.0,6.0
seasonal_ma3,tuberculose,6,origin_202212,3518701,281,10.0,9.333333015441895
seasonal_ma3,tuberculose,6,origin_202212,3518800,281,6.0,2.3333332538604736
seasonal_ma3,tuberculose,6,origin_202212,3522208,281,1.0,0.0
seasonal_ma3,tuberculose,6,origin_202212,3525904,281,2.0,0.6666666865348816
seasonal_ma3,tuberculose,6,origin_202212,3529401,281,1.0,1.0
seasonal_ma3,tuberculose,6,origin_202212,3534401,281,9.0,7.0
seasonal_ma3,tuberculose,6,origin_202212,3536505,281,2.0,1.3333333730697632
seasonal_ma3,tuberculose,6,origin_202212,3541000,281,8.0,3.3333332538604736
seasonal_ma3,tuberculose,6,origin_202212,3543402,281,8.0,10.666666984558105
seasonal_ma3,tuberculose,6,origin_202212,3547809,281,7.0,3.3333332538604736
seasonal_ma3,tuberculose,6,origin_202212,3548500,281,8.0,4.0
seasonal_ma3,tuberculose,6,origin_202212,3548708,281,11.0,4.666666507720947
seasonal_ma3,tuberculose,6,origin_202212,3549805,281,3.0,1.0
seasonal_ma3,tuberculose,6,origin_202212,3549904,281,0.0,1.0
seasonal_ma3,tuberculose,6,origin_202212,3550308,281,108.0,71.33333587646484
seasonal_ma3,tuberculose,6,origin_202212,3551009,281,10.0,7.333333492279053
seasonal_ma3,tuberculose,6,origin_202212,3552205,281,4.0,0.3333333432674408
seasonal_ma3,tuberculose,6,origin_202212,3554102,281,2.0,3.3333332538604736
sarima,tuberculose,6,origin_202212,3505708,281,1.0,3.3477742671966553
sarima,tuberculose,6,origin_202212,3506003,281,13.0,4.439537525177002
sarima,tuberculose,6,origin_202212,3509502,281,5.0,12.976675987243652
sarima,tuberculose,6,origin_202212,3510609,281,2.0,3.4780642986297607
sarima,tuberculose,6,origin_202212,3513801,281,13.0,3.696660280227661
sarima,tuberculose,6,origin_202212,3518701,281,10.0,11.16283130645752
sarima,tuberculose,6,origin_202212,3518800,281,6.0,5.968621253967285
sarima,tuberculose,6,origin_202212,3522208,281,1.0,0.752569854259491
sarima,tuberculose,6,origin_202212,3525904,281,2.0,2.3133156299591064
sarima,tuberculose,6,origin_202212,3529401,281,1.0,1.775362253189087
sarima,tuberculose,6,origin_202212,3534401,281,9.0,4.968177318572998
sarima,tuberculose,6,origin_202212,3536505,281,2.0,0.9421818852424622
sarima,tuberculose,6,origin_202212,3541000,281,8.0,4.604472637176514
sarima,tuberculose,6,origin_202212,3543402,281,8.0,9.99034309387207
sarima,tuberculose,6,origin_202212,3547809,281,7.0,7.565507888793945
sarima,tuberculose,6,origin_202212,3548500,281,8.0,9.195902824401855
sarima,tuberculose,6,origin_202212,3548708,281,11.0,5.343374729156494
sarima,tuberculose,6,origin_202212,3549805,281,3.0,2.29377818107605
sarima,tuberculose,6,origin_202212,3549904,281,0.0,3.577104330062866
sarima,tuberculose,6,origin_202212,3550308,281,108.0,95.72779083251953
sarima,tuberculose,6,origin_202212,3551009,281,10.0,12.499893188476562
sarima,tuberculose,6,origin_202212,3552205,281,4.0,0.8875305652618408
sarima,tuberculose,6,origin_202212,3554102,281,2.0,2.0416617393493652
lgbm,tuberculose,6,origin_202212,3505708,281,1.0,2.7135596598725837
lgbm,tuberculose,6,origin_202212,3506003,281,13.0,3.6321007831752268
lgbm,tuberculose,6,origin_202212,3509502,281,5.0,11.711757504260964
lgbm,tuberculose,6,origin_202212,3510609,281,2.0,2.9858342403948095
lgbm,tuberculose,6,origin_202212,3513801,281,13.0,3.433605848469619
lgbm,tuberculose,6,origin_202212,3518701,281,10.0,8.396112783392091
lgbm,tuberculose,6,origin_202212,3518800,281,6.0,5.04032690573018
lgbm,tuberculose,6,origin_202212,3522208,281,1.0,0.823493648599414
lgbm,tuberculose,6,origin_202212,3525904,281,2.0,1.7984945894459312
lgbm,tuberculose,6,origin_202212,3529401,281,1.0,1.2041004958581187
lgbm,tuberculose,6,origin_202212,3534401,281,9.0,6.116941994739471
lgbm,tuberculose,6,origin_202212,3536505,281,2.0,1.2241718154761927
lgbm,tuberculose,6,origin_202212,3541000,281,8.0,3.4976752070137604
lgbm,tuberculose,6,origin_202212,3543402,281,8.0,9.386489940498224
lgbm,tuberculose,6,origin_202212,3547809,281,7.0,5.255888476074442
lgbm,tuberculose,6,origin_202212,3548500,281,8.0,8.553682017151893
lgbm,tuberculose,6,origin_202212,3548708,281,11.0,4.480598049949308
lgbm,tuberculose,6,origin_202212,3549805,281,3.0,2.1772092913013537
lgbm,tuberculose,6,origin_202212,3549904,281,0.0,2.1650376423491564
lgbm,tuberculose,6,origin_202212,3550308,281,108.0,87.54795221255137
lgbm,tuberculose,6,origin_202212,3551009,281,10.0,11.044010391407516
lgbm,tuberculose,6,origin_202212,3552205,281,4.0,0.7444131478653544
lgbm,tuberculose,6,origin_202212,3554102,281,2.0,2.182934739890007
catboost,tuberculose,6,origin_202212,3505708,281,1.0,2.4612341507962148
catboost,tuberculose,6,origin_202212,3506003,281,13.0,3.9034958991033455
catboost,tuberculose,6,origin_202212,3509502,281,5.0,12.714663938144136
catboost,tuberculose,6,origin_202212,3510609,281,2.0,3.467398264929348
catboost,tuberculose,6,origin_202212,3513801,281,13.0,3.4322146964653606
catboost,tuberculose,6,origin_202212,3518701,281,10.0,9.035778253486264
catboost,tuberculose,6,origin_202212,3518800,281,6.0,4.991694676000828
catboost,tuberculose,6,origin_202212,3522208,281,1.0,0.901631910259408
catboost,tuberculose,6,origin_202212,3525904,281,2.0,1.787305253928861
catboost,tuberculose,6,origin_202212,3529401,281,1.0,1.596304066258564
catboost,tuberculose,6,origin_202212,3534401,281,9.0,5.852986582715675
catboost,tuberculose,6,origin_202212,3536505,281,2.0,1.0306573983087912
catboost,tuberculose,6,origin_202212,3541000,281,8.0,4.0182740478981245
catboost,tuberculose,6,origin_202212,3543402,281,8.0,9.948598314222943
catboost,tuberculose,6,origin_202212,3547809,281,7.0,6.60697643327387
catboost,tuberculose,6,origin_202212,3548500,281,8.0,8.18181839562949
catboost,tuberculose,6,origin_202212,3548708,281,11.0,5.277119730624679
catboost,tuberculose,6,origin_202212,3549805,281,3.0,2.260825030579073
catboost,tuberculose,6,origin_202212,3549904,281,0.0,2.5920815780041058
catboost,tuberculose,6,origin_202212,3550308,281,108.0,83.3363090144197
catboost,tuberculose,6,origin_202212,3551009,281,10.0,11.084359464694895
catboost,tuberculose,6,origin_202212,3552205,281,4.0,0.8768452315463006
catboost,tuberculose,6,origin_202212,3554102,281,2.0,1.7531135549248373
xgboost,tuberculose,6,origin_202212,3505708,281,1.0,2.566781997680664
xgboost,tuberculose,6,origin_202212,3506003,281,13.0,4.110686779022217
xgboost,tuberculose,6,origin_202212,3509502,281,5.0,14.452235221862793
xgboost,tuberculose,6,origin_202212,3510609,281,2.0,3.2416861057281494
xgboost,tuberculose,6,origin_202212,3513801,281,13.0,3.449533700942993
xgboost,tuberculose,6,origin_202212,3518701,281,10.0,8.439629554748535
xgboost,tuberculose,6,origin_202212,3518800,281,6.0,5.326320648193359
xgboost,tuberculose,6,origin_202212,3522208,281,1.0,0.8118022680282593
xgboost,tuberculose,6,origin_202212,3525904,281,2.0,2.087667465209961
xgboost,tuberculose,6,origin_202212,3529401,281,1.0,1.3580572605133057
xgboost,tuberculose,6,origin_202212,3534401,281,9.0,5.4327239990234375
xgboost,tuberculose,6,origin_202212,3536505,281,2.0,1.1333391666412354
xgboost,tuberculose,6,origin_202212,3541000,281,8.0,3.798560380935669
xgboost,tuberculose,6,origin_202212,3543402,281,8.0,9.755305290222168
xgboost,tuberculose,6,origin_202212,3547809,281,7.0,5.644382953643799
xgboost,tuberculose,6,origin_202212,3548500,281,8.0,9.251386642456055
xgboost,tuberculose,6,origin_202212,3548708,281,11.0,4.459171295166016
xgboost,tuberculose,6,origin_202212,3549805,281,3.0,2.004849910736084
xgboost,tuberculose,6,origin_202212,3549904,281,0.0,2.1419570446014404
xgboost,tuberculose,6,origin_202212,3550308,281,108.0,82.4837646484375
xgboost,tuberculose,6,origin_202212,3551009,281,10.0,10.079517364501953
xgboost,tuberculose,6,origin_202212,3552205,281,4.0,0.7403697967529297
xgboost,tuberculose,6,origin_202212,3554102,281,2.0,1.9675930738449097
prophet,tuberculose,6,origin_202212,3505708,281,1.0,2.4317049779295137
prophet,tuberculose,6,origin_202212,3506003,281,13.0,3.844776578415634
prophet,tuberculose,6,origin_202212,3509502,281,5.0,7.484249948456592
prophet,tuberculose,6,origin_202212,3510609,281,2.0,3.847835574637813
prophet,tuberculose,6,origin_202212,3513801,281,13.0,4.778186915633528
prophet,tuberculose,6,origin_202212,3518701,281,10.0,11.33199677019345
prophet,tuberculose,6,origin_202212,3518800,281,6.0,6.036525639754812
prophet,tuberculose,6,origin_202212,3522208,281,1.0,0.6649909403972596
prophet,tuberculose,6,origin_202212,3525904,281,2.0,1.0654715843482485
prophet,tuberculose,6,origin_202212,3529401,281,1.0,1.8554420326896994
prophet,tuberculose,6,origin_202212,3534401,281,9.0,7.041465403880396
prophet,tuberculose,6,origin_202212,3536505,281,2.0,1.7701544847427124
prophet,tuberculose,6,origin_202212,3541000,281,8.0,4.005638237435532
prophet,tuberculose,6,origin_202212,3543402,281,8.0,7.597819018336844
prophet,tuberculose,6,origin_202212,3547809,281,7.0,5.5915309086812695
prophet,tuberculose,6,origin_202212,3548500,281,8.0,8.963723734856416
prophet,tuberculose,6,origin_202212,3548708,281,11.0,5.6414708428238995
prophet,tuberculose,6,origin_202212,3549805,281,3.0,2.2897714690026865
prophet,tuberculose,6,origin_202212,3549904,281,0.0,1.358409448396789
prophet,tuberculose,6,origin_202212,3550308,281,108.0,89.26225095612874
prophet,tuberculose,6,origin_202212,3551009,281,10.0,13.754044882978196
prophet,tuberculose,6,origin_202212,3552205,281,4.0,0.0
prophet,tuberculose,6,origin_202212,3554102,281,2.0,3.180217079178235
seasonal_naive,tuberculose,12,origin_202212,3505708,287,5.0,4.0
seasonal_naive,tuberculose,12,origin_202212,3506003,287,3.0,2.0
seasonal_naive,tuberculose,12,origin_202212,3509502,287,8.0,13.0
seasonal_naive,tuberculose,12,origin_202212,3510609,287,7.0,1.0
seasonal_naive,tuberculose,12,origin_202212,3513801,287,4.0,4.0
seasonal_naive,tuberculose,12,origin_202212,3518701,287,11.0,7.0
seasonal_naive,tuberculose,12,origin_202212,3518800,287,7.0,8.0
seasonal_naive,tuberculose,12,origin_202212,3522208,287,3.0,0.0
seasonal_naive,tuberculose,12,origin_202212,3525904,287,1.0,3.0
seasonal_naive,tuberculose,12,origin_202212,3529401,287,1.0,1.0
seasonal_naive,tuberculose,12,origin_202212,3534401,287,3.0,5.0
seasonal_naive,tuberculose,12,origin_202212,3536505,287,3.0,0.0
seasonal_naive,tuberculose,12,origin_202212,3541000,287,3.0,8.0
seasonal_naive,tuberculose,12,origin_202212,3543402,287,12.0,13.0
seasonal_naive,tuberculose,12,origin_202212,3547809,287,7.0,5.0
seasonal_naive,tuberculose,12,origin_202212,3548500,287,9.0,12.0
seasonal_naive,tuberculose,12,origin_202212,3548708,287,4.0,6.0
seasonal_naive,tuberculose,12,origin_202212,3549805,287,1.0,2.0
seasonal_naive,tuberculose,12,origin_202212,3549904,287,3.0,5.0
seasonal_naive,tuberculose,12,origin_202212,3550308,287,74.0,103.0
seasonal_naive,tuberculose,12,origin_202212,3551009,287,11.0,12.0
seasonal_naive,tuberculose,12,origin_202212,3552205,287,1.0,2.0
seasonal_naive,tuberculose,12,origin_202212,3554102,287,2.0,1.0
seasonal_ma3,tuberculose,12,origin_202212,3505708,287,5.0,3.6666667461395264
seasonal_ma3,tuberculose,12,origin_202212,3506003,287,3.0,5.333333492279053
seasonal_ma3,tuberculose,12,origin_202212,3509502,287,8.0,10.0
seasonal_ma3,tuberculose,12,origin_202212,3510609,287,7.0,2.6666667461395264
seasonal_ma3,tuberculose,12,origin_202212,3513801,287,4.0,1.6666666269302368
seasonal_ma3,tuberculose,12,origin_202212,3518701,287,11.0,6.333333492279053
seasonal_ma3,tuberculose,12,origin_202212,3518800,287,7.0,5.666666507720947
seasonal_ma3,tuberculose,12,origin_202212,3522208,287,3.0,1.0
seasonal_ma3,tuberculose,12,origin_202212,3525904,287,1.0,2.0
seasonal_ma3,tuberculose,12,origin_202212,3529401,287,1.0,0.6666666865348816
seasonal_ma3,tuberculose,12,origin_202212,3534401,287,3.0,4.666666507720947
seasonal_ma3,tuberculose,12,origin_202212,3536505,287,3.0,0.6666666865348816
seasonal_ma3,tuberculose,12,origin_202212,3541000,287,3.0,4.333333492279053
seasonal_ma3,tuberculose,12,origin_202212,3543402,287,12.0,9.666666984558105
seasonal_ma3,tuberculose,12,origin_202212,3547809,287,7.0,7.0
seasonal_ma3,tuberculose,12,origin_202212,3548500,287,9.0,7.666666507720947
seasonal_ma3,tuberculose,12,origin_202212,3548708,287,4.0,6.333333492279053
seasonal_ma3,tuberculose,12,origin_202212,3549805,287,1.0,2.3333332538604736
seasonal_ma3,tuberculose,12,origin_202212,3549904,287,3.0,2.3333332538604736
seasonal_ma3,tuberculose,12,origin_202212,3550308,287,74.0,89.66666412353516
seasonal_ma3,tuberculose,12,origin_202212,3551009,287,11.0,14.333333015441895
seasonal_ma3,tuberculose,12,origin_202212,3552205,287,1.0,1.0
seasonal_ma3,tuberculose,12,origin_202212,3554102,287,2.0,2.6666667461395264
sarima,tuberculose,12,origin_202212,3505708,287,5.0,3.3477742671966553
sarima,tuberculose,12,origin_202212,3506003,287,3.0,4.439537525177002
sarima,tuberculose,12,origin_202212,3509502,287,8.0,12.976675033569336
sarima,tuberculose,12,origin_202212,3510609,287,7.0,3.7042183876037598
sarima,tuberculose,12,origin_202212,3513801,287,4.0,4.866201400756836
sarima,tuberculose,12,origin_202212,3518701,287,11.0,11.128884315490723
sarima,tuberculose,12,origin_202212,3518800,287,7.0,5.968621253967285
sarima,tuberculose,12,origin_202212,3522208,287,3.0,0.7478266358375549
sarima,tuberculose,12,origin_202212,3525904,287,1.0,2.3133156299591064
sarima,tuberculose,12,origin_202212,3529401,287,1.0,1.7823153734207153
sarima,tuberculose,12,origin_202212,3534401,287,3.0,4.968177318572998
sarima,tuberculose,12,origin_202212,3536505,287,3.0,0.9421818852424622
sarima,tuberculose,12,origin_202212,3541000,287,3.0,4.604467391967773
sarima,tuberculose,12,origin_202212,3543402,287,12.0,9.854578971862793
sarima,tuberculose,12,origin_202212,3547809,287,7.0,7.565507888793945
sarima,tuberculose,12,origin_202212,3548500,287,9.0,9.195902824401855
sarima,tuberculose,12,origin_202212,3548708,287,4.0,5.343089580535889
sarima,tuberculose,12,origin_202212,3549805,287,1.0,2.3761682510375977
sarima,tuberculose,12,origin_202212,3549904,287,3.0,3.577104330062866
sarima,tuberculose,12,origin_202212,3550308,287,74.0,95.72779083251953
sarima,tuberculose,12,origin_202212,3551009,287,11.0,12.499893188476562
sarima,tuberculose,12,origin_202212,3552205,287,1.0,1.230141282081604
sarima,tuberculose,12,origin_202212,3554102,287,2.0,2.1432247161865234
lgbm,tuberculose,12,origin_202212,3505708,287,5.0,2.729846056415799
lgbm,tuberculose,12,origin_202212,3506003,287,3.0,4.786791754299458
lgbm,tuberculose,12,origin_202212,3509502,287,8.0,14.070752390068607
lgbm,tuberculose,12,origin_202212,3510609,287,7.0,3.7002655431254543
lgbm,tuberculose,12,origin_202212,3513801,287,4.0,2.9248603190239995
lgbm,tuberculose,12,origin_202212,3518701,287,11.0,7.317736892649874
lgbm,tuberculose,12,origin_202212,3518800,287,7.0,6.103165101542003
lgbm,tuberculose,12,origin_202212,3522208,287,3.0,0.9093032186798746
lgbm,tuberculose,12,origin_202212,3525904,287,1.0,1.9488106247209631
lgbm,tuberculose,12,origin_202212,3529401,287,1.0,1.4837613290454859
lgbm,tuberculose,12,origin_202212,3534401,287,3.0,5.484643243201041
lgbm,tuberculose,12,origin_202212,3536505,287,3.0,0.9906703346715781
lgbm,tuberculose,12,origin_202212,3541000,287,3.0,3.1432634025216615
lgbm,tuberculose,12,origin_202212,3543402,287,12.0,8.842561354950504
lgbm,tuberculose,12,origin_202212,3547809,287,7.0,6.584816771565856
lgbm,tuberculose,12,origin_202212,3548500,287,9.0,10.029331387152471
lgbm,tuberculose,12,origin_202212,3548708,287,4.0,5.230828798509826
lgbm,tuberculose,12,origin_202212,3549805,287,1.0,3.2881920944742036
lgbm,tuberculose,12,origin_202212,3549904,287,3.0,2.2975210470917853
lgbm,tuberculose,12,origin_202212,3550308,287,74.0,100.10294617196394
lgbm,tuberculose,12,origin_202212,3551009,287,11.0,10.679184093567676
lgbm,tuberculose,12,origin_202212,3552205,287,1.0,0.8171406818974754
lgbm,tuberculose,12,origin_202212,3554102,287,2.0,2.1096715548120417
catboost,tuberculose,12,origin_202212,3505708,287,5.0,2.501471242140827
catboost,tuberculose,12,origin_202212,3506003,287,3.0,5.421580475846063
catboost,tuberculose,12,origin_202212,3509502,287,8.0,15.266646887601096
catboost,tuberculose,12,origin_202212,3510609,287,7.0,4.01981885626761
catboost,tuberculose,12,origin_202212,3513801,287,4.0,2.6640355004116167
catboost,tuberculose,12,origin_202212,3518701,287,11.0,8.63752717446939
catboost,tuberculose,12,origin_202212,3518800,287,7.0,6.053932133979258
catboost,tuberculose,12,origin_202212,3522208,287,3.0,0.9787837734023029
catboost,tuberculose,12,origin_202212,3525904,287,1.0,1.9120575398754946
catboost,tuberculose,12,origin_202212,3529401,287,1.0,1.5699440158345668
catboost,tuberculose,12,origin_202212,3534401,287,3.0,6.474061284971817
catboost,tuberculose,12,origin_202212,3536505,287,3.0,0.8207036258318283
catboost,tuberculose,12,origin_202212,3541000,287,3.0,4.788804225056837
catboost,tuberculose,12,origin_202212,3543402,287,12.0,8.65481362058953
catboost,tuberculose,12,origin_202212,3547809,287,7.0,6.488531029351018
catboost,tuberculose,12,origin_202212,3548500,287,9.0,9.024885470949787
catboost,tuberculose,12,origin_202212,3548708,287,4.0,5.878507675140047
catboost,tuberculose,12,origin_202212,3549805,287,1.0,2.639151416972826
catboost,tuberculose,12,origin_202212,3549904,287,3.0,2.987500369314529
catboost,tuberculose,12,origin_202212,3550308,287,74.0,97.7925788031539
catboost,tuberculose,12,origin_202212,3551009,287,11.0,13.707783537172405
catboost,tuberculose,12,origin_202212,3552205,287,1.0,1.0942867993748033
catboost,tuberculose,12,origin_202212,3554102,287,2.0,2.4487929539640945
xgboost,tuberculose,12,origin_202212,3505708,287,5.0,2.4192357063293457
xgboost,tuberculose,12,origin_202212,3506003,287,3.0,4.229485988616943
xgboost,tuberculose,12,origin_202212,3509502,287,8.0,15.376286506652832
xgboost,tuberculose,12,origin_202212,3510609,287,7.0,3.7007036209106445
xgboost,tuberculose,12,origin_202212,3513801,287,4.0,3.259526252746582
xgboost,tuberculose,12,origin_202212,3518701,287,11.0,9.126261711120605
xgboost,tuberculose,12,origin_202212,3518800,287,7.0,5.732398509979248
xgboost,tuberculose,12,origin_202212,3522208,287,3.0,0.7859574556350708
xgboost,tuberculose,12,origin_202212,3525904,287,1.0,1.9143924713134766
xgboost,tuberculose,12,origin_202212,3529401,287,1.0,1.3451541662216187
xgboost,tuberculose,12,origin_202212,3534401,287,3.0,6.254030704498291
xgboost,tuberculose,12,origin_202212,3536505,287,3.0,1.0122246742248535
xgboost,tuberculose,12,origin_202212,3541000,287,3.0,3.3641233444213867
xgboost,tuberculose,12,origin_202212,3543402,287,12.0,8.364818572998047
xgboost,tuberculose,12,origin_202212,3547809,287,7.0,6.753891944885254
xgboost,tuberculose,12,origin_202212,3548500,287,9.0,9.210264205932617
xgboost,tuberculose,12,origin_202212,3548708,287,4.0,5.422630310058594
xgboost,tuberculose,12,origin_202212,3549805,287,1.0,2.714524745941162
xgboost,tuberculose,12,origin_202212,3549904,287,3.0,1.9988759756088257
xgboost,tuberculose,12,origin_202212,3550308,287,74.0,101.05948638916016
xgboost,tuberculose,12,origin_202212,3551009,287,11.0,11.039536476135254
xgboost,tuberculose,12,origin_202212,3552205,287,1.0,0.9045668244361877
xgboost,tuberculose,12,origin_202212,3554102,287,2.0,2.2057249546051025
prophet,tuberculose,12,origin_202212,3505708,287,5.0,2.843891423868927
prophet,tuberculose,12,origin_202212,3506003,287,3.0,4.634755849222528
prophet,tuberculose,12,origin_202212,3509502,287,8.0,8.389552605700123
prophet,tuberculose,12,origin_202212,3510609,287,7.0,5.228572280094961
prophet,tuberculose,12,origin_202212,3513801,287,4.0,4.697639979416264
prophet,tuberculose,12,origin_202212,3518701,287,11.0,10.663603874842504
prophet,tuberculose,12,origin_202212,3518800,287,7.0,5.923452833699575
prophet,tuberculose,12,origin_202212,3522208,287,3.0,1.2990679509562122
prophet,tuberculose,12,origin_202212,3525904,287,1.0,0.760820680182898
prophet,tuberculose,12,origin_202212,3529401,287,1.0,1.276052132879836
prophet,tuberculose,12,origin_202212,3534401,287,3.0,6.578646081008528
prophet,tuberculose,12,origin_202212,3536505,287,3.0,1.5118487269759244
prophet,tuberculose,12,origin_202212,3541000,287,3.0,3.83926070554404
prophet,tuberculose,12,origin_202212,3543402,287,12.0,8.977104184420721
prophet,tuberculose,12,origin_202212,3547809,287,7.0,5.708974275766022
prophet,tuberculose,12,origin_202212,3548500,287,9.0,9.144764761871723
prophet,tuberculose,12,origin_202212,3548708,287,4.0,6.079241906722701
prophet,tuberculose,12,origin_202212,3549805,287,1.0,2.8816115320885247
prophet,tuberculose,12,origin_202212,3549904,287,3.0,1.125647075765741
prophet,tuberculose,12,origin_202212,3550308,287,74.0,107.60424273357498
prophet,tuberculose,12,origin_202212,3551009,287,11.0,14.452486821870663
prophet,tuberculose,12,origin_202212,3552205,287,1.0,0.366580366956869
prophet,tuberculose,12,origin_202212,3554102,287,2.0,3.863191662896318
