disease,model,origin,horizon,feature,importance,importance_norm
hanseniase,lgbm,origin_201912,1,n_hanseniase_l0,114.0,0.019
hanseniase,lgbm,origin_201912,1,n_hanseniase_l1,73.0,0.012166666666666666
hanseniase,lgbm,origin_201912,1,n_hanseniase_l2,44.0,0.007333333333333333
hanseniase,lgbm,origin_201912,1,n_hanseniase_l3,56.0,0.009333333333333334
hanseniase,lgbm,origin_201912,1,n_hanseniase_l6,51.0,0.0085
hanseniase,lgbm,origin_201912,1,n_hanseniase_l12,64.0,0.010666666666666666
hanseniase,lgbm,origin_201912,1,n_hanseniase_l13,50.0,0.008333333333333333
hanseniase,lgbm,origin_201912,1,n_hanseniase_r3,103.0,0.017166666666666667
hanseniase,lgbm,origin_201912,1,n_hanseniase_r6,128.0,0.021333333333333333
hanseniase,lgbm,origin_201912,1,n_hanseniase_r12,235.0,0.03916666666666667
hanseniase,lgbm,origin_201912,1,evapot_l0,123.0,0.0205
hanseniase,lgbm,origin_201912,1,evapot_l1,134.0,0.022333333333333334
hanseniase,lgbm,origin_201912,1,evapot_l3,194.0,0.03233333333333333
hanseniase,lgbm,origin_201912,1,evapot_l12,160.0,0.02666666666666667
hanseniase,lgbm,origin_201912,1,precip_l0,190.0,0.03166666666666667
hanseniase,lgbm,origin_201912,1,precip_l1,187.0,0.031166666666666665
hanseniase,lgbm,origin_201912,1,precip_l3,232.0,0.03866666666666667
hanseniase,lgbm,origin_201912,1,precip_l12,154.0,0.025666666666666667
hanseniase,lgbm,origin_201912,1,temp_min_l0,219.0,0.0365
hanseniase,lgbm,origin_201912,1,temp_min_l1,136.0,0.02266666666666667
hanseniase,lgbm,origin_201912,1,temp_min_l3,201.0,0.0335
hanseniase,lgbm,origin_201912,1,temp_min_l12,199.0,0.033166666666666664
hanseniase,lgbm,origin_201912,1,temp_max_l0,169.0,0.028166666666666666
hanseniase,lgbm,origin_201912,1,temp_max_l1,223.0,0.03716666666666667
hanseniase,lgbm,origin_201912,1,temp_max_l3,177.0,0.0295
hanseniase,lgbm,origin_201912,1,temp_max_l12,188.0,0.03133333333333333
hanseniase,lgbm,origin_201912,1,umid_l0,254.0,0.042333333333333334
hanseniase,lgbm,origin_201912,1,umid_l1,244.0,0.04066666666666666
hanseniase,lgbm,origin_201912,1,umid_l3,194.0,0.03233333333333333
hanseniase,lgbm,origin_201912,1,umid_l12,209.0,0.034833333333333334
hanseniase,lgbm,origin_201912,1,populacao,278.0,0.04633333333333333
hanseniase,lgbm,origin_201912,1,dens_demog,149.0,0.024833333333333332
hanseniase,lgbm,origin_201912,1,ppc,300.0,0.05
hanseniase,lgbm,origin_201912,1,urbanizacao,142.0,0.023666666666666666
hanseniase,lgbm,origin_201912,1,tgt_month,142.0,0.023666666666666666
hanseniase,lgbm,origin_201912,1,mun_id,284.0,0.04733333333333333
hanseniase,catboost,origin_201912,1,n_hanseniase_l0,2.5914193012159976,0.025914193012159973
hanseniase,catboost,origin_201912,1,n_hanseniase_l1,1.522552149843148,0.015225521498431477
hanseniase,catboost,origin_201912,1,n_hanseniase_l2,2.3151569628734725,0.02315156962873472
hanseniase,catboost,origin_201912,1,n_hanseniase_l3,1.0609118571257088,0.010609118571257086
hanseniase,catboost,origin_201912,1,n_hanseniase_l6,2.3457661492628246,0.02345766149262824
hanseniase,catboost,origin_201912,1,n_hanseniase_l12,1.2962425776727822,0.01296242577672782
hanseniase,catboost,origin_201912,1,n_hanseniase_l13,1.1080751173077745,0.011080751173077743
hanseniase,catboost,origin_201912,1,n_hanseniase_r3,10.08446807606378,0.1008446807606378
hanseniase,catboost,origin_201912,1,n_hanseniase_r6,7.975852021575998,0.07975852021575996
hanseniase,catboost,origin_201912,1,n_hanseniase_r12,15.653408144277094,0.15653408144277092
hanseniase,catboost,origin_201912,1,evapot_l0,1.7748382625201782,0.01774838262520178
hanseniase,catboost,origin_201912,1,evapot_l1,1.2189797260568709,0.012189797260568708
hanseniase,catboost,origin_201912,1,evapot_l3,1.6993500572481728,0.016993500572481727
hanseniase,catboost,origin_201912,1,evapot_l12,1.1417458563257454,0.011417458563257453
hanseniase,catboost,origin_201912,1,precip_l0,1.278809631747466,0.012788096317474658
hanseniase,catboost,origin_201912,1,precip_l1,1.8380918703872147,0.018380918703872144
hanseniase,catboost,origin_201912,1,precip_l3,2.438607249785944,0.02438607249785944
hanseniase,catboost,origin_201912,1,precip_l12,1.2443790879963907,0.012443790879963905
hanseniase,catboost,origin_201912,1,temp_min_l0,1.6125610190119417,0.016125610190119415
hanseniase,catboost,origin_201912,1,temp_min_l1,1.211562045481682,0.012115620454816818
hanseniase,catboost,origin_201912,1,temp_min_l3,2.2775185457214113,0.02277518545721411
hanseniase,catboost,origin_201912,1,temp_min_l12,1.5186803931842765,0.015186803931842763
hanseniase,catboost,origin_201912,1,temp_max_l0,2.0482415702910584,0.02048241570291058
hanseniase,catboost,origin_201912,1,temp_max_l1,1.5534837332846825,0.015534837332846822
hanseniase,catboost,origin_201912,1,temp_max_l3,1.569477322613923,0.015694773226139228
hanseniase,catboost,origin_201912,1,temp_max_l12,2.7690858191939434,0.02769085819193943
hanseniase,catboost,origin_201912,1,umid_l0,1.6886047157499733,0.01688604715749973
hanseniase,catboost,origin_201912,1,umid_l1,1.3717024124135135,0.013717024124135134
hanseniase,catboost,origin_201912,1,umid_l3,1.1365200706846916,0.011365200706846915
hanseniase,catboost,origin_201912,1,umid_l12,2.1076942274031376,0.021076942274031372
hanseniase,catboost,origin_201912,1,populacao,5.10090228940639,0.05100902289406389
hanseniase,catboost,origin_201912,1,dens_demog,3.1147745098291715,0.03114774509829171
hanseniase,catboost,origin_201912,1,ppc,5.816641860952814,0.05816641860952813
hanseniase,catboost,origin_201912,1,urbanizacao,3.056235224339134,0.030562352243391336
hanseniase,catboost,origin_201912,1,tgt_month,0.5900828890471997,0.005900828890471997
hanseniase,catboost,origin_201912,1,mun_id,2.8675772521044878,0.028675772521044873
hanseniase,xgboost,origin_201912,1,n_hanseniase_l0,0.12917473912239075,0.12917475402355194
hanseniase,xgboost,origin_201912,1,n_hanseniase_l1,0.0644548311829567,0.06445483863353729
hanseniase,xgboost,origin_201912,1,n_hanseniase_l2,0.006025271024554968,0.006025271490216255
hanseniase,xgboost,origin_201912,1,n_hanseniase_l3,0.0018346821889281273,0.0018346823053434491
hanseniase,xgboost,origin_201912,1,n_hanseniase_l6,0.047156743705272675,0.04715674743056297
hanseniase,xgboost,origin_201912,1,n_hanseniase_l12,0.001896530156955123,0.0018965302733704448
hanseniase,xgboost,origin_201912,1,n_hanseniase_l13,0.0019594363402575254,0.001959436573088169
hanseniase,xgboost,origin_201912,1,n_hanseniase_r3,0.5007255673408508,0.5007256269454956
hanseniase,xgboost,origin_201912,1,n_hanseniase_r6,0.14796046912670135,0.14796048402786255
hanseniase,xgboost,origin_201912,1,n_hanseniase_r12,0.044952861964702606,0.044952865689992905
hanseniase,xgboost,origin_201912,1,evapot_l0,0.0017532319761812687,0.0017532320925965905
hanseniase,xgboost,origin_201912,1,evapot_l1,0.0012383427238091826,0.0012383428402245045
hanseniase,xgboost,origin_201912,1,evapot_l3,0.0017460549715906382,0.00174605508800596
hanseniase,xgboost,origin_201912,1,evapot_l12,0.0018993217963725328,0.0018993219127878547
hanseniase,xgboost,origin_201912,1,precip_l0,0.0016455361619591713,0.0016455362783744931
hanseniase,xgboost,origin_201912,1,precip_l1,0.0016384910559281707,0.0016384911723434925
hanseniase,xgboost,origin_201912,1,precip_l3,0.0017310933908447623,0.0017310935072600842
hanseniase,xgboost,origin_201912,1,precip_l12,0.0016539853531867266,0.0016539854696020484
hanseniase,xgboost,origin_201912,1,temp_min_l0,0.0016299368580803275,0.0016299369744956493
hanseniase,xgboost,origin_201912,1,temp_min_l1,0.0015096412971615791,0.001509641413576901
hanseniase,xgboost,origin_201912,1,temp_min_l3,0.001947508892044425,0.0019475090084597468
hanseniase,xgboost,origin_201912,1,temp_min_l12,0.0017127300379797816,0.0017127301543951035
hanseniase,xgboost,origin_201912,1,temp_max_l0,0.0018326591234654188,0.0018326592398807406
hanseniase,xgboost,origin_201912,1,temp_max_l1,0.0020395172759890556,0.0020395175088196993
hanseniase,xgboost,origin_201912,1,temp_max_l3,0.0018113725818693638,0.0018113726982846856
hanseniase,xgboost,origin_201912,1,temp_max_l12,0.0018263427773490548,0.0018263428937643766
hanseniase,xgboost,origin_201912,1,umid_l0,0.0017112393397837877,0.0017112394561991096
hanseniase,xgboost,origin_201912,1,umid_l1,0.0019639930687844753,0.001963993301615119
hanseniase,xgboost,origin_201912,1,umid_l3,0.0015487258788198233,0.001548725995235145
hanseniase,xgboost,origin_201912,1,umid_l12,0.0016823358600959182,0.00168233597651124
hanseniase,xgboost,origin_201912,1,populacao,0.0023566673044115305,0.002356667537242174
hanseniase,xgboost,origin_201912,1,dens_demog,0.0018260180950164795,0.0018260182114318013
hanseniase,xgboost,origin_201912,1,ppc,0.0026203941088169813,0.002620394341647625
hanseniase,xgboost,origin_201912,1,urbanizacao,0.001612551510334015,0.0016125516267493367
hanseniase,xgboost,origin_201912,1,tgt_month,0.0022685036528855562,0.0022685038857162
hanseniase,xgboost,origin_201912,1,mun_id,0.00865261536091566,0.008652616292238235
hanseniase,lgbm,origin_201912,3,n_hanseniase_l0,97.0,0.016166666666666666
hanseniase,lgbm,origin_201912,3,n_hanseniase_l1,62.0,0.010333333333333333
hanseniase,lgbm,origin_201912,3,n_hanseniase_l2,36.0,0.006
hanseniase,lgbm,origin_201912,3,n_hanseniase_l3,36.0,0.006
hanseniase,lgbm,origin_201912,3,n_hanseniase_l6,55.0,0.009166666666666667
hanseniase,lgbm,origin_201912,3,n_hanseniase_l12,40.0,0.006666666666666667
hanseniase,lgbm,origin_201912,3,n_hanseniase_l13,39.0,0.0065
hanseniase,lgbm,origin_201912,3,n_hanseniase_r3,111.0,0.0185
hanseniase,lgbm,origin_201912,3,n_hanseniase_r6,153.0,0.0255
hanseniase,lgbm,origin_201912,3,n_hanseniase_r12,220.0,0.03666666666666667
hanseniase,lgbm,origin_201912,3,evapot_l0,143.0,0.023833333333333335
hanseniase,lgbm,origin_201912,3,evapot_l1,187.0,0.031166666666666665
hanseniase,lgbm,origin_201912,3,evapot_l3,171.0,0.0285
hanseniase,lgbm,origin_201912,3,evapot_l12,175.0,0.029166666666666667
hanseniase,lgbm,origin_201912,3,precip_l0,190.0,0.03166666666666667
hanseniase,lgbm,origin_201912,3,precip_l1,194.0,0.03233333333333333
hanseniase,lgbm,origin_201912,3,precip_l3,299.0,0.049833333333333334
hanseniase,lgbm,origin_201912,3,precip_l12,229.0,0.03816666666666667
hanseniase,lgbm,origin_201912,3,temp_min_l0,169.0,0.028166666666666666
hanseniase,lgbm,origin_201912,3,temp_min_l1,182.0,0.030333333333333334
hanseniase,lgbm,origin_201912,3,temp_min_l3,203.0,0.03383333333333333
hanseniase,lgbm,origin_201912,3,temp_min_l12,160.0,0.02666666666666667
hanseniase,lgbm,origin_201912,3,temp_max_l0,173.0,0.028833333333333332
hanseniase,lgbm,origin_201912,3,temp_max_l1,174.0,0.029
hanseniase,lgbm,origin_201912,3,temp_max_l3,167.0,0.027833333333333335
hanseniase,lgbm,origin_201912,3,temp_max_l12,178.0,0.029666666666666668
hanseniase,lgbm,origin_201912,3,umid_l0,257.0,0.042833333333333334
hanseniase,lgbm,origin_201912,3,umid_l1,220.0,0.03666666666666667
hanseniase,lgbm,origin_201912,3,umid_l3,233.0,0.03883333333333333
hanseniase,lgbm,origin_201912,3,umid_l12,172.0,0.028666666666666667
hanseniase,lgbm,origin_201912,3,populacao,329.0,0.05483333333333333
hanseniase,lgbm,origin_201912,3,dens_demog,175.0,0.029166666666666667
hanseniase,lgbm,origin_201912,3,ppc,307.0,0.051166666666666666
hanseniase,lgbm,origin_201912,3,urbanizacao,132.0,0.022
hanseniase,lgbm,origin_201912,3,tgt_month,74.0,0.012333333333333333
hanseniase,lgbm,origin_201912,3,mun_id,258.0,0.043
hanseniase,catboost,origin_201912,3,n_hanseniase_l0,2.6732874069966113,0.026732874069966103
hanseniase,catboost,origin_201912,3,n_hanseniase_l1,2.14189045658268,0.021418904565826794
hanseniase,catboost,origin_201912,3,n_hanseniase_l2,1.913805334121185,0.019138053341211842
hanseniase,catboost,origin_201912,3,n_hanseniase_l3,0.9139647813816558,0.009139647813816555
hanseniase,catboost,origin_201912,3,n_hanseniase_l6,0.8170798557766257,0.008170798557766253
hanseniase,catboost,origin_201912,3,n_hanseniase_l12,0.7928227989878391,0.007928227989878389
hanseniase,catboost,origin_201912,3,n_hanseniase_l13,0.567994746375585,0.005679947463755847
hanseniase,catboost,origin_201912,3,n_hanseniase_r3,3.0925973491689445,0.03092597349168943
hanseniase,catboost,origin_201912,3,n_hanseniase_r6,10.829905377944751,0.10829905377944747
hanseniase,catboost,origin_201912,3,n_hanseniase_r12,18.925014866978742,0.18925014866978734
hanseniase,catboost,origin_201912,3,evapot_l0,1.1612625277236521,0.011612625277236516
hanseniase,catboost,origin_201912,3,evapot_l1,1.6911042625024129,0.01691104262502412
hanseniase,catboost,origin_201912,3,evapot_l3,1.1723302833475184,0.01172330283347518
hanseniase,catboost,origin_201912,3,evapot_l12,1.1806682608720396,0.01180668260872039
hanseniase,catboost,origin_201912,3,precip_l0,1.5367393684572233,0.015367393684572225
hanseniase,catboost,origin_201912,3,precip_l1,1.2046992166668622,0.012046992166668618
hanseniase,catboost,origin_201912,3,precip_l3,2.059816285822076,0.02059816285822075
hanseniase,catboost,origin_201912,3,precip_l12,2.5973154669659677,0.025973154669659666
hanseniase,catboost,origin_201912,3,temp_min_l0,1.601001770807599,0.016010017708075985
hanseniase,catboost,origin_201912,3,temp_min_l1,1.6481618545027508,0.016481618545027502
hanseniase,catboost,origin_201912,3,temp_min_l3,2.982639751584998,0.029826397515849968
hanseniase,catboost,origin_201912,3,temp_min_l12,1.123981003910199,0.011239810039101985
hanseniase,catboost,origin_201912,3,temp_max_l0,0.6469063153159132,0.00646906315315913
hanseniase,catboost,origin_201912,3,temp_max_l1,1.945262245244534,0.019452622452445334
hanseniase,catboost,origin_201912,3,temp_max_l3,1.960962175797353,0.01960962175797352
hanseniase,catboost,origin_201912,3,temp_max_l12,1.3616337904677305,0.0136163379046773
hanseniase,catboost,origin_201912,3,umid_l0,1.125964720698437,0.011259647206984365
hanseniase,catboost,origin_201912,3,umid_l1,1.6678329774352134,0.016678329774352126
hanseniase,catboost,origin_201912,3,umid_l3,1.990688959897009,0.019906889598970082
hanseniase,catboost,origin_201912,3,umid_l12,2.1306357608176048,0.02130635760817604
hanseniase,catboost,origin_201912,3,populacao,6.388074212823253,0.0638807421282325
hanseniase,catboost,origin_201912,3,dens_demog,3.276326697639998,0.03276326697639997
hanseniase,catboost,origin_201912,3,ppc,5.224465330177402,0.052244653301774
hanseniase,catboost,origin_201912,3,urbanizacao,3.0970940221128953,0.03097094022112894
hanseniase,catboost,origin_201912,3,tgt_month,0.7858723823399536,0.007858723823399532
hanseniase,catboost,origin_201912,3,mun_id,5.770197381754823,0.057701973817548206
hanseniase,xgboost,origin_201912,3,n_hanseniase_l0,0.1375197321176529,0.1375197172164917
hanseniase,xgboost,origin_201912,3,n_hanseniase_l1,0.12522760033607483,0.12522758543491364
hanseniase,xgboost,origin_201912,3,n_hanseniase_l2,0.004553426522761583,0.004553426057100296
hanseniase,xgboost,origin_201912,3,n_hanseniase_l3,0.0017734509892761707,0.001773450756445527
hanseniase,xgboost,origin_201912,3,n_hanseniase_l6,0.0022880719043314457,0.002288071671500802
hanseniase,xgboost,origin_201912,3,n_hanseniase_l12,0.002197579015046358,0.0021975787822157145
hanseniase,xgboost,origin_201912,3,n_hanseniase_l13,0.0019234678475186229,0.0019234676146879792
hanseniase,xgboost,origin_201912,3,n_hanseniase_r3,0.13792532682418823,0.13792531192302704
hanseniase,xgboost,origin_201912,3,n_hanseniase_r6,0.30005645751953125,0.30005642771720886
hanseniase,xgboost,origin_201912,3,n_hanseniase_r12,0.1938941925764084,0.193894162774086
hanseniase,xgboost,origin_201912,3,evapot_l0,0.0023693465627729893,0.0023693463299423456
hanseniase,xgboost,origin_201912,3,evapot_l1,0.002109647961333394,0.0021096477285027504
hanseniase,xgboost,origin_201912,3,evapot_l3,0.0023259504232555628,0.002325950190424919
hanseniase,xgboost,origin_201912,3,evapot_l12,0.0019998226780444384,0.0019998224452137947
hanseniase,xgboost,origin_201912,3,precip_l0,0.0023548167664557695,0.002354816533625126
hanseniase,xgboost,origin_201912,3,precip_l1,0.001985612791031599,0.0019856125582009554
hanseniase,xgboost,origin_201912,3,precip_l3,0.0022983523085713387,0.002298352075740695
hanseniase,xgboost,origin_201912,3,precip_l12,0.002606303198263049,0.0026063029654324055
hanseniase,xgboost,origin_201912,3,temp_min_l0,0.002226641634479165,0.0022266414016485214
hanseniase,xgboost,origin_201912,3,temp_min_l1,0.002398607786744833,0.0023986075539141893
hanseniase,xgboost,origin_201912,3,temp_min_l3,0.002168727805837989,0.002168727573007345
hanseniase,xgboost,origin_201912,3,temp_min_l12,0.002212965628132224,0.0022129653953015804
hanseniase,xgboost,origin_201912,3,temp_max_l0,0.0021199919283390045,0.002119991695508361
hanseniase,xgboost,origin_201912,3,temp_max_l1,0.0023766043595969677,0.002376604126766324
hanseniase,xgboost,origin_201912,3,temp_max_l3,0.0026411537546664476,0.002641153521835804
hanseniase,xgboost,origin_201912,3,temp_max_l12,0.0022086617536842823,0.0022086615208536386
hanseniase,xgboost,origin_201912,3,umid_l0,0.0023563250433653593,0.0023563248105347157
hanseniase,xgboost,origin_201912,3,umid_l1,0.0023652331437915564,0.0023652329109609127
hanseniase,xgboost,origin_201912,3,umid_l3,0.002331716241315007,0.0023317160084843636
hanseniase,xgboost,origin_201912,3,umid_l12,0.002085453364998102,0.0020854531321674585
hanseniase,xgboost,origin_201912,3,populacao,0.0033161831088364124,0.003316182643175125
hanseniase,xgboost,origin_201912,3,dens_demog,0.0028415087144821882,0.0028415084816515446
hanseniase,xgboost,origin_201912,3,ppc,0.005815694108605385,0.0058156936429440975
hanseniase,xgboost,origin_201912,3,urbanizacao,0.002526594791561365,0.0025265945587307215
hanseniase,xgboost,origin_201912,3,tgt_month,0.0024878643453121185,0.002487864112481475
hanseniase,xgboost,origin_201912,3,mun_id,0.030110962688922882,0.030110958963632584
hanseniase,lgbm,origin_201912,6,n_hanseniase_l0,45.0,0.0075
hanseniase,lgbm,origin_201912,6,n_hanseniase_l1,63.0,0.0105
hanseniase,lgbm,origin_201912,6,n_hanseniase_l2,35.0,0.005833333333333334
hanseniase,lgbm,origin_201912,6,n_hanseniase_l3,51.0,0.0085
hanseniase,lgbm,origin_201912,6,n_hanseniase_l6,51.0,0.0085
hanseniase,lgbm,origin_201912,6,n_hanseniase_l12,31.0,0.005166666666666667
hanseniase,lgbm,origin_201912,6,n_hanseniase_l13,61.0,0.010166666666666666
hanseniase,lgbm,origin_201912,6,n_hanseniase_r3,61.0,0.010166666666666666
hanseniase,lgbm,origin_201912,6,n_hanseniase_r6,125.0,0.020833333333333332
hanseniase,lgbm,origin_201912,6,n_hanseniase_r12,252.0,0.042
hanseniase,lgbm,origin_201912,6,evapot_l0,142.0,0.023666666666666666
hanseniase,lgbm,origin_201912,6,evapot_l1,175.0,0.029166666666666667
hanseniase,lgbm,origin_201912,6,evapot_l3,133.0,0.022166666666666668
hanseniase,lgbm,origin_201912,6,evapot_l12,161.0,0.026833333333333334
hanseniase,lgbm,origin_201912,6,precip_l0,248.0,0.04133333333333333
hanseniase,lgbm,origin_201912,6,precip_l1,213.0,0.0355
hanseniase,lgbm,origin_201912,6,precip_l3,204.0,0.034
hanseniase,lgbm,origin_201912,6,precip_l12,214.0,0.035666666666666666
hanseniase,lgbm,origin_201912,6,temp_min_l0,196.0,0.03266666666666666
hanseniase,lgbm,origin_201912,6,temp_min_l1,158.0,0.026333333333333334
hanseniase,lgbm,origin_201912,6,temp_min_l3,203.0,0.03383333333333333
hanseniase,lgbm,origin_201912,6,temp_min_l12,152.0,0.025333333333333333
hanseniase,lgbm,origin_201912,6,temp_max_l0,167.0,0.027833333333333335
hanseniase,lgbm,origin_201912,6,temp_max_l1,205.0,0.034166666666666665
hanseniase,lgbm,origin_201912,6,temp_max_l3,152.0,0.025333333333333333
hanseniase,lgbm,origin_201912,6,temp_max_l12,197.0,0.03283333333333333
hanseniase,lgbm,origin_201912,6,umid_l0,251.0,0.041833333333333333
hanseniase,lgbm,origin_201912,6,umid_l1,206.0,0.034333333333333334
hanseniase,lgbm,origin_201912,6,umid_l3,213.0,0.0355
hanseniase,lgbm,origin_201912,6,umid_l12,160.0,0.02666666666666667
hanseniase,lgbm,origin_201912,6,populacao,364.0,0.06066666666666667
hanseniase,lgbm,origin_201912,6,dens_demog,235.0,0.03916666666666667
hanseniase,lgbm,origin_201912,6,ppc,325.0,0.05416666666666667
hanseniase,lgbm,origin_201912,6,urbanizacao,177.0,0.0295
hanseniase,lgbm,origin_201912,6,tgt_month,89.0,0.014833333333333334
hanseniase,lgbm,origin_201912,6,mun_id,285.0,0.0475
hanseniase,catboost,origin_201912,6,n_hanseniase_l0,3.919962653510915,0.03919962653510916
hanseniase,catboost,origin_201912,6,n_hanseniase_l1,1.968919153237929,0.019689191532379295
hanseniase,catboost,origin_201912,6,n_hanseniase_l2,1.1284384581440599,0.0112843845814406
hanseniase,catboost,origin_201912,6,n_hanseniase_l3,3.3676586826563137,0.03367658682656314
hanseniase,catboost,origin_201912,6,n_hanseniase_l6,1.8110200668587664,0.018110200668587668
hanseniase,catboost,origin_201912,6,n_hanseniase_l12,0.9159403315401202,0.009159403315401203
hanseniase,catboost,origin_201912,6,n_hanseniase_l13,2.2811156695138917,0.02281115669513892
hanseniase,catboost,origin_201912,6,n_hanseniase_r3,1.2968177589990906,0.012968177589990908
hanseniase,catboost,origin_201912,6,n_hanseniase_r6,5.43071112514159,0.05430711125141591
hanseniase,catboost,origin_201912,6,n_hanseniase_r12,14.107628411846045,0.14107628411846046
hanseniase,catboost,origin_201912,6,evapot_l0,1.2809954637512813,0.012809954637512815
hanseniase,catboost,origin_201912,6,evapot_l1,1.3510366733493981,0.013510366733493984
hanseniase,catboost,origin_201912,6,evapot_l3,0.7608361274869657,0.007608361274869658
hanseniase,catboost,origin_201912,6,evapot_l12,1.4685328677652345,0.014685328677652347
hanseniase,catboost,origin_201912,6,precip_l0,1.912276489066261,0.019122764890662614
hanseniase,catboost,origin_201912,6,precip_l1,1.4564440180819014,0.014564440180819016
hanseniase,catboost,origin_201912,6,precip_l3,1.2799767159775002,0.012799767159775004
hanseniase,catboost,origin_201912,6,precip_l12,1.4459066778585339,0.014459066778585342
hanseniase,catboost,origin_201912,6,temp_min_l0,2.4440815936214464,0.024440815936214468
hanseniase,catboost,origin_201912,6,temp_min_l1,1.4771762218192634,0.014771762218192637
hanseniase,catboost,origin_201912,6,temp_min_l3,2.3444345369887314,0.023444345369887317
hanseniase,catboost,origin_201912,6,temp_min_l12,2.1036080543592326,0.02103608054359233
hanseniase,catboost,origin_201912,6,temp_max_l0,1.9429551577114839,0.019429551577114842
hanseniase,catboost,origin_201912,6,temp_max_l1,2.234825422083679,0.02234825422083679
hanseniase,catboost,origin_201912,6,temp_max_l3,1.2978306532940085,0.012978306532940086
hanseniase,catboost,origin_201912,6,temp_max_l12,2.5156938295712767,0.02515693829571277
hanseniase,catboost,origin_201912,6,umid_l0,2.673964229205846,0.026739642292058465
hanseniase,catboost,origin_201912,6,umid_l1,1.845277985220121,0.018452779852201215
hanseniase,catboost,origin_201912,6,umid_l3,2.4079283858559712,0.024079283858559716
hanseniase,catboost,origin_201912,6,umid_l12,1.097806481030178,0.010978064810301781
hanseniase,catboost,origin_201912,6,populacao,4.584058159071568,0.04584058159071569
hanseniase,catboost,origin_201912,6,dens_demog,3.5035656268560076,0.03503565626856008
hanseniase,catboost,origin_201912,6,ppc,8.845251983740651,0.08845251983740653
hanseniase,catboost,origin_201912,6,urbanizacao,5.604613808205332,0.056046138082053325
hanseniase,catboost,origin_201912,6,tgt_month,0.34078386698571694,0.00340783866985717
hanseniase,catboost,origin_201912,6,mun_id,5.551926659593693,0.05551926659593694
hanseniase,xgboost,origin_201912,6,n_hanseniase_l0,0.046269629150629044,0.046269625425338745
hanseniase,xgboost,origin_201912,6,n_hanseniase_l1,0.12698455154895782,0.12698453664779663
hanseniase,xgboost,origin_201912,6,n_hanseniase_l2,0.0026197247207164764,0.002619724487885833
hanseniase,xgboost,origin_201912,6,n_hanseniase_l3,0.005697100423276424,0.005697099957615137
hanseniase,xgboost,origin_201912,6,n_hanseniase_l6,0.00247938116081059,0.002479380927979946
hanseniase,xgboost,origin_201912,6,n_hanseniase_l12,0.0015860465355217457,0.001586046302691102
hanseniase,xgboost,origin_201912,6,n_hanseniase_l13,0.002602543216198683,0.002602542983368039
hanseniase,xgboost,origin_201912,6,n_hanseniase_r3,0.27275994420051575,0.27275991439819336
hanseniase,xgboost,origin_201912,6,n_hanseniase_r6,0.14168187975883484,0.14168186485767365
hanseniase,xgboost,origin_201912,6,n_hanseniase_r12,0.16402821242809296,0.16402819752693176
hanseniase,xgboost,origin_201912,6,evapot_l0,0.001774784061126411,0.0017747838282957673
hanseniase,xgboost,origin_201912,6,evapot_l1,0.0024183487985283136,0.00241834856569767
hanseniase,xgboost,origin_201912,6,evapot_l3,0.0022717472165822983,0.0022717469837516546
hanseniase,xgboost,origin_201912,6,evapot_l12,0.0025425918865948915,0.002542591653764248
hanseniase,xgboost,origin_201912,6,precip_l0,0.002284982241690159,0.002284982008859515
hanseniase,xgboost,origin_201912,6,precip_l1,0.002212450373917818,0.0022124501410871744
hanseniase,xgboost,origin_201912,6,precip_l3,0.0019133626483380795,0.0019133624155074358
hanseniase,xgboost,origin_201912,6,precip_l12,0.0021091399248689413,0.0021091396920382977
hanseniase,xgboost,origin_201912,6,temp_min_l0,0.0025775497779250145,0.002577549545094371
hanseniase,xgboost,origin_201912,6,temp_min_l1,0.0024130463134497404,0.0024130460806190968
hanseniase,xgboost,origin_201912,6,temp_min_l3,0.002343914471566677,0.0023439142387360334
hanseniase,xgboost,origin_201912,6,temp_min_l12,0.0025169795844703913,0.0025169793516397476
hanseniase,xgboost,origin_201912,6,temp_max_l0,0.002229453297331929,0.0022294530645012856
hanseniase,xgboost,origin_201912,6,temp_max_l1,0.002486415905877948,0.002486415673047304
hanseniase,xgboost,origin_201912,6,temp_max_l3,0.0019420151365920901,0.0019420149037614465
hanseniase,xgboost,origin_201912,6,temp_max_l12,0.0028380639851093292,0.0028380637522786856
hanseniase,xgboost,origin_201912,6,umid_l0,0.002409234642982483,0.0024092344101518393
hanseniase,xgboost,origin_201912,6,umid_l1,0.0022688477765768766,0.002268847543746233
hanseniase,xgboost,origin_201912,6,umid_l3,0.0020838866475969553,0.0020838864147663116
hanseniase,xgboost,origin_201912,6,umid_l12,0.001901791081763804,0.0019017908489331603
hanseniase,xgboost,origin_201912,6,populacao,0.0032631861977279186,0.0032631857320666313
hanseniase,xgboost,origin_201912,6,dens_demog,0.003735113888978958,0.003735113423317671
hanseniase,xgboost,origin_201912,6,ppc,0.006660354323685169,0.006660353392362595
hanseniase,xgboost,origin_201912,6,urbanizacao,0.005071146413683891,0.005071145948022604
hanseniase,xgboost,origin_201912,6,tgt_month,0.0024471746291965246,0.002447174396365881
hanseniase,xgboost,origin_201912,6,mun_id,0.16657546162605286,0.16657544672489166
hanseniase,lgbm,origin_201912,12,n_hanseniase_l0,59.0,0.009833333333333333
hanseniase,lgbm,origin_201912,12,n_hanseniase_l1,32.0,0.005333333333333333
hanseniase,lgbm,origin_201912,12,n_hanseniase_l2,31.0,0.005166666666666667
hanseniase,lgbm,origin_201912,12,n_hanseniase_l3,32.0,0.005333333333333333
hanseniase,lgbm,origin_201912,12,n_hanseniase_l6,33.0,0.0055
hanseniase,lgbm,origin_201912,12,n_hanseniase_l12,44.0,0.007333333333333333
hanseniase,lgbm,origin_201912,12,n_hanseniase_l13,51.0,0.0085
hanseniase,lgbm,origin_201912,12,n_hanseniase_r3,50.0,0.008333333333333333
hanseniase,lgbm,origin_201912,12,n_hanseniase_r6,105.0,0.0175
hanseniase,lgbm,origin_201912,12,n_hanseniase_r12,192.0,0.032
hanseniase,lgbm,origin_201912,12,evapot_l0,192.0,0.032
hanseniase,lgbm,origin_201912,12,evapot_l1,161.0,0.026833333333333334
hanseniase,lgbm,origin_201912,12,evapot_l3,152.0,0.025333333333333333
hanseniase,lgbm,origin_201912,12,evapot_l12,171.0,0.0285
hanseniase,lgbm,origin_201912,12,precip_l0,223.0,0.03716666666666667
hanseniase,lgbm,origin_201912,12,precip_l1,175.0,0.029166666666666667
hanseniase,lgbm,origin_201912,12,precip_l3,250.0,0.041666666666666664
hanseniase,lgbm,origin_201912,12,precip_l12,221.0,0.036833333333333336
hanseniase,lgbm,origin_201912,12,temp_min_l0,185.0,0.030833333333333334
hanseniase,lgbm,origin_201912,12,temp_min_l1,213.0,0.0355
hanseniase,lgbm,origin_201912,12,temp_min_l3,178.0,0.029666666666666668
hanseniase,lgbm,origin_201912,12,temp_min_l12,153.0,0.0255
hanseniase,lgbm,origin_201912,12,temp_max_l0,150.0,0.025
hanseniase,lgbm,origin_201912,12,temp_max_l1,211.0,0.035166666666666666
hanseniase,lgbm,origin_201912,12,temp_max_l3,182.0,0.030333333333333334
hanseniase,lgbm,origin_201912,12,temp_max_l12,170.0,0.028333333333333332
hanseniase,lgbm,origin_201912,12,umid_l0,143.0,0.023833333333333335
hanseniase,lgbm,origin_201912,12,umid_l1,207.0,0.0345
hanseniase,lgbm,origin_201912,12,umid_l3,235.0,0.03916666666666667
hanseniase,lgbm,origin_201912,12,umid_l12,182.0,0.030333333333333334
hanseniase,lgbm,origin_201912,12,populacao,411.0,0.0685
hanseniase,lgbm,origin_201912,12,dens_demog,191.0,0.03183333333333333
hanseniase,lgbm,origin_201912,12,ppc,354.0,0.059
hanseniase,lgbm,origin_201912,12,urbanizacao,264.0,0.044
hanseniase,lgbm,origin_201912,12,tgt_month,83.0,0.013833333333333333
hanseniase,lgbm,origin_201912,12,mun_id,314.0,0.052333333333333336
hanseniase,catboost,origin_201912,12,n_hanseniase_l0,2.43530893104321,0.02435308931043209
hanseniase,catboost,origin_201912,12,n_hanseniase_l1,1.4968423488835156,0.01496842348883515
hanseniase,catboost,origin_201912,12,n_hanseniase_l2,1.9050706712408798,0.01905070671240879
hanseniase,catboost,origin_201912,12,n_hanseniase_l3,1.242627298782766,0.012426272987827655
hanseniase,catboost,origin_201912,12,n_hanseniase_l6,3.3587836198208687,0.033587836198208675
hanseniase,catboost,origin_201912,12,n_hanseniase_l12,2.4836090786433442,0.02483609078643343
hanseniase,catboost,origin_201912,12,n_hanseniase_l13,0.8473722039613446,0.008473722039613442
hanseniase,catboost,origin_201912,12,n_hanseniase_r3,5.858220923395633,0.05858220923395631
hanseniase,catboost,origin_201912,12,n_hanseniase_r6,5.298995149793846,0.05298995149793844
hanseniase,catboost,origin_201912,12,n_hanseniase_r12,8.404397542225084,0.0840439754222508
hanseniase,catboost,origin_201912,12,evapot_l0,0.9882029037112748,0.009882029037112744
hanseniase,catboost,origin_201912,12,evapot_l1,2.4342103124904306,0.024342103124904296
hanseniase,catboost,origin_201912,12,evapot_l3,1.153939925075614,0.011539399250756135
hanseniase,catboost,origin_201912,12,evapot_l12,1.6216176152066726,0.01621617615206672
hanseniase,catboost,origin_201912,12,precip_l0,2.108568301330234,0.021085683013302332
hanseniase,catboost,origin_201912,12,precip_l1,1.2960063018085697,0.012960063018085692
hanseniase,catboost,origin_201912,12,precip_l3,1.8957137054566584,0.018957137054566576
hanseniase,catboost,origin_201912,12,precip_l12,1.570677349001608,0.015706773490016073
hanseniase,catboost,origin_201912,12,temp_min_l0,1.016322569076664,0.010163225690766635
hanseniase,catboost,origin_201912,12,temp_min_l1,1.8252833773999655,0.01825283377399965
hanseniase,catboost,origin_201912,12,temp_min_l3,1.8855984114142132,0.018855984114142126
hanseniase,catboost,origin_201912,12,temp_min_l12,1.9626973118290927,0.019626973118290918
hanseniase,catboost,origin_201912,12,temp_max_l0,1.0519391530499964,0.01051939153049996
hanseniase,catboost,origin_201912,12,temp_max_l1,1.509594851674535,0.015095948516745344
hanseniase,catboost,origin_201912,12,temp_max_l3,1.098990244493859,0.010989902444938585
hanseniase,catboost,origin_201912,12,temp_max_l12,2.148148419706872,0.02148148419706871
hanseniase,catboost,origin_201912,12,umid_l0,1.1116844912989217,0.011116844912989213
hanseniase,catboost,origin_201912,12,umid_l1,2.121110163659791,0.0212111016365979
hanseniase,catboost,origin_201912,12,umid_l3,1.0342623163747908,0.010342623163747905
hanseniase,catboost,origin_201912,12,umid_l12,1.9201422751058592,0.019201422751058583
hanseniase,catboost,origin_201912,12,populacao,6.203576516066959,0.06203576516066956
hanseniase,catboost,origin_201912,12,dens_demog,3.8816260301657532,0.03881626030165752
hanseniase,catboost,origin_201912,12,ppc,10.48996212830206,0.10489962128302056
hanseniase,catboost,origin_201912,12,urbanizacao,6.278144317254279,0.06278144317254276
hanseniase,catboost,origin_201912,12,tgt_month,0.36707874258834217,0.00367078742588342
hanseniase,catboost,origin_201912,12,mun_id,7.69367449866653,0.07693674498666526
hanseniase,xgboost,origin_201912,12,n_hanseniase_l0,0.07461100816726685,0.07461101561784744
hanseniase,xgboost,origin_201912,12,n_hanseniase_l1,0.00448248814791441,0.004482488613575697
hanseniase,xgboost,origin_201912,12,n_hanseniase_l2,0.011271432042121887,0.011271432973444462
hanseniase,xgboost,origin_201912,12,n_hanseniase_l3,0.0028644921258091927,0.0028644923586398363
hanseniase,xgboost,origin_201912,12,n_hanseniase_l6,0.004799714777618647,0.004799715243279934
hanseniase,xgboost,origin_201912,12,n_hanseniase_l12,0.0027407400775700808,0.0027407403104007244
hanseniase,xgboost,origin_201912,12,n_hanseniase_l13,0.0049330005422234535,0.004933001007884741
hanseniase,xgboost,origin_201912,12,n_hanseniase_r3,0.10166748613119125,0.10166750103235245
hanseniase,xgboost,origin_201912,12,n_hanseniase_r6,0.05834813416004181,0.058348141610622406
hanseniase,xgboost,origin_201912,12,n_hanseniase_r12,0.371065616607666,0.3710656464099884
hanseniase,xgboost,origin_201912,12,evapot_l0,0.0024085065815597773,0.002408506814390421
hanseniase,xgboost,origin_201912,12,evapot_l1,0.002744212979450822,0.0027442132122814655
hanseniase,xgboost,origin_201912,12,evapot_l3,0.002482126234099269,0.0024821264669299126
hanseniase,xgboost,origin_201912,12,evapot_l12,0.0027807876467704773,0.002780787879601121
hanseniase,xgboost,origin_201912,12,precip_l0,0.002916310215368867,0.0029163104481995106
hanseniase,xgboost,origin_201912,12,precip_l1,0.0023042524699121714,0.002304252702742815
hanseniase,xgboost,origin_201912,12,precip_l3,0.0035323703195899725,0.00353237078525126
hanseniase,xgboost,origin_201912,12,precip_l12,0.0027086909394711256,0.0027086911723017693
hanseniase,xgboost,origin_201912,12,temp_min_l0,0.002933778101578355,0.002933778567239642
hanseniase,xgboost,origin_201912,12,temp_min_l1,0.0028364735189825296,0.0028364737518131733
hanseniase,xgboost,origin_201912,12,temp_min_l3,0.0024148679804056883,0.002414868213236332
hanseniase,xgboost,origin_201912,12,temp_min_l12,0.0033687276300042868,0.003368728095665574
hanseniase,xgboost,origin_201912,12,temp_max_l0,0.0027557185385376215,0.002755718771368265
hanseniase,xgboost,origin_201912,12,temp_max_l1,0.0030596426222473383,0.0030596430879086256
hanseniase,xgboost,origin_201912,12,temp_max_l3,0.0025084135122597218,0.0025084137450903654
hanseniase,xgboost,origin_201912,12,temp_max_l12,0.0026534111239016056,0.0026534113567322493
hanseniase,xgboost,origin_201912,12,umid_l0,0.002510079415515065,0.002510079648345709
hanseniase,xgboost,origin_201912,12,umid_l1,0.002707880921661854,0.0027078811544924974
hanseniase,xgboost,origin_201912,12,umid_l3,0.0025844869669526815,0.002584487199783325
hanseniase,xgboost,origin_201912,12,umid_l12,0.0024968923535197973,0.002496892586350441
hanseniase,xgboost,origin_201912,12,populacao,0.004936052951961756,0.004936053417623043
hanseniase,xgboost,origin_201912,12,dens_demog,0.00503065949305892,0.005030659958720207
hanseniase,xgboost,origin_201912,12,ppc,0.010702045634388924,0.010702046565711498
hanseniase,xgboost,origin_201912,12,urbanizacao,0.00942760705947876,0.009427607990801334
hanseniase,xgboost,origin_201912,12,tgt_month,0.0033387134317308664,0.0033387138973921537
hanseniase,xgboost,origin_201912,12,mun_id,0.2750731110572815,0.2750731408596039
hanseniase,lgbm,origin_202012,1,n_hanseniase_l0,98.0,0.01633333333333333
hanseniase,lgbm,origin_202012,1,n_hanseniase_l1,55.0,0.009166666666666667
hanseniase,lgbm,origin_202012,1,n_hanseniase_l2,51.0,0.0085
hanseniase,lgbm,origin_202012,1,n_hanseniase_l3,62.0,0.010333333333333333
hanseniase,lgbm,origin_202012,1,n_hanseniase_l6,52.0,0.008666666666666666
hanseniase,lgbm,origin_202012,1,n_hanseniase_l12,77.0,0.012833333333333334
hanseniase,lgbm,origin_202012,1,n_hanseniase_l13,77.0,0.012833333333333334
hanseniase,lgbm,origin_202012,1,n_hanseniase_r3,104.0,0.017333333333333333
hanseniase,lgbm,origin_202012,1,n_hanseniase_r6,114.0,0.019
hanseniase,lgbm,origin_202012,1,n_hanseniase_r12,249.0,0.0415
hanseniase,lgbm,origin_202012,1,evapot_l0,126.0,0.021
hanseniase,lgbm,origin_202012,1,evapot_l1,148.0,0.024666666666666667
hanseniase,lgbm,origin_202012,1,evapot_l3,222.0,0.037
hanseniase,lgbm,origin_202012,1,evapot_l12,192.0,0.032
hanseniase,lgbm,origin_202012,1,precip_l0,196.0,0.03266666666666666
hanseniase,lgbm,origin_202012,1,precip_l1,220.0,0.03666666666666667
hanseniase,lgbm,origin_202012,1,precip_l3,216.0,0.036
hanseniase,lgbm,origin_202012,1,precip_l12,181.0,0.030166666666666668
hanseniase,lgbm,origin_202012,1,temp_min_l0,210.0,0.035
hanseniase,lgbm,origin_202012,1,temp_min_l1,146.0,0.024333333333333332
hanseniase,lgbm,origin_202012,1,temp_min_l3,217.0,0.036166666666666666
hanseniase,lgbm,origin_202012,1,temp_min_l12,205.0,0.034166666666666665
hanseniase,lgbm,origin_202012,1,temp_max_l0,165.0,0.0275
hanseniase,lgbm,origin_202012,1,temp_max_l1,211.0,0.035166666666666666
hanseniase,lgbm,origin_202012,1,temp_max_l3,166.0,0.027666666666666666
hanseniase,lgbm,origin_202012,1,temp_max_l12,203.0,0.03383333333333333
hanseniase,lgbm,origin_202012,1,umid_l0,245.0,0.04083333333333333
hanseniase,lgbm,origin_202012,1,umid_l1,222.0,0.037
hanseniase,lgbm,origin_202012,1,umid_l3,192.0,0.032
hanseniase,lgbm,origin_202012,1,umid_l12,190.0,0.03166666666666667
hanseniase,lgbm,origin_202012,1,populacao,272.0,0.04533333333333334
hanseniase,lgbm,origin_202012,1,dens_demog,142.0,0.023666666666666666
hanseniase,lgbm,origin_202012,1,ppc,246.0,0.041
hanseniase,lgbm,origin_202012,1,urbanizacao,121.0,0.020166666666666666
hanseniase,lgbm,origin_202012,1,tgt_month,132.0,0.022
hanseniase,lgbm,origin_202012,1,mun_id,275.0,0.04583333333333333
hanseniase,catboost,origin_202012,1,n_hanseniase_l0,3.1845242645861775,0.031845242645861756
hanseniase,catboost,origin_202012,1,n_hanseniase_l1,1.9975346520400512,0.019975346520400502
hanseniase,catboost,origin_202012,1,n_hanseniase_l2,0.39100619885239424,0.00391006198852394
hanseniase,catboost,origin_202012,1,n_hanseniase_l3,1.6378643171235499,0.01637864317123549
hanseniase,catboost,origin_202012,1,n_hanseniase_l6,0.5162442214394121,0.005162442214394118
hanseniase,catboost,origin_202012,1,n_hanseniase_l12,0.8977196721375986,0.008977196721375981
hanseniase,catboost,origin_202012,1,n_hanseniase_l13,0.9673450720550832,0.009673450720550827
hanseniase,catboost,origin_202012,1,n_hanseniase_r3,6.196125155763609,0.06196125155763605
hanseniase,catboost,origin_202012,1,n_hanseniase_r6,6.957558997705569,0.06957558997705565
hanseniase,catboost,origin_202012,1,n_hanseniase_r12,23.294003407248994,0.2329400340724898
hanseniase,catboost,origin_202012,1,evapot_l0,1.8486643710424913,0.018486643710424903
hanseniase,catboost,origin_202012,1,evapot_l1,0.5618602552326676,0.0056186025523266726
hanseniase,catboost,origin_202012,1,evapot_l3,1.5054227668113447,0.015054227668113438
hanseniase,catboost,origin_202012,1,evapot_l12,1.1152676782026822,0.011152676782026817
hanseniase,catboost,origin_202012,1,precip_l0,1.7614563367754843,0.017614563367754833
hanseniase,catboost,origin_202012,1,precip_l1,1.4140161853291555,0.014140161853291547
hanseniase,catboost,origin_202012,1,precip_l3,2.4519247599729868,0.024519247599729854
hanseniase,catboost,origin_202012,1,precip_l12,1.282638828472152,0.012826388284721511
hanseniase,catboost,origin_202012,1,temp_min_l0,1.8652350021565158,0.018652350021565147
hanseniase,catboost,origin_202012,1,temp_min_l1,1.0998993764375664,0.010998993764375659
hanseniase,catboost,origin_202012,1,temp_min_l3,2.1828933576666536,0.021828933576666525
hanseniase,catboost,origin_202012,1,temp_min_l12,2.0244211885963335,0.02024421188596332
hanseniase,catboost,origin_202012,1,temp_max_l0,1.9879566614339923,0.01987956661433991
hanseniase,catboost,origin_202012,1,temp_max_l1,1.3491743571168142,0.013491743571168134
hanseniase,catboost,origin_202012,1,temp_max_l3,1.7105634438588546,0.017105634438588535
hanseniase,catboost,origin_202012,1,temp_max_l12,1.6399737997252235,0.016399737997252226
hanseniase,catboost,origin_202012,1,umid_l0,1.7005042779330874,0.017005042779330865
hanseniase,catboost,origin_202012,1,umid_l1,1.8387129412572083,0.018387129412572072
hanseniase,catboost,origin_202012,1,umid_l3,2.0929809871141094,0.020929809871141083
hanseniase,catboost,origin_202012,1,umid_l12,2.0069540466605362,0.020069540466605352
hanseniase,catboost,origin_202012,1,populacao,9.828398330495839,0.09828398330495833
hanseniase,catboost,origin_202012,1,dens_demog,2.2233350699058287,0.022233350699058275
hanseniase,catboost,origin_202012,1,ppc,3.0185936214436735,0.03018593621443672
hanseniase,catboost,origin_202012,1,urbanizacao,1.6301774104880689,0.01630177410488068
hanseniase,catboost,origin_202012,1,tgt_month,0.44343156385714744,0.004434315638571472
hanseniase,catboost,origin_202012,1,mun_id,3.375617423061184,0.03375617423061182
hanseniase,xgboost,origin_202012,1,n_hanseniase_l0,0.10671459883451462,0.10671458393335342
hanseniase,xgboost,origin_202012,1,n_hanseniase_l1,0.04243108630180359,0.04243108257651329
hanseniase,xgboost,origin_202012,1,n_hanseniase_l2,0.04116809740662575,0.04116809368133545
hanseniase,xgboost,origin_202012,1,n_hanseniase_l3,0.006507898680865765,0.00650789774954319
hanseniase,xgboost,origin_202012,1,n_hanseniase_l6,0.0018426586175337434,0.0018426583847030997
hanseniase,xgboost,origin_202012,1,n_hanseniase_l12,0.002038695150986314,0.00203869491815567
hanseniase,xgboost,origin_202012,1,n_hanseniase_l13,0.001984995324164629,0.0019849950913339853
hanseniase,xgboost,origin_202012,1,n_hanseniase_r3,0.5402243733406067,0.5402243137359619
hanseniase,xgboost,origin_202012,1,n_hanseniase_r6,0.13934075832366943,0.13934074342250824
hanseniase,xgboost,origin_202012,1,n_hanseniase_r12,0.06235712394118309,0.06235711649060249
hanseniase,xgboost,origin_202012,1,evapot_l0,0.0015082244062796235,0.0015082241734489799
hanseniase,xgboost,origin_202012,1,evapot_l1,0.0014434870099648833,0.0014434868935495615
hanseniase,xgboost,origin_202012,1,evapot_l3,0.0016461954219266772,0.0016461951890960336
hanseniase,xgboost,origin_202012,1,evapot_l12,0.0019102920778095722,0.0019102918449789286
hanseniase,xgboost,origin_202012,1,precip_l0,0.0018760963575914502,0.0018760961247608066
hanseniase,xgboost,origin_202012,1,precip_l1,0.0018177515594288707,0.001817751326598227
hanseniase,xgboost,origin_202012,1,precip_l3,0.0016127253184095025,0.0016127250855788589
hanseniase,xgboost,origin_202012,1,precip_l12,0.0017263286281377077,0.001726328395307064
hanseniase,xgboost,origin_202012,1,temp_min_l0,0.0018919603899121284,0.0018919601570814848
hanseniase,xgboost,origin_202012,1,temp_min_l1,0.0016954266466200352,0.0016954264137893915
hanseniase,xgboost,origin_202012,1,temp_min_l3,0.0018050314392894506,0.001805031206458807
hanseniase,xgboost,origin_202012,1,temp_min_l12,0.0017507305601611733,0.0017507303273305297
hanseniase,xgboost,origin_202012,1,temp_max_l0,0.001866771373897791,0.0018667711410671473
hanseniase,xgboost,origin_202012,1,temp_max_l1,0.0018255924805998802,0.0018255922477692366
hanseniase,xgboost,origin_202012,1,temp_max_l3,0.001758585567586124,0.0017585853347554803
hanseniase,xgboost,origin_202012,1,temp_max_l12,0.0018087381031364202,0.0018087378703057766
hanseniase,xgboost,origin_202012,1,umid_l0,0.001799079473130405,0.0017990792402997613
hanseniase,xgboost,origin_202012,1,umid_l1,0.001962144859135151,0.0019621446263045073
hanseniase,xgboost,origin_202012,1,umid_l3,0.0018129696836695075,0.0018129694508388638
hanseniase,xgboost,origin_202012,1,umid_l12,0.0016067033866420388,0.0016067031538113952
hanseniase,xgboost,origin_202012,1,populacao,0.0020735585130751133,0.0020735582802444696
hanseniase,xgboost,origin_202012,1,dens_demog,0.001887752441689372,0.0018877522088587284
hanseniase,xgboost,origin_202012,1,ppc,0.0031150109134614468,0.0031150104478001595
hanseniase,xgboost,origin_202012,1,urbanizacao,0.002886090660467744,0.0028860904276371002
hanseniase,xgboost,origin_202012,1,tgt_month,0.002325210254639387,0.0023252100218087435
hanseniase,xgboost,origin_202012,1,mun_id,0.00797728355973959,0.007977282628417015
hanseniase,lgbm,origin_202012,3,n_hanseniase_l0,78.0,0.013
hanseniase,lgbm,origin_202012,3,n_hanseniase_l1,93.0,0.0155
hanseniase,lgbm,origin_202012,3,n_hanseniase_l2,39.0,0.0065
hanseniase,lgbm,origin_202012,3,n_hanseniase_l3,47.0,0.007833333333333333
hanseniase,lgbm,origin_202012,3,n_hanseniase_l6,74.0,0.012333333333333333
hanseniase,lgbm,origin_202012,3,n_hanseniase_l12,30.0,0.005
hanseniase,lgbm,origin_202012,3,n_hanseniase_l13,57.0,0.0095
hanseniase,lgbm,origin_202012,3,n_hanseniase_r3,78.0,0.013
hanseniase,lgbm,origin_202012,3,n_hanseniase_r6,134.0,0.022333333333333334
hanseniase,lgbm,origin_202012,3,n_hanseniase_r12,209.0,0.034833333333333334
hanseniase,lgbm,origin_202012,3,evapot_l0,152.0,0.025333333333333333
hanseniase,lgbm,origin_202012,3,evapot_l1,196.0,0.03266666666666666
hanseniase,lgbm,origin_202012,3,evapot_l3,151.0,0.025166666666666667
hanseniase,lgbm,origin_202012,3,evapot_l12,160.0,0.02666666666666667
hanseniase,lgbm,origin_202012,3,precip_l0,164.0,0.027333333333333334
hanseniase,lgbm,origin_202012,3,precip_l1,224.0,0.037333333333333336
hanseniase,lgbm,origin_202012,3,precip_l3,289.0,0.04816666666666667
hanseniase,lgbm,origin_202012,3,precip_l12,215.0,0.035833333333333335
hanseniase,lgbm,origin_202012,3,temp_min_l0,170.0,0.028333333333333332
hanseniase,lgbm,origin_202012,3,temp_min_l1,194.0,0.03233333333333333
hanseniase,lgbm,origin_202012,3,temp_min_l3,183.0,0.0305
hanseniase,lgbm,origin_202012,3,temp_min_l12,214.0,0.035666666666666666
hanseniase,lgbm,origin_202012,3,temp_max_l0,183.0,0.0305
hanseniase,lgbm,origin_202012,3,temp_max_l1,151.0,0.025166666666666667
hanseniase,lgbm,origin_202012,3,temp_max_l3,158.0,0.026333333333333334
hanseniase,lgbm,origin_202012,3,temp_max_l12,171.0,0.0285
hanseniase,lgbm,origin_202012,3,umid_l0,256.0,0.042666666666666665
hanseniase,lgbm,origin_202012,3,umid_l1,228.0,0.038
hanseniase,lgbm,origin_202012,3,umid_l3,239.0,0.03983333333333333
hanseniase,lgbm,origin_202012,3,umid_l12,190.0,0.03166666666666667
hanseniase,lgbm,origin_202012,3,populacao,297.0,0.0495
hanseniase,lgbm,origin_202012,3,dens_demog,128.0,0.021333333333333333
hanseniase,lgbm,origin_202012,3,ppc,345.0,0.0575
hanseniase,lgbm,origin_202012,3,urbanizacao,160.0,0.02666666666666667
hanseniase,lgbm,origin_202012,3,tgt_month,62.0,0.010333333333333333
hanseniase,lgbm,origin_202012,3,mun_id,281.0,0.04683333333333333
hanseniase,catboost,origin_202012,3,n_hanseniase_l0,1.6298325620458372,0.01629832562045837
hanseniase,catboost,origin_202012,3,n_hanseniase_l1,5.028941011723373,0.05028941011723373
hanseniase,catboost,origin_202012,3,n_hanseniase_l2,1.2499918436028092,0.012499918436028093
hanseniase,catboost,origin_202012,3,n_hanseniase_l3,2.5375934075453235,0.025375934075453233
hanseniase,catboost,origin_202012,3,n_hanseniase_l6,1.119953877074832,0.011199538770748321
hanseniase,catboost,origin_202012,3,n_hanseniase_l12,0.9145268326120509,0.009145268326120509
hanseniase,catboost,origin_202012,3,n_hanseniase_l13,0.6236352644517102,0.006236352644517103
hanseniase,catboost,origin_202012,3,n_hanseniase_r3,2.715973485904933,0.027159734859049333
hanseniase,catboost,origin_202012,3,n_hanseniase_r6,8.876524112230477,0.08876524112230477
hanseniase,catboost,origin_202012,3,n_hanseniase_r12,16.047623430358357,0.16047623430358357
hanseniase,catboost,origin_202012,3,evapot_l0,1.3280742570358786,0.013280742570358786
hanseniase,catboost,origin_202012,3,evapot_l1,1.3687922502820484,0.013687922502820485
hanseniase,catboost,origin_202012,3,evapot_l3,1.4547808526404513,0.014547808526404513
hanseniase,catboost,origin_202012,3,evapot_l12,1.1764756105745242,0.011764756105745242
hanseniase,catboost,origin_202012,3,precip_l0,1.2140591446967066,0.012140591446967067
hanseniase,catboost,origin_202012,3,precip_l1,1.8204728149933698,0.018204728149933697
hanseniase,catboost,origin_202012,3,precip_l3,1.772684775054261,0.017726847750542608
hanseniase,catboost,origin_202012,3,precip_l12,2.4214980229197147,0.024214980229197148
hanseniase,catboost,origin_202012,3,temp_min_l0,1.871422395144485,0.018714223951444852
hanseniase,catboost,origin_202012,3,temp_min_l1,2.2705742678464604,0.022705742678464605
hanseniase,catboost,origin_202012,3,temp_min_l3,2.700413741422719,0.027004137414227188
hanseniase,catboost,origin_202012,3,temp_min_l12,1.8555626240543015,0.018555626240543015
hanseniase,catboost,origin_202012,3,temp_max_l0,0.8042398377061328,0.008042398377061328
hanseniase,catboost,origin_202012,3,temp_max_l1,1.495309441950393,0.01495309441950393
hanseniase,catboost,origin_202012,3,temp_max_l3,1.7231849854363743,0.017231849854363743
hanseniase,catboost,origin_202012,3,temp_max_l12,1.6468480691161191,0.01646848069116119
hanseniase,catboost,origin_202012,3,umid_l0,2.5993363933929547,0.025993363933929547
hanseniase,catboost,origin_202012,3,umid_l1,2.452673641184318,0.024526736411843178
hanseniase,catboost,origin_202012,3,umid_l3,1.1886188235289972,0.011886188235289972
hanseniase,catboost,origin_202012,3,umid_l12,1.359758642942767,0.01359758642942767
hanseniase,catboost,origin_202012,3,populacao,5.291159377658543,0.05291159377658543
hanseniase,catboost,origin_202012,3,dens_demog,3.2646250001038997,0.032646250001039
hanseniase,catboost,origin_202012,3,ppc,7.724447390686353,0.07724447390686354
hanseniase,catboost,origin_202012,3,urbanizacao,2.582178667101278,0.02582178667101278
hanseniase,catboost,origin_202012,3,tgt_month,1.2082650650140092,0.012082650650140091
hanseniase,catboost,origin_202012,3,mun_id,4.659948079963227,0.04659948079963227
hanseniase,xgboost,origin_202012,3,n_hanseniase_l0,0.18516801297664642,0.18516799807548523
hanseniase,xgboost,origin_202012,3,n_hanseniase_l1,0.05360187217593193,0.053601864725351334
hanseniase,xgboost,origin_202012,3,n_hanseniase_l2,0.023701734840869904,0.023701731115579605
hanseniase,xgboost,origin_202012,3,n_hanseniase_l3,0.0030253322329372168,0.0030253317672759295
hanseniase,xgboost,origin_202012,3,n_hanseniase_l6,0.0024074441753327847,0.002407443942502141
hanseniase,xgboost,origin_202012,3,n_hanseniase_l12,0.0019331139046698809,0.0019331136718392372
hanseniase,xgboost,origin_202012,3,n_hanseniase_l13,0.0022842080798000097,0.002284207846969366
hanseniase,xgboost,origin_202012,3,n_hanseniase_r3,0.17631025612354279,0.1763102412223816
hanseniase,xgboost,origin_202012,3,n_hanseniase_r6,0.3155319392681122,0.3155319094657898
hanseniase,xgboost,origin_202012,3,n_hanseniase_r12,0.1517466902732849,0.15174667537212372
hanseniase,xgboost,origin_202012,3,evapot_l0,0.0021374383941292763,0.0021374381612986326
hanseniase,xgboost,origin_202012,3,evapot_l1,0.0021199663169682026,0.002119966084137559
hanseniase,xgboost,origin_202012,3,evapot_l3,0.0020118006505072117,0.002011800417676568
hanseniase,xgboost,origin_202012,3,evapot_l12,0.0018453017110005021,0.0018453014781698585
hanseniase,xgboost,origin_202012,3,precip_l0,0.0020926983561366796,0.002092698123306036
hanseniase,xgboost,origin_202012,3,precip_l1,0.0023976184893399477,0.002397618256509304
hanseniase,xgboost,origin_202012,3,precip_l3,0.002390832407400012,0.0023908321745693684
hanseniase,xgboost,origin_202012,3,precip_l12,0.002352230716496706,0.0023522304836660624
hanseniase,xgboost,origin_202012,3,temp_min_l0,0.0021482345182448626,0.002148234285414219
hanseniase,xgboost,origin_202012,3,temp_min_l1,0.00282076233997941,0.0028207621071487665
hanseniase,xgboost,origin_202012,3,temp_min_l3,0.0025220687966793776,0.002522068563848734
hanseniase,xgboost,origin_202012,3,temp_min_l12,0.0019322567386552691,0.0019322565058246255
hanseniase,xgboost,origin_202012,3,temp_max_l0,0.002162196906283498,0.002162196673452854
hanseniase,xgboost,origin_202012,3,temp_max_l1,0.0023200493305921555,0.002320049097761512
hanseniase,xgboost,origin_202012,3,temp_max_l3,0.0023361879866570234,0.0023361877538263798
hanseniase,xgboost,origin_202012,3,temp_max_l12,0.0020582578144967556,0.002058257581666112
hanseniase,xgboost,origin_202012,3,umid_l0,0.0024151455145329237,0.00241514528170228
hanseniase,xgboost,origin_202012,3,umid_l1,0.002513615181669593,0.002513614948838949
hanseniase,xgboost,origin_202012,3,umid_l3,0.0027025812305510044,0.0027025809977203608
hanseniase,xgboost,origin_202012,3,umid_l12,0.0022477812599390745,0.002247781027108431
hanseniase,xgboost,origin_202012,3,populacao,0.0028483320493251085,0.002848331816494465
hanseniase,xgboost,origin_202012,3,dens_demog,0.003642862197011709,0.003642861731350422
hanseniase,xgboost,origin_202012,3,ppc,0.005911226850003004,0.0059112259186804295
hanseniase,xgboost,origin_202012,3,urbanizacao,0.0027789375744760036,0.00277893734164536
hanseniase,xgboost,origin_202012,3,tgt_month,0.0023734052665531635,0.00237340503372252
hanseniase,xgboost,origin_202012,3,mun_id,0.021207712590694427,0.021207710728049278
hanseniase,lgbm,origin_202012,6,n_hanseniase_l0,42.0,0.007
hanseniase,lgbm,origin_202012,6,n_hanseniase_l1,45.0,0.0075
hanseniase,lgbm,origin_202012,6,n_hanseniase_l2,14.0,0.0023333333333333335
hanseniase,lgbm,origin_202012,6,n_hanseniase_l3,54.0,0.009
hanseniase,lgbm,origin_202012,6,n_hanseniase_l6,38.0,0.006333333333333333
hanseniase,lgbm,origin_202012,6,n_hanseniase_l12,32.0,0.005333333333333333
hanseniase,lgbm,origin_202012,6,n_hanseniase_l13,79.0,0.013166666666666667
hanseniase,lgbm,origin_202012,6,n_hanseniase_r3,53.0,0.008833333333333334
hanseniase,lgbm,origin_202012,6,n_hanseniase_r6,130.0,0.021666666666666667
hanseniase,lgbm,origin_202012,6,n_hanseniase_r12,238.0,0.03966666666666667
hanseniase,lgbm,origin_202012,6,evapot_l0,139.0,0.023166666666666665
hanseniase,lgbm,origin_202012,6,evapot_l1,176.0,0.029333333333333333
hanseniase,lgbm,origin_202012,6,evapot_l3,158.0,0.026333333333333334
hanseniase,lgbm,origin_202012,6,evapot_l12,155.0,0.025833333333333333
hanseniase,lgbm,origin_202012,6,precip_l0,236.0,0.03933333333333333
hanseniase,lgbm,origin_202012,6,precip_l1,167.0,0.027833333333333335
hanseniase,lgbm,origin_202012,6,precip_l3,233.0,0.03883333333333333
hanseniase,lgbm,origin_202012,6,precip_l12,221.0,0.036833333333333336
hanseniase,lgbm,origin_202012,6,temp_min_l0,208.0,0.034666666666666665
hanseniase,lgbm,origin_202012,6,temp_min_l1,136.0,0.02266666666666667
hanseniase,lgbm,origin_202012,6,temp_min_l3,180.0,0.03
hanseniase,lgbm,origin_202012,6,temp_min_l12,184.0,0.030666666666666665
hanseniase,lgbm,origin_202012,6,temp_max_l0,168.0,0.028
hanseniase,lgbm,origin_202012,6,temp_max_l1,221.0,0.036833333333333336
hanseniase,lgbm,origin_202012,6,temp_max_l3,170.0,0.028333333333333332
hanseniase,lgbm,origin_202012,6,temp_max_l12,211.0,0.035166666666666666
hanseniase,lgbm,origin_202012,6,umid_l0,239.0,0.03983333333333333
hanseniase,lgbm,origin_202012,6,umid_l1,201.0,0.0335
hanseniase,lgbm,origin_202012,6,umid_l3,216.0,0.036
hanseniase,lgbm,origin_202012,6,umid_l12,162.0,0.027
hanseniase,lgbm,origin_202012,6,populacao,328.0,0.05466666666666667
hanseniase,lgbm,origin_202012,6,dens_demog,237.0,0.0395
hanseniase,lgbm,origin_202012,6,ppc,390.0,0.065
hanseniase,lgbm,origin_202012,6,urbanizacao,176.0,0.029333333333333333
hanseniase,lgbm,origin_202012,6,tgt_month,91.0,0.015166666666666667
hanseniase,lgbm,origin_202012,6,mun_id,272.0,0.04533333333333334
hanseniase,catboost,origin_202012,6,n_hanseniase_l0,0.6731392244585251,0.00673139224458525
hanseniase,catboost,origin_202012,6,n_hanseniase_l1,0.40114304316374055,0.0040114304316374045
hanseniase,catboost,origin_202012,6,n_hanseniase_l2,2.3126486332632696,0.02312648633263269
hanseniase,catboost,origin_202012,6,n_hanseniase_l3,2.7581542224033093,0.027581542224033084
hanseniase,catboost,origin_202012,6,n_hanseniase_l6,1.0434157753070576,0.010434157753070574
hanseniase,catboost,origin_202012,6,n_hanseniase_l12,1.862427539554844,0.018624275395548433
hanseniase,catboost,origin_202012,6,n_hanseniase_l13,1.4699058469685364,0.014699058469685361
hanseniase,catboost,origin_202012,6,n_hanseniase_r3,5.8351394546520226,0.05835139454652021
hanseniase,catboost,origin_202012,6,n_hanseniase_r6,6.322510266400344,0.06322510266400343
hanseniase,catboost,origin_202012,6,n_hanseniase_r12,13.482316864957172,0.13482316864957167
hanseniase,catboost,origin_202012,6,evapot_l0,0.7408010284258403,0.0074080102842584
hanseniase,catboost,origin_202012,6,evapot_l1,1.174746139034215,0.011747461390342148
hanseniase,catboost,origin_202012,6,evapot_l3,1.1214073224647436,0.011214073224647432
hanseniase,catboost,origin_202012,6,evapot_l12,1.0913471513047261,0.010913471513047258
hanseniase,catboost,origin_202012,6,precip_l0,1.9380170653739826,0.01938017065373982
hanseniase,catboost,origin_202012,6,precip_l1,1.2251273050660365,0.012251273050660361
hanseniase,catboost,origin_202012,6,precip_l3,1.9526105690292515,0.01952610569029251
hanseniase,catboost,origin_202012,6,precip_l12,1.6844712159211448,0.016844712159211444
hanseniase,catboost,origin_202012,6,temp_min_l0,2.2237760387724608,0.0222377603877246
hanseniase,catboost,origin_202012,6,temp_min_l1,1.0646873579414469,0.010646873579414465
hanseniase,catboost,origin_202012,6,temp_min_l3,1.8883603109406413,0.018883603109406406
hanseniase,catboost,origin_202012,6,temp_min_l12,2.3653033643252397,0.02365303364325239
hanseniase,catboost,origin_202012,6,temp_max_l0,1.143497465334395,0.011434974653343947
hanseniase,catboost,origin_202012,6,temp_max_l1,2.0751724573277577,0.02075172457327757
hanseniase,catboost,origin_202012,6,temp_max_l3,1.0480095100826452,0.01048009510082645
hanseniase,catboost,origin_202012,6,temp_max_l12,1.894648473584053,0.018946484735840523
hanseniase,catboost,origin_202012,6,umid_l0,3.20479833978412,0.03204798339784119
hanseniase,catboost,origin_202012,6,umid_l1,1.2500198429033549,0.012500198429033545
hanseniase,catboost,origin_202012,6,umid_l3,1.4338383333098628,0.014338383333098623
hanseniase,catboost,origin_202012,6,umid_l12,1.0593505738313183,0.01059350573831318
hanseniase,catboost,origin_202012,6,populacao,8.87347953820654,0.08873479538206538
hanseniase,catboost,origin_202012,6,dens_demog,3.6434351261456848,0.03643435126145684
hanseniase,catboost,origin_202012,6,ppc,9.461597800547066,0.09461597800547064
hanseniase,catboost,origin_202012,6,urbanizacao,5.0956385433968,0.05095638543396798
hanseniase,catboost,origin_202012,6,tgt_month,0.6330917091345838,0.006330917091345836
hanseniase,catboost,origin_202012,6,mun_id,4.551966546683279,0.04551966546683278
hanseniase,xgboost,origin_202012,6,n_hanseniase_l0,0.004585509188473225,0.004585508722811937
hanseniase,xgboost,origin_202012,6,n_hanseniase_l1,0.13241828978061676,0.13241827487945557
hanseniase,xgboost,origin_202012,6,n_hanseniase_l2,0.0010955944890156388,0.001095594372600317
hanseniase,xgboost,origin_202012,6,n_hanseniase_l3,0.0023228363133966923,0.0023228360805660486
hanseniase,xgboost,origin_202012,6,n_hanseniase_l6,0.002158563584089279,0.0021585633512586355
hanseniase,xgboost,origin_202012,6,n_hanseniase_l12,0.003497907891869545,0.0034979074262082577
hanseniase,xgboost,origin_202012,6,n_hanseniase_l13,0.0034467491786926985,0.003446748713031411
hanseniase,xgboost,origin_202012,6,n_hanseniase_r3,0.31789785623550415,0.31789782643318176
hanseniase,xgboost,origin_202012,6,n_hanseniase_r6,0.17184114456176758,0.17184112966060638
hanseniase,xgboost,origin_202012,6,n_hanseniase_r12,0.24099068343639374,0.24099065363407135
hanseniase,xgboost,origin_202012,6,evapot_l0,0.0018228139961138368,0.0018228137632831931
hanseniase,xgboost,origin_202012,6,evapot_l1,0.0021210492122918367,0.002121048979461193
hanseniase,xgboost,origin_202012,6,evapot_l3,0.0018138826126232743,0.0018138823797926307
hanseniase,xgboost,origin_202012,6,evapot_l12,0.0019841273315250874,0.0019841270986944437
hanseniase,xgboost,origin_202012,6,precip_l0,0.002582209650427103,0.0025822094175964594
hanseniase,xgboost,origin_202012,6,precip_l1,0.0023607842158526182,0.0023607839830219746
hanseniase,xgboost,origin_202012,6,precip_l3,0.0019085962558165193,0.0019085960229858756
hanseniase,xgboost,origin_202012,6,precip_l12,0.0019285676535218954,0.0019285674206912518
hanseniase,xgboost,origin_202012,6,temp_min_l0,0.0021216983441263437,0.0021216981112957
hanseniase,xgboost,origin_202012,6,temp_min_l1,0.0020937444642186165,0.002093744231387973
hanseniase,xgboost,origin_202012,6,temp_min_l3,0.0025969769340008497,0.002596976701170206
hanseniase,xgboost,origin_202012,6,temp_min_l12,0.002504439791664481,0.0025044395588338375
hanseniase,xgboost,origin_202012,6,temp_max_l0,0.002341117477044463,0.0023411172442138195
hanseniase,xgboost,origin_202012,6,temp_max_l1,0.002365820575505495,0.0023658203426748514
hanseniase,xgboost,origin_202012,6,temp_max_l3,0.0021425627637654543,0.0021425625309348106
hanseniase,xgboost,origin_202012,6,temp_max_l12,0.003050510073080659,0.0030505096074193716
hanseniase,xgboost,origin_202012,6,umid_l0,0.0019266926683485508,0.0019266924355179071
hanseniase,xgboost,origin_202012,6,umid_l1,0.0020511308684945107,0.002051130635663867
hanseniase,xgboost,origin_202012,6,umid_l3,0.0021102754399180412,0.0021102752070873976
hanseniase,xgboost,origin_202012,6,umid_l12,0.0019841003231704235,0.00198410009033978
hanseniase,xgboost,origin_202012,6,populacao,0.00358228269033134,0.0035822822246700525
hanseniase,xgboost,origin_202012,6,dens_demog,0.0036645904183387756,0.0036645899526774883
hanseniase,xgboost,origin_202012,6,ppc,0.006290749181061983,0.0062907482497394085
hanseniase,xgboost,origin_202012,6,urbanizacao,0.003491968149319291,0.003491967683658004
hanseniase,xgboost,origin_202012,6,tgt_month,0.002221250906586647,0.0022212506737560034
hanseniase,xgboost,origin_202012,6,mun_id,0.05668297037482262,0.05668296292424202
hanseniase,lgbm,origin_202012,12,n_hanseniase_l0,70.0,0.011666666666666667
hanseniase,lgbm,origin_202012,12,n_hanseniase_l1,52.0,0.008666666666666666
hanseniase,lgbm,origin_202012,12,n_hanseniase_l2,29.0,0.004833333333333334
hanseniase,lgbm,origin_202012,12,n_hanseniase_l3,28.0,0.004666666666666667
hanseniase,lgbm,origin_202012,12,n_hanseniase_l6,44.0,0.007333333333333333
hanseniase,lgbm,origin_202012,12,n_hanseniase_l12,42.0,0.007
hanseniase,lgbm,origin_202012,12,n_hanseniase_l13,55.0,0.009166666666666667
hanseniase,lgbm,origin_202012,12,n_hanseniase_r3,64.0,0.010666666666666666
hanseniase,lgbm,origin_202012,12,n_hanseniase_r6,128.0,0.021333333333333333
hanseniase,lgbm,origin_202012,12,n_hanseniase_r12,183.0,0.0305
hanseniase,lgbm,origin_202012,12,evapot_l0,201.0,0.0335
hanseniase,lgbm,origin_202012,12,evapot_l1,126.0,0.021
hanseniase,lgbm,origin_202012,12,evapot_l3,175.0,0.029166666666666667
hanseniase,lgbm,origin_202012,12,evapot_l12,162.0,0.027
hanseniase,lgbm,origin_202012,12,precip_l0,233.0,0.03883333333333333
hanseniase,lgbm,origin_202012,12,precip_l1,165.0,0.0275
hanseniase,lgbm,origin_202012,12,precip_l3,253.0,0.042166666666666665
hanseniase,lgbm,origin_202012,12,precip_l12,170.0,0.028333333333333332
hanseniase,lgbm,origin_202012,12,temp_min_l0,171.0,0.0285
hanseniase,lgbm,origin_202012,12,temp_min_l1,199.0,0.033166666666666664
hanseniase,lgbm,origin_202012,12,temp_min_l3,210.0,0.035
hanseniase,lgbm,origin_202012,12,temp_min_l12,157.0,0.026166666666666668
hanseniase,lgbm,origin_202012,12,temp_max_l0,181.0,0.030166666666666668
hanseniase,lgbm,origin_202012,12,temp_max_l1,166.0,0.027666666666666666
hanseniase,lgbm,origin_202012,12,temp_max_l3,187.0,0.031166666666666665
hanseniase,lgbm,origin_202012,12,temp_max_l12,177.0,0.0295
hanseniase,lgbm,origin_202012,12,umid_l0,175.0,0.029166666666666667
hanseniase,lgbm,origin_202012,12,umid_l1,186.0,0.031
hanseniase,lgbm,origin_202012,12,umid_l3,195.0,0.0325
hanseniase,lgbm,origin_202012,12,umid_l12,202.0,0.033666666666666664
hanseniase,lgbm,origin_202012,12,populacao,365.0,0.060833333333333336
hanseniase,lgbm,origin_202012,12,dens_demog,226.0,0.03766666666666667
hanseniase,lgbm,origin_202012,12,ppc,368.0,0.06133333333333333
hanseniase,lgbm,origin_202012,12,urbanizacao,276.0,0.046
hanseniase,lgbm,origin_202012,12,tgt_month,79.0,0.013166666666666667
hanseniase,lgbm,origin_202012,12,mun_id,300.0,0.05
hanseniase,catboost,origin_202012,12,n_hanseniase_l0,2.113808706073562,0.021138087060735625
hanseniase,catboost,origin_202012,12,n_hanseniase_l1,1.4728272646236142,0.014728272646236147
hanseniase,catboost,origin_202012,12,n_hanseniase_l2,0.624220959937253,0.006242209599372532
hanseniase,catboost,origin_202012,12,n_hanseniase_l3,3.2606257687510123,0.03260625768751013
hanseniase,catboost,origin_202012,12,n_hanseniase_l6,0.94488562102641,0.009448856210264103
hanseniase,catboost,origin_202012,12,n_hanseniase_l12,1.3919490617355081,0.013919490617355085
hanseniase,catboost,origin_202012,12,n_hanseniase_l13,1.103671025778993,0.011036710257789933
hanseniase,catboost,origin_202012,12,n_hanseniase_r3,6.284569313746317,0.06284569313746319
hanseniase,catboost,origin_202012,12,n_hanseniase_r6,5.665414058560232,0.05665414058560234
hanseniase,catboost,origin_202012,12,n_hanseniase_r12,9.52216699657665,0.09522166996576653
hanseniase,catboost,origin_202012,12,evapot_l0,0.8322157901503551,0.008322157901503553
hanseniase,catboost,origin_202012,12,evapot_l1,2.164574453507801,0.021645744535078018
hanseniase,catboost,origin_202012,12,evapot_l3,2.0294326327166363,0.02029432632716637
hanseniase,catboost,origin_202012,12,evapot_l12,1.5164124198336828,0.015164124198336832
hanseniase,catboost,origin_202012,12,precip_l0,1.9559438201004842,0.019559438201004847
hanseniase,catboost,origin_202012,12,precip_l1,0.7735937201329787,0.007735937201329789
hanseniase,catboost,origin_202012,12,precip_l3,2.581756183893078,0.02581756183893079
hanseniase,catboost,origin_202012,12,precip_l12,1.2573209107586865,0.012573209107586868
hanseniase,catboost,origin_202012,12,temp_min_l0,1.277473945342685,0.012774739453426855
hanseniase,catboost,origin_202012,12,temp_min_l1,1.8529269428491124,0.01852926942849113
hanseniase,catboost,origin_202012,12,temp_min_l3,1.8443054428011838,0.01844305442801184
hanseniase,catboost,origin_202012,12,temp_min_l12,1.5401195246794217,0.015401195246794222
hanseniase,catboost,origin_202012,12,temp_max_l0,1.6061130765235534,0.016061130765235538
hanseniase,catboost,origin_202012,12,temp_max_l1,1.8023384128032802,0.018023384128032807
hanseniase,catboost,origin_202012,12,temp_max_l3,1.138040649360456,0.011380406493604563
hanseniase,catboost,origin_202012,12,temp_max_l12,1.254394743148991,0.012543947431489913
hanseniase,catboost,origin_202012,12,umid_l0,0.8816237214147092,0.008816237214147095
hanseniase,catboost,origin_202012,12,umid_l1,1.7231823954236998,0.017231823954237002
hanseniase,catboost,origin_202012,12,umid_l3,1.3293851849907423,0.013293851849907426
hanseniase,catboost,origin_202012,12,umid_l12,1.3864357531460698,0.013864357531460703
hanseniase,catboost,origin_202012,12,populacao,12.596289278165694,0.12596289278165698
hanseniase,catboost,origin_202012,12,dens_demog,4.575767099359914,0.045757670993599155
hanseniase,catboost,origin_202012,12,ppc,9.074249988887567,0.0907424998888757
hanseniase,catboost,origin_202012,12,urbanizacao,3.617494325806185,0.03617494325806186
hanseniase,catboost,origin_202012,12,tgt_month,0.4856061507650094,0.004856061507650096
hanseniase,catboost,origin_202012,12,mun_id,6.518864656628442,0.06518864656628444
hanseniase,xgboost,origin_202012,12,n_hanseniase_l0,0.07498177886009216,0.07498177886009216
hanseniase,xgboost,origin_202012,12,n_hanseniase_l1,0.03637189418077469,0.03637189418077469
hanseniase,xgboost,origin_202012,12,n_hanseniase_l2,0.0032039431389421225,0.0032039431389421225
hanseniase,xgboost,origin_202012,12,n_hanseniase_l3,0.04323853924870491,0.04323853924870491
hanseniase,xgboost,origin_202012,12,n_hanseniase_l6,0.002287250943481922,0.002287250943481922
hanseniase,xgboost,origin_202012,12,n_hanseniase_l12,0.007439650595188141,0.007439650595188141
hanseniase,xgboost,origin_202012,12,n_hanseniase_l13,0.043697744607925415,0.043697744607925415
hanseniase,xgboost,origin_202012,12,n_hanseniase_r3,0.011753532104194164,0.011753532104194164
hanseniase,xgboost,origin_202012,12,n_hanseniase_r6,0.19910860061645508,0.19910860061645508
hanseniase,xgboost,origin_202012,12,n_hanseniase_r12,0.32680001854896545,0.32680001854896545
hanseniase,xgboost,origin_202012,12,evapot_l0,0.0022993339225649834,0.0022993339225649834
hanseniase,xgboost,origin_202012,12,evapot_l1,0.0024594850838184357,0.0024594850838184357
hanseniase,xgboost,origin_202012,12,evapot_l3,0.002348908456042409,0.002348908456042409
hanseniase,xgboost,origin_202012,12,evapot_l12,0.002656772267073393,0.002656772267073393
hanseniase,xgboost,origin_202012,12,precip_l0,0.0030790381133556366,0.0030790381133556366
hanseniase,xgboost,origin_202012,12,precip_l1,0.0021823165006935596,0.0021823165006935596
hanseniase,xgboost,origin_202012,12,precip_l3,0.003218055469915271,0.003218055469915271
hanseniase,xgboost,origin_202012,12,precip_l12,0.00244402838870883,0.00244402838870883
hanseniase,xgboost,origin_202012,12,temp_min_l0,0.003039277158677578,0.003039277158677578
hanseniase,xgboost,origin_202012,12,temp_min_l1,0.0027645740192383528,0.0027645740192383528
hanseniase,xgboost,origin_202012,12,temp_min_l3,0.002463734243065119,0.002463734243065119
hanseniase,xgboost,origin_202012,12,temp_min_l12,0.0028191725723445415,0.0028191725723445415
hanseniase,xgboost,origin_202012,12,temp_max_l0,0.0026983085554093122,0.0026983085554093122
hanseniase,xgboost,origin_202012,12,temp_max_l1,0.0028556757606565952,0.0028556757606565952
hanseniase,xgboost,origin_202012,12,temp_max_l3,0.0026247540954500437,0.0026247540954500437
hanseniase,xgboost,origin_202012,12,temp_max_l12,0.00253555690869689,0.00253555690869689
hanseniase,xgboost,origin_202012,12,umid_l0,0.002278266940265894,0.002278266940265894
hanseniase,xgboost,origin_202012,12,umid_l1,0.002487602410838008,0.002487602410838008
hanseniase,xgboost,origin_202012,12,umid_l3,0.002405695617198944,0.002405695617198944
hanseniase,xgboost,origin_202012,12,umid_l12,0.00213658157736063,0.00213658157736063
hanseniase,xgboost,origin_202012,12,populacao,0.0053181578405201435,0.0053181578405201435
hanseniase,xgboost,origin_202012,12,dens_demog,0.004106046631932259,0.004106046631932259
hanseniase,xgboost,origin_202012,12,ppc,0.011348106898367405,0.011348106898367405
hanseniase,xgboost,origin_202012,12,urbanizacao,0.008394929580390453,0.008394929580390453
hanseniase,xgboost,origin_202012,12,tgt_month,0.002933946205303073,0.002933946205303073
hanseniase,xgboost,origin_202012,12,mun_id,0.16721870005130768,0.16721870005130768
hanseniase,lgbm,origin_202112,1,n_hanseniase_l0,87.0,0.0145
hanseniase,lgbm,origin_202112,1,n_hanseniase_l1,51.0,0.0085
hanseniase,lgbm,origin_202112,1,n_hanseniase_l2,49.0,0.008166666666666666
hanseniase,lgbm,origin_202112,1,n_hanseniase_l3,60.0,0.01
hanseniase,lgbm,origin_202112,1,n_hanseniase_l6,61.0,0.010166666666666666
hanseniase,lgbm,origin_202112,1,n_hanseniase_l12,80.0,0.013333333333333334
hanseniase,lgbm,origin_202112,1,n_hanseniase_l13,73.0,0.012166666666666666
hanseniase,lgbm,origin_202112,1,n_hanseniase_r3,125.0,0.020833333333333332
hanseniase,lgbm,origin_202112,1,n_hanseniase_r6,126.0,0.021
hanseniase,lgbm,origin_202112,1,n_hanseniase_r12,237.0,0.0395
hanseniase,lgbm,origin_202112,1,evapot_l0,127.0,0.021166666666666667
hanseniase,lgbm,origin_202112,1,evapot_l1,140.0,0.023333333333333334
hanseniase,lgbm,origin_202112,1,evapot_l3,226.0,0.03766666666666667
hanseniase,lgbm,origin_202112,1,evapot_l12,157.0,0.026166666666666668
hanseniase,lgbm,origin_202112,1,precip_l0,241.0,0.04016666666666667
hanseniase,lgbm,origin_202112,1,precip_l1,207.0,0.0345
hanseniase,lgbm,origin_202112,1,precip_l3,206.0,0.034333333333333334
hanseniase,lgbm,origin_202112,1,precip_l12,160.0,0.02666666666666667
hanseniase,lgbm,origin_202112,1,temp_min_l0,177.0,0.0295
hanseniase,lgbm,origin_202112,1,temp_min_l1,183.0,0.0305
hanseniase,lgbm,origin_202112,1,temp_min_l3,219.0,0.0365
hanseniase,lgbm,origin_202112,1,temp_min_l12,207.0,0.0345
hanseniase,lgbm,origin_202112,1,temp_max_l0,171.0,0.0285
hanseniase,lgbm,origin_202112,1,temp_max_l1,188.0,0.03133333333333333
hanseniase,lgbm,origin_202112,1,temp_max_l3,213.0,0.0355
hanseniase,lgbm,origin_202112,1,temp_max_l12,174.0,0.029
hanseniase,lgbm,origin_202112,1,umid_l0,246.0,0.041
hanseniase,lgbm,origin_202112,1,umid_l1,235.0,0.03916666666666667
hanseniase,lgbm,origin_202112,1,umid_l3,206.0,0.034333333333333334
hanseniase,lgbm,origin_202112,1,umid_l12,185.0,0.030833333333333334
hanseniase,lgbm,origin_202112,1,populacao,235.0,0.03916666666666667
hanseniase,lgbm,origin_202112,1,dens_demog,108.0,0.018
hanseniase,lgbm,origin_202112,1,ppc,260.0,0.043333333333333335
hanseniase,lgbm,origin_202112,1,urbanizacao,140.0,0.023333333333333334
hanseniase,lgbm,origin_202112,1,tgt_month,149.0,0.024833333333333332
hanseniase,lgbm,origin_202112,1,mun_id,291.0,0.0485
hanseniase,catboost,origin_202112,1,n_hanseniase_l0,11.198364032827701,0.111983640328277
hanseniase,catboost,origin_202112,1,n_hanseniase_l1,1.2445500549220934,0.012445500549220933
hanseniase,catboost,origin_202112,1,n_hanseniase_l2,0.6044286825368302,0.006044286825368302
hanseniase,catboost,origin_202112,1,n_hanseniase_l3,1.9790679576165557,0.019790679576165555
hanseniase,catboost,origin_202112,1,n_hanseniase_l6,0.8213993883214487,0.008213993883214485
hanseniase,catboost,origin_202112,1,n_hanseniase_l12,0.9969476408042418,0.009969476408042417
hanseniase,catboost,origin_202112,1,n_hanseniase_l13,1.4193484744457825,0.014193484744457823
hanseniase,catboost,origin_202112,1,n_hanseniase_r3,2.1114734837079743,0.02111473483707974
hanseniase,catboost,origin_202112,1,n_hanseniase_r6,10.580140043772873,0.10580140043772872
hanseniase,catboost,origin_202112,1,n_hanseniase_r12,13.682691204900058,0.13682691204900055
hanseniase,catboost,origin_202112,1,evapot_l0,1.452822007607777,0.014528220076077767
hanseniase,catboost,origin_202112,1,evapot_l1,1.5716606103193067,0.015716606103193066
hanseniase,catboost,origin_202112,1,evapot_l3,1.9296460514380933,0.01929646051438093
hanseniase,catboost,origin_202112,1,evapot_l12,0.9496627080766566,0.009496627080766566
hanseniase,catboost,origin_202112,1,precip_l0,2.1143744010283023,0.02114374401028302
hanseniase,catboost,origin_202112,1,precip_l1,1.4624284630000308,0.014624284630000307
hanseniase,catboost,origin_202112,1,precip_l3,1.4901513400879576,0.014901513400879574
hanseniase,catboost,origin_202112,1,precip_l12,1.1754195593563372,0.01175419559356337
hanseniase,catboost,origin_202112,1,temp_min_l0,1.6805505939610466,0.016805505939610464
hanseniase,catboost,origin_202112,1,temp_min_l1,0.6973345806325928,0.006973345806325927
hanseniase,catboost,origin_202112,1,temp_min_l3,2.0015143520418466,0.020015143520418464
hanseniase,catboost,origin_202112,1,temp_min_l12,1.934481780319686,0.019344817803196857
hanseniase,catboost,origin_202112,1,temp_max_l0,1.8196599627628192,0.01819659962762819
hanseniase,catboost,origin_202112,1,temp_max_l1,1.6547964016874892,0.01654796401687489
hanseniase,catboost,origin_202112,1,temp_max_l3,1.1118312942551725,0.011118312942551722
hanseniase,catboost,origin_202112,1,temp_max_l12,1.489815943208809,0.014898159432088087
hanseniase,catboost,origin_202112,1,umid_l0,2.8057832140289527,0.028057832140289524
hanseniase,catboost,origin_202112,1,umid_l1,1.511058211145617,0.015110582111456168
hanseniase,catboost,origin_202112,1,umid_l3,1.4173862160760498,0.014173862160760496
hanseniase,catboost,origin_202112,1,umid_l12,1.9228325759726959,0.019228325759726956
hanseniase,catboost,origin_202112,1,populacao,5.514994294661933,0.05514994294661932
hanseniase,catboost,origin_202112,1,dens_demog,2.4044680966274536,0.02404468096627453
hanseniase,catboost,origin_202112,1,ppc,3.8380462324786704,0.0383804623247867
hanseniase,catboost,origin_202112,1,urbanizacao,6.970019995163451,0.0697001999516345
hanseniase,catboost,origin_202112,1,tgt_month,1.1065721410210134,0.011065721410210132
hanseniase,catboost,origin_202112,1,mun_id,3.334278009184693,0.03334278009184692
hanseniase,xgboost,origin_202112,1,n_hanseniase_l0,0.136160746216774,0.136160746216774
hanseniase,xgboost,origin_202112,1,n_hanseniase_l1,0.04016030952334404,0.04016030952334404
hanseniase,xgboost,origin_202112,1,n_hanseniase_l2,0.002843221416696906,0.002843221416696906
hanseniase,xgboost,origin_202112,1,n_hanseniase_l3,0.0032240853179246187,0.0032240853179246187
hanseniase,xgboost,origin_202112,1,n_hanseniase_l6,0.0026934596244245768,0.0026934596244245768
hanseniase,xgboost,origin_202112,1,n_hanseniase_l12,0.0020709859672933817,0.0020709859672933817
hanseniase,xgboost,origin_202112,1,n_hanseniase_l13,0.0020082094706594944,0.0020082094706594944
hanseniase,xgboost,origin_202112,1,n_hanseniase_r3,0.5097337365150452,0.5097337365150452
hanseniase,xgboost,origin_202112,1,n_hanseniase_r6,0.14535975456237793,0.14535975456237793
hanseniase,xgboost,origin_202112,1,n_hanseniase_r12,0.09636952728033066,0.09636952728033066
hanseniase,xgboost,origin_202112,1,evapot_l0,0.0017686216160655022,0.0017686216160655022
hanseniase,xgboost,origin_202112,1,evapot_l1,0.001606312463991344,0.001606312463991344
hanseniase,xgboost,origin_202112,1,evapot_l3,0.0018610896077007055,0.0018610896077007055
hanseniase,xgboost,origin_202112,1,evapot_l12,0.001789609668776393,0.001789609668776393
hanseniase,xgboost,origin_202112,1,precip_l0,0.0020577243994921446,0.0020577243994921446
hanseniase,xgboost,origin_202112,1,precip_l1,0.0019270081538707018,0.0019270081538707018
hanseniase,xgboost,origin_202112,1,precip_l3,0.001995008671656251,0.001995008671656251
hanseniase,xgboost,origin_202112,1,precip_l12,0.0018740016967058182,0.0018740016967058182
hanseniase,xgboost,origin_202112,1,temp_min_l0,0.0021761537063866854,0.0021761537063866854
hanseniase,xgboost,origin_202112,1,temp_min_l1,0.00211436883546412,0.00211436883546412
hanseniase,xgboost,origin_202112,1,temp_min_l3,0.002118587028235197,0.002118587028235197
hanseniase,xgboost,origin_202112,1,temp_min_l12,0.0019604377448558807,0.0019604377448558807
hanseniase,xgboost,origin_202112,1,temp_max_l0,0.0021589254029095173,0.0021589254029095173
hanseniase,xgboost,origin_202112,1,temp_max_l1,0.002060136292129755,0.002060136292129755
hanseniase,xgboost,origin_202112,1,temp_max_l3,0.0018571176333352923,0.0018571176333352923
hanseniase,xgboost,origin_202112,1,temp_max_l12,0.001796641736291349,0.001796641736291349
hanseniase,xgboost,origin_202112,1,umid_l0,0.0019422629848122597,0.0019422629848122597
hanseniase,xgboost,origin_202112,1,umid_l1,0.0018540156306698918,0.0018540156306698918
hanseniase,xgboost,origin_202112,1,umid_l3,0.001830802415497601,0.001830802415497601
hanseniase,xgboost,origin_202112,1,umid_l12,0.0020628049969673157,0.0020628049969673157
hanseniase,xgboost,origin_202112,1,populacao,0.002093084855005145,0.002093084855005145
hanseniase,xgboost,origin_202112,1,dens_demog,0.0020865120459347963,0.0020865120459347963
hanseniase,xgboost,origin_202112,1,ppc,0.0035284145269542933,0.0035284145269542933
hanseniase,xgboost,origin_202112,1,urbanizacao,0.0022268020547926426,0.0022268020547926426
hanseniase,xgboost,origin_202112,1,tgt_month,0.0025578001514077187,0.0025578001514077187
hanseniase,xgboost,origin_202112,1,mun_id,0.008071613498032093,0.008071613498032093
hanseniase,lgbm,origin_202112,3,n_hanseniase_l0,101.0,0.016833333333333332
hanseniase,lgbm,origin_202112,3,n_hanseniase_l1,63.0,0.0105
hanseniase,lgbm,origin_202112,3,n_hanseniase_l2,38.0,0.006333333333333333
hanseniase,lgbm,origin_202112,3,n_hanseniase_l3,37.0,0.006166666666666667
hanseniase,lgbm,origin_202112,3,n_hanseniase_l6,76.0,0.012666666666666666
hanseniase,lgbm,origin_202112,3,n_hanseniase_l12,37.0,0.006166666666666667
hanseniase,lgbm,origin_202112,3,n_hanseniase_l13,65.0,0.010833333333333334
hanseniase,lgbm,origin_202112,3,n_hanseniase_r3,107.0,0.017833333333333333
hanseniase,lgbm,origin_202112,3,n_hanseniase_r6,152.0,0.025333333333333333
hanseniase,lgbm,origin_202112,3,n_hanseniase_r12,235.0,0.03916666666666667
hanseniase,lgbm,origin_202112,3,evapot_l0,135.0,0.0225
hanseniase,lgbm,origin_202112,3,evapot_l1,201.0,0.0335
hanseniase,lgbm,origin_202112,3,evapot_l3,155.0,0.025833333333333333
hanseniase,lgbm,origin_202112,3,evapot_l12,130.0,0.021666666666666667
hanseniase,lgbm,origin_202112,3,precip_l0,194.0,0.03233333333333333
hanseniase,lgbm,origin_202112,3,precip_l1,202.0,0.033666666666666664
hanseniase,lgbm,origin_202112,3,precip_l3,289.0,0.04816666666666667
hanseniase,lgbm,origin_202112,3,precip_l12,221.0,0.036833333333333336
hanseniase,lgbm,origin_202112,3,temp_min_l0,169.0,0.028166666666666666
hanseniase,lgbm,origin_202112,3,temp_min_l1,167.0,0.027833333333333335
hanseniase,lgbm,origin_202112,3,temp_min_l3,175.0,0.029166666666666667
hanseniase,lgbm,origin_202112,3,temp_min_l12,196.0,0.03266666666666666
hanseniase,lgbm,origin_202112,3,temp_max_l0,200.0,0.03333333333333333
hanseniase,lgbm,origin_202112,3,temp_max_l1,170.0,0.028333333333333332
hanseniase,lgbm,origin_202112,3,temp_max_l3,146.0,0.024333333333333332
hanseniase,lgbm,origin_202112,3,temp_max_l12,177.0,0.0295
hanseniase,lgbm,origin_202112,3,umid_l0,252.0,0.042
hanseniase,lgbm,origin_202112,3,umid_l1,187.0,0.031166666666666665
hanseniase,lgbm,origin_202112,3,umid_l3,237.0,0.0395
hanseniase,lgbm,origin_202112,3,umid_l12,192.0,0.032
hanseniase,lgbm,origin_202112,3,populacao,293.0,0.04883333333333333
hanseniase,lgbm,origin_202112,3,dens_demog,136.0,0.02266666666666667
hanseniase,lgbm,origin_202112,3,ppc,336.0,0.056
hanseniase,lgbm,origin_202112,3,urbanizacao,147.0,0.0245
hanseniase,lgbm,origin_202112,3,tgt_month,91.0,0.015166666666666667
hanseniase,lgbm,origin_202112,3,mun_id,291.0,0.0485
hanseniase,catboost,origin_202112,3,n_hanseniase_l0,3.22000837795699,0.032200083779569906
hanseniase,catboost,origin_202112,3,n_hanseniase_l1,3.7105898054564457,0.03710589805456446
hanseniase,catboost,origin_202112,3,n_hanseniase_l2,1.9184328891901223,0.019184328891901227
hanseniase,catboost,origin_202112,3,n_hanseniase_l3,3.173524691568105,0.031735246915681053
hanseniase,catboost,origin_202112,3,n_hanseniase_l6,1.8259956107869062,0.018259956107869065
hanseniase,catboost,origin_202112,3,n_hanseniase_l12,1.0493404550026582,0.010493404550026583
hanseniase,catboost,origin_202112,3,n_hanseniase_l13,2.111623659716907,0.021116236597169075
hanseniase,catboost,origin_202112,3,n_hanseniase_r3,6.138337569900264,0.061383375699002644
hanseniase,catboost,origin_202112,3,n_hanseniase_r6,7.935814380589828,0.07935814380589828
hanseniase,catboost,origin_202112,3,n_hanseniase_r12,11.20720865836608,0.11207208658366082
hanseniase,catboost,origin_202112,3,evapot_l0,0.8756988310997348,0.00875698831099735
hanseniase,catboost,origin_202112,3,evapot_l1,1.526660153775125,0.015266601537751253
hanseniase,catboost,origin_202112,3,evapot_l3,1.7533777404499757,0.01753377740449976
hanseniase,catboost,origin_202112,3,evapot_l12,0.4714792345035018,0.0047147923450350186
hanseniase,catboost,origin_202112,3,precip_l0,1.044679319303035,0.010446793193030351
hanseniase,catboost,origin_202112,3,precip_l1,1.8206379194030928,0.018206379194030932
hanseniase,catboost,origin_202112,3,precip_l3,1.9724382230283917,0.01972438223028392
hanseniase,catboost,origin_202112,3,precip_l12,3.0136441198816093,0.0301364411988161
hanseniase,catboost,origin_202112,3,temp_min_l0,1.757105414398995,0.017571054143989955
hanseniase,catboost,origin_202112,3,temp_min_l1,1.9658013159740984,0.019658013159740986
hanseniase,catboost,origin_202112,3,temp_min_l3,3.6547862782214997,0.036547862782215
hanseniase,catboost,origin_202112,3,temp_min_l12,1.0586295085848134,0.010586295085848135
hanseniase,catboost,origin_202112,3,temp_max_l0,2.1040113719363784,0.021040113719363786
hanseniase,catboost,origin_202112,3,temp_max_l1,1.8610443444006532,0.018610443444006534
hanseniase,catboost,origin_202112,3,temp_max_l3,1.339439356244023,0.013394393562440233
hanseniase,catboost,origin_202112,3,temp_max_l12,0.8459220063173662,0.008459220063173664
hanseniase,catboost,origin_202112,3,umid_l0,1.5227775923508822,0.015227775923508824
hanseniase,catboost,origin_202112,3,umid_l1,1.6682275679210987,0.01668227567921099
hanseniase,catboost,origin_202112,3,umid_l3,1.5846749370405373,0.015846749370405377
hanseniase,catboost,origin_202112,3,umid_l12,1.4904745967633506,0.014904745967633509
hanseniase,catboost,origin_202112,3,populacao,5.695777605983254,0.05695777605983255
hanseniase,catboost,origin_202112,3,dens_demog,2.7717679525173256,0.02771767952517326
hanseniase,catboost,origin_202112,3,ppc,7.050280377819707,0.07050280377819708
hanseniase,catboost,origin_202112,3,urbanizacao,2.119935137661965,0.02119935137661965
hanseniase,catboost,origin_202112,3,tgt_month,1.132333772015628,0.011323337720156281
hanseniase,catboost,origin_202112,3,mun_id,5.607519223869653,0.056075192238696545
hanseniase,xgboost,origin_202112,3,n_hanseniase_l0,0.19951501488685608,0.19951501488685608
hanseniase,xgboost,origin_202112,3,n_hanseniase_l1,0.08706245571374893,0.08706245571374893
hanseniase,xgboost,origin_202112,3,n_hanseniase_l2,0.02294086292386055,0.02294086292386055
hanseniase,xgboost,origin_202112,3,n_hanseniase_l3,0.0036543789319694042,0.0036543789319694042
hanseniase,xgboost,origin_202112,3,n_hanseniase_l6,0.0027598622255027294,0.0027598622255027294
hanseniase,xgboost,origin_202112,3,n_hanseniase_l12,0.002632591174915433,0.002632591174915433
hanseniase,xgboost,origin_202112,3,n_hanseniase_l13,0.002161891432479024,0.002161891432479024
hanseniase,xgboost,origin_202112,3,n_hanseniase_r3,0.1142047718167305,0.1142047718167305
hanseniase,xgboost,origin_202112,3,n_hanseniase_r6,0.36006230115890503,0.36006230115890503
hanseniase,xgboost,origin_202112,3,n_hanseniase_r12,0.13260655105113983,0.13260655105113983
hanseniase,xgboost,origin_202112,3,evapot_l0,0.002126650884747505,0.002126650884747505
hanseniase,xgboost,origin_202112,3,evapot_l1,0.0021344018168747425,0.0021344018168747425
hanseniase,xgboost,origin_202112,3,evapot_l3,0.0019510246347635984,0.0019510246347635984
hanseniase,xgboost,origin_202112,3,evapot_l12,0.002205930184572935,0.002205930184572935
hanseniase,xgboost,origin_202112,3,precip_l0,0.001976552652195096,0.001976552652195096
hanseniase,xgboost,origin_202112,3,precip_l1,0.00248366198502481,0.00248366198502481
hanseniase,xgboost,origin_202112,3,precip_l3,0.0023628126364201307,0.0023628126364201307
hanseniase,xgboost,origin_202112,3,precip_l12,0.0026376040186733007,0.0026376040186733007
hanseniase,xgboost,origin_202112,3,temp_min_l0,0.0023860353976488113,0.0023860353976488113
hanseniase,xgboost,origin_202112,3,temp_min_l1,0.0025209952145814896,0.0025209952145814896
hanseniase,xgboost,origin_202112,3,temp_min_l3,0.0021014860831201077,0.0021014860831201077
hanseniase,xgboost,origin_202112,3,temp_min_l12,0.0023482765536755323,0.0023482765536755323
hanseniase,xgboost,origin_202112,3,temp_max_l0,0.002595601137727499,0.002595601137727499
hanseniase,xgboost,origin_202112,3,temp_max_l1,0.002264621201902628,0.002264621201902628
hanseniase,xgboost,origin_202112,3,temp_max_l3,0.002330407500267029,0.002330407500267029
hanseniase,xgboost,origin_202112,3,temp_max_l12,0.0022426703944802284,0.0022426703944802284
hanseniase,xgboost,origin_202112,3,umid_l0,0.002687163418158889,0.002687163418158889
hanseniase,xgboost,origin_202112,3,umid_l1,0.0022323131561279297,0.0022323131561279297
hanseniase,xgboost,origin_202112,3,umid_l3,0.0021533058024942875,0.0021533058024942875
hanseniase,xgboost,origin_202112,3,umid_l12,0.0023368815891444683,0.0023368815891444683
hanseniase,xgboost,origin_202112,3,populacao,0.002869368763640523,0.002869368763640523
hanseniase,xgboost,origin_202112,3,dens_demog,0.002596525475382805,0.002596525475382805
hanseniase,xgboost,origin_202112,3,ppc,0.005417679902166128,0.005417679902166128
hanseniase,xgboost,origin_202112,3,urbanizacao,0.0022796730045229197,0.0022796730045229197
hanseniase,xgboost,origin_202112,3,tgt_month,0.0028008492663502693,0.0028008492663502693
hanseniase,xgboost,origin_202112,3,mun_id,0.010356875136494637,0.010356875136494637
hanseniase,lgbm,origin_202112,6,n_hanseniase_l0,13.0,0.0021666666666666666
hanseniase,lgbm,origin_202112,6,n_hanseniase_l1,62.0,0.010333333333333333
hanseniase,lgbm,origin_202112,6,n_hanseniase_l2,27.0,0.0045
hanseniase,lgbm,origin_202112,6,n_hanseniase_l3,65.0,0.010833333333333334
hanseniase,lgbm,origin_202112,6,n_hanseniase_l6,50.0,0.008333333333333333
hanseniase,lgbm,origin_202112,6,n_hanseniase_l12,47.0,0.007833333333333333
hanseniase,lgbm,origin_202112,6,n_hanseniase_l13,61.0,0.010166666666666666
hanseniase,lgbm,origin_202112,6,n_hanseniase_r3,71.0,0.011833333333333333
hanseniase,lgbm,origin_202112,6,n_hanseniase_r6,110.0,0.018333333333333333
hanseniase,lgbm,origin_202112,6,n_hanseniase_r12,257.0,0.042833333333333334
hanseniase,lgbm,origin_202112,6,evapot_l0,117.0,0.0195
hanseniase,lgbm,origin_202112,6,evapot_l1,162.0,0.027
hanseniase,lgbm,origin_202112,6,evapot_l3,154.0,0.025666666666666667
hanseniase,lgbm,origin_202112,6,evapot_l12,128.0,0.021333333333333333
hanseniase,lgbm,origin_202112,6,precip_l0,233.0,0.03883333333333333
hanseniase,lgbm,origin_202112,6,precip_l1,182.0,0.030333333333333334
hanseniase,lgbm,origin_202112,6,precip_l3,182.0,0.030333333333333334
hanseniase,lgbm,origin_202112,6,precip_l12,220.0,0.03666666666666667
hanseniase,lgbm,origin_202112,6,temp_min_l0,192.0,0.032
hanseniase,lgbm,origin_202112,6,temp_min_l1,136.0,0.02266666666666667
hanseniase,lgbm,origin_202112,6,temp_min_l3,189.0,0.0315
hanseniase,lgbm,origin_202112,6,temp_min_l12,177.0,0.0295
hanseniase,lgbm,origin_202112,6,temp_max_l0,165.0,0.0275
hanseniase,lgbm,origin_202112,6,temp_max_l1,181.0,0.030166666666666668
hanseniase,lgbm,origin_202112,6,temp_max_l3,181.0,0.030166666666666668
hanseniase,lgbm,origin_202112,6,temp_max_l12,201.0,0.0335
hanseniase,lgbm,origin_202112,6,umid_l0,247.0,0.041166666666666664
hanseniase,lgbm,origin_202112,6,umid_l1,228.0,0.038
hanseniase,lgbm,origin_202112,6,umid_l3,229.0,0.03816666666666667
hanseniase,lgbm,origin_202112,6,umid_l12,228.0,0.038
hanseniase,lgbm,origin_202112,6,populacao,385.0,0.06416666666666666
hanseniase,lgbm,origin_202112,6,dens_demog,175.0,0.029166666666666667
hanseniase,lgbm,origin_202112,6,ppc,384.0,0.064
hanseniase,lgbm,origin_202112,6,urbanizacao,168.0,0.028
hanseniase,lgbm,origin_202112,6,tgt_month,102.0,0.017
hanseniase,lgbm,origin_202112,6,mun_id,291.0,0.0485
hanseniase,catboost,origin_202112,6,n_hanseniase_l0,0.9885461723069205,0.009885461723069207
hanseniase,catboost,origin_202112,6,n_hanseniase_l1,1.4417689279016663,0.014417689279016665
hanseniase,catboost,origin_202112,6,n_hanseniase_l2,1.6408004044164621,0.016408004044164624
hanseniase,catboost,origin_202112,6,n_hanseniase_l3,2.424974907966118,0.024249749079661185
hanseniase,catboost,origin_202112,6,n_hanseniase_l6,3.3662866853502886,0.03366286685350289
hanseniase,catboost,origin_202112,6,n_hanseniase_l12,0.6652639989305892,0.0066526399893058925
hanseniase,catboost,origin_202112,6,n_hanseniase_l13,2.3436961009758694,0.023436961009758697
hanseniase,catboost,origin_202112,6,n_hanseniase_r3,1.1205765090984863,0.011205765090984865
hanseniase,catboost,origin_202112,6,n_hanseniase_r6,13.074991524375172,0.13074991524375174
hanseniase,catboost,origin_202112,6,n_hanseniase_r12,9.395985517720069,0.09395985517720071
hanseniase,catboost,origin_202112,6,evapot_l0,1.1359391144564195,0.011359391144564196
hanseniase,catboost,origin_202112,6,evapot_l1,1.2922289821745219,0.01292228982174522
hanseniase,catboost,origin_202112,6,evapot_l3,0.9758404426837852,0.009758404426837853
hanseniase,catboost,origin_202112,6,evapot_l12,1.7101149245117295,0.017101149245117298
hanseniase,catboost,origin_202112,6,precip_l0,2.1069710071739367,0.02106971007173937
hanseniase,catboost,origin_202112,6,precip_l1,2.0756676680928363,0.020756676680928367
hanseniase,catboost,origin_202112,6,precip_l3,1.181562376274034,0.01181562376274034
hanseniase,catboost,origin_202112,6,precip_l12,2.0294108946017557,0.02029410894601756
hanseniase,catboost,origin_202112,6,temp_min_l0,2.220980863009737,0.02220980863009737
hanseniase,catboost,origin_202112,6,temp_min_l1,1.2925999468955152,0.012925999468955153
hanseniase,catboost,origin_202112,6,temp_min_l3,1.3963315235896652,0.013963315235896653
hanseniase,catboost,origin_202112,6,temp_min_l12,2.4838773820331155,0.02483877382033116
hanseniase,catboost,origin_202112,6,temp_max_l0,1.2294692408859067,0.01229469240885907
hanseniase,catboost,origin_202112,6,temp_max_l1,2.544690615346311,0.025446906153463112
hanseniase,catboost,origin_202112,6,temp_max_l3,1.4190671230210037,0.014190671230210039
hanseniase,catboost,origin_202112,6,temp_max_l12,1.860904754501527,0.018609047545015273
hanseniase,catboost,origin_202112,6,umid_l0,2.464239637471208,0.02464239637471208
hanseniase,catboost,origin_202112,6,umid_l1,1.4012968798950511,0.014012968798950514
hanseniase,catboost,origin_202112,6,umid_l3,1.4603030154471046,0.014603030154471048
hanseniase,catboost,origin_202112,6,umid_l12,1.3524143232811654,0.013524143232811656
hanseniase,catboost,origin_202112,6,populacao,11.471524319330006,0.11471524319330008
hanseniase,catboost,origin_202112,6,dens_demog,2.7370556292460155,0.027370556292460158
hanseniase,catboost,origin_202112,6,ppc,8.061117655278837,0.08061117655278838
hanseniase,catboost,origin_202112,6,urbanizacao,2.3532407646947093,0.0235324076469471
hanseniase,catboost,origin_202112,6,tgt_month,0.4343433564747623,0.0043434335647476235
hanseniase,catboost,origin_202112,6,mun_id,4.845916810587705,0.04845916810587706
hanseniase,xgboost,origin_202112,6,n_hanseniase_l0,0.019819067791104317,0.019819069653749466
hanseniase,xgboost,origin_202112,6,n_hanseniase_l1,0.05223347619175911,0.052233483642339706
hanseniase,xgboost,origin_202112,6,n_hanseniase_l2,0.0011188990902155638,0.0011188992066308856
hanseniase,xgboost,origin_202112,6,n_hanseniase_l3,0.026575015857815742,0.02657501958310604
hanseniase,xgboost,origin_202112,6,n_hanseniase_l6,0.003169781295582652,0.0031697817612439394
hanseniase,xgboost,origin_202112,6,n_hanseniase_l12,0.0017173847882077098,0.0017173850210383534
hanseniase,xgboost,origin_202112,6,n_hanseniase_l13,0.0031550542917102575,0.003155054757371545
hanseniase,xgboost,origin_202112,6,n_hanseniase_r3,0.4229694604873657,0.4229695200920105
hanseniase,xgboost,origin_202112,6,n_hanseniase_r6,0.14216087758541107,0.14216089248657227
hanseniase,xgboost,origin_202112,6,n_hanseniase_r12,0.2537666857242584,0.2537667155265808
hanseniase,xgboost,origin_202112,6,evapot_l0,0.0019894656725227833,0.001989465905353427
hanseniase,xgboost,origin_202112,6,evapot_l1,0.0020287013612687588,0.0020287015940994024
hanseniase,xgboost,origin_202112,6,evapot_l3,0.0016478484030812979,0.0016478486359119415
hanseniase,xgboost,origin_202112,6,evapot_l12,0.00252419151365757,0.0025241917464882135
hanseniase,xgboost,origin_202112,6,precip_l0,0.0023760937619954348,0.0023760939948260784
hanseniase,xgboost,origin_202112,6,precip_l1,0.0025560909416526556,0.0025560911744832993
hanseniase,xgboost,origin_202112,6,precip_l3,0.001863794052042067,0.0018637942848727107
hanseniase,xgboost,origin_202112,6,precip_l12,0.0020211907103657722,0.002021190943196416
hanseniase,xgboost,origin_202112,6,temp_min_l0,0.0019759172573685646,0.0019759174901992083
hanseniase,xgboost,origin_202112,6,temp_min_l1,0.0019016301957890391,0.0019016304286196828
hanseniase,xgboost,origin_202112,6,temp_min_l3,0.0023402490187436342,0.002340249251574278
hanseniase,xgboost,origin_202112,6,temp_min_l12,0.002555904444307089,0.0025559046771377325
hanseniase,xgboost,origin_202112,6,temp_max_l0,0.0023520065005868673,0.002352006733417511
hanseniase,xgboost,origin_202112,6,temp_max_l1,0.001990402117371559,0.001990402350202203
hanseniase,xgboost,origin_202112,6,temp_max_l3,0.001948344986885786,0.0019483452197164297
hanseniase,xgboost,origin_202112,6,temp_max_l12,0.002608991228044033,0.0026089914608746767
hanseniase,xgboost,origin_202112,6,umid_l0,0.0019394110422581434,0.001939411275088787
hanseniase,xgboost,origin_202112,6,umid_l1,0.0020625039469450712,0.002062504179775715
hanseniase,xgboost,origin_202112,6,umid_l3,0.00200087483972311,0.002000875072553754
hanseniase,xgboost,origin_202112,6,umid_l12,0.0019228068413212895,0.0019228070741519332
hanseniase,xgboost,origin_202112,6,populacao,0.0034347502514719963,0.0034347507171332836
hanseniase,xgboost,origin_202112,6,dens_demog,0.003039425006136298,0.0030394254717975855
hanseniase,xgboost,origin_202112,6,ppc,0.005756395403295755,0.005756395868957043
hanseniase,xgboost,origin_202112,6,urbanizacao,0.0031799108255654573,0.0031799112912267447
hanseniase,xgboost,origin_202112,6,tgt_month,0.0022985234390944242,0.002298523671925068
hanseniase,xgboost,origin_202112,6,mun_id,0.012998813763260841,0.01299881562590599
hanseniase,lgbm,origin_202112,12,n_hanseniase_l0,46.0,0.007666666666666666
hanseniase,lgbm,origin_202112,12,n_hanseniase_l1,44.0,0.007333333333333333
hanseniase,lgbm,origin_202112,12,n_hanseniase_l2,25.0,0.004166666666666667
hanseniase,lgbm,origin_202112,12,n_hanseniase_l3,30.0,0.005
hanseniase,lgbm,origin_202112,12,n_hanseniase_l6,41.0,0.006833333333333334
hanseniase,lgbm,origin_202112,12,n_hanseniase_l12,45.0,0.0075
hanseniase,lgbm,origin_202112,12,n_hanseniase_l13,53.0,0.008833333333333334
hanseniase,lgbm,origin_202112,12,n_hanseniase_r3,62.0,0.010333333333333333
hanseniase,lgbm,origin_202112,12,n_hanseniase_r6,144.0,0.024
hanseniase,lgbm,origin_202112,12,n_hanseniase_r12,200.0,0.03333333333333333
hanseniase,lgbm,origin_202112,12,evapot_l0,188.0,0.03133333333333333
hanseniase,lgbm,origin_202112,12,evapot_l1,130.0,0.021666666666666667
hanseniase,lgbm,origin_202112,12,evapot_l3,158.0,0.026333333333333334
hanseniase,lgbm,origin_202112,12,evapot_l12,162.0,0.027
hanseniase,lgbm,origin_202112,12,precip_l0,227.0,0.03783333333333333
hanseniase,lgbm,origin_202112,12,precip_l1,174.0,0.029
hanseniase,lgbm,origin_202112,12,precip_l3,215.0,0.035833333333333335
hanseniase,lgbm,origin_202112,12,precip_l12,199.0,0.033166666666666664
hanseniase,lgbm,origin_202112,12,temp_min_l0,182.0,0.030333333333333334
hanseniase,lgbm,origin_202112,12,temp_min_l1,237.0,0.0395
hanseniase,lgbm,origin_202112,12,temp_min_l3,202.0,0.033666666666666664
hanseniase,lgbm,origin_202112,12,temp_min_l12,170.0,0.028333333333333332
hanseniase,lgbm,origin_202112,12,temp_max_l0,198.0,0.033
hanseniase,lgbm,origin_202112,12,temp_max_l1,173.0,0.028833333333333332
hanseniase,lgbm,origin_202112,12,temp_max_l3,166.0,0.027666666666666666
hanseniase,lgbm,origin_202112,12,temp_max_l12,176.0,0.029333333333333333
hanseniase,lgbm,origin_202112,12,umid_l0,162.0,0.027
hanseniase,lgbm,origin_202112,12,umid_l1,172.0,0.028666666666666667
hanseniase,lgbm,origin_202112,12,umid_l3,192.0,0.032
hanseniase,lgbm,origin_202112,12,umid_l12,199.0,0.033166666666666664
hanseniase,lgbm,origin_202112,12,populacao,415.0,0.06916666666666667
hanseniase,lgbm,origin_202112,12,dens_demog,224.0,0.037333333333333336
hanseniase,lgbm,origin_202112,12,ppc,382.0,0.06366666666666666
hanseniase,lgbm,origin_202112,12,urbanizacao,232.0,0.03866666666666667
hanseniase,lgbm,origin_202112,12,tgt_month,77.0,0.012833333333333334
hanseniase,lgbm,origin_202112,12,mun_id,298.0,0.049666666666666665
hanseniase,catboost,origin_202112,12,n_hanseniase_l0,0.6015342127334116,0.006015342127334115
hanseniase,catboost,origin_202112,12,n_hanseniase_l1,2.2647267072361217,0.022647267072361216
hanseniase,catboost,origin_202112,12,n_hanseniase_l2,2.8730840057186033,0.028730840057186034
hanseniase,catboost,origin_202112,12,n_hanseniase_l3,2.226120966310455,0.02226120966310455
hanseniase,catboost,origin_202112,12,n_hanseniase_l6,1.1121589314973999,0.011121589314974
hanseniase,catboost,origin_202112,12,n_hanseniase_l12,0.9244383568262525,0.009244383568262526
hanseniase,catboost,origin_202112,12,n_hanseniase_l13,0.5202374703297773,0.005202374703297773
hanseniase,catboost,origin_202112,12,n_hanseniase_r3,2.2763912159129824,0.022763912159129825
hanseniase,catboost,origin_202112,12,n_hanseniase_r6,8.918207078395529,0.08918207078395529
hanseniase,catboost,origin_202112,12,n_hanseniase_r12,13.130893710609497,0.13130893710609498
hanseniase,catboost,origin_202112,12,evapot_l0,1.2042068803300536,0.012042068803300537
hanseniase,catboost,origin_202112,12,evapot_l1,2.0246920273081868,0.020246920273081868
hanseniase,catboost,origin_202112,12,evapot_l3,0.9968139275242971,0.009968139275242972
hanseniase,catboost,origin_202112,12,evapot_l12,1.4754559625070003,0.014754559625070003
hanseniase,catboost,origin_202112,12,precip_l0,1.5668088275141616,0.015668088275141615
hanseniase,catboost,origin_202112,12,precip_l1,0.8899731745794003,0.008899731745794002
hanseniase,catboost,origin_202112,12,precip_l3,2.3886509457082874,0.023886509457082875
hanseniase,catboost,origin_202112,12,precip_l12,1.9802545999203114,0.019802545999203114
hanseniase,catboost,origin_202112,12,temp_min_l0,2.3795369860093936,0.023795369860093937
hanseniase,catboost,origin_202112,12,temp_min_l1,1.4461572005240544,0.014461572005240543
hanseniase,catboost,origin_202112,12,temp_min_l3,1.5012519563345392,0.015012519563345393
hanseniase,catboost,origin_202112,12,temp_min_l12,1.2328030483432222,0.012328030483432222
hanseniase,catboost,origin_202112,12,temp_max_l0,1.4836014761238738,0.014836014761238739
hanseniase,catboost,origin_202112,12,temp_max_l1,1.7072088811087172,0.017072088811087172
hanseniase,catboost,origin_202112,12,temp_max_l3,1.5474661879903566,0.015474661879903566
hanseniase,catboost,origin_202112,12,temp_max_l12,1.3664873765924455,0.013664873765924455
hanseniase,catboost,origin_202112,12,umid_l0,1.1412809138948323,0.011412809138948323
hanseniase,catboost,origin_202112,12,umid_l1,1.7061821857984982,0.017061821857984983
hanseniase,catboost,origin_202112,12,umid_l3,2.0036301306266657,0.020036301306266657
hanseniase,catboost,origin_202112,12,umid_l12,1.7751573913010366,0.017751573913010365
hanseniase,catboost,origin_202112,12,populacao,7.595029643521888,0.07595029643521888
hanseniase,catboost,origin_202112,12,dens_demog,2.4492251000614456,0.024492251000614456
hanseniase,catboost,origin_202112,12,ppc,10.559953087780594,0.10559953087780594
hanseniase,catboost,origin_202112,12,urbanizacao,6.046069030240844,0.060460690302408436
hanseniase,catboost,origin_202112,12,tgt_month,0.4897311990362484,0.004897311990362484
hanseniase,catboost,origin_202112,12,mun_id,6.19457920374962,0.0619457920374962
hanseniase,xgboost,origin_202112,12,n_hanseniase_l0,0.03004687838256359,0.03004687838256359
hanseniase,xgboost,origin_202112,12,n_hanseniase_l1,0.008579162880778313,0.008579162880778313
hanseniase,xgboost,origin_202112,12,n_hanseniase_l2,0.001794597483240068,0.001794597483240068
hanseniase,xgboost,origin_202112,12,n_hanseniase_l3,0.0027473405934870243,0.0027473405934870243
hanseniase,xgboost,origin_202112,12,n_hanseniase_l6,0.0023390010464936495,0.0023390010464936495
hanseniase,xgboost,origin_202112,12,n_hanseniase_l12,0.002597314305603504,0.002597314305603504
hanseniase,xgboost,origin_202112,12,n_hanseniase_l13,0.08260643482208252,0.08260643482208252
hanseniase,xgboost,origin_202112,12,n_hanseniase_r3,0.10048156976699829,0.10048156976699829
hanseniase,xgboost,origin_202112,12,n_hanseniase_r6,0.20598796010017395,0.20598796010017395
hanseniase,xgboost,origin_202112,12,n_hanseniase_r12,0.402579128742218,0.402579128742218
hanseniase,xgboost,origin_202112,12,evapot_l0,0.002591464901342988,0.002591464901342988
hanseniase,xgboost,origin_202112,12,evapot_l1,0.002933248644694686,0.002933248644694686
hanseniase,xgboost,origin_202112,12,evapot_l3,0.0020503485575318336,0.0020503485575318336
hanseniase,xgboost,origin_202112,12,evapot_l12,0.0023982038255780935,0.0023982038255780935
hanseniase,xgboost,origin_202112,12,precip_l0,0.003080085152760148,0.003080085152760148
hanseniase,xgboost,origin_202112,12,precip_l1,0.0021336544305086136,0.0021336544305086136
hanseniase,xgboost,origin_202112,12,precip_l3,0.003135328646749258,0.003135328646749258
hanseniase,xgboost,origin_202112,12,precip_l12,0.0024278974160552025,0.0024278974160552025
hanseniase,xgboost,origin_202112,12,temp_min_l0,0.002324480563402176,0.002324480563402176
hanseniase,xgboost,origin_202112,12,temp_min_l1,0.0028331594076007605,0.0028331594076007605
hanseniase,xgboost,origin_202112,12,temp_min_l3,0.0026433600578457117,0.0026433600578457117
hanseniase,xgboost,origin_202112,12,temp_min_l12,0.002771301893517375,0.002771301893517375
hanseniase,xgboost,origin_202112,12,temp_max_l0,0.002402662765234709,0.002402662765234709
hanseniase,xgboost,origin_202112,12,temp_max_l1,0.00263440259732306,0.00263440259732306
hanseniase,xgboost,origin_202112,12,temp_max_l3,0.0023331798147410154,0.0023331798147410154
hanseniase,xgboost,origin_202112,12,temp_max_l12,0.002383221872150898,0.002383221872150898
hanseniase,xgboost,origin_202112,12,umid_l0,0.0025066921953111887,0.0025066921953111887
hanseniase,xgboost,origin_202112,12,umid_l1,0.002300281310454011,0.002300281310454011
hanseniase,xgboost,origin_202112,12,umid_l3,0.0023210083600133657,0.0023210083600133657
hanseniase,xgboost,origin_202112,12,umid_l12,0.002372711431235075,0.002372711431235075
hanseniase,xgboost,origin_202112,12,populacao,0.005444352049380541,0.005444352049380541
hanseniase,xgboost,origin_202112,12,dens_demog,0.003436359344050288,0.003436359344050288
hanseniase,xgboost,origin_202112,12,ppc,0.010266886092722416,0.010266886092722416
hanseniase,xgboost,origin_202112,12,urbanizacao,0.0049588000401854515,0.0049588000401854515
hanseniase,xgboost,origin_202112,12,tgt_month,0.00307786394841969,0.00307786394841969
hanseniase,xgboost,origin_202112,12,mun_id,0.08247970044612885,0.08247970044612885
hanseniase,lgbm,origin_202212,1,n_hanseniase_l0,86.0,0.014333333333333333
hanseniase,lgbm,origin_202212,1,n_hanseniase_l1,61.0,0.010166666666666666
hanseniase,lgbm,origin_202212,1,n_hanseniase_l2,33.0,0.0055
hanseniase,lgbm,origin_202212,1,n_hanseniase_l3,67.0,0.011166666666666667
hanseniase,lgbm,origin_202212,1,n_hanseniase_l6,63.0,0.0105
hanseniase,lgbm,origin_202212,1,n_hanseniase_l12,68.0,0.011333333333333334
hanseniase,lgbm,origin_202212,1,n_hanseniase_l13,65.0,0.010833333333333334
hanseniase,lgbm,origin_202212,1,n_hanseniase_r3,112.0,0.018666666666666668
hanseniase,lgbm,origin_202212,1,n_hanseniase_r6,127.0,0.021166666666666667
hanseniase,lgbm,origin_202212,1,n_hanseniase_r12,238.0,0.03966666666666667
hanseniase,lgbm,origin_202212,1,evapot_l0,142.0,0.023666666666666666
hanseniase,lgbm,origin_202212,1,evapot_l1,132.0,0.022
hanseniase,lgbm,origin_202212,1,evapot_l3,197.0,0.03283333333333333
hanseniase,lgbm,origin_202212,1,evapot_l12,149.0,0.024833333333333332
hanseniase,lgbm,origin_202212,1,precip_l0,196.0,0.03266666666666666
hanseniase,lgbm,origin_202212,1,precip_l1,213.0,0.0355
hanseniase,lgbm,origin_202212,1,precip_l3,192.0,0.032
hanseniase,lgbm,origin_202212,1,precip_l12,192.0,0.032
hanseniase,lgbm,origin_202212,1,temp_min_l0,210.0,0.035
hanseniase,lgbm,origin_202212,1,temp_min_l1,139.0,0.023166666666666665
hanseniase,lgbm,origin_202212,1,temp_min_l3,225.0,0.0375
hanseniase,lgbm,origin_202212,1,temp_min_l12,221.0,0.036833333333333336
hanseniase,lgbm,origin_202212,1,temp_max_l0,182.0,0.030333333333333334
hanseniase,lgbm,origin_202212,1,temp_max_l1,166.0,0.027666666666666666
hanseniase,lgbm,origin_202212,1,temp_max_l3,201.0,0.0335
hanseniase,lgbm,origin_202212,1,temp_max_l12,222.0,0.037
hanseniase,lgbm,origin_202212,1,umid_l0,262.0,0.043666666666666666
hanseniase,lgbm,origin_202212,1,umid_l1,230.0,0.03833333333333333
hanseniase,lgbm,origin_202212,1,umid_l3,201.0,0.0335
hanseniase,lgbm,origin_202212,1,umid_l12,193.0,0.03216666666666667
hanseniase,lgbm,origin_202212,1,populacao,310.0,0.051666666666666666
hanseniase,lgbm,origin_202212,1,dens_demog,126.0,0.021
hanseniase,lgbm,origin_202212,1,ppc,237.0,0.0395
hanseniase,lgbm,origin_202212,1,urbanizacao,135.0,0.0225
hanseniase,lgbm,origin_202212,1,tgt_month,141.0,0.0235
hanseniase,lgbm,origin_202212,1,mun_id,266.0,0.044333333333333336
hanseniase,catboost,origin_202212,1,n_hanseniase_l0,6.490820232834391,0.06490820232834393
hanseniase,catboost,origin_202212,1,n_hanseniase_l1,1.313950684797739,0.013139506847977395
hanseniase,catboost,origin_202212,1,n_hanseniase_l2,0.2696590938912395,0.002696590938912396
hanseniase,catboost,origin_202212,1,n_hanseniase_l3,3.800561522299862,0.03800561522299864
hanseniase,catboost,origin_202212,1,n_hanseniase_l6,3.0245077329429,0.030245077329429014
hanseniase,catboost,origin_202212,1,n_hanseniase_l12,0.9792268609282888,0.009792268609282893
hanseniase,catboost,origin_202212,1,n_hanseniase_l13,2.3545568131413193,0.023545568131413203
hanseniase,catboost,origin_202212,1,n_hanseniase_r3,7.897105744084097,0.078971057440841
hanseniase,catboost,origin_202212,1,n_hanseniase_r6,8.109222856356572,0.08109222856356575
hanseniase,catboost,origin_202212,1,n_hanseniase_r12,17.34739500729772,0.17347395007297728
hanseniase,catboost,origin_202212,1,evapot_l0,1.3070539517994673,0.013070539517994677
hanseniase,catboost,origin_202212,1,evapot_l1,0.7287721822611926,0.007287721822611929
hanseniase,catboost,origin_202212,1,evapot_l3,2.179092197109165,0.021790921971091656
hanseniase,catboost,origin_202212,1,evapot_l12,1.377861485173086,0.013778614851730864
hanseniase,catboost,origin_202212,1,precip_l0,0.9806785015060004,0.009806785015060009
hanseniase,catboost,origin_202212,1,precip_l1,1.211703890304241,0.012117038903042415
hanseniase,catboost,origin_202212,1,precip_l3,1.7993070297852214,0.017993070297852222
hanseniase,catboost,origin_202212,1,precip_l12,0.9900504854976303,0.009900504854976308
hanseniase,catboost,origin_202212,1,temp_min_l0,2.1664998390830843,0.02166499839083085
hanseniase,catboost,origin_202212,1,temp_min_l1,1.5105868293331512,0.015105868293331519
hanseniase,catboost,origin_202212,1,temp_min_l3,2.3907991031304285,0.023907991031304296
hanseniase,catboost,origin_202212,1,temp_min_l12,2.136695105371702,0.02136695105371703
hanseniase,catboost,origin_202212,1,temp_max_l0,1.3946962061656438,0.013946962061656444
hanseniase,catboost,origin_202212,1,temp_max_l1,1.8359231710426012,0.01835923171042602
hanseniase,catboost,origin_202212,1,temp_max_l3,1.4572133294288714,0.01457213329428872
hanseniase,catboost,origin_202212,1,temp_max_l12,1.5685651341615783,0.01568565134161579
hanseniase,catboost,origin_202212,1,umid_l0,2.3227389685100244,0.023227389685100252
hanseniase,catboost,origin_202212,1,umid_l1,1.8422634594351008,0.018422634594351017
hanseniase,catboost,origin_202212,1,umid_l3,0.7139868262437723,0.007139868262437726
hanseniase,catboost,origin_202212,1,umid_l12,0.9312731164985406,0.00931273116498541
hanseniase,catboost,origin_202212,1,populacao,4.395328791326581,0.04395328791326583
hanseniase,catboost,origin_202212,1,dens_demog,2.168377160334215,0.02168377160334216
hanseniase,catboost,origin_202212,1,ppc,2.5661870475931523,0.025661870475931534
hanseniase,catboost,origin_202212,1,urbanizacao,3.2263423348211266,0.03226342334821128
hanseniase,catboost,origin_202212,1,tgt_month,0.8608679944716682,0.008608679944716686
hanseniase,catboost,origin_202212,1,mun_id,4.350129311038604,0.04350129311038606
hanseniase,xgboost,origin_202212,1,n_hanseniase_l0,0.11070358753204346,0.11070357263088226
hanseniase,xgboost,origin_202212,1,n_hanseniase_l1,0.013720412738621235,0.013720410875976086
hanseniase,xgboost,origin_202212,1,n_hanseniase_l2,0.04938479885458946,0.049384791404008865
hanseniase,xgboost,origin_202212,1,n_hanseniase_l3,0.00730582419782877,0.007305823266506195
hanseniase,xgboost,origin_202212,1,n_hanseniase_l6,0.02170281670987606,0.02170281484723091
hanseniase,xgboost,origin_202212,1,n_hanseniase_l12,0.0021772487089037895,0.002177248476073146
hanseniase,xgboost,origin_202212,1,n_hanseniase_l13,0.001633644220419228,0.0016336439875885844
hanseniase,xgboost,origin_202212,1,n_hanseniase_r3,0.43772047758102417,0.4377204179763794
hanseniase,xgboost,origin_202212,1,n_hanseniase_r6,0.24334774911403656,0.24334771931171417
hanseniase,xgboost,origin_202212,1,n_hanseniase_r12,0.05786517634987831,0.057865168899297714
hanseniase,xgboost,origin_202212,1,evapot_l0,0.0020563427824527025,0.002056342549622059
hanseniase,xgboost,origin_202212,1,evapot_l1,0.0013765543699264526,0.0013765542535111308
hanseniase,xgboost,origin_202212,1,evapot_l3,0.0016721650026738644,0.0016721647698432207
hanseniase,xgboost,origin_202212,1,evapot_l12,0.0018076725536957383,0.0018076723208650947
hanseniase,xgboost,origin_202212,1,precip_l0,0.0017955343937501311,0.0017955341609194875
hanseniase,xgboost,origin_202212,1,precip_l1,0.0018261501099914312,0.0018261498771607876
hanseniase,xgboost,origin_202212,1,precip_l3,0.0019162496319040656,0.001916249399073422
hanseniase,xgboost,origin_202212,1,precip_l12,0.001638788846321404,0.0016387886134907603
hanseniase,xgboost,origin_202212,1,temp_min_l0,0.0021662197541445494,0.0021662195213139057
hanseniase,xgboost,origin_202212,1,temp_min_l1,0.0019181319512426853,0.0019181317184120417
hanseniase,xgboost,origin_202212,1,temp_min_l3,0.0019190625753253698,0.0019190623424947262
hanseniase,xgboost,origin_202212,1,temp_min_l12,0.001733181532472372,0.0017331812996417284
hanseniase,xgboost,origin_202212,1,temp_max_l0,0.0018817050149664283,0.0018817047821357846
hanseniase,xgboost,origin_202212,1,temp_max_l1,0.001994089223444462,0.001994088990613818
hanseniase,xgboost,origin_202212,1,temp_max_l3,0.0014576887479051948,0.001457688631489873
hanseniase,xgboost,origin_202212,1,temp_max_l12,0.0016963727539405227,0.001696372521109879
hanseniase,xgboost,origin_202212,1,umid_l0,0.001898071146570146,0.0018980709137395024
hanseniase,xgboost,origin_202212,1,umid_l1,0.0016282935393974185,0.0016282933065667748
hanseniase,xgboost,origin_202212,1,umid_l3,0.0016404262278228998,0.0016404259949922562
hanseniase,xgboost,origin_202212,1,umid_l12,0.001677083782851696,0.0016770835500210524
hanseniase,xgboost,origin_202212,1,populacao,0.002226889133453369,0.0022268889006227255
hanseniase,xgboost,origin_202212,1,dens_demog,0.001986992545425892,0.0019869923125952482
hanseniase,xgboost,origin_202212,1,ppc,0.0026681965682655573,0.0026681963354349136
hanseniase,xgboost,origin_202212,1,urbanizacao,0.0024308040738105774,0.0024308038409799337
hanseniase,xgboost,origin_202212,1,tgt_month,0.0025308742187917233,0.0025308739859610796
hanseniase,xgboost,origin_202212,1,mun_id,0.006894851103425026,0.006894850172102451
hanseniase,lgbm,origin_202212,3,n_hanseniase_l0,79.0,0.013166666666666667
hanseniase,lgbm,origin_202212,3,n_hanseniase_l1,75.0,0.0125
hanseniase,lgbm,origin_202212,3,n_hanseniase_l2,27.0,0.0045
hanseniase,lgbm,origin_202212,3,n_hanseniase_l3,39.0,0.0065
hanseniase,lgbm,origin_202212,3,n_hanseniase_l6,51.0,0.0085
hanseniase,lgbm,origin_202212,3,n_hanseniase_l12,41.0,0.006833333333333334
hanseniase,lgbm,origin_202212,3,n_hanseniase_l13,40.0,0.006666666666666667
hanseniase,lgbm,origin_202212,3,n_hanseniase_r3,113.0,0.018833333333333334
hanseniase,lgbm,origin_202212,3,n_hanseniase_r6,120.0,0.02
hanseniase,lgbm,origin_202212,3,n_hanseniase_r12,262.0,0.043666666666666666
hanseniase,lgbm,origin_202212,3,evapot_l0,153.0,0.0255
hanseniase,lgbm,origin_202212,3,evapot_l1,187.0,0.031166666666666665
hanseniase,lgbm,origin_202212,3,evapot_l3,152.0,0.025333333333333333
hanseniase,lgbm,origin_202212,3,evapot_l12,144.0,0.024
hanseniase,lgbm,origin_202212,3,precip_l0,214.0,0.035666666666666666
hanseniase,lgbm,origin_202212,3,precip_l1,233.0,0.03883333333333333
hanseniase,lgbm,origin_202212,3,precip_l3,287.0,0.04783333333333333
hanseniase,lgbm,origin_202212,3,precip_l12,198.0,0.033
hanseniase,lgbm,origin_202212,3,temp_min_l0,177.0,0.0295
hanseniase,lgbm,origin_202212,3,temp_min_l1,199.0,0.033166666666666664
hanseniase,lgbm,origin_202212,3,temp_min_l3,194.0,0.03233333333333333
hanseniase,lgbm,origin_202212,3,temp_min_l12,167.0,0.027833333333333335
hanseniase,lgbm,origin_202212,3,temp_max_l0,174.0,0.029
hanseniase,lgbm,origin_202212,3,temp_max_l1,171.0,0.0285
hanseniase,lgbm,origin_202212,3,temp_max_l3,127.0,0.021166666666666667
hanseniase,lgbm,origin_202212,3,temp_max_l12,170.0,0.028333333333333332
hanseniase,lgbm,origin_202212,3,umid_l0,221.0,0.036833333333333336
hanseniase,lgbm,origin_202212,3,umid_l1,196.0,0.03266666666666666
hanseniase,lgbm,origin_202212,3,umid_l3,214.0,0.035666666666666666
hanseniase,lgbm,origin_202212,3,umid_l12,198.0,0.033
hanseniase,lgbm,origin_202212,3,populacao,311.0,0.051833333333333335
hanseniase,lgbm,origin_202212,3,dens_demog,148.0,0.024666666666666667
hanseniase,lgbm,origin_202212,3,ppc,362.0,0.060333333333333336
hanseniase,lgbm,origin_202212,3,urbanizacao,185.0,0.030833333333333334
hanseniase,lgbm,origin_202212,3,tgt_month,91.0,0.015166666666666667
hanseniase,lgbm,origin_202212,3,mun_id,280.0,0.04666666666666667
hanseniase,catboost,origin_202212,3,n_hanseniase_l0,2.2911340981286012,0.022911340981286006
hanseniase,catboost,origin_202212,3,n_hanseniase_l1,0.5476459238513091,0.005476459238513089
hanseniase,catboost,origin_202212,3,n_hanseniase_l2,3.6777795448978443,0.03677779544897843
hanseniase,catboost,origin_202212,3,n_hanseniase_l3,2.481261518993279,0.02481261518993278
hanseniase,catboost,origin_202212,3,n_hanseniase_l6,1.1037904785911385,0.011037904785911382
hanseniase,catboost,origin_202212,3,n_hanseniase_l12,1.7229720537229567,0.017229720537229563
hanseniase,catboost,origin_202212,3,n_hanseniase_l13,1.0638874395910198,0.010638874395910195
hanseniase,catboost,origin_202212,3,n_hanseniase_r3,4.003272781727883,0.04003272781727882
hanseniase,catboost,origin_202212,3,n_hanseniase_r6,14.038812079887848,0.14038812079887844
hanseniase,catboost,origin_202212,3,n_hanseniase_r12,13.538064835929923,0.1353806483592992
hanseniase,catboost,origin_202212,3,evapot_l0,1.363453850058523,0.013634538500585226
hanseniase,catboost,origin_202212,3,evapot_l1,1.3585621463980906,0.013585621463980901
hanseniase,catboost,origin_202212,3,evapot_l3,1.4451908933567486,0.014451908933567481
hanseniase,catboost,origin_202212,3,evapot_l12,1.0193647413912381,0.010193647413912378
hanseniase,catboost,origin_202212,3,precip_l0,1.0871493972169555,0.010871493972169551
hanseniase,catboost,origin_202212,3,precip_l1,1.8938074389671642,0.018938074389671638
hanseniase,catboost,origin_202212,3,precip_l3,2.2424515124596143,0.022424515124596138
hanseniase,catboost,origin_202212,3,precip_l12,2.1590927639538045,0.02159092763953804
hanseniase,catboost,origin_202212,3,temp_min_l0,1.8611272501210616,0.01861127250121061
hanseniase,catboost,origin_202212,3,temp_min_l1,2.462403512227562,0.024624035122275612
hanseniase,catboost,origin_202212,3,temp_min_l3,2.9008357559923335,0.029008357559923325
hanseniase,catboost,origin_202212,3,temp_min_l12,1.191416395592622,0.011914163955926217
hanseniase,catboost,origin_202212,3,temp_max_l0,1.2625190045818715,0.012625190045818711
hanseniase,catboost,origin_202212,3,temp_max_l1,1.9580613286916122,0.019580613286916116
hanseniase,catboost,origin_202212,3,temp_max_l3,1.4086426142612631,0.014086426142612627
hanseniase,catboost,origin_202212,3,temp_max_l12,1.244066438469248,0.012440664384692476
hanseniase,catboost,origin_202212,3,umid_l0,1.925812670001491,0.019258126700014904
hanseniase,catboost,origin_202212,3,umid_l1,1.3558485731312362,0.013558485731312358
hanseniase,catboost,origin_202212,3,umid_l3,1.3985460290143907,0.013985460290143904
hanseniase,catboost,origin_202212,3,umid_l12,1.2688139188435372,0.012688139188435369
hanseniase,catboost,origin_202212,3,populacao,7.328003952930714,0.07328003952930712
hanseniase,catboost,origin_202212,3,dens_demog,2.417355760408974,0.024173557604089735
hanseniase,catboost,origin_202212,3,ppc,5.8902648060744385,0.05890264806074437
hanseniase,catboost,origin_202212,3,urbanizacao,3.694552779600302,0.036945527796003005
hanseniase,catboost,origin_202212,3,tgt_month,0.4967103879851987,0.004967103879851985
hanseniase,catboost,origin_202212,3,mun_id,2.897325322948197,0.028973253229481962
hanseniase,xgboost,origin_202212,3,n_hanseniase_l0,0.16436117887496948,0.16436119377613068
hanseniase,xgboost,origin_202212,3,n_hanseniase_l1,0.0547085702419281,0.0547085739672184
hanseniase,xgboost,origin_202212,3,n_hanseniase_l2,0.0039021247066557407,0.0039021249394863844
hanseniase,xgboost,origin_202212,3,n_hanseniase_l3,0.002018274273723364,0.0020182745065540075
hanseniase,xgboost,origin_202212,3,n_hanseniase_l6,0.002645360305905342,0.0026453605387359858
hanseniase,xgboost,origin_202212,3,n_hanseniase_l12,0.0019279151456430554,0.0019279152620583773
hanseniase,xgboost,origin_202212,3,n_hanseniase_l13,0.0018806204898282886,0.0018806206062436104
hanseniase,xgboost,origin_202212,3,n_hanseniase_r3,0.25293612480163574,0.25293615460395813
hanseniase,xgboost,origin_202212,3,n_hanseniase_r6,0.2945578396320343,0.2945578694343567
hanseniase,xgboost,origin_202212,3,n_hanseniase_r12,0.15103620290756226,0.15103621780872345
hanseniase,xgboost,origin_202212,3,evapot_l0,0.0017951243789866567,0.0017951244954019785
hanseniase,xgboost,origin_202212,3,evapot_l1,0.0021129674278199673,0.002112967660650611
hanseniase,xgboost,origin_202212,3,evapot_l3,0.002142368583008647,0.0021423688158392906
hanseniase,xgboost,origin_202212,3,evapot_l12,0.0019645337015390396,0.0019645339343696833
hanseniase,xgboost,origin_202212,3,precip_l0,0.002108663786202669,0.002108664019033313
hanseniase,xgboost,origin_202212,3,precip_l1,0.002328193746507168,0.0023281939793378115
hanseniase,xgboost,origin_202212,3,precip_l3,0.0023481897078454494,0.002348189940676093
hanseniase,xgboost,origin_202212,3,precip_l12,0.0025089115370064974,0.002508911769837141
hanseniase,xgboost,origin_202212,3,temp_min_l0,0.0022557408083230257,0.0022557410411536694
hanseniase,xgboost,origin_202212,3,temp_min_l1,0.0028450365643948317,0.0028450367972254753
hanseniase,xgboost,origin_202212,3,temp_min_l3,0.002166192512959242,0.0021661927457898855
hanseniase,xgboost,origin_202212,3,temp_min_l12,0.002091767033562064,0.002091767266392708
hanseniase,xgboost,origin_202212,3,temp_max_l0,0.0022789244540035725,0.002278924686834216
hanseniase,xgboost,origin_202212,3,temp_max_l1,0.002010206924751401,0.0020102071575820446
hanseniase,xgboost,origin_202212,3,temp_max_l3,0.0021504699252545834,0.002150470158085227
hanseniase,xgboost,origin_202212,3,temp_max_l12,0.0021117739379405975,0.002111774170771241
hanseniase,xgboost,origin_202212,3,umid_l0,0.0025695469230413437,0.0025695471558719873
hanseniase,xgboost,origin_202212,3,umid_l1,0.0020809138659387827,0.0020809140987694263
hanseniase,xgboost,origin_202212,3,umid_l3,0.002318582497537136,0.0023185827303677797
hanseniase,xgboost,origin_202212,3,umid_l12,0.0024712381418794394,0.002471238374710083
hanseniase,xgboost,origin_202212,3,populacao,0.0036345156840980053,0.003634515916928649
hanseniase,xgboost,origin_202212,3,dens_demog,0.002806488424539566,0.0028064886573702097
hanseniase,xgboost,origin_202212,3,ppc,0.005024289712309837,0.005024290177971125
hanseniase,xgboost,origin_202212,3,urbanizacao,0.0026799142360687256,0.0026799144688993692
hanseniase,xgboost,origin_202212,3,tgt_month,0.002680098172277212,0.002680098405107856
hanseniase,xgboost,origin_202212,3,mun_id,0.008540959097445011,0.008540960028767586
hanseniase,lgbm,origin_202212,6,n_hanseniase_l0,24.0,0.004
hanseniase,lgbm,origin_202212,6,n_hanseniase_l1,51.0,0.0085
hanseniase,lgbm,origin_202212,6,n_hanseniase_l2,29.0,0.004833333333333334
hanseniase,lgbm,origin_202212,6,n_hanseniase_l3,46.0,0.007666666666666666
hanseniase,lgbm,origin_202212,6,n_hanseniase_l6,50.0,0.008333333333333333
hanseniase,lgbm,origin_202212,6,n_hanseniase_l12,41.0,0.006833333333333334
hanseniase,lgbm,origin_202212,6,n_hanseniase_l13,57.0,0.0095
hanseniase,lgbm,origin_202212,6,n_hanseniase_r3,67.0,0.011166666666666667
hanseniase,lgbm,origin_202212,6,n_hanseniase_r6,131.0,0.021833333333333333
hanseniase,lgbm,origin_202212,6,n_hanseniase_r12,251.0,0.041833333333333333
hanseniase,lgbm,origin_202212,6,evapot_l0,161.0,0.026833333333333334
hanseniase,lgbm,origin_202212,6,evapot_l1,161.0,0.026833333333333334
hanseniase,lgbm,origin_202212,6,evapot_l3,160.0,0.02666666666666667
hanseniase,lgbm,origin_202212,6,evapot_l12,136.0,0.02266666666666667
hanseniase,lgbm,origin_202212,6,precip_l0,212.0,0.035333333333333335
hanseniase,lgbm,origin_202212,6,precip_l1,193.0,0.03216666666666667
hanseniase,lgbm,origin_202212,6,precip_l3,240.0,0.04
hanseniase,lgbm,origin_202212,6,precip_l12,237.0,0.0395
hanseniase,lgbm,origin_202212,6,temp_min_l0,194.0,0.03233333333333333
hanseniase,lgbm,origin_202212,6,temp_min_l1,167.0,0.027833333333333335
hanseniase,lgbm,origin_202212,6,temp_min_l3,175.0,0.029166666666666667
hanseniase,lgbm,origin_202212,6,temp_min_l12,177.0,0.0295
hanseniase,lgbm,origin_202212,6,temp_max_l0,171.0,0.0285
hanseniase,lgbm,origin_202212,6,temp_max_l1,179.0,0.029833333333333333
hanseniase,lgbm,origin_202212,6,temp_max_l3,154.0,0.025666666666666667
hanseniase,lgbm,origin_202212,6,temp_max_l12,221.0,0.036833333333333336
hanseniase,lgbm,origin_202212,6,umid_l0,217.0,0.036166666666666666
hanseniase,lgbm,origin_202212,6,umid_l1,217.0,0.036166666666666666
hanseniase,lgbm,origin_202212,6,umid_l3,189.0,0.0315
hanseniase,lgbm,origin_202212,6,umid_l12,204.0,0.034
hanseniase,lgbm,origin_202212,6,populacao,326.0,0.05433333333333333
hanseniase,lgbm,origin_202212,6,dens_demog,202.0,0.033666666666666664
hanseniase,lgbm,origin_202212,6,ppc,378.0,0.063
hanseniase,lgbm,origin_202212,6,urbanizacao,182.0,0.030333333333333334
hanseniase,lgbm,origin_202212,6,tgt_month,95.0,0.015833333333333335
hanseniase,lgbm,origin_202212,6,mun_id,305.0,0.050833333333333335
hanseniase,catboost,origin_202212,6,n_hanseniase_l0,0.49913007403055215,0.00499130074030552
hanseniase,catboost,origin_202212,6,n_hanseniase_l1,0.5972270830783308,0.005972270830783307
hanseniase,catboost,origin_202212,6,n_hanseniase_l2,2.3790611068386176,0.023790611068386168
hanseniase,catboost,origin_202212,6,n_hanseniase_l3,3.9270284026463655,0.039270284026463646
hanseniase,catboost,origin_202212,6,n_hanseniase_l6,1.7013962315997575,0.01701396231599757
hanseniase,catboost,origin_202212,6,n_hanseniase_l12,0.8984293744590802,0.0089842937445908
hanseniase,catboost,origin_202212,6,n_hanseniase_l13,0.8894497161482218,0.008894497161482216
hanseniase,catboost,origin_202212,6,n_hanseniase_r3,2.563535879958544,0.025635358799585433
hanseniase,catboost,origin_202212,6,n_hanseniase_r6,11.836061489460334,0.11836061489460331
hanseniase,catboost,origin_202212,6,n_hanseniase_r12,11.589949026250075,0.11589949026250071
hanseniase,catboost,origin_202212,6,evapot_l0,1.2938639410729849,0.012938639410729844
hanseniase,catboost,origin_202212,6,evapot_l1,1.327700667630651,0.013277006676306507
hanseniase,catboost,origin_202212,6,evapot_l3,1.3029593360014615,0.013029593360014611
hanseniase,catboost,origin_202212,6,evapot_l12,1.5578786691668676,0.015578786691668671
hanseniase,catboost,origin_202212,6,precip_l0,1.9312745849819972,0.019312745849819967
hanseniase,catboost,origin_202212,6,precip_l1,1.581654750538178,0.015816547505381775
hanseniase,catboost,origin_202212,6,precip_l3,1.469969368881509,0.014699693688815086
hanseniase,catboost,origin_202212,6,precip_l12,2.4515966317420483,0.024515966317420475
hanseniase,catboost,origin_202212,6,temp_min_l0,2.2388271724135267,0.02238827172413526
hanseniase,catboost,origin_202212,6,temp_min_l1,2.0488851811954563,0.020488851811954558
hanseniase,catboost,origin_202212,6,temp_min_l3,1.6184662706174577,0.016184662706174573
hanseniase,catboost,origin_202212,6,temp_min_l12,2.1969868267831685,0.021969868267831677
hanseniase,catboost,origin_202212,6,temp_max_l0,1.5559424067990117,0.015559424067990112
hanseniase,catboost,origin_202212,6,temp_max_l1,3.406239397707968,0.03406239397707967
hanseniase,catboost,origin_202212,6,temp_max_l3,1.1244584720431283,0.01124458472043128
hanseniase,catboost,origin_202212,6,temp_max_l12,2.3333713830213,0.023333713830212995
hanseniase,catboost,origin_202212,6,umid_l0,2.17593356234245,0.021759335623424494
hanseniase,catboost,origin_202212,6,umid_l1,1.2768749787456228,0.012768749787456225
hanseniase,catboost,origin_202212,6,umid_l3,1.9868965965450214,0.019868965965450208
hanseniase,catboost,origin_202212,6,umid_l12,1.2288369052866235,0.01228836905286623
hanseniase,catboost,origin_202212,6,populacao,5.722323017236178,0.057223230172361764
hanseniase,catboost,origin_202212,6,dens_demog,3.7437704507663017,0.037437704507663004
hanseniase,catboost,origin_202212,6,ppc,7.758775949474366,0.07758775949474364
hanseniase,catboost,origin_202212,6,urbanizacao,5.190718899932441,0.051907188999324394
hanseniase,catboost,origin_202212,6,tgt_month,0.7903983001137745,0.007903983001137743
hanseniase,catboost,origin_202212,6,mun_id,3.804127894490627,0.03804127894490626
hanseniase,xgboost,origin_202212,6,n_hanseniase_l0,0.0436650775372982,0.0436650849878788
hanseniase,xgboost,origin_202212,6,n_hanseniase_l1,0.10319101065397263,0.10319102555513382
hanseniase,xgboost,origin_202212,6,n_hanseniase_l2,0.00672202929854393,0.006722030695527792
hanseniase,xgboost,origin_202212,6,n_hanseniase_l3,0.0036287361290305853,0.0036287368275225163
hanseniase,xgboost,origin_202212,6,n_hanseniase_l6,0.0045445761643350124,0.004544577095657587
hanseniase,xgboost,origin_202212,6,n_hanseniase_l12,0.0016911615384742618,0.0016911618877202272
hanseniase,xgboost,origin_202212,6,n_hanseniase_l13,0.0024688737466931343,0.0024688742123544216
hanseniase,xgboost,origin_202212,6,n_hanseniase_r3,0.24001161754131317,0.24001166224479675
hanseniase,xgboost,origin_202212,6,n_hanseniase_r6,0.29452869296073914,0.2945287525653839
hanseniase,xgboost,origin_202212,6,n_hanseniase_r12,0.22337767481803894,0.22337771952152252
hanseniase,xgboost,origin_202212,6,evapot_l0,0.0019551205914467573,0.0019551210571080446
hanseniase,xgboost,origin_202212,6,evapot_l1,0.0018291124142706394,0.001829112763516605
hanseniase,xgboost,origin_202212,6,evapot_l3,0.001858610543422401,0.0018586108926683664
hanseniase,xgboost,origin_202212,6,evapot_l12,0.0022709493059664965,0.0022709497716277838
hanseniase,xgboost,origin_202212,6,precip_l0,0.002154227579012513,0.0021542280446738005
hanseniase,xgboost,origin_202212,6,precip_l1,0.002127039013430476,0.0021270394790917635
hanseniase,xgboost,origin_202212,6,precip_l3,0.0019903951324522495,0.001990395598113537
hanseniase,xgboost,origin_202212,6,precip_l12,0.0023535434156656265,0.002353543881326914
hanseniase,xgboost,origin_202212,6,temp_min_l0,0.0019477375317364931,0.0019477378809824586
hanseniase,xgboost,origin_202212,6,temp_min_l1,0.002187712350860238,0.0021877128165215254
hanseniase,xgboost,origin_202212,6,temp_min_l3,0.0025833211839199066,0.002583321649581194
hanseniase,xgboost,origin_202212,6,temp_min_l12,0.0029489577282220125,0.0029489581938833
hanseniase,xgboost,origin_202212,6,temp_max_l0,0.0018994384445250034,0.001899438793770969
hanseniase,xgboost,origin_202212,6,temp_max_l1,0.00238595437258482,0.002385954838246107
hanseniase,xgboost,origin_202212,6,temp_max_l3,0.0019881592597812414,0.0019881597254425287
hanseniase,xgboost,origin_202212,6,temp_max_l12,0.0025281088892370462,0.0025281093548983335
hanseniase,xgboost,origin_202212,6,umid_l0,0.0023188446648418903,0.0023188451305031776
hanseniase,xgboost,origin_202212,6,umid_l1,0.0023458669893443584,0.0023458674550056458
hanseniase,xgboost,origin_202212,6,umid_l3,0.0019390553934499621,0.0019390557426959276
hanseniase,xgboost,origin_202212,6,umid_l12,0.0017280015163123608,0.0017280018655583262
hanseniase,xgboost,origin_202212,6,populacao,0.0034808821510523558,0.0034808828495442867
hanseniase,xgboost,origin_202212,6,dens_demog,0.003581828437745571,0.003581829136237502
hanseniase,xgboost,origin_202212,6,ppc,0.006059792824089527,0.006059793755412102
hanseniase,xgboost,origin_202212,6,urbanizacao,0.004501312505453825,0.0045013134367764
hanseniase,xgboost,origin_202212,6,tgt_month,0.0027758690994232893,0.0027758695650845766
hanseniase,xgboost,origin_202212,6,mun_id,0.012430583126842976,0.012430584989488125
hanseniase,lgbm,origin_202212,12,n_hanseniase_l0,66.0,0.011
hanseniase,lgbm,origin_202212,12,n_hanseniase_l1,52.0,0.008666666666666666
hanseniase,lgbm,origin_202212,12,n_hanseniase_l2,40.0,0.006666666666666667
hanseniase,lgbm,origin_202212,12,n_hanseniase_l3,34.0,0.005666666666666667
hanseniase,lgbm,origin_202212,12,n_hanseniase_l6,42.0,0.007
hanseniase,lgbm,origin_202212,12,n_hanseniase_l12,32.0,0.005333333333333333
hanseniase,lgbm,origin_202212,12,n_hanseniase_l13,60.0,0.01
hanseniase,lgbm,origin_202212,12,n_hanseniase_r3,71.0,0.011833333333333333
hanseniase,lgbm,origin_202212,12,n_hanseniase_r6,156.0,0.026
hanseniase,lgbm,origin_202212,12,n_hanseniase_r12,219.0,0.0365
hanseniase,lgbm,origin_202212,12,evapot_l0,196.0,0.03266666666666666
hanseniase,lgbm,origin_202212,12,evapot_l1,121.0,0.020166666666666666
hanseniase,lgbm,origin_202212,12,evapot_l3,155.0,0.025833333333333333
hanseniase,lgbm,origin_202212,12,evapot_l12,184.0,0.030666666666666665
hanseniase,lgbm,origin_202212,12,precip_l0,217.0,0.036166666666666666
hanseniase,lgbm,origin_202212,12,precip_l1,171.0,0.0285
hanseniase,lgbm,origin_202212,12,precip_l3,217.0,0.036166666666666666
hanseniase,lgbm,origin_202212,12,precip_l12,194.0,0.03233333333333333
hanseniase,lgbm,origin_202212,12,temp_min_l0,198.0,0.033
hanseniase,lgbm,origin_202212,12,temp_min_l1,218.0,0.036333333333333336
hanseniase,lgbm,origin_202212,12,temp_min_l3,199.0,0.033166666666666664
hanseniase,lgbm,origin_202212,12,temp_min_l12,173.0,0.028833333333333332
hanseniase,lgbm,origin_202212,12,temp_max_l0,199.0,0.033166666666666664
hanseniase,lgbm,origin_202212,12,temp_max_l1,155.0,0.025833333333333333
hanseniase,lgbm,origin_202212,12,temp_max_l3,167.0,0.027833333333333335
hanseniase,lgbm,origin_202212,12,temp_max_l12,172.0,0.028666666666666667
hanseniase,lgbm,origin_202212,12,umid_l0,179.0,0.029833333333333333
hanseniase,lgbm,origin_202212,12,umid_l1,191.0,0.03183333333333333
hanseniase,lgbm,origin_202212,12,umid_l3,223.0,0.03716666666666667
hanseniase,lgbm,origin_202212,12,umid_l12,174.0,0.029
hanseniase,lgbm,origin_202212,12,populacao,321.0,0.0535
hanseniase,lgbm,origin_202212,12,dens_demog,209.0,0.034833333333333334
hanseniase,lgbm,origin_202212,12,ppc,378.0,0.063
hanseniase,lgbm,origin_202212,12,urbanizacao,228.0,0.038
hanseniase,lgbm,origin_202212,12,tgt_month,88.0,0.014666666666666666
hanseniase,lgbm,origin_202212,12,mun_id,301.0,0.050166666666666665
hanseniase,catboost,origin_202212,12,n_hanseniase_l0,2.044860092146472,0.02044860092146473
hanseniase,catboost,origin_202212,12,n_hanseniase_l1,1.299614672837623,0.012996146728376236
hanseniase,catboost,origin_202212,12,n_hanseniase_l2,1.4884104589331486,0.014884104589331492
hanseniase,catboost,origin_202212,12,n_hanseniase_l3,0.4219564497551338,0.00421956449755134
hanseniase,catboost,origin_202212,12,n_hanseniase_l6,0.7832169195207397,0.0078321691952074
hanseniase,catboost,origin_202212,12,n_hanseniase_l12,2.7064719615087,0.02706471961508701
hanseniase,catboost,origin_202212,12,n_hanseniase_l13,2.6291428660201386,0.026291428660201396
hanseniase,catboost,origin_202212,12,n_hanseniase_r3,3.896594733587073,0.03896594733587075
hanseniase,catboost,origin_202212,12,n_hanseniase_r6,10.101483888462377,0.10101483888462381
hanseniase,catboost,origin_202212,12,n_hanseniase_r12,10.342389976223407,0.10342389976223411
hanseniase,catboost,origin_202212,12,evapot_l0,1.6906896719368638,0.016906896719368646
hanseniase,catboost,origin_202212,12,evapot_l1,1.7086470560684006,0.017086470560684013
hanseniase,catboost,origin_202212,12,evapot_l3,1.4704982399014186,0.014704982399014192
hanseniase,catboost,origin_202212,12,evapot_l12,1.251057383137837,0.012510573831378376
hanseniase,catboost,origin_202212,12,precip_l0,2.332626192075332,0.02332626192075333
hanseniase,catboost,origin_202212,12,precip_l1,1.153280783613538,0.011532807836135384
hanseniase,catboost,origin_202212,12,precip_l3,2.17480896393866,0.02174808963938661
hanseniase,catboost,origin_202212,12,precip_l12,1.386842135942859,0.013868421359428597
hanseniase,catboost,origin_202212,12,temp_min_l0,2.5029005709351044,0.025029005709351054
hanseniase,catboost,origin_202212,12,temp_min_l1,1.2590074070319341,0.012590074070319347
hanseniase,catboost,origin_202212,12,temp_min_l3,1.5298797175087844,0.01529879717508785
hanseniase,catboost,origin_202212,12,temp_min_l12,1.797608228933065,0.017976082289330658
hanseniase,catboost,origin_202212,12,temp_max_l0,1.434961118885069,0.014349611188850697
hanseniase,catboost,origin_202212,12,temp_max_l1,0.7547716596888001,0.007547716596888005
hanseniase,catboost,origin_202212,12,temp_max_l3,1.1423218347919175,0.01142321834791918
hanseniase,catboost,origin_202212,12,temp_max_l12,1.9540323000665067,0.019540323000665077
hanseniase,catboost,origin_202212,12,umid_l0,0.7084947256165669,0.007084947256165672
hanseniase,catboost,origin_202212,12,umid_l1,2.2772892009999945,0.022772892009999955
hanseniase,catboost,origin_202212,12,umid_l3,1.4605304868106157,0.014605304868106163
hanseniase,catboost,origin_202212,12,umid_l12,1.2203750402569125,0.01220375040256913
hanseniase,catboost,origin_202212,12,populacao,7.387242168420654,0.07387242168420657
hanseniase,catboost,origin_202212,12,dens_demog,3.7830623832515053,0.03783062383251507
hanseniase,catboost,origin_202212,12,ppc,9.792611214984168,0.09792611214984172
hanseniase,catboost,origin_202212,12,urbanizacao,6.0201148169579275,0.0602011481695793
hanseniase,catboost,origin_202212,12,tgt_month,0.39168749499512073,0.003916874949951209
hanseniase,catboost,origin_202212,12,mun_id,5.700517184255597,0.057005171842556
hanseniase,xgboost,origin_202212,12,n_hanseniase_l0,0.020105037838220596,0.020105035975575447
hanseniase,xgboost,origin_202212,12,n_hanseniase_l1,0.028885632753372192,0.028885629028081894
hanseniase,xgboost,origin_202212,12,n_hanseniase_l2,0.002676075790077448,0.0026760755572468042
hanseniase,xgboost,origin_202212,12,n_hanseniase_l3,0.0021439194679260254,0.0021439192350953817
hanseniase,xgboost,origin_202212,12,n_hanseniase_l6,0.002574690617620945,0.0025746903847903013
hanseniase,xgboost,origin_202212,12,n_hanseniase_l12,0.056462861597537994,0.0564628541469574
hanseniase,xgboost,origin_202212,12,n_hanseniase_l13,0.04484238103032112,0.04484237730503082
hanseniase,xgboost,origin_202212,12,n_hanseniase_r3,0.029247207567095757,0.029247203841805458
hanseniase,xgboost,origin_202212,12,n_hanseniase_r6,0.20987863838672638,0.209878608584404
hanseniase,xgboost,origin_202212,12,n_hanseniase_r12,0.4196609556674957,0.41966089606285095
hanseniase,xgboost,origin_202212,12,evapot_l0,0.002828604308888316,0.0028286040760576725
hanseniase,xgboost,origin_202212,12,evapot_l1,0.002723942045122385,0.0027239418122917414
hanseniase,xgboost,origin_202212,12,evapot_l3,0.0020028785802423954,0.0020028783474117517
hanseniase,xgboost,origin_202212,12,evapot_l12,0.0031356806866824627,0.0031356802210211754
hanseniase,xgboost,origin_202212,12,precip_l0,0.00324908085167408,0.0032490803860127926
hanseniase,xgboost,origin_202212,12,precip_l1,0.0023143780417740345,0.002314377808943391
hanseniase,xgboost,origin_202212,12,precip_l3,0.0029730135574936867,0.0029730130918323994
hanseniase,xgboost,origin_202212,12,precip_l12,0.0026682193856686354,0.0026682191528379917
hanseniase,xgboost,origin_202212,12,temp_min_l0,0.0023187859915196896,0.002318785758689046
hanseniase,xgboost,origin_202212,12,temp_min_l1,0.002951938658952713,0.0029519381932914257
hanseniase,xgboost,origin_202212,12,temp_min_l3,0.002459179377183318,0.0024591791443526745
hanseniase,xgboost,origin_202212,12,temp_min_l12,0.0027732490561902523,0.0027732488233596087
hanseniase,xgboost,origin_202212,12,temp_max_l0,0.002247902099043131,0.0022479018662124872
hanseniase,xgboost,origin_202212,12,temp_max_l1,0.002542835660278797,0.0025428354274481535
hanseniase,xgboost,origin_202212,12,temp_max_l3,0.0025024372152984142,0.0025024369824677706
hanseniase,xgboost,origin_202212,12,temp_max_l12,0.0029400752391666174,0.00294007477350533
hanseniase,xgboost,origin_202212,12,umid_l0,0.0025325394235551357,0.002532539190724492
hanseniase,xgboost,origin_202212,12,umid_l1,0.0022824755869805813,0.0022824753541499376
hanseniase,xgboost,origin_202212,12,umid_l3,0.0024666062090545893,0.0024666059762239456
hanseniase,xgboost,origin_202212,12,umid_l12,0.0022917285095900297,0.002291728276759386
hanseniase,xgboost,origin_202212,12,populacao,0.0058779786340892315,0.005877977702766657
hanseniase,xgboost,origin_202212,12,dens_demog,0.0047067697159945965,0.004706769250333309
hanseniase,xgboost,origin_202212,12,ppc,0.009476665407419205,0.00947666447609663
hanseniase,xgboost,origin_202212,12,urbanizacao,0.007171555422246456,0.0071715544909238815
hanseniase,xgboost,origin_202212,12,tgt_month,0.0029957119841128588,0.0029957115184515715
hanseniase,xgboost,origin_202212,12,mun_id,0.10108842700719833,0.10108841210603714
hepatite,lgbm,origin_201912,1,n_hepatite_l0,119.0,0.019833333333333335
hepatite,lgbm,origin_201912,1,n_hepatite_l1,71.0,0.011833333333333333
hepatite,lgbm,origin_201912,1,n_hepatite_l2,45.0,0.0075
hepatite,lgbm,origin_201912,1,n_hepatite_l3,64.0,0.010666666666666666
hepatite,lgbm,origin_201912,1,n_hepatite_l6,78.0,0.013
hepatite,lgbm,origin_201912,1,n_hepatite_l12,61.0,0.010166666666666666
hepatite,lgbm,origin_201912,1,n_hepatite_l13,69.0,0.0115
hepatite,lgbm,origin_201912,1,n_hepatite_r3,129.0,0.0215
hepatite,lgbm,origin_201912,1,n_hepatite_r6,215.0,0.035833333333333335
hepatite,lgbm,origin_201912,1,n_hepatite_r12,271.0,0.04516666666666667
hepatite,lgbm,origin_201912,1,evapot_l0,147.0,0.0245
hepatite,lgbm,origin_201912,1,evapot_l1,149.0,0.024833333333333332
hepatite,lgbm,origin_201912,1,evapot_l3,177.0,0.0295
hepatite,lgbm,origin_201912,1,evapot_l12,123.0,0.0205
hepatite,lgbm,origin_201912,1,precip_l0,205.0,0.034166666666666665
hepatite,lgbm,origin_201912,1,precip_l1,280.0,0.04666666666666667
hepatite,lgbm,origin_201912,1,precip_l3,231.0,0.0385
hepatite,lgbm,origin_201912,1,precip_l12,250.0,0.041666666666666664
hepatite,lgbm,origin_201912,1,temp_min_l0,163.0,0.027166666666666665
hepatite,lgbm,origin_201912,1,temp_min_l1,237.0,0.0395
hepatite,lgbm,origin_201912,1,temp_min_l3,167.0,0.027833333333333335
hepatite,lgbm,origin_201912,1,temp_min_l12,163.0,0.027166666666666665
hepatite,lgbm,origin_201912,1,temp_max_l0,195.0,0.0325
hepatite,lgbm,origin_201912,1,temp_max_l1,152.0,0.025333333333333333
hepatite,lgbm,origin_201912,1,temp_max_l3,182.0,0.030333333333333334
hepatite,lgbm,origin_201912,1,temp_max_l12,124.0,0.020666666666666667
hepatite,lgbm,origin_201912,1,umid_l0,195.0,0.0325
hepatite,lgbm,origin_201912,1,umid_l1,158.0,0.026333333333333334
hepatite,lgbm,origin_201912,1,umid_l3,176.0,0.029333333333333333
hepatite,lgbm,origin_201912,1,umid_l12,226.0,0.03766666666666667
hepatite,lgbm,origin_201912,1,populacao,135.0,0.0225
hepatite,lgbm,origin_201912,1,dens_demog,122.0,0.02033333333333333
hepatite,lgbm,origin_201912,1,ppc,285.0,0.0475
hepatite,lgbm,origin_201912,1,urbanizacao,142.0,0.023666666666666666
hepatite,lgbm,origin_201912,1,tgt_month,136.0,0.02266666666666667
hepatite,lgbm,origin_201912,1,mun_id,358.0,0.059666666666666666
hepatite,catboost,origin_201912,1,n_hepatite_l0,6.4568422890451425,0.06456842289045142
hepatite,catboost,origin_201912,1,n_hepatite_l1,1.2716703172419699,0.0127167031724197
hepatite,catboost,origin_201912,1,n_hepatite_l2,0.7457437217771721,0.007457437217771721
hepatite,catboost,origin_201912,1,n_hepatite_l3,4.2077095315823225,0.042077095315823224
hepatite,catboost,origin_201912,1,n_hepatite_l6,0.47078249359447694,0.004707824935944769
hepatite,catboost,origin_201912,1,n_hepatite_l12,0.6236412792099084,0.0062364127920990844
hepatite,catboost,origin_201912,1,n_hepatite_l13,2.15269558006903,0.021526955800690303
hepatite,catboost,origin_201912,1,n_hepatite_r3,6.849492147668026,0.06849492147668026
hepatite,catboost,origin_201912,1,n_hepatite_r6,15.960513976347377,0.15960513976347376
hepatite,catboost,origin_201912,1,n_hepatite_r12,33.709375466333654,0.3370937546633365
hepatite,catboost,origin_201912,1,evapot_l0,0.748260864048187,0.007482608640481871
hepatite,catboost,origin_201912,1,evapot_l1,0.6130518806425433,0.006130518806425433
hepatite,catboost,origin_201912,1,evapot_l3,1.1603915264956612,0.011603915264956612
hepatite,catboost,origin_201912,1,evapot_l12,0.47524661479566144,0.004752466147956614
hepatite,catboost,origin_201912,1,precip_l0,0.8879614956035117,0.008879614956035117
hepatite,catboost,origin_201912,1,precip_l1,1.167645742444278,0.01167645742444278
hepatite,catboost,origin_201912,1,precip_l3,1.3386954388106278,0.013386954388106278
hepatite,catboost,origin_201912,1,precip_l12,1.0294173173582455,0.010294173173582454
hepatite,catboost,origin_201912,1,temp_min_l0,0.8279055019690456,0.008279055019690456
hepatite,catboost,origin_201912,1,temp_min_l1,1.1044959518974131,0.011044959518974131
hepatite,catboost,origin_201912,1,temp_min_l3,1.0371950700167483,0.010371950700167483
hepatite,catboost,origin_201912,1,temp_min_l12,1.1541169846965964,0.011541169846965965
hepatite,catboost,origin_201912,1,temp_max_l0,1.4859254406698792,0.014859254406698792
hepatite,catboost,origin_201912,1,temp_max_l1,1.1406501608088881,0.01140650160808888
hepatite,catboost,origin_201912,1,temp_max_l3,1.2179387113161846,0.012179387113161846
hepatite,catboost,origin_201912,1,temp_max_l12,0.40446654094150797,0.004044665409415079
hepatite,catboost,origin_201912,1,umid_l0,1.131450249601331,0.011314502496013311
hepatite,catboost,origin_201912,1,umid_l1,0.9983278308197803,0.009983278308197802
hepatite,catboost,origin_201912,1,umid_l3,0.9459531307445628,0.009459531307445628
hepatite,catboost,origin_201912,1,umid_l12,0.9845089299456685,0.009845089299456685
hepatite,catboost,origin_201912,1,populacao,2.6405600113575924,0.026405600113575924
hepatite,catboost,origin_201912,1,dens_demog,0.7841614550726423,0.007841614550726423
hepatite,catboost,origin_201912,1,ppc,2.0613224648481885,0.020613224648481886
hepatite,catboost,origin_201912,1,urbanizacao,1.187575469047804,0.01187575469047804
hepatite,catboost,origin_201912,1,tgt_month,0.2804139431020703,0.002804139431020703
hepatite,catboost,origin_201912,1,mun_id,0.7438944700762951,0.0074389447007629506
hepatite,xgboost,origin_201912,1,n_hepatite_l0,0.17003761231899261,0.17003761231899261
hepatite,xgboost,origin_201912,1,n_hepatite_l1,0.11270223557949066,0.11270223557949066
hepatite,xgboost,origin_201912,1,n_hepatite_l2,0.0077514732256531715,0.0077514732256531715
hepatite,xgboost,origin_201912,1,n_hepatite_l3,0.0050280168652534485,0.0050280168652534485
hepatite,xgboost,origin_201912,1,n_hepatite_l6,0.003837199881672859,0.003837199881672859
hepatite,xgboost,origin_201912,1,n_hepatite_l12,0.002989026950672269,0.002989026950672269
hepatite,xgboost,origin_201912,1,n_hepatite_l13,0.0020534165669232607,0.0020534165669232607
hepatite,xgboost,origin_201912,1,n_hepatite_r3,0.2692585289478302,0.2692585289478302
hepatite,xgboost,origin_201912,1,n_hepatite_r6,0.31312277913093567,0.31312277913093567
hepatite,xgboost,origin_201912,1,n_hepatite_r12,0.05152185633778572,0.05152185633778572
hepatite,xgboost,origin_201912,1,evapot_l0,0.002036916557699442,0.002036916557699442
hepatite,xgboost,origin_201912,1,evapot_l1,0.002140178345143795,0.002140178345143795
hepatite,xgboost,origin_201912,1,evapot_l3,0.0019073638832196593,0.0019073638832196593
hepatite,xgboost,origin_201912,1,evapot_l12,0.001981533132493496,0.001981533132493496
hepatite,xgboost,origin_201912,1,precip_l0,0.0017691460670903325,0.0017691460670903325
hepatite,xgboost,origin_201912,1,precip_l1,0.0019565888214856386,0.0019565888214856386
hepatite,xgboost,origin_201912,1,precip_l3,0.0029486455023288727,0.0029486455023288727
hepatite,xgboost,origin_201912,1,precip_l12,0.0020778251346200705,0.0020778251346200705
hepatite,xgboost,origin_201912,1,temp_min_l0,0.0017641043523326516,0.0017641043523326516
hepatite,xgboost,origin_201912,1,temp_min_l1,0.002214832929894328,0.002214832929894328
hepatite,xgboost,origin_201912,1,temp_min_l3,0.0022748257033526897,0.0022748257033526897
hepatite,xgboost,origin_201912,1,temp_min_l12,0.0024198025930672884,0.0024198025930672884
hepatite,xgboost,origin_201912,1,temp_max_l0,0.0022407390642911196,0.0022407390642911196
hepatite,xgboost,origin_201912,1,temp_max_l1,0.002171630272641778,0.002171630272641778
hepatite,xgboost,origin_201912,1,temp_max_l3,0.002177300862967968,0.002177300862967968
hepatite,xgboost,origin_201912,1,temp_max_l12,0.002207342302426696,0.002207342302426696
hepatite,xgboost,origin_201912,1,umid_l0,0.00196284893900156,0.00196284893900156
hepatite,xgboost,origin_201912,1,umid_l1,0.002267332747578621,0.002267332747578621
hepatite,xgboost,origin_201912,1,umid_l3,0.0032366274390369654,0.0032366274390369654
hepatite,xgboost,origin_201912,1,umid_l12,0.0023225017357617617,0.0023225017357617617
hepatite,xgboost,origin_201912,1,populacao,0.0017984126461669803,0.0017984126461669803
hepatite,xgboost,origin_201912,1,dens_demog,0.0023194472305476665,0.0023194472305476665
hepatite,xgboost,origin_201912,1,ppc,0.002956509357318282,0.002956509357318282
hepatite,xgboost,origin_201912,1,urbanizacao,0.0018827008316293359,0.0018827008316293359
hepatite,xgboost,origin_201912,1,tgt_month,0.0034584656823426485,0.0034584656823426485
hepatite,xgboost,origin_201912,1,mun_id,0.005204301793128252,0.005204301793128252
hepatite,lgbm,origin_201912,3,n_hepatite_l0,88.0,0.014666666666666666
hepatite,lgbm,origin_201912,3,n_hepatite_l1,56.0,0.009333333333333334
hepatite,lgbm,origin_201912,3,n_hepatite_l2,38.0,0.006333333333333333
hepatite,lgbm,origin_201912,3,n_hepatite_l3,46.0,0.007666666666666666
hepatite,lgbm,origin_201912,3,n_hepatite_l6,55.0,0.009166666666666667
hepatite,lgbm,origin_201912,3,n_hepatite_l12,70.0,0.011666666666666667
hepatite,lgbm,origin_201912,3,n_hepatite_l13,52.0,0.008666666666666666
hepatite,lgbm,origin_201912,3,n_hepatite_r3,151.0,0.025166666666666667
hepatite,lgbm,origin_201912,3,n_hepatite_r6,202.0,0.033666666666666664
hepatite,lgbm,origin_201912,3,n_hepatite_r12,295.0,0.049166666666666664
hepatite,lgbm,origin_201912,3,evapot_l0,143.0,0.023833333333333335
hepatite,lgbm,origin_201912,3,evapot_l1,174.0,0.029
hepatite,lgbm,origin_201912,3,evapot_l3,156.0,0.026
hepatite,lgbm,origin_201912,3,evapot_l12,106.0,0.017666666666666667
hepatite,lgbm,origin_201912,3,precip_l0,284.0,0.04733333333333333
hepatite,lgbm,origin_201912,3,precip_l1,231.0,0.0385
hepatite,lgbm,origin_201912,3,precip_l3,197.0,0.03283333333333333
hepatite,lgbm,origin_201912,3,precip_l12,223.0,0.03716666666666667
hepatite,lgbm,origin_201912,3,temp_min_l0,170.0,0.028333333333333332
hepatite,lgbm,origin_201912,3,temp_min_l1,153.0,0.0255
hepatite,lgbm,origin_201912,3,temp_min_l3,185.0,0.030833333333333334
hepatite,lgbm,origin_201912,3,temp_min_l12,177.0,0.0295
hepatite,lgbm,origin_201912,3,temp_max_l0,138.0,0.023
hepatite,lgbm,origin_201912,3,temp_max_l1,175.0,0.029166666666666667
hepatite,lgbm,origin_201912,3,temp_max_l3,154.0,0.025666666666666667
hepatite,lgbm,origin_201912,3,temp_max_l12,141.0,0.0235
hepatite,lgbm,origin_201912,3,umid_l0,255.0,0.0425
hepatite,lgbm,origin_201912,3,umid_l1,150.0,0.025
hepatite,lgbm,origin_201912,3,umid_l3,225.0,0.0375
hepatite,lgbm,origin_201912,3,umid_l12,224.0,0.037333333333333336
hepatite,lgbm,origin_201912,3,populacao,179.0,0.029833333333333333
hepatite,lgbm,origin_201912,3,dens_demog,126.0,0.021
hepatite,lgbm,origin_201912,3,ppc,371.0,0.06183333333333333
hepatite,lgbm,origin_201912,3,urbanizacao,165.0,0.0275
hepatite,lgbm,origin_201912,3,tgt_month,109.0,0.018166666666666668
hepatite,lgbm,origin_201912,3,mun_id,336.0,0.056
hepatite,catboost,origin_201912,3,n_hepatite_l0,6.877206535049669,0.06877206535049671
hepatite,catboost,origin_201912,3,n_hepatite_l1,3.222497574593448,0.03222497574593449
hepatite,catboost,origin_201912,3,n_hepatite_l2,0.6903271457003544,0.006903271457003546
hepatite,catboost,origin_201912,3,n_hepatite_l3,1.2351712734520732,0.012351712734520735
hepatite,catboost,origin_201912,3,n_hepatite_l6,1.0684473545338693,0.010684473545338696
hepatite,catboost,origin_201912,3,n_hepatite_l12,0.7384533355335996,0.007384533355335998
hepatite,catboost,origin_201912,3,n_hepatite_l13,1.1504215670788884,0.011504215670788888
hepatite,catboost,origin_201912,3,n_hepatite_r3,5.107564257378359,0.0510756425737836
hepatite,catboost,origin_201912,3,n_hepatite_r6,18.156478851940655,0.1815647885194066
hepatite,catboost,origin_201912,3,n_hepatite_r12,28.742060528885542,0.2874206052888555
hepatite,catboost,origin_201912,3,evapot_l0,0.7056752616816675,0.007056752616816677
hepatite,catboost,origin_201912,3,evapot_l1,1.5902438553543552,0.015902438553543556
hepatite,catboost,origin_201912,3,evapot_l3,0.6320171147744875,0.006320171147744877
hepatite,catboost,origin_201912,3,evapot_l12,0.6865084854492548,0.00686508485449255
hepatite,catboost,origin_201912,3,precip_l0,1.3736147185037089,0.013736147185037092
hepatite,catboost,origin_201912,3,precip_l1,1.7002775602247577,0.017002775602247583
hepatite,catboost,origin_201912,3,precip_l3,2.0097857295035833,0.02009785729503584
hepatite,catboost,origin_201912,3,precip_l12,0.868944171765742,0.008689441717657422
hepatite,catboost,origin_201912,3,temp_min_l0,1.2807023646687645,0.012807023646687649
hepatite,catboost,origin_201912,3,temp_min_l1,0.4992528748985385,0.004992528748985386
hepatite,catboost,origin_201912,3,temp_min_l3,1.4096822808914518,0.014096822808914522
hepatite,catboost,origin_201912,3,temp_min_l12,0.644258813411164,0.006442588134111642
hepatite,catboost,origin_201912,3,temp_max_l0,1.1483444333533988,0.011483444333533991
hepatite,catboost,origin_201912,3,temp_max_l1,0.8157532325947264,0.008157532325947266
hepatite,catboost,origin_201912,3,temp_max_l3,0.8120391211239565,0.008120391211239567
hepatite,catboost,origin_201912,3,temp_max_l12,0.5091816762534818,0.005091816762534819
hepatite,catboost,origin_201912,3,umid_l0,2.0370814555783094,0.0203708145557831
hepatite,catboost,origin_201912,3,umid_l1,0.47092139476045436,0.004709213947604545
hepatite,catboost,origin_201912,3,umid_l3,1.736717808580969,0.017367178085809693
hepatite,catboost,origin_201912,3,umid_l12,0.9776559723981708,0.00977655972398171
hepatite,catboost,origin_201912,3,populacao,2.3424709146248723,0.02342470914624873
hepatite,catboost,origin_201912,3,dens_demog,1.1291853154044589,0.011291853154044592
hepatite,catboost,origin_201912,3,ppc,4.402756763353585,0.04402756763353586
hepatite,catboost,origin_201912,3,urbanizacao,1.30499213507367,0.013049921350736703
hepatite,catboost,origin_201912,3,tgt_month,0.487738129317535,0.004877381293175351
hepatite,catboost,origin_201912,3,mun_id,1.435569992308479,0.014355699923084794
hepatite,xgboost,origin_201912,3,n_hepatite_l0,0.24003708362579346,0.24003702402114868
hepatite,xgboost,origin_201912,3,n_hepatite_l1,0.060006532818078995,0.0600065179169178
hepatite,xgboost,origin_201912,3,n_hepatite_l2,0.0031107214745134115,0.0031107207760214806
hepatite,xgboost,origin_201912,3,n_hepatite_l3,0.002340440172702074,0.0023404397070407867
hepatite,xgboost,origin_201912,3,n_hepatite_l6,0.0027015560772269964,0.0027015553787350655
hepatite,xgboost,origin_201912,3,n_hepatite_l12,0.002861000131815672,0.002860999433323741
hepatite,xgboost,origin_201912,3,n_hepatite_l13,0.0025856271386146545,0.0025856264401227236
hepatite,xgboost,origin_201912,3,n_hepatite_r3,0.20247790217399597,0.2024778574705124
hepatite,xgboost,origin_201912,3,n_hepatite_r6,0.3480452001094818,0.34804511070251465
hepatite,xgboost,origin_201912,3,n_hepatite_r12,0.06653250753879547,0.06653249263763428
hepatite,xgboost,origin_201912,3,evapot_l0,0.0018142015906050801,0.0018142011249437928
hepatite,xgboost,origin_201912,3,evapot_l1,0.0022869708482176065,0.0022869703825563192
hepatite,xgboost,origin_201912,3,evapot_l3,0.0021631440613418818,0.0021631435956805944
hepatite,xgboost,origin_201912,3,evapot_l12,0.002384598832577467,0.0023845983669161797
hepatite,xgboost,origin_201912,3,precip_l0,0.0023878009524196386,0.0023878004867583513
hepatite,xgboost,origin_201912,3,precip_l1,0.002357940888032317,0.00235794042237103
hepatite,xgboost,origin_201912,3,precip_l3,0.0024849115870893,0.002484910888597369
hepatite,xgboost,origin_201912,3,precip_l12,0.0026745374780148268,0.002674536779522896
hepatite,xgboost,origin_201912,3,temp_min_l0,0.0025618039071559906,0.0025618032086640596
hepatite,xgboost,origin_201912,3,temp_min_l1,0.002309957519173622,0.002309957053512335
hepatite,xgboost,origin_201912,3,temp_min_l3,0.00251950160600245,0.002519500907510519
hepatite,xgboost,origin_201912,3,temp_min_l12,0.0024208822287619114,0.002420881763100624
hepatite,xgboost,origin_201912,3,temp_max_l0,0.0022583368699997663,0.002258336404338479
hepatite,xgboost,origin_201912,3,temp_max_l1,0.0023786379024386406,0.0023786374367773533
hepatite,xgboost,origin_201912,3,temp_max_l3,0.0021351699251681566,0.0021351694595068693
hepatite,xgboost,origin_201912,3,temp_max_l12,0.00237500062212348,0.0023750001564621925
hepatite,xgboost,origin_201912,3,umid_l0,0.002556898631155491,0.00255689793266356
hepatite,xgboost,origin_201912,3,umid_l1,0.0022355036344379187,0.0022355031687766314
hepatite,xgboost,origin_201912,3,umid_l3,0.0025988826528191566,0.0025988819543272257
hepatite,xgboost,origin_201912,3,umid_l12,0.00226625707000494,0.0022662566043436527
hepatite,xgboost,origin_201912,3,populacao,0.002098468830808997,0.00209846836514771
hepatite,xgboost,origin_201912,3,dens_demog,0.0026733579579740763,0.0026733572594821453
hepatite,xgboost,origin_201912,3,ppc,0.0042586661875247955,0.004258665256202221
hepatite,xgboost,origin_201912,3,urbanizacao,0.0030701083596795797,0.0030701076611876488
hepatite,xgboost,origin_201912,3,tgt_month,0.0036538084968924522,0.0036538075655698776
hepatite,xgboost,origin_201912,3,mun_id,0.006376155652105808,0.006376154255121946
hepatite,lgbm,origin_201912,6,n_hepatite_l0,76.0,0.012666666666666666
hepatite,lgbm,origin_201912,6,n_hepatite_l1,48.0,0.008
hepatite,lgbm,origin_201912,6,n_hepatite_l2,66.0,0.011
hepatite,lgbm,origin_201912,6,n_hepatite_l3,46.0,0.007666666666666666
hepatite,lgbm,origin_201912,6,n_hepatite_l6,47.0,0.007833333333333333
hepatite,lgbm,origin_201912,6,n_hepatite_l12,61.0,0.010166666666666666
hepatite,lgbm,origin_201912,6,n_hepatite_l13,74.0,0.012333333333333333
hepatite,lgbm,origin_201912,6,n_hepatite_r3,150.0,0.025
hepatite,lgbm,origin_201912,6,n_hepatite_r6,182.0,0.030333333333333334
hepatite,lgbm,origin_201912,6,n_hepatite_r12,278.0,0.04633333333333333
hepatite,lgbm,origin_201912,6,evapot_l0,104.0,0.017333333333333333
hepatite,lgbm,origin_201912,6,evapot_l1,125.0,0.020833333333333332
hepatite,lgbm,origin_201912,6,evapot_l3,105.0,0.0175
hepatite,lgbm,origin_201912,6,evapot_l12,122.0,0.02033333333333333
hepatite,lgbm,origin_201912,6,precip_l0,219.0,0.0365
hepatite,lgbm,origin_201912,6,precip_l1,195.0,0.0325
hepatite,lgbm,origin_201912,6,precip_l3,192.0,0.032
hepatite,lgbm,origin_201912,6,precip_l12,133.0,0.022166666666666668
hepatite,lgbm,origin_201912,6,temp_min_l0,185.0,0.030833333333333334
hepatite,lgbm,origin_201912,6,temp_min_l1,158.0,0.026333333333333334
hepatite,lgbm,origin_201912,6,temp_min_l3,168.0,0.028
hepatite,lgbm,origin_201912,6,temp_min_l12,152.0,0.025333333333333333
hepatite,lgbm,origin_201912,6,temp_max_l0,133.0,0.022166666666666668
hepatite,lgbm,origin_201912,6,temp_max_l1,200.0,0.03333333333333333
hepatite,lgbm,origin_201912,6,temp_max_l3,179.0,0.029833333333333333
hepatite,lgbm,origin_201912,6,temp_max_l12,149.0,0.024833333333333332
hepatite,lgbm,origin_201912,6,umid_l0,258.0,0.043
hepatite,lgbm,origin_201912,6,umid_l1,221.0,0.036833333333333336
hepatite,lgbm,origin_201912,6,umid_l3,188.0,0.03133333333333333
hepatite,lgbm,origin_201912,6,umid_l12,177.0,0.0295
hepatite,lgbm,origin_201912,6,populacao,243.0,0.0405
hepatite,lgbm,origin_201912,6,dens_demog,218.0,0.036333333333333336
hepatite,lgbm,origin_201912,6,ppc,490.0,0.08166666666666667
hepatite,lgbm,origin_201912,6,urbanizacao,184.0,0.030666666666666665
hepatite,lgbm,origin_201912,6,tgt_month,87.0,0.0145
hepatite,lgbm,origin_201912,6,mun_id,387.0,0.0645
hepatite,catboost,origin_201912,6,n_hepatite_l0,4.49144380304773,0.0449144380304773
hepatite,catboost,origin_201912,6,n_hepatite_l1,1.6715951112698655,0.016715951112698656
hepatite,catboost,origin_201912,6,n_hepatite_l2,3.2260162971581856,0.03226016297158186
hepatite,catboost,origin_201912,6,n_hepatite_l3,1.414241363864008,0.01414241363864008
hepatite,catboost,origin_201912,6,n_hepatite_l6,0.861626227611721,0.00861626227611721
hepatite,catboost,origin_201912,6,n_hepatite_l12,0.8227827377458222,0.008227827377458223
hepatite,catboost,origin_201912,6,n_hepatite_l13,1.7723833963586229,0.01772383396358623
hepatite,catboost,origin_201912,6,n_hepatite_r3,7.99652261640307,0.07996522616403069
hepatite,catboost,origin_201912,6,n_hepatite_r6,11.528009482097842,0.11528009482097841
hepatite,catboost,origin_201912,6,n_hepatite_r12,25.759744230554087,0.2575974423055409
hepatite,catboost,origin_201912,6,evapot_l0,0.636304302173638,0.00636304302173638
hepatite,catboost,origin_201912,6,evapot_l1,0.8805801096668172,0.008805801096668172
hepatite,catboost,origin_201912,6,evapot_l3,0.5640880284470793,0.0056408802844707924
hepatite,catboost,origin_201912,6,evapot_l12,0.4871171896754027,0.004871171896754027
hepatite,catboost,origin_201912,6,precip_l0,1.464165080305733,0.014641650803057328
hepatite,catboost,origin_201912,6,precip_l1,1.043362253636723,0.01043362253636723
hepatite,catboost,origin_201912,6,precip_l3,1.207414670997873,0.01207414670997873
hepatite,catboost,origin_201912,6,precip_l12,0.8779349559974069,0.00877934955997407
hepatite,catboost,origin_201912,6,temp_min_l0,0.9254467462947027,0.009254467462947027
hepatite,catboost,origin_201912,6,temp_min_l1,0.7250662564776733,0.007250662564776733
hepatite,catboost,origin_201912,6,temp_min_l3,1.2658998066652911,0.012658998066652912
hepatite,catboost,origin_201912,6,temp_min_l12,1.1650284472805603,0.011650284472805604
hepatite,catboost,origin_201912,6,temp_max_l0,0.3859203123766545,0.0038592031237665446
hepatite,catboost,origin_201912,6,temp_max_l1,0.6278414818037205,0.006278414818037204
hepatite,catboost,origin_201912,6,temp_max_l3,1.4090686680861393,0.014090686680861393
hepatite,catboost,origin_201912,6,temp_max_l12,1.2075137953050705,0.012075137953050706
hepatite,catboost,origin_201912,6,umid_l0,1.3311665721153698,0.013311665721153698
hepatite,catboost,origin_201912,6,umid_l1,1.0854837831805937,0.010854837831805937
hepatite,catboost,origin_201912,6,umid_l3,1.2325846847076016,0.012325846847076017
hepatite,catboost,origin_201912,6,umid_l12,1.2078738691943764,0.012078738691943765
hepatite,catboost,origin_201912,6,populacao,5.280624077858512,0.05280624077858512
hepatite,catboost,origin_201912,6,dens_demog,1.9227240085541086,0.019227240085541088
hepatite,catboost,origin_201912,6,ppc,7.843491995909415,0.07843491995909414
hepatite,catboost,origin_201912,6,urbanizacao,3.9615546206749572,0.03961554620674957
hepatite,catboost,origin_201912,6,tgt_month,0.438146222498941,0.00438146222498941
hepatite,catboost,origin_201912,6,mun_id,1.2792327940047006,0.012792327940047006
hepatite,xgboost,origin_201912,6,n_hepatite_l0,0.2534385919570923,0.2534385919570923
hepatite,xgboost,origin_201912,6,n_hepatite_l1,0.07271070778369904,0.07271070778369904
hepatite,xgboost,origin_201912,6,n_hepatite_l2,0.0031424371991306543,0.0031424371991306543
hepatite,xgboost,origin_201912,6,n_hepatite_l3,0.044121284037828445,0.044121284037828445
hepatite,xgboost,origin_201912,6,n_hepatite_l6,0.00307204551063478,0.00307204551063478
hepatite,xgboost,origin_201912,6,n_hepatite_l12,0.002663814928382635,0.002663814928382635
hepatite,xgboost,origin_201912,6,n_hepatite_l13,0.0027027418836951256,0.0027027418836951256
hepatite,xgboost,origin_201912,6,n_hepatite_r3,0.07265995442867279,0.07265995442867279
hepatite,xgboost,origin_201912,6,n_hepatite_r6,0.38870254158973694,0.38870254158973694
hepatite,xgboost,origin_201912,6,n_hepatite_r12,0.08103049546480179,0.08103049546480179
hepatite,xgboost,origin_201912,6,evapot_l0,0.002054598880931735,0.002054598880931735
hepatite,xgboost,origin_201912,6,evapot_l1,0.0022573864553123713,0.0022573864553123713
hepatite,xgboost,origin_201912,6,evapot_l3,0.0025543635711073875,0.0025543635711073875
hepatite,xgboost,origin_201912,6,evapot_l12,0.0027033910155296326,0.0027033910155296326
hepatite,xgboost,origin_201912,6,precip_l0,0.002277666237205267,0.002277666237205267
hepatite,xgboost,origin_201912,6,precip_l1,0.0021027240436524153,0.0021027240436524153
hepatite,xgboost,origin_201912,6,precip_l3,0.002106620464473963,0.002106620464473963
hepatite,xgboost,origin_201912,6,precip_l12,0.0021571076940745115,0.0021571076940745115
hepatite,xgboost,origin_201912,6,temp_min_l0,0.0026169540360569954,0.0026169540360569954
hepatite,xgboost,origin_201912,6,temp_min_l1,0.0022030649706721306,0.0022030649706721306
hepatite,xgboost,origin_201912,6,temp_min_l3,0.002499351976439357,0.002499351976439357
hepatite,xgboost,origin_201912,6,temp_min_l12,0.002212711377069354,0.002212711377069354
hepatite,xgboost,origin_201912,6,temp_max_l0,0.002220640890300274,0.002220640890300274
hepatite,xgboost,origin_201912,6,temp_max_l1,0.0023274272680282593,0.0023274272680282593
hepatite,xgboost,origin_201912,6,temp_max_l3,0.0021627407986670732,0.0021627407986670732
hepatite,xgboost,origin_201912,6,temp_max_l12,0.002924130065366626,0.002924130065366626
hepatite,xgboost,origin_201912,6,umid_l0,0.002553995931521058,0.002553995931521058
hepatite,xgboost,origin_201912,6,umid_l1,0.0030921665020287037,0.0030921665020287037
hepatite,xgboost,origin_201912,6,umid_l3,0.0023689554072916508,0.0023689554072916508
hepatite,xgboost,origin_201912,6,umid_l12,0.0027601514011621475,0.0027601514011621475
hepatite,xgboost,origin_201912,6,populacao,0.003451921511441469,0.003451921511441469
hepatite,xgboost,origin_201912,6,dens_demog,0.003073626896366477,0.003073626896366477
hepatite,xgboost,origin_201912,6,ppc,0.005500799976289272,0.005500799976289272
hepatite,xgboost,origin_201912,6,urbanizacao,0.004009096417576075,0.004009096417576075
hepatite,xgboost,origin_201912,6,tgt_month,0.003721863031387329,0.003721863031387329
hepatite,xgboost,origin_201912,6,mun_id,0.007841933518648148,0.007841933518648148
hepatite,lgbm,origin_201912,12,n_hepatite_l0,62.0,0.010333333333333333
hepatite,lgbm,origin_201912,12,n_hepatite_l1,24.0,0.004
hepatite,lgbm,origin_201912,12,n_hepatite_l2,30.0,0.005
hepatite,lgbm,origin_201912,12,n_hepatite_l3,72.0,0.012
hepatite,lgbm,origin_201912,12,n_hepatite_l6,32.0,0.005333333333333333
hepatite,lgbm,origin_201912,12,n_hepatite_l12,40.0,0.006666666666666667
hepatite,lgbm,origin_201912,12,n_hepatite_l13,57.0,0.0095
hepatite,lgbm,origin_201912,12,n_hepatite_r3,129.0,0.0215
hepatite,lgbm,origin_201912,12,n_hepatite_r6,160.0,0.02666666666666667
hepatite,lgbm,origin_201912,12,n_hepatite_r12,269.0,0.044833333333333336
hepatite,lgbm,origin_201912,12,evapot_l0,170.0,0.028333333333333332
hepatite,lgbm,origin_201912,12,evapot_l1,114.0,0.019
hepatite,lgbm,origin_201912,12,evapot_l3,153.0,0.0255
hepatite,lgbm,origin_201912,12,evapot_l12,134.0,0.022333333333333334
hepatite,lgbm,origin_201912,12,precip_l0,205.0,0.034166666666666665
hepatite,lgbm,origin_201912,12,precip_l1,211.0,0.035166666666666666
hepatite,lgbm,origin_201912,12,precip_l3,167.0,0.027833333333333335
hepatite,lgbm,origin_201912,12,precip_l12,163.0,0.027166666666666665
hepatite,lgbm,origin_201912,12,temp_min_l0,161.0,0.026833333333333334
hepatite,lgbm,origin_201912,12,temp_min_l1,183.0,0.0305
hepatite,lgbm,origin_201912,12,temp_min_l3,178.0,0.029666666666666668
hepatite,lgbm,origin_201912,12,temp_min_l12,157.0,0.026166666666666668
hepatite,lgbm,origin_201912,12,temp_max_l0,152.0,0.025333333333333333
hepatite,lgbm,origin_201912,12,temp_max_l1,181.0,0.030166666666666668
hepatite,lgbm,origin_201912,12,temp_max_l3,170.0,0.028333333333333332
hepatite,lgbm,origin_201912,12,temp_max_l12,133.0,0.022166666666666668
hepatite,lgbm,origin_201912,12,umid_l0,192.0,0.032
hepatite,lgbm,origin_201912,12,umid_l1,162.0,0.027
hepatite,lgbm,origin_201912,12,umid_l3,182.0,0.030333333333333334
hepatite,lgbm,origin_201912,12,umid_l12,161.0,0.026833333333333334
hepatite,lgbm,origin_201912,12,populacao,243.0,0.0405
hepatite,lgbm,origin_201912,12,dens_demog,189.0,0.0315
hepatite,lgbm,origin_201912,12,ppc,645.0,0.1075
hepatite,lgbm,origin_201912,12,urbanizacao,252.0,0.042
hepatite,lgbm,origin_201912,12,tgt_month,76.0,0.012666666666666666
hepatite,lgbm,origin_201912,12,mun_id,391.0,0.06516666666666666
hepatite,catboost,origin_201912,12,n_hepatite_l0,1.0009526612892132,0.010009526612892134
hepatite,catboost,origin_201912,12,n_hepatite_l1,4.207448049471232,0.042074480494712324
hepatite,catboost,origin_201912,12,n_hepatite_l2,0.5389962262297191,0.005389962262297192
hepatite,catboost,origin_201912,12,n_hepatite_l3,0.5720342929072081,0.005720342929072082
hepatite,catboost,origin_201912,12,n_hepatite_l6,1.59928215042436,0.015992821504243603
hepatite,catboost,origin_201912,12,n_hepatite_l12,1.8550741315027983,0.018550741315027985
hepatite,catboost,origin_201912,12,n_hepatite_l13,0.5228327732058422,0.005228327732058423
hepatite,catboost,origin_201912,12,n_hepatite_r3,12.359443649748322,0.12359443649748324
hepatite,catboost,origin_201912,12,n_hepatite_r6,8.963664540249056,0.08963664540249057
hepatite,catboost,origin_201912,12,n_hepatite_r12,20.137347486512308,0.2013734748651231
hepatite,catboost,origin_201912,12,evapot_l0,0.4942166023365124,0.0049421660233651245
hepatite,catboost,origin_201912,12,evapot_l1,0.44557518476513025,0.004455751847651303
hepatite,catboost,origin_201912,12,evapot_l3,0.6906125601083368,0.00690612560108337
hepatite,catboost,origin_201912,12,evapot_l12,1.2359630517142366,0.012359630517142367
hepatite,catboost,origin_201912,12,precip_l0,0.9350557556489929,0.009350557556489931
hepatite,catboost,origin_201912,12,precip_l1,0.9943687041891671,0.009943687041891672
hepatite,catboost,origin_201912,12,precip_l3,0.49102769740479185,0.0049102769740479195
hepatite,catboost,origin_201912,12,precip_l12,1.0035319869654598,0.0100353198696546
hepatite,catboost,origin_201912,12,temp_min_l0,0.883809979173495,0.008838099791734952
hepatite,catboost,origin_201912,12,temp_min_l1,0.8982835046757133,0.008982835046757134
hepatite,catboost,origin_201912,12,temp_min_l3,0.8422266625231906,0.008422266625231907
hepatite,catboost,origin_201912,12,temp_min_l12,0.6033830344802024,0.006033830344802024
hepatite,catboost,origin_201912,12,temp_max_l0,0.4572308861503771,0.004572308861503772
hepatite,catboost,origin_201912,12,temp_max_l1,1.2449402420320734,0.012449402420320737
hepatite,catboost,origin_201912,12,temp_max_l3,0.882952609303699,0.008829526093036992
hepatite,catboost,origin_201912,12,temp_max_l12,0.6841514316186507,0.0068415143161865075
hepatite,catboost,origin_201912,12,umid_l0,1.3556606319047382,0.013556606319047385
hepatite,catboost,origin_201912,12,umid_l1,0.8136437776760247,0.008136437776760248
hepatite,catboost,origin_201912,12,umid_l3,0.8790835888452433,0.008790835888452433
hepatite,catboost,origin_201912,12,umid_l12,1.036420529653413,0.010364205296534132
hepatite,catboost,origin_201912,12,populacao,7.026310122983018,0.07026310122983019
hepatite,catboost,origin_201912,12,dens_demog,4.1745819551262455,0.04174581955126246
hepatite,catboost,origin_201912,12,ppc,10.599362963677278,0.1059936296367728
hepatite,catboost,origin_201912,12,urbanizacao,7.7060369230837935,0.07706036923083795
hepatite,catboost,origin_201912,12,tgt_month,0.2075071614782158,0.0020750716147821583
hepatite,catboost,origin_201912,12,mun_id,1.6569864909419194,0.016569864909419196
hepatite,xgboost,origin_201912,12,n_hepatite_l0,0.3454187214374542,0.3454187214374542
hepatite,xgboost,origin_201912,12,n_hepatite_l1,0.04563650116324425,0.04563650116324425
hepatite,xgboost,origin_201912,12,n_hepatite_l2,0.0015120173338800669,0.0015120173338800669
hepatite,xgboost,origin_201912,12,n_hepatite_l3,0.0018734673503786325,0.0018734673503786325
hepatite,xgboost,origin_201912,12,n_hepatite_l6,0.003535341238602996,0.003535341238602996
hepatite,xgboost,origin_201912,12,n_hepatite_l12,0.001992087345570326,0.001992087345570326
hepatite,xgboost,origin_201912,12,n_hepatite_l13,0.002818055683746934,0.002818055683746934
hepatite,xgboost,origin_201912,12,n_hepatite_r3,0.35388579964637756,0.35388579964637756
hepatite,xgboost,origin_201912,12,n_hepatite_r6,0.1116042509675026,0.1116042509675026
hepatite,xgboost,origin_201912,12,n_hepatite_r12,0.05469515919685364,0.05469515919685364
hepatite,xgboost,origin_201912,12,evapot_l0,0.002019410254433751,0.002019410254433751
hepatite,xgboost,origin_201912,12,evapot_l1,0.0017457433277741075,0.0017457433277741075
hepatite,xgboost,origin_201912,12,evapot_l3,0.0021039326675236225,0.0021039326675236225
hepatite,xgboost,origin_201912,12,evapot_l12,0.002202094765380025,0.002202094765380025
hepatite,xgboost,origin_201912,12,precip_l0,0.0019935916643589735,0.0019935916643589735
hepatite,xgboost,origin_201912,12,precip_l1,0.0019782225135713816,0.0019782225135713816
hepatite,xgboost,origin_201912,12,precip_l3,0.0023822030052542686,0.0023822030052542686
hepatite,xgboost,origin_201912,12,precip_l12,0.0021181933116167784,0.0021181933116167784
hepatite,xgboost,origin_201912,12,temp_min_l0,0.002236781409010291,0.002236781409010291
hepatite,xgboost,origin_201912,12,temp_min_l1,0.002203647280111909,0.002203647280111909
hepatite,xgboost,origin_201912,12,temp_min_l3,0.0018526898929849267,0.0018526898929849267
hepatite,xgboost,origin_201912,12,temp_min_l12,0.002261943882331252,0.002261943882331252
hepatite,xgboost,origin_201912,12,temp_max_l0,0.0018916743574663997,0.0018916743574663997
hepatite,xgboost,origin_201912,12,temp_max_l1,0.002408589469268918,0.002408589469268918
hepatite,xgboost,origin_201912,12,temp_max_l3,0.0024679317139089108,0.0024679317139089108
hepatite,xgboost,origin_201912,12,temp_max_l12,0.0023918969091027975,0.0023918969091027975
hepatite,xgboost,origin_201912,12,umid_l0,0.002255612052977085,0.002255612052977085
hepatite,xgboost,origin_201912,12,umid_l1,0.0023956054355949163,0.0023956054355949163
hepatite,xgboost,origin_201912,12,umid_l3,0.001924983924254775,0.001924983924254775
hepatite,xgboost,origin_201912,12,umid_l12,0.0023601010907441378,0.0023601010907441378
hepatite,xgboost,origin_201912,12,populacao,0.003747772891074419,0.003747772891074419
hepatite,xgboost,origin_201912,12,dens_demog,0.004005408380180597,0.004005408380180597
hepatite,xgboost,origin_201912,12,ppc,0.007392107043415308,0.007392107043415308
hepatite,xgboost,origin_201912,12,urbanizacao,0.0049402425065636635,0.0049402425065636635
hepatite,xgboost,origin_201912,12,tgt_month,0.0028247609734535217,0.0028247609734535217
hepatite,xgboost,origin_201912,12,mun_id,0.010923436842858791,0.010923436842858791
hepatite,lgbm,origin_202012,1,n_hepatite_l0,113.0,0.018833333333333334
hepatite,lgbm,origin_202012,1,n_hepatite_l1,65.0,0.010833333333333334
hepatite,lgbm,origin_202012,1,n_hepatite_l2,38.0,0.006333333333333333
hepatite,lgbm,origin_202012,1,n_hepatite_l3,64.0,0.010666666666666666
hepatite,lgbm,origin_202012,1,n_hepatite_l6,78.0,0.013
hepatite,lgbm,origin_202012,1,n_hepatite_l12,72.0,0.012
hepatite,lgbm,origin_202012,1,n_hepatite_l13,70.0,0.011666666666666667
hepatite,lgbm,origin_202012,1,n_hepatite_r3,123.0,0.0205
hepatite,lgbm,origin_202012,1,n_hepatite_r6,214.0,0.035666666666666666
hepatite,lgbm,origin_202012,1,n_hepatite_r12,287.0,0.04783333333333333
hepatite,lgbm,origin_202012,1,evapot_l0,114.0,0.019
hepatite,lgbm,origin_202012,1,evapot_l1,174.0,0.029
hepatite,lgbm,origin_202012,1,evapot_l3,151.0,0.025166666666666667
hepatite,lgbm,origin_202012,1,evapot_l12,144.0,0.024
hepatite,lgbm,origin_202012,1,precip_l0,236.0,0.03933333333333333
hepatite,lgbm,origin_202012,1,precip_l1,225.0,0.0375
hepatite,lgbm,origin_202012,1,precip_l3,219.0,0.0365
hepatite,lgbm,origin_202012,1,precip_l12,250.0,0.041666666666666664
hepatite,lgbm,origin_202012,1,temp_min_l0,179.0,0.029833333333333333
hepatite,lgbm,origin_202012,1,temp_min_l1,216.0,0.036
hepatite,lgbm,origin_202012,1,temp_min_l3,182.0,0.030333333333333334
hepatite,lgbm,origin_202012,1,temp_min_l12,157.0,0.026166666666666668
hepatite,lgbm,origin_202012,1,temp_max_l0,223.0,0.03716666666666667
hepatite,lgbm,origin_202012,1,temp_max_l1,131.0,0.021833333333333333
hepatite,lgbm,origin_202012,1,temp_max_l3,174.0,0.029
hepatite,lgbm,origin_202012,1,temp_max_l12,153.0,0.0255
hepatite,lgbm,origin_202012,1,umid_l0,235.0,0.03916666666666667
hepatite,lgbm,origin_202012,1,umid_l1,149.0,0.024833333333333332
hepatite,lgbm,origin_202012,1,umid_l3,170.0,0.028333333333333332
hepatite,lgbm,origin_202012,1,umid_l12,196.0,0.03266666666666666
hepatite,lgbm,origin_202012,1,populacao,129.0,0.0215
hepatite,lgbm,origin_202012,1,dens_demog,131.0,0.021833333333333333
hepatite,lgbm,origin_202012,1,ppc,298.0,0.049666666666666665
hepatite,lgbm,origin_202012,1,urbanizacao,142.0,0.023666666666666666
hepatite,lgbm,origin_202012,1,tgt_month,148.0,0.024666666666666667
hepatite,lgbm,origin_202012,1,mun_id,350.0,0.058333333333333334
hepatite,catboost,origin_202012,1,n_hepatite_l0,7.7184605875683,0.07718460587568297
hepatite,catboost,origin_202012,1,n_hepatite_l1,0.9271868899071739,0.009271868899071735
hepatite,catboost,origin_202012,1,n_hepatite_l2,0.8645408510893264,0.00864540851089326
hepatite,catboost,origin_202012,1,n_hepatite_l3,1.6797507403462535,0.016797507403462527
hepatite,catboost,origin_202012,1,n_hepatite_l6,0.852703492362864,0.008527034923628636
hepatite,catboost,origin_202012,1,n_hepatite_l12,0.400821528203187,0.004008215282031868
hepatite,catboost,origin_202012,1,n_hepatite_l13,0.4801259110745489,0.004801259110745487
hepatite,catboost,origin_202012,1,n_hepatite_r3,3.2756760580895095,0.03275676058089508
hepatite,catboost,origin_202012,1,n_hepatite_r6,22.782835261657716,0.22782835261657708
hepatite,catboost,origin_202012,1,n_hepatite_r12,31.240550578454137,0.31240550578454124
hepatite,catboost,origin_202012,1,evapot_l0,0.47955181437706257,0.004795518143770623
hepatite,catboost,origin_202012,1,evapot_l1,0.8293749259896179,0.008293749259896175
hepatite,catboost,origin_202012,1,evapot_l3,0.5845218654372965,0.005845218654372962
hepatite,catboost,origin_202012,1,evapot_l12,0.8827063549099248,0.008827063549099245
hepatite,catboost,origin_202012,1,precip_l0,0.4687983717941639,0.004687983717941637
hepatite,catboost,origin_202012,1,precip_l1,1.3668899013642684,0.013668899013642677
hepatite,catboost,origin_202012,1,precip_l3,1.1427884848755827,0.011427884848755822
hepatite,catboost,origin_202012,1,precip_l12,0.7227373080183461,0.0072273730801834584
hepatite,catboost,origin_202012,1,temp_min_l0,0.9371327979546612,0.009371327979546607
hepatite,catboost,origin_202012,1,temp_min_l1,0.7800471881740499,0.007800471881740496
hepatite,catboost,origin_202012,1,temp_min_l3,1.0538609686249643,0.010538609686249638
hepatite,catboost,origin_202012,1,temp_min_l12,0.8126514117196499,0.008126514117196495
hepatite,catboost,origin_202012,1,temp_max_l0,1.358815813713202,0.013588158137132015
hepatite,catboost,origin_202012,1,temp_max_l1,1.1237083566912724,0.01123708356691272
hepatite,catboost,origin_202012,1,temp_max_l3,0.7708032239617452,0.007708032239617448
hepatite,catboost,origin_202012,1,temp_max_l12,1.1918890399733508,0.011918890399733503
hepatite,catboost,origin_202012,1,umid_l0,1.0824585980704613,0.010824585980704609
hepatite,catboost,origin_202012,1,umid_l1,1.404660861441002,0.014046608614410015
hepatite,catboost,origin_202012,1,umid_l3,0.8272735952954697,0.008272735952954694
hepatite,catboost,origin_202012,1,umid_l12,0.6391420525089974,0.006391420525089971
hepatite,catboost,origin_202012,1,populacao,3.742502965455304,0.03742502965455303
hepatite,catboost,origin_202012,1,dens_demog,1.2837570187130416,0.01283757018713041
hepatite,catboost,origin_202012,1,ppc,2.0659267195220283,0.020659267195220276
hepatite,catboost,origin_202012,1,urbanizacao,2.349511528604137,0.02349511528604136
hepatite,catboost,origin_202012,1,tgt_month,0.6604250984431844,0.0066042509844318415
hepatite,catboost,origin_202012,1,mun_id,1.2154118356142287,0.012154118356142283
hepatite,xgboost,origin_202012,1,n_hepatite_l0,0.1718914955854416,0.17189151048660278
hepatite,xgboost,origin_202012,1,n_hepatite_l1,0.1354905664920807,0.13549058139324188
hepatite,xgboost,origin_202012,1,n_hepatite_l2,0.05223293602466583,0.05223293974995613
hepatite,xgboost,origin_202012,1,n_hepatite_l3,0.03335130214691162,0.03335130587220192
hepatite,xgboost,origin_202012,1,n_hepatite_l6,0.002538311295211315,0.002538311528041959
hepatite,xgboost,origin_202012,1,n_hepatite_l12,0.0027415663935244083,0.002741566626355052
hepatite,xgboost,origin_202012,1,n_hepatite_l13,0.001985282637178898,0.0019852828700095415
hepatite,xgboost,origin_202012,1,n_hepatite_r3,0.147578626871109,0.1475786417722702
hepatite,xgboost,origin_202012,1,n_hepatite_r6,0.32955867052078247,0.32955870032310486
hepatite,xgboost,origin_202012,1,n_hepatite_r12,0.06153284013271332,0.061532843858003616
hepatite,xgboost,origin_202012,1,evapot_l0,0.0018385170260444283,0.0018385171424597502
hepatite,xgboost,origin_202012,1,evapot_l1,0.002034599194303155,0.0020345994271337986
hepatite,xgboost,origin_202012,1,evapot_l3,0.0020874880719929934,0.002087488304823637
hepatite,xgboost,origin_202012,1,evapot_l12,0.0019768569618463516,0.0019768571946769953
hepatite,xgboost,origin_202012,1,precip_l0,0.0018726744456216693,0.0018726745620369911
hepatite,xgboost,origin_202012,1,precip_l1,0.0020207823254168034,0.002020782558247447
hepatite,xgboost,origin_202012,1,precip_l3,0.002146951388567686,0.0021469516213983297
hepatite,xgboost,origin_202012,1,precip_l12,0.0022955522872507572,0.002295552520081401
hepatite,xgboost,origin_202012,1,temp_min_l0,0.0019027871312573552,0.001902787247672677
hepatite,xgboost,origin_202012,1,temp_min_l1,0.002307385904714465,0.002307386137545109
hepatite,xgboost,origin_202012,1,temp_min_l3,0.0023149552289396524,0.002314955461770296
hepatite,xgboost,origin_202012,1,temp_min_l12,0.002181060379371047,0.0021810606122016907
hepatite,xgboost,origin_202012,1,temp_max_l0,0.002234402811154723,0.002234403043985367
hepatite,xgboost,origin_202012,1,temp_max_l1,0.0023489859886467457,0.0023489862214773893
hepatite,xgboost,origin_202012,1,temp_max_l3,0.0023358315229415894,0.002335831755772233
hepatite,xgboost,origin_202012,1,temp_max_l12,0.002223471412435174,0.0022234716452658176
hepatite,xgboost,origin_202012,1,umid_l0,0.00249331328086555,0.0024933135136961937
hepatite,xgboost,origin_202012,1,umid_l1,0.0021140528842806816,0.0021140531171113253
hepatite,xgboost,origin_202012,1,umid_l3,0.002254687948152423,0.0022546881809830666
hepatite,xgboost,origin_202012,1,umid_l12,0.0022726331371814013,0.002272633370012045
hepatite,xgboost,origin_202012,1,populacao,0.0021841006819158792,0.002184100914746523
hepatite,xgboost,origin_202012,1,dens_demog,0.002195188542827964,0.0021951887756586075
hepatite,xgboost,origin_202012,1,ppc,0.00269935536198318,0.0026993555948138237
hepatite,xgboost,origin_202012,1,urbanizacao,0.002193561289459467,0.0021935615222901106
hepatite,xgboost,origin_202012,1,tgt_month,0.003469127928838134,0.0034691281616687775
hepatite,xgboost,origin_202012,1,mun_id,0.005100082606077194,0.0051000830717384815
hepatite,lgbm,origin_202012,3,n_hepatite_l0,81.0,0.0135
hepatite,lgbm,origin_202012,3,n_hepatite_l1,68.0,0.011333333333333334
hepatite,lgbm,origin_202012,3,n_hepatite_l2,42.0,0.007
hepatite,lgbm,origin_202012,3,n_hepatite_l3,52.0,0.008666666666666666
hepatite,lgbm,origin_202012,3,n_hepatite_l6,32.0,0.005333333333333333
hepatite,lgbm,origin_202012,3,n_hepatite_l12,69.0,0.0115
hepatite,lgbm,origin_202012,3,n_hepatite_l13,49.0,0.008166666666666666
hepatite,lgbm,origin_202012,3,n_hepatite_r3,143.0,0.023833333333333335
hepatite,lgbm,origin_202012,3,n_hepatite_r6,191.0,0.03183333333333333
hepatite,lgbm,origin_202012,3,n_hepatite_r12,283.0,0.04716666666666667
hepatite,lgbm,origin_202012,3,evapot_l0,157.0,0.026166666666666668
hepatite,lgbm,origin_202012,3,evapot_l1,133.0,0.022166666666666668
hepatite,lgbm,origin_202012,3,evapot_l3,146.0,0.024333333333333332
hepatite,lgbm,origin_202012,3,evapot_l12,118.0,0.019666666666666666
hepatite,lgbm,origin_202012,3,precip_l0,267.0,0.0445
hepatite,lgbm,origin_202012,3,precip_l1,230.0,0.03833333333333333
hepatite,lgbm,origin_202012,3,precip_l3,192.0,0.032
hepatite,lgbm,origin_202012,3,precip_l12,202.0,0.033666666666666664
hepatite,lgbm,origin_202012,3,temp_min_l0,153.0,0.0255
hepatite,lgbm,origin_202012,3,temp_min_l1,153.0,0.0255
hepatite,lgbm,origin_202012,3,temp_min_l3,193.0,0.03216666666666667
hepatite,lgbm,origin_202012,3,temp_min_l12,204.0,0.034
hepatite,lgbm,origin_202012,3,temp_max_l0,148.0,0.024666666666666667
hepatite,lgbm,origin_202012,3,temp_max_l1,167.0,0.027833333333333335
hepatite,lgbm,origin_202012,3,temp_max_l3,194.0,0.03233333333333333
hepatite,lgbm,origin_202012,3,temp_max_l12,141.0,0.0235
hepatite,lgbm,origin_202012,3,umid_l0,221.0,0.036833333333333336
hepatite,lgbm,origin_202012,3,umid_l1,164.0,0.027333333333333334
hepatite,lgbm,origin_202012,3,umid_l3,204.0,0.034
hepatite,lgbm,origin_202012,3,umid_l12,231.0,0.0385
hepatite,lgbm,origin_202012,3,populacao,191.0,0.03183333333333333
hepatite,lgbm,origin_202012,3,dens_demog,141.0,0.0235
hepatite,lgbm,origin_202012,3,ppc,418.0,0.06966666666666667
hepatite,lgbm,origin_202012,3,urbanizacao,161.0,0.026833333333333334
hepatite,lgbm,origin_202012,3,tgt_month,108.0,0.018
hepatite,lgbm,origin_202012,3,mun_id,353.0,0.058833333333333335
hepatite,catboost,origin_202012,3,n_hepatite_l0,4.156664596033205,0.04156664596033203
hepatite,catboost,origin_202012,3,n_hepatite_l1,1.1635464042918096,0.011635464042918089
hepatite,catboost,origin_202012,3,n_hepatite_l2,2.715045168107335,0.027150451681073336
hepatite,catboost,origin_202012,3,n_hepatite_l3,1.062285232609221,0.010622852326092204
hepatite,catboost,origin_202012,3,n_hepatite_l6,2.1316131409653774,0.02131613140965376
hepatite,catboost,origin_202012,3,n_hepatite_l12,0.41185549951459877,0.0041185549951459855
hepatite,catboost,origin_202012,3,n_hepatite_l13,0.887605303361042,0.008876053033610415
hepatite,catboost,origin_202012,3,n_hepatite_r3,8.075444398630392,0.08075444398630387
hepatite,catboost,origin_202012,3,n_hepatite_r6,12.816375653576095,0.12816375653576087
hepatite,catboost,origin_202012,3,n_hepatite_r12,34.71727708506011,0.3471727708506009
hepatite,catboost,origin_202012,3,evapot_l0,0.4402213300875748,0.004402213300875746
hepatite,catboost,origin_202012,3,evapot_l1,1.3184479748905138,0.013184479748905131
hepatite,catboost,origin_202012,3,evapot_l3,0.9501347228008064,0.009501347228008059
hepatite,catboost,origin_202012,3,evapot_l12,1.0722971187146366,0.01072297118714636
hepatite,catboost,origin_202012,3,precip_l0,1.6014865203235995,0.016014865203235987
hepatite,catboost,origin_202012,3,precip_l1,1.6184449914615602,0.01618444991461559
hepatite,catboost,origin_202012,3,precip_l3,1.1414857916445356,0.011414857916445349
hepatite,catboost,origin_202012,3,precip_l12,1.2382710506819659,0.012382710506819652
hepatite,catboost,origin_202012,3,temp_min_l0,0.7823950075958817,0.007823950075958812
hepatite,catboost,origin_202012,3,temp_min_l1,1.423180632155988,0.01423180632155987
hepatite,catboost,origin_202012,3,temp_min_l3,1.258245068749844,0.012582450687498433
hepatite,catboost,origin_202012,3,temp_min_l12,0.8423847710872725,0.00842384771087272
hepatite,catboost,origin_202012,3,temp_max_l0,0.5740735112336439,0.005740735112336436
hepatite,catboost,origin_202012,3,temp_max_l1,1.0535331137265154,0.010535331137265147
hepatite,catboost,origin_202012,3,temp_max_l3,0.8242906854210421,0.008242906854210417
hepatite,catboost,origin_202012,3,temp_max_l12,0.6116099869781223,0.006116099869781219
hepatite,catboost,origin_202012,3,umid_l0,2.219263205982405,0.02219263205982404
hepatite,catboost,origin_202012,3,umid_l1,0.7712124821236188,0.007712124821236184
hepatite,catboost,origin_202012,3,umid_l3,1.32063616941589,0.013206361694158892
hepatite,catboost,origin_202012,3,umid_l12,1.3997787019022268,0.013997787019022259
hepatite,catboost,origin_202012,3,populacao,1.9248465395876349,0.019248465395876338
hepatite,catboost,origin_202012,3,dens_demog,1.4815482813374368,0.014815482813374359
hepatite,catboost,origin_202012,3,ppc,2.9350343199798004,0.029350343199797988
hepatite,catboost,origin_202012,3,urbanizacao,1.059569695453158,0.010595696954531574
hepatite,catboost,origin_202012,3,tgt_month,0.3234089355495079,0.0032340893554950773
hepatite,catboost,origin_202012,3,mun_id,1.6764869089656584,0.016764869089656576
hepatite,xgboost,origin_202012,3,n_hepatite_l0,0.2199297845363617,0.2199297547340393
hepatite,xgboost,origin_202012,3,n_hepatite_l1,0.0883132591843605,0.08831325173377991
hepatite,xgboost,origin_202012,3,n_hepatite_l2,0.003060688963159919,0.0030606884974986315
hepatite,xgboost,origin_202012,3,n_hepatite_l3,0.0028216452337801456,0.002821645000949502
hepatite,xgboost,origin_202012,3,n_hepatite_l6,0.0025748934131115675,0.002574893180280924
hepatite,xgboost,origin_202012,3,n_hepatite_l12,0.0029253666289150715,0.002925366396084428
hepatite,xgboost,origin_202012,3,n_hepatite_l13,0.0023872721940279007,0.002387271961197257
hepatite,xgboost,origin_202012,3,n_hepatite_r3,0.1640249639749527,0.1640249490737915
hepatite,xgboost,origin_202012,3,n_hepatite_r6,0.36956632137298584,0.36956629157066345
hepatite,xgboost,origin_202012,3,n_hepatite_r12,0.07044730335474014,0.07044729590415955
hepatite,xgboost,origin_202012,3,evapot_l0,0.0023169780615717173,0.0023169778287410736
hepatite,xgboost,origin_202012,3,evapot_l1,0.0021560692694038153,0.0021560690365731716
hepatite,xgboost,origin_202012,3,evapot_l3,0.0022623520344495773,0.0022623518016189337
hepatite,xgboost,origin_202012,3,evapot_l12,0.002094295574352145,0.0020942953415215015
hepatite,xgboost,origin_202012,3,precip_l0,0.0022823833860456944,0.0022823831532150507
hepatite,xgboost,origin_202012,3,precip_l1,0.0026743318885564804,0.0026743316557258368
hepatite,xgboost,origin_202012,3,precip_l3,0.0024690930731594563,0.0024690928403288126
hepatite,xgboost,origin_202012,3,precip_l12,0.0031265311408787966,0.0031265306752175093
hepatite,xgboost,origin_202012,3,temp_min_l0,0.002436746610328555,0.0024367463774979115
hepatite,xgboost,origin_202012,3,temp_min_l1,0.002702960977330804,0.0027029607445001602
hepatite,xgboost,origin_202012,3,temp_min_l3,0.0028624434489756823,0.0028624432161450386
hepatite,xgboost,origin_202012,3,temp_min_l12,0.002304159104824066,0.0023041588719934225
hepatite,xgboost,origin_202012,3,temp_max_l0,0.002867134753614664,0.0028671345207840204
hepatite,xgboost,origin_202012,3,temp_max_l1,0.0029027850832790136,0.00290278485044837
hepatite,xgboost,origin_202012,3,temp_max_l3,0.0022965625394135714,0.0022965623065829277
hepatite,xgboost,origin_202012,3,temp_max_l12,0.002503392519429326,0.0025033922865986824
hepatite,xgboost,origin_202012,3,umid_l0,0.0027581669855862856,0.002758166752755642
hepatite,xgboost,origin_202012,3,umid_l1,0.0029662225861102343,0.002966222120448947
hepatite,xgboost,origin_202012,3,umid_l3,0.0027791415341198444,0.0027791413012892008
hepatite,xgboost,origin_202012,3,umid_l12,0.002292150864377618,0.002292150631546974
hepatite,xgboost,origin_202012,3,populacao,0.002823767252266407,0.0028237670194357634
hepatite,xgboost,origin_202012,3,dens_demog,0.0028549230191856623,0.0028549227863550186
hepatite,xgboost,origin_202012,3,ppc,0.004122661426663399,0.0041226609610021114
hepatite,xgboost,origin_202012,3,urbanizacao,0.003059327369555831,0.0030593269038945436
hepatite,xgboost,origin_202012,3,tgt_month,0.0038834605365991592,0.003883460070937872
hepatite,xgboost,origin_202012,3,mun_id,0.006150470580905676,0.006150469649583101
hepatite,lgbm,origin_202012,6,n_hepatite_l0,78.0,0.013
hepatite,lgbm,origin_202012,6,n_hepatite_l1,38.0,0.006333333333333333
hepatite,lgbm,origin_202012,6,n_hepatite_l2,74.0,0.012333333333333333
hepatite,lgbm,origin_202012,6,n_hepatite_l3,32.0,0.005333333333333333
hepatite,lgbm,origin_202012,6,n_hepatite_l6,41.0,0.006833333333333334
hepatite,lgbm,origin_202012,6,n_hepatite_l12,70.0,0.011666666666666667
hepatite,lgbm,origin_202012,6,n_hepatite_l13,85.0,0.014166666666666666
hepatite,lgbm,origin_202012,6,n_hepatite_r3,154.0,0.025666666666666667
hepatite,lgbm,origin_202012,6,n_hepatite_r6,199.0,0.033166666666666664
hepatite,lgbm,origin_202012,6,n_hepatite_r12,265.0,0.04416666666666667
hepatite,lgbm,origin_202012,6,evapot_l0,108.0,0.018
hepatite,lgbm,origin_202012,6,evapot_l1,107.0,0.017833333333333333
hepatite,lgbm,origin_202012,6,evapot_l3,127.0,0.021166666666666667
hepatite,lgbm,origin_202012,6,evapot_l12,118.0,0.019666666666666666
hepatite,lgbm,origin_202012,6,precip_l0,219.0,0.0365
hepatite,lgbm,origin_202012,6,precip_l1,203.0,0.03383333333333333
hepatite,lgbm,origin_202012,6,precip_l3,229.0,0.03816666666666667
hepatite,lgbm,origin_202012,6,precip_l12,169.0,0.028166666666666666
hepatite,lgbm,origin_202012,6,temp_min_l0,189.0,0.0315
hepatite,lgbm,origin_202012,6,temp_min_l1,166.0,0.027666666666666666
hepatite,lgbm,origin_202012,6,temp_min_l3,171.0,0.0285
hepatite,lgbm,origin_202012,6,temp_min_l12,180.0,0.03
hepatite,lgbm,origin_202012,6,temp_max_l0,131.0,0.021833333333333333
hepatite,lgbm,origin_202012,6,temp_max_l1,202.0,0.033666666666666664
hepatite,lgbm,origin_202012,6,temp_max_l3,188.0,0.03133333333333333
hepatite,lgbm,origin_202012,6,temp_max_l12,152.0,0.025333333333333333
hepatite,lgbm,origin_202012,6,umid_l0,190.0,0.03166666666666667
hepatite,lgbm,origin_202012,6,umid_l1,213.0,0.0355
hepatite,lgbm,origin_202012,6,umid_l3,174.0,0.029
hepatite,lgbm,origin_202012,6,umid_l12,204.0,0.034
hepatite,lgbm,origin_202012,6,populacao,223.0,0.03716666666666667
hepatite,lgbm,origin_202012,6,dens_demog,161.0,0.026833333333333334
hepatite,lgbm,origin_202012,6,ppc,470.0,0.07833333333333334
hepatite,lgbm,origin_202012,6,urbanizacao,201.0,0.0335
hepatite,lgbm,origin_202012,6,tgt_month,76.0,0.012666666666666666
hepatite,lgbm,origin_202012,6,mun_id,393.0,0.0655
hepatite,catboost,origin_202012,6,n_hepatite_l0,2.8008947782745652,0.02800894778274565
hepatite,catboost,origin_202012,6,n_hepatite_l1,1.9194917227063193,0.01919491722706319
hepatite,catboost,origin_202012,6,n_hepatite_l2,2.764883505966484,0.027648835059664836
hepatite,catboost,origin_202012,6,n_hepatite_l3,2.8134709817560752,0.02813470981756075
hepatite,catboost,origin_202012,6,n_hepatite_l6,1.6561717790858663,0.01656171779085866
hepatite,catboost,origin_202012,6,n_hepatite_l12,3.16840979228678,0.0316840979228678
hepatite,catboost,origin_202012,6,n_hepatite_l13,1.486852790259816,0.014868527902598159
hepatite,catboost,origin_202012,6,n_hepatite_r3,6.259827872049935,0.06259827872049933
hepatite,catboost,origin_202012,6,n_hepatite_r6,6.139226561777064,0.06139226561777063
hepatite,catboost,origin_202012,6,n_hepatite_r12,33.96835913668097,0.3396835913668096
hepatite,catboost,origin_202012,6,evapot_l0,0.47213543453146495,0.004721354345314649
hepatite,catboost,origin_202012,6,evapot_l1,1.0581028180091727,0.010581028180091726
hepatite,catboost,origin_202012,6,evapot_l3,0.6745985722240037,0.0067459857222400355
hepatite,catboost,origin_202012,6,evapot_l12,0.7159027089020843,0.007159027089020842
hepatite,catboost,origin_202012,6,precip_l0,1.3941912287902603,0.0139419122879026
hepatite,catboost,origin_202012,6,precip_l1,1.157377686684168,0.01157377686684168
hepatite,catboost,origin_202012,6,precip_l3,1.2764093514388868,0.012764093514388865
hepatite,catboost,origin_202012,6,precip_l12,0.6826348264184257,0.0068263482641842555
hepatite,catboost,origin_202012,6,temp_min_l0,1.0915054956785297,0.010915054956785296
hepatite,catboost,origin_202012,6,temp_min_l1,0.7425985892647214,0.0074259858926472135
hepatite,catboost,origin_202012,6,temp_min_l3,0.8689032550405305,0.008689032550405304
hepatite,catboost,origin_202012,6,temp_min_l12,1.3344366057008685,0.013344366057008684
hepatite,catboost,origin_202012,6,temp_max_l0,0.7048062588920524,0.007048062588920523
hepatite,catboost,origin_202012,6,temp_max_l1,0.6364784597055115,0.006364784597055115
hepatite,catboost,origin_202012,6,temp_max_l3,1.109854610902417,0.011098546109024169
hepatite,catboost,origin_202012,6,temp_max_l12,0.7072464396968825,0.007072464396968824
hepatite,catboost,origin_202012,6,umid_l0,0.6900444631492096,0.006900444631492095
hepatite,catboost,origin_202012,6,umid_l1,1.3716785299325898,0.013716785299325896
hepatite,catboost,origin_202012,6,umid_l3,0.6889346323015751,0.006889346323015751
hepatite,catboost,origin_202012,6,umid_l12,1.160681589158106,0.011606815891581058
hepatite,catboost,origin_202012,6,populacao,2.5426966310807257,0.025426966310807254
hepatite,catboost,origin_202012,6,dens_demog,2.0783100219266575,0.020783100219266572
hepatite,catboost,origin_202012,6,ppc,8.285096311547374,0.08285096311547373
hepatite,catboost,origin_202012,6,urbanizacao,3.7243652291308598,0.03724365229130859
hepatite,catboost,origin_202012,6,tgt_month,0.31247637531386563,0.0031247637531386556
hepatite,catboost,origin_202012,6,mun_id,1.5409449537351876,0.015409449537351873
hepatite,xgboost,origin_202012,6,n_hepatite_l0,0.3241572082042694,0.324157178401947
hepatite,xgboost,origin_202012,6,n_hepatite_l1,0.07793278992176056,0.07793278247117996
hepatite,xgboost,origin_202012,6,n_hepatite_l2,0.0034910000395029783,0.003490999573841691
hepatite,xgboost,origin_202012,6,n_hepatite_l3,0.005092807114124298,0.005092806648463011
hepatite,xgboost,origin_202012,6,n_hepatite_l6,0.0024781757965683937,0.00247817556373775
hepatite,xgboost,origin_202012,6,n_hepatite_l12,0.0024213159922510386,0.002421315759420395
hepatite,xgboost,origin_202012,6,n_hepatite_l13,0.003977831453084946,0.003977830987423658
hepatite,xgboost,origin_202012,6,n_hepatite_r3,0.08169568330049515,0.08169567584991455
hepatite,xgboost,origin_202012,6,n_hepatite_r6,0.34163588285446167,0.3416358530521393
hepatite,xgboost,origin_202012,6,n_hepatite_r12,0.07969177514314651,0.07969176769256592
hepatite,xgboost,origin_202012,6,evapot_l0,0.0020072986371815205,0.002007298404350877
hepatite,xgboost,origin_202012,6,evapot_l1,0.0020657035056501627,0.002065703272819519
hepatite,xgboost,origin_202012,6,evapot_l3,0.002336165402084589,0.0023361651692539454
hepatite,xgboost,origin_202012,6,evapot_l12,0.002236100612208247,0.0022361003793776035
hepatite,xgboost,origin_202012,6,precip_l0,0.0024385384749621153,0.0024385382421314716
hepatite,xgboost,origin_202012,6,precip_l1,0.002221713773906231,0.0022217135410755873
hepatite,xgboost,origin_202012,6,precip_l3,0.0022448571398854256,0.002244856907054782
hepatite,xgboost,origin_202012,6,precip_l12,0.002495628548786044,0.0024956283159554005
hepatite,xgboost,origin_202012,6,temp_min_l0,0.002340220380574465,0.002340220147743821
hepatite,xgboost,origin_202012,6,temp_min_l1,0.002138411160558462,0.0021384109277278185
hepatite,xgboost,origin_202012,6,temp_min_l3,0.002552378224208951,0.0025523779913783073
hepatite,xgboost,origin_202012,6,temp_min_l12,0.002551734447479248,0.0025517342146486044
hepatite,xgboost,origin_202012,6,temp_max_l0,0.0021610399708151817,0.002161039737984538
hepatite,xgboost,origin_202012,6,temp_max_l1,0.00244339881464839,0.002443398581817746
hepatite,xgboost,origin_202012,6,temp_max_l3,0.0021416537929326296,0.002141653560101986
hepatite,xgboost,origin_202012,6,temp_max_l12,0.0037259755190461874,0.0037259750533849
hepatite,xgboost,origin_202012,6,umid_l0,0.002632834017276764,0.0026328337844461203
hepatite,xgboost,origin_202012,6,umid_l1,0.0028464857023209333,0.0028464854694902897
hepatite,xgboost,origin_202012,6,umid_l3,0.0025833556428551674,0.0025833554100245237
hepatite,xgboost,origin_202012,6,umid_l12,0.0026702287141233683,0.0026702284812927246
hepatite,xgboost,origin_202012,6,populacao,0.0029419490601867437,0.0029419485945254564
hepatite,xgboost,origin_202012,6,dens_demog,0.0034839522559195757,0.0034839517902582884
hepatite,xgboost,origin_202012,6,ppc,0.005317460745573044,0.0053174602799117565
hepatite,xgboost,origin_202012,6,urbanizacao,0.004115203395485878,0.004115202929824591
hepatite,xgboost,origin_202012,6,tgt_month,0.003726852359250188,0.0037268518935889006
hepatite,xgboost,origin_202012,6,mun_id,0.009006393142044544,0.00900639221072197
hepatite,lgbm,origin_202012,12,n_hepatite_l0,77.0,0.012833333333333334
hepatite,lgbm,origin_202012,12,n_hepatite_l1,35.0,0.005833333333333334
hepatite,lgbm,origin_202012,12,n_hepatite_l2,14.0,0.0023333333333333335
hepatite,lgbm,origin_202012,12,n_hepatite_l3,56.0,0.009333333333333334
hepatite,lgbm,origin_202012,12,n_hepatite_l6,37.0,0.006166666666666667
hepatite,lgbm,origin_202012,12,n_hepatite_l12,77.0,0.012833333333333334
hepatite,lgbm,origin_202012,12,n_hepatite_l13,70.0,0.011666666666666667
hepatite,lgbm,origin_202012,12,n_hepatite_r3,133.0,0.022166666666666668
hepatite,lgbm,origin_202012,12,n_hepatite_r6,135.0,0.0225
hepatite,lgbm,origin_202012,12,n_hepatite_r12,277.0,0.04616666666666667
hepatite,lgbm,origin_202012,12,evapot_l0,158.0,0.026333333333333334
hepatite,lgbm,origin_202012,12,evapot_l1,79.0,0.013166666666666667
hepatite,lgbm,origin_202012,12,evapot_l3,148.0,0.024666666666666667
hepatite,lgbm,origin_202012,12,evapot_l12,105.0,0.0175
hepatite,lgbm,origin_202012,12,precip_l0,193.0,0.03216666666666667
hepatite,lgbm,origin_202012,12,precip_l1,236.0,0.03933333333333333
hepatite,lgbm,origin_202012,12,precip_l3,181.0,0.030166666666666668
hepatite,lgbm,origin_202012,12,precip_l12,158.0,0.026333333333333334
hepatite,lgbm,origin_202012,12,temp_min_l0,146.0,0.024333333333333332
hepatite,lgbm,origin_202012,12,temp_min_l1,203.0,0.03383333333333333
hepatite,lgbm,origin_202012,12,temp_min_l3,195.0,0.0325
hepatite,lgbm,origin_202012,12,temp_min_l12,153.0,0.0255
hepatite,lgbm,origin_202012,12,temp_max_l0,135.0,0.0225
hepatite,lgbm,origin_202012,12,temp_max_l1,177.0,0.0295
hepatite,lgbm,origin_202012,12,temp_max_l3,171.0,0.0285
hepatite,lgbm,origin_202012,12,temp_max_l12,125.0,0.020833333333333332
hepatite,lgbm,origin_202012,12,umid_l0,219.0,0.0365
hepatite,lgbm,origin_202012,12,umid_l1,163.0,0.027166666666666665
hepatite,lgbm,origin_202012,12,umid_l3,187.0,0.031166666666666665
hepatite,lgbm,origin_202012,12,umid_l12,182.0,0.030333333333333334
hepatite,lgbm,origin_202012,12,populacao,232.0,0.03866666666666667
hepatite,lgbm,origin_202012,12,dens_demog,197.0,0.03283333333333333
hepatite,lgbm,origin_202012,12,ppc,588.0,0.098
hepatite,lgbm,origin_202012,12,urbanizacao,306.0,0.051
hepatite,lgbm,origin_202012,12,tgt_month,72.0,0.012
hepatite,lgbm,origin_202012,12,mun_id,380.0,0.06333333333333334
hepatite,catboost,origin_202012,12,n_hepatite_l0,2.222622690242166,0.02222622690242166
hepatite,catboost,origin_202012,12,n_hepatite_l1,0.26281133338116186,0.0026281133338116186
hepatite,catboost,origin_202012,12,n_hepatite_l2,1.7594545888131543,0.017594545888131544
hepatite,catboost,origin_202012,12,n_hepatite_l3,0.8697227710004931,0.008697227710004932
hepatite,catboost,origin_202012,12,n_hepatite_l6,1.0971660830993115,0.010971660830993116
hepatite,catboost,origin_202012,12,n_hepatite_l12,0.6296305570298455,0.006296305570298455
hepatite,catboost,origin_202012,12,n_hepatite_l13,0.9548254678859014,0.009548254678859013
hepatite,catboost,origin_202012,12,n_hepatite_r3,2.998584613569632,0.029985846135696322
hepatite,catboost,origin_202012,12,n_hepatite_r6,10.853527393861174,0.10853527393861175
hepatite,catboost,origin_202012,12,n_hepatite_r12,33.49588896291123,0.3349588896291123
hepatite,catboost,origin_202012,12,evapot_l0,1.1077502154129844,0.011077502154129844
hepatite,catboost,origin_202012,12,evapot_l1,0.20354785276619553,0.002035478527661955
hepatite,catboost,origin_202012,12,evapot_l3,0.5663132137999541,0.005663132137999541
hepatite,catboost,origin_202012,12,evapot_l12,0.6932327974629393,0.006932327974629393
hepatite,catboost,origin_202012,12,precip_l0,0.3876051450337281,0.003876051450337281
hepatite,catboost,origin_202012,12,precip_l1,0.7915012823983177,0.007915012823983178
hepatite,catboost,origin_202012,12,precip_l3,0.943447016475381,0.00943447016475381
hepatite,catboost,origin_202012,12,precip_l12,1.1402195683257628,0.011402195683257628
hepatite,catboost,origin_202012,12,temp_min_l0,0.6123302527273862,0.0061233025272738615
hepatite,catboost,origin_202012,12,temp_min_l1,1.3604612015525441,0.01360461201552544
hepatite,catboost,origin_202012,12,temp_min_l3,1.2094872450214205,0.012094872450214204
hepatite,catboost,origin_202012,12,temp_min_l12,0.6908715293891847,0.006908715293891848
hepatite,catboost,origin_202012,12,temp_max_l0,0.5355472650346933,0.005355472650346933
hepatite,catboost,origin_202012,12,temp_max_l1,0.9762700761386692,0.009762700761386692
hepatite,catboost,origin_202012,12,temp_max_l3,1.2567263424105968,0.012567263424105968
hepatite,catboost,origin_202012,12,temp_max_l12,0.5649981553418325,0.005649981553418325
hepatite,catboost,origin_202012,12,umid_l0,1.3688864969752235,0.013688864969752235
hepatite,catboost,origin_202012,12,umid_l1,0.9830973256858676,0.009830973256858676
hepatite,catboost,origin_202012,12,umid_l3,0.49488031794946385,0.004948803179494639
hepatite,catboost,origin_202012,12,umid_l12,0.9913141362227765,0.009913141362227765
hepatite,catboost,origin_202012,12,populacao,3.656301865805976,0.036563018658059755
hepatite,catboost,origin_202012,12,dens_demog,2.633296817321596,0.026332968173215957
hepatite,catboost,origin_202012,12,ppc,11.470923222033557,0.11470923222033556
hepatite,catboost,origin_202012,12,urbanizacao,7.322067534110743,0.07322067534110743
hepatite,catboost,origin_202012,12,tgt_month,0.18369837044001536,0.0018369837044001536
hepatite,catboost,origin_202012,12,mun_id,2.7109902923691216,0.027109902923691215
hepatite,xgboost,origin_202012,12,n_hepatite_l0,0.30126282572746277,0.30126282572746277
hepatite,xgboost,origin_202012,12,n_hepatite_l1,0.07399917393922806,0.07399917393922806
hepatite,xgboost,origin_202012,12,n_hepatite_l2,0.0016039538895711303,0.0016039538895711303
hepatite,xgboost,origin_202012,12,n_hepatite_l3,0.0020743936765938997,0.0020743936765938997
hepatite,xgboost,origin_202012,12,n_hepatite_l6,0.0034238898660987616,0.0034238898660987616
hepatite,xgboost,origin_202012,12,n_hepatite_l12,0.00267565855756402,0.00267565855756402
hepatite,xgboost,origin_202012,12,n_hepatite_l13,0.0022689877077937126,0.0022689877077937126
hepatite,xgboost,origin_202012,12,n_hepatite_r3,0.35725367069244385,0.35725367069244385
hepatite,xgboost,origin_202012,12,n_hepatite_r6,0.08900804072618484,0.08900804072618484
hepatite,xgboost,origin_202012,12,n_hepatite_r12,0.08533625304698944,0.08533625304698944
hepatite,xgboost,origin_202012,12,evapot_l0,0.002479613060131669,0.002479613060131669
hepatite,xgboost,origin_202012,12,evapot_l1,0.002155193593353033,0.002155193593353033
hepatite,xgboost,origin_202012,12,evapot_l3,0.0017912171315401793,0.0017912171315401793
hepatite,xgboost,origin_202012,12,evapot_l12,0.002511127619072795,0.002511127619072795
hepatite,xgboost,origin_202012,12,precip_l0,0.001941908965818584,0.001941908965818584
hepatite,xgboost,origin_202012,12,precip_l1,0.002295812824741006,0.002295812824741006
hepatite,xgboost,origin_202012,12,precip_l3,0.002354844007641077,0.002354844007641077
hepatite,xgboost,origin_202012,12,precip_l12,0.0019842474721372128,0.0019842474721372128
hepatite,xgboost,origin_202012,12,temp_min_l0,0.0021921698935329914,0.0021921698935329914
hepatite,xgboost,origin_202012,12,temp_min_l1,0.0022268970496952534,0.0022268970496952534
hepatite,xgboost,origin_202012,12,temp_min_l3,0.0025096265599131584,0.0025096265599131584
hepatite,xgboost,origin_202012,12,temp_min_l12,0.0022627217695116997,0.0022627217695116997
hepatite,xgboost,origin_202012,12,temp_max_l0,0.0019256396917626262,0.0019256396917626262
hepatite,xgboost,origin_202012,12,temp_max_l1,0.0024196640588343143,0.0024196640588343143
hepatite,xgboost,origin_202012,12,temp_max_l3,0.002679541939869523,0.002679541939869523
hepatite,xgboost,origin_202012,12,temp_max_l12,0.00226723519153893,0.00226723519153893
hepatite,xgboost,origin_202012,12,umid_l0,0.0025410326197743416,0.0025410326197743416
hepatite,xgboost,origin_202012,12,umid_l1,0.0025814473628997803,0.0025814473628997803
hepatite,xgboost,origin_202012,12,umid_l3,0.002104207407683134,0.002104207407683134
hepatite,xgboost,origin_202012,12,umid_l12,0.0025852518156170845,0.0025852518156170845
hepatite,xgboost,origin_202012,12,populacao,0.003659907029941678,0.003659907029941678
hepatite,xgboost,origin_202012,12,dens_demog,0.004037962760776281,0.004037962760776281
hepatite,xgboost,origin_202012,12,ppc,0.008131521753966808,0.008131521753966808
hepatite,xgboost,origin_202012,12,urbanizacao,0.005071814637631178,0.005071814637631178
hepatite,xgboost,origin_202012,12,tgt_month,0.0031816603150218725,0.0031816603150218725
hepatite,xgboost,origin_202012,12,mun_id,0.011200853623449802,0.011200853623449802
hepatite,lgbm,origin_202112,1,n_hepatite_l0,121.0,0.020166666666666666
hepatite,lgbm,origin_202112,1,n_hepatite_l1,45.0,0.0075
hepatite,lgbm,origin_202112,1,n_hepatite_l2,39.0,0.0065
hepatite,lgbm,origin_202112,1,n_hepatite_l3,65.0,0.010833333333333334
hepatite,lgbm,origin_202112,1,n_hepatite_l6,87.0,0.0145
hepatite,lgbm,origin_202112,1,n_hepatite_l12,62.0,0.010333333333333333
hepatite,lgbm,origin_202112,1,n_hepatite_l13,52.0,0.008666666666666666
hepatite,lgbm,origin_202112,1,n_hepatite_r3,129.0,0.0215
hepatite,lgbm,origin_202112,1,n_hepatite_r6,229.0,0.03816666666666667
hepatite,lgbm,origin_202112,1,n_hepatite_r12,287.0,0.04783333333333333
hepatite,lgbm,origin_202112,1,evapot_l0,137.0,0.022833333333333334
hepatite,lgbm,origin_202112,1,evapot_l1,161.0,0.026833333333333334
hepatite,lgbm,origin_202112,1,evapot_l3,145.0,0.024166666666666666
hepatite,lgbm,origin_202112,1,evapot_l12,129.0,0.0215
hepatite,lgbm,origin_202112,1,precip_l0,228.0,0.038
hepatite,lgbm,origin_202112,1,precip_l1,248.0,0.04133333333333333
hepatite,lgbm,origin_202112,1,precip_l3,251.0,0.041833333333333333
hepatite,lgbm,origin_202112,1,precip_l12,250.0,0.041666666666666664
hepatite,lgbm,origin_202112,1,temp_min_l0,139.0,0.023166666666666665
hepatite,lgbm,origin_202112,1,temp_min_l1,188.0,0.03133333333333333
hepatite,lgbm,origin_202112,1,temp_min_l3,181.0,0.030166666666666668
hepatite,lgbm,origin_202112,1,temp_min_l12,178.0,0.029666666666666668
hepatite,lgbm,origin_202112,1,temp_max_l0,204.0,0.034
hepatite,lgbm,origin_202112,1,temp_max_l1,166.0,0.027666666666666666
hepatite,lgbm,origin_202112,1,temp_max_l3,159.0,0.0265
hepatite,lgbm,origin_202112,1,temp_max_l12,152.0,0.025333333333333333
hepatite,lgbm,origin_202112,1,umid_l0,226.0,0.03766666666666667
hepatite,lgbm,origin_202112,1,umid_l1,172.0,0.028666666666666667
hepatite,lgbm,origin_202112,1,umid_l3,159.0,0.0265
hepatite,lgbm,origin_202112,1,umid_l12,207.0,0.0345
hepatite,lgbm,origin_202112,1,populacao,148.0,0.024666666666666667
hepatite,lgbm,origin_202112,1,dens_demog,116.0,0.019333333333333334
hepatite,lgbm,origin_202112,1,ppc,295.0,0.049166666666666664
hepatite,lgbm,origin_202112,1,urbanizacao,150.0,0.025
hepatite,lgbm,origin_202112,1,tgt_month,136.0,0.02266666666666667
hepatite,lgbm,origin_202112,1,mun_id,359.0,0.059833333333333336
hepatite,catboost,origin_202112,1,n_hepatite_l0,6.043412338703249,0.06043412338703249
hepatite,catboost,origin_202112,1,n_hepatite_l1,0.9462977106583446,0.009462977106583446
hepatite,catboost,origin_202112,1,n_hepatite_l2,3.217079972796482,0.03217079972796482
hepatite,catboost,origin_202112,1,n_hepatite_l3,0.9370239007197371,0.00937023900719737
hepatite,catboost,origin_202112,1,n_hepatite_l6,1.2833781955315904,0.012833781955315903
hepatite,catboost,origin_202112,1,n_hepatite_l12,0.7236533220902447,0.007236533220902447
hepatite,catboost,origin_202112,1,n_hepatite_l13,0.4491394321307912,0.004491394321307912
hepatite,catboost,origin_202112,1,n_hepatite_r3,10.128914319477952,0.10128914319477951
hepatite,catboost,origin_202112,1,n_hepatite_r6,11.78932421578708,0.1178932421578708
hepatite,catboost,origin_202112,1,n_hepatite_r12,37.886557360736234,0.37886557360736234
hepatite,catboost,origin_202112,1,evapot_l0,0.8086055738603564,0.008086055738603564
hepatite,catboost,origin_202112,1,evapot_l1,0.6610256505997912,0.006610256505997912
hepatite,catboost,origin_202112,1,evapot_l3,1.0650776983674475,0.010650776983674474
hepatite,catboost,origin_202112,1,evapot_l12,0.7972143590012059,0.00797214359001206
hepatite,catboost,origin_202112,1,precip_l0,0.8284317995113484,0.008284317995113484
hepatite,catboost,origin_202112,1,precip_l1,1.1626431713384977,0.011626431713384977
hepatite,catboost,origin_202112,1,precip_l3,1.2625660650362698,0.012625660650362698
hepatite,catboost,origin_202112,1,precip_l12,0.6773390152837326,0.006773390152837327
hepatite,catboost,origin_202112,1,temp_min_l0,0.8888031919434388,0.008888031919434387
hepatite,catboost,origin_202112,1,temp_min_l1,1.481149800255751,0.01481149800255751
hepatite,catboost,origin_202112,1,temp_min_l3,0.9123538177982546,0.009123538177982546
hepatite,catboost,origin_202112,1,temp_min_l12,0.9662295638077644,0.009662295638077644
hepatite,catboost,origin_202112,1,temp_max_l0,1.9937525113307444,0.019937525113307444
hepatite,catboost,origin_202112,1,temp_max_l1,0.9118484177333113,0.009118484177333113
hepatite,catboost,origin_202112,1,temp_max_l3,1.0819091690615568,0.010819091690615568
hepatite,catboost,origin_202112,1,temp_max_l12,0.5454719337725815,0.005454719337725815
hepatite,catboost,origin_202112,1,umid_l0,1.3301280170643923,0.013301280170643923
hepatite,catboost,origin_202112,1,umid_l1,0.7752719555402744,0.007752719555402744
hepatite,catboost,origin_202112,1,umid_l3,0.5134033270199787,0.005134033270199787
hepatite,catboost,origin_202112,1,umid_l12,1.285372031377819,0.01285372031377819
hepatite,catboost,origin_202112,1,populacao,1.770092521624301,0.017700925216243012
hepatite,catboost,origin_202112,1,dens_demog,1.1404101131853173,0.011404101131853172
hepatite,catboost,origin_202112,1,ppc,2.110444037207763,0.021104440372077628
hepatite,catboost,origin_202112,1,urbanizacao,0.5311194590656011,0.005311194590656011
hepatite,catboost,origin_202112,1,tgt_month,0.6760477099487975,0.006760477099487975
hepatite,catboost,origin_202112,1,mun_id,0.41850832063201227,0.0041850832063201225
hepatite,xgboost,origin_202112,1,n_hepatite_l0,0.19927792251110077,0.19927789270877838
hepatite,xgboost,origin_202112,1,n_hepatite_l1,0.09733758121728897,0.09733756631612778
hepatite,xgboost,origin_202112,1,n_hepatite_l2,0.026973286643624306,0.026973282918334007
hepatite,xgboost,origin_202112,1,n_hepatite_l3,0.002120631281286478,0.0021206310484558344
hepatite,xgboost,origin_202112,1,n_hepatite_l6,0.003615975147113204,0.0036159746814519167
hepatite,xgboost,origin_202112,1,n_hepatite_l12,0.0023467899300158024,0.0023467896971851587
hepatite,xgboost,origin_202112,1,n_hepatite_l13,0.0021962649188935757,0.002196264686062932
hepatite,xgboost,origin_202112,1,n_hepatite_r3,0.2455933690071106,0.2455933392047882
hepatite,xgboost,origin_202112,1,n_hepatite_r6,0.2969236671924591,0.2969236373901367
hepatite,xgboost,origin_202112,1,n_hepatite_r12,0.06460360437631607,0.06460359692573547
hepatite,xgboost,origin_202112,1,evapot_l0,0.002175878966227174,0.00217587873339653
hepatite,xgboost,origin_202112,1,evapot_l1,0.002182202646508813,0.0021822024136781693
hepatite,xgboost,origin_202112,1,evapot_l3,0.0017523574642837048,0.001752357231453061
hepatite,xgboost,origin_202112,1,evapot_l12,0.002069782465696335,0.002069782232865691
hepatite,xgboost,origin_202112,1,precip_l0,0.001820088131353259,0.0018200878985226154
hepatite,xgboost,origin_202112,1,precip_l1,0.0020844938699156046,0.002084493637084961
hepatite,xgboost,origin_202112,1,precip_l3,0.0030714368913322687,0.0030714364256709814
hepatite,xgboost,origin_202112,1,precip_l12,0.0018568724626675248,0.0018568722298368812
hepatite,xgboost,origin_202112,1,temp_min_l0,0.002053525997325778,0.0020535257644951344
hepatite,xgboost,origin_202112,1,temp_min_l1,0.0019748013000935316,0.001974801067262888
hepatite,xgboost,origin_202112,1,temp_min_l3,0.0023135540541261435,0.0023135538212955
hepatite,xgboost,origin_202112,1,temp_min_l12,0.0021724484395235777,0.002172448206692934
hepatite,xgboost,origin_202112,1,temp_max_l0,0.0021549283992499113,0.0021549281664192677
hepatite,xgboost,origin_202112,1,temp_max_l1,0.002004534937441349,0.0020045347046107054
hepatite,xgboost,origin_202112,1,temp_max_l3,0.0022799514699727297,0.002279951237142086
hepatite,xgboost,origin_202112,1,temp_max_l12,0.0018986252835020423,0.0018986250506713986
hepatite,xgboost,origin_202112,1,umid_l0,0.0020635523833334446,0.002063552150502801
hepatite,xgboost,origin_202112,1,umid_l1,0.002095436444506049,0.0020954362116754055
hepatite,xgboost,origin_202112,1,umid_l3,0.0027565492782741785,0.002756549045443535
hepatite,xgboost,origin_202112,1,umid_l12,0.002140468917787075,0.0021404686849564314
hepatite,xgboost,origin_202112,1,populacao,0.001752917654812336,0.0017529174219816923
hepatite,xgboost,origin_202112,1,dens_demog,0.002367098582908511,0.0023670983500778675
hepatite,xgboost,origin_202112,1,ppc,0.0025826035998761654,0.0025826033670455217
hepatite,xgboost,origin_202112,1,urbanizacao,0.001609126222319901,0.0016091259894892573
hepatite,xgboost,origin_202112,1,tgt_month,0.0033280919305980206,0.0033280914649367332
hepatite,xgboost,origin_202112,1,mun_id,0.0044496976770460606,0.004449697211384773
hepatite,lgbm,origin_202112,3,n_hepatite_l0,86.0,0.014333333333333333
hepatite,lgbm,origin_202112,3,n_hepatite_l1,63.0,0.0105
hepatite,lgbm,origin_202112,3,n_hepatite_l2,24.0,0.004
hepatite,lgbm,origin_202112,3,n_hepatite_l3,46.0,0.007666666666666666
hepatite,lgbm,origin_202112,3,n_hepatite_l6,47.0,0.007833333333333333
hepatite,lgbm,origin_202112,3,n_hepatite_l12,66.0,0.011
hepatite,lgbm,origin_202112,3,n_hepatite_l13,56.0,0.009333333333333334
hepatite,lgbm,origin_202112,3,n_hepatite_r3,153.0,0.0255
hepatite,lgbm,origin_202112,3,n_hepatite_r6,182.0,0.030333333333333334
hepatite,lgbm,origin_202112,3,n_hepatite_r12,298.0,0.049666666666666665
hepatite,lgbm,origin_202112,3,evapot_l0,143.0,0.023833333333333335
hepatite,lgbm,origin_202112,3,evapot_l1,168.0,0.028
hepatite,lgbm,origin_202112,3,evapot_l3,155.0,0.025833333333333333
hepatite,lgbm,origin_202112,3,evapot_l12,122.0,0.02033333333333333
hepatite,lgbm,origin_202112,3,precip_l0,264.0,0.044
hepatite,lgbm,origin_202112,3,precip_l1,241.0,0.04016666666666667
hepatite,lgbm,origin_202112,3,precip_l3,203.0,0.03383333333333333
hepatite,lgbm,origin_202112,3,precip_l12,192.0,0.032
hepatite,lgbm,origin_202112,3,temp_min_l0,155.0,0.025833333333333333
hepatite,lgbm,origin_202112,3,temp_min_l1,151.0,0.025166666666666667
hepatite,lgbm,origin_202112,3,temp_min_l3,195.0,0.0325
hepatite,lgbm,origin_202112,3,temp_min_l12,234.0,0.039
hepatite,lgbm,origin_202112,3,temp_max_l0,144.0,0.024
hepatite,lgbm,origin_202112,3,temp_max_l1,192.0,0.032
hepatite,lgbm,origin_202112,3,temp_max_l3,180.0,0.03
hepatite,lgbm,origin_202112,3,temp_max_l12,153.0,0.0255
hepatite,lgbm,origin_202112,3,umid_l0,216.0,0.036
hepatite,lgbm,origin_202112,3,umid_l1,146.0,0.024333333333333332
hepatite,lgbm,origin_202112,3,umid_l3,209.0,0.034833333333333334
hepatite,lgbm,origin_202112,3,umid_l12,225.0,0.0375
hepatite,lgbm,origin_202112,3,populacao,177.0,0.0295
hepatite,lgbm,origin_202112,3,dens_demog,127.0,0.021166666666666667
hepatite,lgbm,origin_202112,3,ppc,379.0,0.06316666666666666
hepatite,lgbm,origin_202112,3,urbanizacao,206.0,0.034333333333333334
hepatite,lgbm,origin_202112,3,tgt_month,89.0,0.014833333333333334
hepatite,lgbm,origin_202112,3,mun_id,313.0,0.05216666666666667
hepatite,catboost,origin_202112,3,n_hepatite_l0,2.1995812480577674,0.02199581248057768
hepatite,catboost,origin_202112,3,n_hepatite_l1,5.308074317900995,0.05308074317900995
hepatite,catboost,origin_202112,3,n_hepatite_l2,1.6552115876773457,0.01655211587677346
hepatite,catboost,origin_202112,3,n_hepatite_l3,3.8543838990671784,0.03854383899067179
hepatite,catboost,origin_202112,3,n_hepatite_l6,0.672556211061566,0.006725562110615662
hepatite,catboost,origin_202112,3,n_hepatite_l12,1.009453049742485,0.01009453049742485
hepatite,catboost,origin_202112,3,n_hepatite_l13,0.7629635848820788,0.00762963584882079
hepatite,catboost,origin_202112,3,n_hepatite_r3,7.343158491893445,0.07343158491893446
hepatite,catboost,origin_202112,3,n_hepatite_r6,10.942842425363676,0.10942842425363677
hepatite,catboost,origin_202112,3,n_hepatite_r12,34.42285779730891,0.34422857797308914
hepatite,catboost,origin_202112,3,evapot_l0,0.8710107114032396,0.008710107114032398
hepatite,catboost,origin_202112,3,evapot_l1,0.8684590135455614,0.008684590135455616
hepatite,catboost,origin_202112,3,evapot_l3,0.7676848862508505,0.0076768488625085065
hepatite,catboost,origin_202112,3,evapot_l12,0.7382932113765586,0.007382932113765586
hepatite,catboost,origin_202112,3,precip_l0,0.744753235391105,0.007447532353911051
hepatite,catboost,origin_202112,3,precip_l1,1.303630669337955,0.013036306693379551
hepatite,catboost,origin_202112,3,precip_l3,0.5324921262657345,0.005324921262657345
hepatite,catboost,origin_202112,3,precip_l12,0.9146814166311545,0.009146814166311548
hepatite,catboost,origin_202112,3,temp_min_l0,0.8750930990895129,0.00875093099089513
hepatite,catboost,origin_202112,3,temp_min_l1,0.7514999363775073,0.007514999363775075
hepatite,catboost,origin_202112,3,temp_min_l3,1.2865692174877652,0.012865692174877654
hepatite,catboost,origin_202112,3,temp_min_l12,1.198368396237356,0.011983683962373561
hepatite,catboost,origin_202112,3,temp_max_l0,0.9080328370605296,0.009080328370605297
hepatite,catboost,origin_202112,3,temp_max_l1,0.878731619923745,0.008787316199237451
hepatite,catboost,origin_202112,3,temp_max_l3,1.0958260517212846,0.010958260517212846
hepatite,catboost,origin_202112,3,temp_max_l12,0.6912899000375645,0.006912899000375646
hepatite,catboost,origin_202112,3,umid_l0,1.4409799562587355,0.014409799562587358
hepatite,catboost,origin_202112,3,umid_l1,0.5714572519138402,0.005714572519138403
hepatite,catboost,origin_202112,3,umid_l3,1.027134926572136,0.01027134926572136
hepatite,catboost,origin_202112,3,umid_l12,1.432790328650237,0.014327903286502372
hepatite,catboost,origin_202112,3,populacao,2.728269482262194,0.027282694822621942
hepatite,catboost,origin_202112,3,dens_demog,0.9944179935492609,0.00994417993549261
hepatite,catboost,origin_202112,3,ppc,5.895523966197727,0.05895523966197728
hepatite,catboost,origin_202112,3,urbanizacao,1.4769745966318368,0.01476974596631837
hepatite,catboost,origin_202112,3,tgt_month,0.3218765340053915,0.0032187653400539157
hepatite,catboost,origin_202112,3,mun_id,1.5130760228657636,0.015130760228657638
hepatite,xgboost,origin_202112,3,n_hepatite_l0,0.2454715073108673,0.2454715222120285
hepatite,xgboost,origin_202112,3,n_hepatite_l1,0.08127335458993912,0.08127336204051971
hepatite,xgboost,origin_202112,3,n_hepatite_l2,0.0016376989660784602,0.001637699082493782
hepatite,xgboost,origin_202112,3,n_hepatite_l3,0.0025774980895221233,0.002577498322352767
hepatite,xgboost,origin_202112,3,n_hepatite_l6,0.002613231772556901,0.0026132320053875446
hepatite,xgboost,origin_202112,3,n_hepatite_l12,0.0030311832670122385,0.003031183499842882
hepatite,xgboost,origin_202112,3,n_hepatite_l13,0.0026102045085281134,0.002610204741358757
hepatite,xgboost,origin_202112,3,n_hepatite_r3,0.11493173241615295,0.11493173986673355
hepatite,xgboost,origin_202112,3,n_hepatite_r6,0.370015412569046,0.3700154423713684
hepatite,xgboost,origin_202112,3,n_hepatite_r12,0.10226045548915863,0.10226046293973923
hepatite,xgboost,origin_202112,3,evapot_l0,0.0019984282553195953,0.001998428488150239
hepatite,xgboost,origin_202112,3,evapot_l1,0.0024967428762465715,0.002496743109077215
hepatite,xgboost,origin_202112,3,evapot_l3,0.0019893532153218985,0.001989353448152542
hepatite,xgboost,origin_202112,3,evapot_l12,0.002384775783866644,0.0023847760166972876
hepatite,xgboost,origin_202112,3,precip_l0,0.002511765109375119,0.002511765342205763
hepatite,xgboost,origin_202112,3,precip_l1,0.0025258727837353945,0.002525873016566038
hepatite,xgboost,origin_202112,3,precip_l3,0.0022147151175886393,0.002214715350419283
hepatite,xgboost,origin_202112,3,precip_l12,0.003059396054595709,0.0030593962874263525
hepatite,xgboost,origin_202112,3,temp_min_l0,0.002500220900401473,0.0025002211332321167
hepatite,xgboost,origin_202112,3,temp_min_l1,0.0023608729243278503,0.002360873157158494
hepatite,xgboost,origin_202112,3,temp_min_l3,0.002610839670524001,0.0026108399033546448
hepatite,xgboost,origin_202112,3,temp_min_l12,0.003029690822586417,0.003029691055417061
hepatite,xgboost,origin_202112,3,temp_max_l0,0.002707917708903551,0.0027079179417341948
hepatite,xgboost,origin_202112,3,temp_max_l1,0.002482747659087181,0.0024827478919178247
hepatite,xgboost,origin_202112,3,temp_max_l3,0.0023643062449991703,0.002364306477829814
hepatite,xgboost,origin_202112,3,temp_max_l12,0.0025572264567017555,0.002557226689532399
hepatite,xgboost,origin_202112,3,umid_l0,0.0027762458194047213,0.002776246052235365
hepatite,xgboost,origin_202112,3,umid_l1,0.0027032168582081795,0.002703217091038823
hepatite,xgboost,origin_202112,3,umid_l3,0.00293039926327765,0.0029303994961082935
hepatite,xgboost,origin_202112,3,umid_l12,0.002447542268782854,0.0024475425016134977
hepatite,xgboost,origin_202112,3,populacao,0.0023631551302969456,0.0023631553631275892
hepatite,xgboost,origin_202112,3,dens_demog,0.0033839046955108643,0.003383904928341508
hepatite,xgboost,origin_202112,3,ppc,0.004149012267589569,0.004149012733250856
hepatite,xgboost,origin_202112,3,urbanizacao,0.00306140398606658,0.0030614042188972235
hepatite,xgboost,origin_202112,3,tgt_month,0.003834038507193327,0.0038340387400239706
hepatite,xgboost,origin_202112,3,mun_id,0.006133929826319218,0.006133930291980505
hepatite,lgbm,origin_202112,6,n_hepatite_l0,95.0,0.015833333333333335
hepatite,lgbm,origin_202112,6,n_hepatite_l1,47.0,0.007833333333333333
hepatite,lgbm,origin_202112,6,n_hepatite_l2,73.0,0.012166666666666666
hepatite,lgbm,origin_202112,6,n_hepatite_l3,40.0,0.006666666666666667
hepatite,lgbm,origin_202112,6,n_hepatite_l6,40.0,0.006666666666666667
hepatite,lgbm,origin_202112,6,n_hepatite_l12,63.0,0.0105
hepatite,lgbm,origin_202112,6,n_hepatite_l13,97.0,0.016166666666666666
hepatite,lgbm,origin_202112,6,n_hepatite_r3,154.0,0.025666666666666667
hepatite,lgbm,origin_202112,6,n_hepatite_r6,157.0,0.026166666666666668
hepatite,lgbm,origin_202112,6,n_hepatite_r12,286.0,0.04766666666666667
hepatite,lgbm,origin_202112,6,evapot_l0,120.0,0.02
hepatite,lgbm,origin_202112,6,evapot_l1,127.0,0.021166666666666667
hepatite,lgbm,origin_202112,6,evapot_l3,126.0,0.021
hepatite,lgbm,origin_202112,6,evapot_l12,147.0,0.0245
hepatite,lgbm,origin_202112,6,precip_l0,223.0,0.03716666666666667
hepatite,lgbm,origin_202112,6,precip_l1,168.0,0.028
hepatite,lgbm,origin_202112,6,precip_l3,179.0,0.029833333333333333
hepatite,lgbm,origin_202112,6,precip_l12,182.0,0.030333333333333334
hepatite,lgbm,origin_202112,6,temp_min_l0,176.0,0.029333333333333333
hepatite,lgbm,origin_202112,6,temp_min_l1,141.0,0.0235
hepatite,lgbm,origin_202112,6,temp_min_l3,158.0,0.026333333333333334
hepatite,lgbm,origin_202112,6,temp_min_l12,131.0,0.021833333333333333
hepatite,lgbm,origin_202112,6,temp_max_l0,147.0,0.0245
hepatite,lgbm,origin_202112,6,temp_max_l1,153.0,0.0255
hepatite,lgbm,origin_202112,6,temp_max_l3,143.0,0.023833333333333335
hepatite,lgbm,origin_202112,6,temp_max_l12,170.0,0.028333333333333332
hepatite,lgbm,origin_202112,6,umid_l0,221.0,0.036833333333333336
hepatite,lgbm,origin_202112,6,umid_l1,214.0,0.035666666666666666
hepatite,lgbm,origin_202112,6,umid_l3,213.0,0.0355
hepatite,lgbm,origin_202112,6,umid_l12,213.0,0.0355
hepatite,lgbm,origin_202112,6,populacao,209.0,0.034833333333333334
hepatite,lgbm,origin_202112,6,dens_demog,223.0,0.03716666666666667
hepatite,lgbm,origin_202112,6,ppc,486.0,0.081
hepatite,lgbm,origin_202112,6,urbanizacao,211.0,0.035166666666666666
hepatite,lgbm,origin_202112,6,tgt_month,88.0,0.014666666666666666
hepatite,lgbm,origin_202112,6,mun_id,379.0,0.06316666666666666
hepatite,catboost,origin_202112,6,n_hepatite_l0,4.155716384216513,0.04155716384216511
hepatite,catboost,origin_202112,6,n_hepatite_l1,0.5328494440549738,0.005328494440549736
hepatite,catboost,origin_202112,6,n_hepatite_l2,0.6435184670399735,0.006435184670399732
hepatite,catboost,origin_202112,6,n_hepatite_l3,2.5395505117521013,0.025395505117521002
hepatite,catboost,origin_202112,6,n_hepatite_l6,1.2631906076072945,0.01263190607607294
hepatite,catboost,origin_202112,6,n_hepatite_l12,0.5182495954221171,0.005182495954221169
hepatite,catboost,origin_202112,6,n_hepatite_l13,0.5763776803722399,0.005763776803722397
hepatite,catboost,origin_202112,6,n_hepatite_r3,7.315244245259152,0.07315244245259149
hepatite,catboost,origin_202112,6,n_hepatite_r6,5.974673763958737,0.05974673763958735
hepatite,catboost,origin_202112,6,n_hepatite_r12,35.40471361563279,0.3540471361563277
hepatite,catboost,origin_202112,6,evapot_l0,0.5934234898104808,0.005934234898104805
hepatite,catboost,origin_202112,6,evapot_l1,0.4402535334184489,0.004402535334184487
hepatite,catboost,origin_202112,6,evapot_l3,0.9524688848361799,0.009524688848361794
hepatite,catboost,origin_202112,6,evapot_l12,0.7838287198204318,0.007838287198204315
hepatite,catboost,origin_202112,6,precip_l0,1.3299305947535258,0.013299305947535252
hepatite,catboost,origin_202112,6,precip_l1,0.8673978548739831,0.008673978548739828
hepatite,catboost,origin_202112,6,precip_l3,1.2645203746511142,0.012645203746511137
hepatite,catboost,origin_202112,6,precip_l12,1.0413039729563016,0.010413039729563011
hepatite,catboost,origin_202112,6,temp_min_l0,1.2575405084516644,0.01257540508451664
hepatite,catboost,origin_202112,6,temp_min_l1,0.6341190801992461,0.006341190801992459
hepatite,catboost,origin_202112,6,temp_min_l3,1.0848060017587182,0.010848060017587178
hepatite,catboost,origin_202112,6,temp_min_l12,1.4057370352267784,0.014057370352267779
hepatite,catboost,origin_202112,6,temp_max_l0,0.5401431674670264,0.0054014316746702614
hepatite,catboost,origin_202112,6,temp_max_l1,1.0510160490591935,0.010510160490591931
hepatite,catboost,origin_202112,6,temp_max_l3,1.3299116021188806,0.0132991160211888
hepatite,catboost,origin_202112,6,temp_max_l12,0.5895146669657393,0.005895146669657391
hepatite,catboost,origin_202112,6,umid_l0,1.3727517642157367,0.013727517642157362
hepatite,catboost,origin_202112,6,umid_l1,1.9171702101581132,0.019171702101581124
hepatite,catboost,origin_202112,6,umid_l3,1.3309239002384652,0.013309239002384647
hepatite,catboost,origin_202112,6,umid_l12,0.9873643778321927,0.009873643778321922
hepatite,catboost,origin_202112,6,populacao,3.741106044426971,0.03741106044426969
hepatite,catboost,origin_202112,6,dens_demog,1.7495581957703208,0.0174955819577032
hepatite,catboost,origin_202112,6,ppc,8.992485273542975,0.08992485273542972
hepatite,catboost,origin_202112,6,urbanizacao,3.6710245718556043,0.03671024571855603
hepatite,catboost,origin_202112,6,tgt_month,0.580650544863189,0.005806505448631888
hepatite,catboost,origin_202112,6,mun_id,1.5669652654128423,0.015669652654128417
hepatite,xgboost,origin_202112,6,n_hepatite_l0,0.27612894773483276,0.27612894773483276
hepatite,xgboost,origin_202112,6,n_hepatite_l1,0.1313846856355667,0.1313846856355667
hepatite,xgboost,origin_202112,6,n_hepatite_l2,0.004260100889950991,0.004260100889950991
hepatite,xgboost,origin_202112,6,n_hepatite_l3,0.002231817226856947,0.002231817226856947
hepatite,xgboost,origin_202112,6,n_hepatite_l6,0.0019044993678107858,0.0019044993678107858
hepatite,xgboost,origin_202112,6,n_hepatite_l12,0.00236253859475255,0.00236253859475255
hepatite,xgboost,origin_202112,6,n_hepatite_l13,0.00808215793222189,0.00808215793222189
hepatite,xgboost,origin_202112,6,n_hepatite_r3,0.11740188300609589,0.11740188300609589
hepatite,xgboost,origin_202112,6,n_hepatite_r6,0.3059634864330292,0.3059634864330292
hepatite,xgboost,origin_202112,6,n_hepatite_r12,0.07971006631851196,0.07971006631851196
hepatite,xgboost,origin_202112,6,evapot_l0,0.0017746755620464683,0.0017746755620464683
hepatite,xgboost,origin_202112,6,evapot_l1,0.00213156221434474,0.00213156221434474
hepatite,xgboost,origin_202112,6,evapot_l3,0.0020511294715106487,0.0020511294715106487
hepatite,xgboost,origin_202112,6,evapot_l12,0.0023040121886879206,0.0023040121886879206
hepatite,xgboost,origin_202112,6,precip_l0,0.0022550327703356743,0.0022550327703356743
hepatite,xgboost,origin_202112,6,precip_l1,0.002416349947452545,0.002416349947452545
hepatite,xgboost,origin_202112,6,precip_l3,0.00208394811488688,0.00208394811488688
hepatite,xgboost,origin_202112,6,precip_l12,0.0019080786732956767,0.0019080786732956767
hepatite,xgboost,origin_202112,6,temp_min_l0,0.002177268033847213,0.002177268033847213
hepatite,xgboost,origin_202112,6,temp_min_l1,0.002396578202024102,0.002396578202024102
hepatite,xgboost,origin_202112,6,temp_min_l3,0.0023141850251704454,0.0023141850251704454
hepatite,xgboost,origin_202112,6,temp_min_l12,0.0023674131371080875,0.0023674131371080875
hepatite,xgboost,origin_202112,6,temp_max_l0,0.0020175413228571415,0.0020175413228571415
hepatite,xgboost,origin_202112,6,temp_max_l1,0.0020472051110118628,0.0020472051110118628
hepatite,xgboost,origin_202112,6,temp_max_l3,0.0018873184453696012,0.0018873184453696012
hepatite,xgboost,origin_202112,6,temp_max_l12,0.0028008990921080112,0.0028008990921080112
hepatite,xgboost,origin_202112,6,umid_l0,0.0024354446213692427,0.0024354446213692427
hepatite,xgboost,origin_202112,6,umid_l1,0.0025191488675773144,0.0025191488675773144
hepatite,xgboost,origin_202112,6,umid_l3,0.0023234225809574127,0.0023234225809574127
hepatite,xgboost,origin_202112,6,umid_l12,0.0026264397893100977,0.0026264397893100977
hepatite,xgboost,origin_202112,6,populacao,0.00243582297116518,0.00243582297116518
hepatite,xgboost,origin_202112,6,dens_demog,0.0030977455899119377,0.0030977455899119377
hepatite,xgboost,origin_202112,6,ppc,0.0051696584559977055,0.0051696584559977055
hepatite,xgboost,origin_202112,6,urbanizacao,0.003798473859205842,0.003798473859205842
hepatite,xgboost,origin_202112,6,tgt_month,0.003361324081197381,0.003361324081197381
hepatite,xgboost,origin_202112,6,mun_id,0.007869098335504532,0.007869098335504532
hepatite,lgbm,origin_202112,12,n_hepatite_l0,83.0,0.013833333333333333
hepatite,lgbm,origin_202112,12,n_hepatite_l1,33.0,0.0055
hepatite,lgbm,origin_202112,12,n_hepatite_l2,27.0,0.0045
hepatite,lgbm,origin_202112,12,n_hepatite_l3,55.0,0.009166666666666667
hepatite,lgbm,origin_202112,12,n_hepatite_l6,33.0,0.0055
hepatite,lgbm,origin_202112,12,n_hepatite_l12,70.0,0.011666666666666667
hepatite,lgbm,origin_202112,12,n_hepatite_l13,67.0,0.011166666666666667
hepatite,lgbm,origin_202112,12,n_hepatite_r3,106.0,0.017666666666666667
hepatite,lgbm,origin_202112,12,n_hepatite_r6,142.0,0.023666666666666666
hepatite,lgbm,origin_202112,12,n_hepatite_r12,327.0,0.0545
hepatite,lgbm,origin_202112,12,evapot_l0,157.0,0.026166666666666668
hepatite,lgbm,origin_202112,12,evapot_l1,83.0,0.013833333333333333
hepatite,lgbm,origin_202112,12,evapot_l3,135.0,0.0225
hepatite,lgbm,origin_202112,12,evapot_l12,112.0,0.018666666666666668
hepatite,lgbm,origin_202112,12,precip_l0,228.0,0.038
hepatite,lgbm,origin_202112,12,precip_l1,195.0,0.0325
hepatite,lgbm,origin_202112,12,precip_l3,170.0,0.028333333333333332
hepatite,lgbm,origin_202112,12,precip_l12,163.0,0.027166666666666665
hepatite,lgbm,origin_202112,12,temp_min_l0,135.0,0.0225
hepatite,lgbm,origin_202112,12,temp_min_l1,201.0,0.0335
hepatite,lgbm,origin_202112,12,temp_min_l3,167.0,0.027833333333333335
hepatite,lgbm,origin_202112,12,temp_min_l12,146.0,0.024333333333333332
hepatite,lgbm,origin_202112,12,temp_max_l0,169.0,0.028166666666666666
hepatite,lgbm,origin_202112,12,temp_max_l1,177.0,0.0295
hepatite,lgbm,origin_202112,12,temp_max_l3,167.0,0.027833333333333335
hepatite,lgbm,origin_202112,12,temp_max_l12,135.0,0.0225
hepatite,lgbm,origin_202112,12,umid_l0,166.0,0.027666666666666666
hepatite,lgbm,origin_202112,12,umid_l1,167.0,0.027833333333333335
hepatite,lgbm,origin_202112,12,umid_l3,187.0,0.031166666666666665
hepatite,lgbm,origin_202112,12,umid_l12,188.0,0.03133333333333333
hepatite,lgbm,origin_202112,12,populacao,254.0,0.042333333333333334
hepatite,lgbm,origin_202112,12,dens_demog,234.0,0.039
hepatite,lgbm,origin_202112,12,ppc,617.0,0.10283333333333333
hepatite,lgbm,origin_202112,12,urbanizacao,231.0,0.0385
hepatite,lgbm,origin_202112,12,tgt_month,82.0,0.013666666666666667
hepatite,lgbm,origin_202112,12,mun_id,391.0,0.06516666666666666
hepatite,catboost,origin_202112,12,n_hepatite_l0,0.9743135253833626,0.009743135253833623
hepatite,catboost,origin_202112,12,n_hepatite_l1,1.1214832149156069,0.011214832149156065
hepatite,catboost,origin_202112,12,n_hepatite_l2,0.36184527800041244,0.0036184527800041232
hepatite,catboost,origin_202112,12,n_hepatite_l3,2.7845987678111976,0.02784598767811197
hepatite,catboost,origin_202112,12,n_hepatite_l6,0.5846097217045487,0.0058460972170454855
hepatite,catboost,origin_202112,12,n_hepatite_l12,0.9224881665245244,0.009224881665245242
hepatite,catboost,origin_202112,12,n_hepatite_l13,1.8673131311990805,0.0186731313119908
hepatite,catboost,origin_202112,12,n_hepatite_r3,10.175565653067608,0.10175565653067604
hepatite,catboost,origin_202112,12,n_hepatite_r6,12.625507291476529,0.12625507291476526
hepatite,catboost,origin_202112,12,n_hepatite_r12,24.44548401551129,0.24445484015511285
hepatite,catboost,origin_202112,12,evapot_l0,0.4747820224602234,0.0047478202246022325
hepatite,catboost,origin_202112,12,evapot_l1,0.4220236091364551,0.00422023609136455
hepatite,catboost,origin_202112,12,evapot_l3,0.37729996575855396,0.0037729996575855385
hepatite,catboost,origin_202112,12,evapot_l12,1.0362240215216811,0.010362240215216808
hepatite,catboost,origin_202112,12,precip_l0,1.094939298368515,0.010949392983685146
hepatite,catboost,origin_202112,12,precip_l1,0.953038132667648,0.009530381326676477
hepatite,catboost,origin_202112,12,precip_l3,1.1063866474365989,0.011063866474365986
hepatite,catboost,origin_202112,12,precip_l12,0.698683309732823,0.006986833097328228
hepatite,catboost,origin_202112,12,temp_min_l0,0.5065420014465186,0.005065420014465184
hepatite,catboost,origin_202112,12,temp_min_l1,0.8405884156143806,0.008405884156143803
hepatite,catboost,origin_202112,12,temp_min_l3,0.46363806396892276,0.004636380639689226
hepatite,catboost,origin_202112,12,temp_min_l12,0.564736761562649,0.005647367615626488
hepatite,catboost,origin_202112,12,temp_max_l0,0.9950297939672694,0.00995029793967269
hepatite,catboost,origin_202112,12,temp_max_l1,1.3002129838908234,0.01300212983890823
hepatite,catboost,origin_202112,12,temp_max_l3,0.5947047009289105,0.005947047009289103
hepatite,catboost,origin_202112,12,temp_max_l12,0.6716053668272124,0.006716053668272122
hepatite,catboost,origin_202112,12,umid_l0,0.9492650234558664,0.00949265023455866
hepatite,catboost,origin_202112,12,umid_l1,0.8336929807996539,0.008336929807996538
hepatite,catboost,origin_202112,12,umid_l3,0.5442540909441791,0.005442540909441789
hepatite,catboost,origin_202112,12,umid_l12,0.9756833397581759,0.009756833397581757
hepatite,catboost,origin_202112,12,populacao,5.103588563401586,0.05103588563401584
hepatite,catboost,origin_202112,12,dens_demog,2.313027210763776,0.023130272107637757
hepatite,catboost,origin_202112,12,ppc,13.607269879891124,0.1360726987989112
hepatite,catboost,origin_202112,12,urbanizacao,5.9208435202191625,0.05920843520219161
hepatite,catboost,origin_202112,12,tgt_month,0.2729690095589008,0.002729690095589007
hepatite,catboost,origin_202112,12,mun_id,1.5157625203242295,0.01515762520324229
hepatite,xgboost,origin_202112,12,n_hepatite_l0,0.29853329062461853,0.29853329062461853
hepatite,xgboost,origin_202112,12,n_hepatite_l1,0.060500066727399826,0.060500066727399826
hepatite,xgboost,origin_202112,12,n_hepatite_l2,0.0011968538165092468,0.0011968538165092468
hepatite,xgboost,origin_202112,12,n_hepatite_l3,0.0019595413468778133,0.0019595413468778133
hepatite,xgboost,origin_202112,12,n_hepatite_l6,0.0020147848408669233,0.0020147848408669233
hepatite,xgboost,origin_202112,12,n_hepatite_l12,0.0021863935980945826,0.0021863935980945826
hepatite,xgboost,origin_202112,12,n_hepatite_l13,0.0025699674151837826,0.0025699674151837826
hepatite,xgboost,origin_202112,12,n_hepatite_r3,0.31761816143989563,0.31761816143989563
hepatite,xgboost,origin_202112,12,n_hepatite_r6,0.14605870842933655,0.14605870842933655
hepatite,xgboost,origin_202112,12,n_hepatite_r12,0.08795967698097229,0.08795967698097229
hepatite,xgboost,origin_202112,12,evapot_l0,0.0019506976241245866,0.0019506976241245866
hepatite,xgboost,origin_202112,12,evapot_l1,0.002170901745557785,0.002170901745557785
hepatite,xgboost,origin_202112,12,evapot_l3,0.0021223449148237705,0.0021223449148237705
hepatite,xgboost,origin_202112,12,evapot_l12,0.002579545136541128,0.002579545136541128
hepatite,xgboost,origin_202112,12,precip_l0,0.002024513203650713,0.002024513203650713
hepatite,xgboost,origin_202112,12,precip_l1,0.0021371589973568916,0.0021371589973568916
hepatite,xgboost,origin_202112,12,precip_l3,0.0022007781080901623,0.0022007781080901623
hepatite,xgboost,origin_202112,12,precip_l12,0.0022918940521776676,0.0022918940521776676
hepatite,xgboost,origin_202112,12,temp_min_l0,0.002459039445966482,0.002459039445966482
hepatite,xgboost,origin_202112,12,temp_min_l1,0.0022533114533871412,0.0022533114533871412
hepatite,xgboost,origin_202112,12,temp_min_l3,0.002058308105915785,0.002058308105915785
hepatite,xgboost,origin_202112,12,temp_min_l12,0.002144745085388422,0.002144745085388422
hepatite,xgboost,origin_202112,12,temp_max_l0,0.0019694638904184103,0.0019694638904184103
hepatite,xgboost,origin_202112,12,temp_max_l1,0.0024586685467511415,0.0024586685467511415
hepatite,xgboost,origin_202112,12,temp_max_l3,0.002699498552829027,0.002699498552829027
hepatite,xgboost,origin_202112,12,temp_max_l12,0.0023533066269010305,0.0023533066269010305
hepatite,xgboost,origin_202112,12,umid_l0,0.0023151675704866648,0.0023151675704866648
hepatite,xgboost,origin_202112,12,umid_l1,0.0022337371483445168,0.0022337371483445168
hepatite,xgboost,origin_202112,12,umid_l3,0.0022291752975434065,0.0022291752975434065
hepatite,xgboost,origin_202112,12,umid_l12,0.002188055543228984,0.002188055543228984
hepatite,xgboost,origin_202112,12,populacao,0.003499584039673209,0.003499584039673209
hepatite,xgboost,origin_202112,12,dens_demog,0.0037036531139165163,0.0037036531139165163
hepatite,xgboost,origin_202112,12,ppc,0.007815424352884293,0.007815424352884293
hepatite,xgboost,origin_202112,12,urbanizacao,0.004783394280821085,0.004783394280821085
hepatite,xgboost,origin_202112,12,tgt_month,0.002924548927694559,0.002924548927694559
hepatite,xgboost,origin_202112,12,mun_id,0.011835627257823944,0.011835627257823944
hepatite,lgbm,origin_202212,1,n_hepatite_l0,97.0,0.016166666666666666
hepatite,lgbm,origin_202212,1,n_hepatite_l1,62.0,0.010333333333333333
hepatite,lgbm,origin_202212,1,n_hepatite_l2,42.0,0.007
hepatite,lgbm,origin_202212,1,n_hepatite_l3,68.0,0.011333333333333334
hepatite,lgbm,origin_202212,1,n_hepatite_l6,69.0,0.0115
hepatite,lgbm,origin_202212,1,n_hepatite_l12,57.0,0.0095
hepatite,lgbm,origin_202212,1,n_hepatite_l13,54.0,0.009
hepatite,lgbm,origin_202212,1,n_hepatite_r3,129.0,0.0215
hepatite,lgbm,origin_202212,1,n_hepatite_r6,209.0,0.034833333333333334
hepatite,lgbm,origin_202212,1,n_hepatite_r12,278.0,0.04633333333333333
hepatite,lgbm,origin_202212,1,evapot_l0,117.0,0.0195
hepatite,lgbm,origin_202212,1,evapot_l1,187.0,0.031166666666666665
hepatite,lgbm,origin_202212,1,evapot_l3,143.0,0.023833333333333335
hepatite,lgbm,origin_202212,1,evapot_l12,178.0,0.029666666666666668
hepatite,lgbm,origin_202212,1,precip_l0,208.0,0.034666666666666665
hepatite,lgbm,origin_202212,1,precip_l1,249.0,0.0415
hepatite,lgbm,origin_202212,1,precip_l3,245.0,0.04083333333333333
hepatite,lgbm,origin_202212,1,precip_l12,269.0,0.044833333333333336
hepatite,lgbm,origin_202212,1,temp_min_l0,176.0,0.029333333333333333
hepatite,lgbm,origin_202212,1,temp_min_l1,188.0,0.03133333333333333
hepatite,lgbm,origin_202212,1,temp_min_l3,199.0,0.033166666666666664
hepatite,lgbm,origin_202212,1,temp_min_l12,143.0,0.023833333333333335
hepatite,lgbm,origin_202212,1,temp_max_l0,221.0,0.036833333333333336
hepatite,lgbm,origin_202212,1,temp_max_l1,191.0,0.03183333333333333
hepatite,lgbm,origin_202212,1,temp_max_l3,166.0,0.027666666666666666
hepatite,lgbm,origin_202212,1,temp_max_l12,153.0,0.0255
hepatite,lgbm,origin_202212,1,umid_l0,184.0,0.030666666666666665
hepatite,lgbm,origin_202212,1,umid_l1,180.0,0.03
hepatite,lgbm,origin_202212,1,umid_l3,155.0,0.025833333333333333
hepatite,lgbm,origin_202212,1,umid_l12,210.0,0.035
hepatite,lgbm,origin_202212,1,populacao,138.0,0.023
hepatite,lgbm,origin_202212,1,dens_demog,97.0,0.016166666666666666
hepatite,lgbm,origin_202212,1,ppc,264.0,0.044
hepatite,lgbm,origin_202212,1,urbanizacao,162.0,0.027
hepatite,lgbm,origin_202212,1,tgt_month,143.0,0.023833333333333335
hepatite,lgbm,origin_202212,1,mun_id,369.0,0.0615
hepatite,catboost,origin_202212,1,n_hepatite_l0,6.8569757354824485,0.0685697573548245
hepatite,catboost,origin_202212,1,n_hepatite_l1,3.6757368393784433,0.03675736839378444
hepatite,catboost,origin_202212,1,n_hepatite_l2,1.4901464826770907,0.014901464826770912
hepatite,catboost,origin_202212,1,n_hepatite_l3,0.8657490654517247,0.00865749065451725
hepatite,catboost,origin_202212,1,n_hepatite_l6,2.3753353729205755,0.023753353729205763
hepatite,catboost,origin_202212,1,n_hepatite_l12,0.6324270112927942,0.006324270112927944
hepatite,catboost,origin_202212,1,n_hepatite_l13,1.7810273372194652,0.017810273372194655
hepatite,catboost,origin_202212,1,n_hepatite_r3,11.564052740819628,0.11564052740819632
hepatite,catboost,origin_202212,1,n_hepatite_r6,10.473513630567842,0.10473513630567845
hepatite,catboost,origin_202212,1,n_hepatite_r12,36.15877754968203,0.36158777549682036
hepatite,catboost,origin_202212,1,evapot_l0,0.5298494582780756,0.005298494582780758
hepatite,catboost,origin_202212,1,evapot_l1,0.4099052126619789,0.00409905212661979
hepatite,catboost,origin_202212,1,evapot_l3,0.8708407720904985,0.008708407720904988
hepatite,catboost,origin_202212,1,evapot_l12,0.8321868061011447,0.008321868061011449
hepatite,catboost,origin_202212,1,precip_l0,0.7404993679032098,0.0074049936790321
hepatite,catboost,origin_202212,1,precip_l1,1.1828972998165412,0.011828972998165415
hepatite,catboost,origin_202212,1,precip_l3,1.0636394075161308,0.010636394075161312
hepatite,catboost,origin_202212,1,precip_l12,0.8680756312346554,0.008680756312346556
hepatite,catboost,origin_202212,1,temp_min_l0,0.6727765617468847,0.006727765617468849
hepatite,catboost,origin_202212,1,temp_min_l1,1.1620347741190213,0.011620347741190216
hepatite,catboost,origin_202212,1,temp_min_l3,0.7299067569058705,0.007299067569058707
hepatite,catboost,origin_202212,1,temp_min_l12,0.7507507459744477,0.007507507459744479
hepatite,catboost,origin_202212,1,temp_max_l0,1.0640653765447547,0.01064065376544755
hepatite,catboost,origin_202212,1,temp_max_l1,0.6205017956531312,0.006205017956531314
hepatite,catboost,origin_202212,1,temp_max_l3,0.7863637882623242,0.007863637882623245
hepatite,catboost,origin_202212,1,temp_max_l12,0.7461460917930852,0.007461460917930854
hepatite,catboost,origin_202212,1,umid_l0,0.9220855741373246,0.00922085574137325
hepatite,catboost,origin_202212,1,umid_l1,1.0555217646747141,0.010555217646747144
hepatite,catboost,origin_202212,1,umid_l3,0.7054690418074758,0.00705469041807476
hepatite,catboost,origin_202212,1,umid_l12,1.368044865355772,0.013680448653557723
hepatite,catboost,origin_202212,1,populacao,1.0126940901742087,0.01012694090174209
hepatite,catboost,origin_202212,1,dens_demog,1.0515165851097403,0.010515165851097406
hepatite,catboost,origin_202212,1,ppc,1.7724019535648803,0.017724019535648807
hepatite,catboost,origin_202212,1,urbanizacao,1.502841832147483,0.015028418321474835
hepatite,catboost,origin_202212,1,tgt_month,0.4538841058264205,0.004538841058264207
hepatite,catboost,origin_202212,1,mun_id,1.2513585751081486,0.01251358575108149
hepatite,xgboost,origin_202212,1,n_hepatite_l0,0.17994028329849243,0.17994029819965363
hepatite,xgboost,origin_202212,1,n_hepatite_l1,0.11444973200559616,0.11444973945617676
hepatite,xgboost,origin_202212,1,n_hepatite_l2,0.03470896929502487,0.03470897302031517
hepatite,xgboost,origin_202212,1,n_hepatite_l3,0.0024069531355053186,0.0024069533683359623
hepatite,xgboost,origin_202212,1,n_hepatite_l6,0.0032981974072754383,0.003298197640106082
hepatite,xgboost,origin_202212,1,n_hepatite_l12,0.002625188557431102,0.0026251887902617455
hepatite,xgboost,origin_202212,1,n_hepatite_l13,0.0018512177048251033,0.0018512178212404251
hepatite,xgboost,origin_202212,1,n_hepatite_r3,0.23059497773647308,0.23059499263763428
hepatite,xgboost,origin_202212,1,n_hepatite_r6,0.3019850552082062,0.30198508501052856
hepatite,xgboost,origin_202212,1,n_hepatite_r12,0.06870384514331818,0.06870385259389877
hepatite,xgboost,origin_202212,1,evapot_l0,0.002100469311699271,0.002100469544529915
hepatite,xgboost,origin_202212,1,evapot_l1,0.002210909267887473,0.0022109095007181168
hepatite,xgboost,origin_202212,1,evapot_l3,0.0018528720829635859,0.0018528721993789077
hepatite,xgboost,origin_202212,1,evapot_l12,0.0020821173675358295,0.002082117600366473
hepatite,xgboost,origin_202212,1,precip_l0,0.0019023667555302382,0.00190236687194556
hepatite,xgboost,origin_202212,1,precip_l1,0.002210823353379965,0.0022108235862106085
hepatite,xgboost,origin_202212,1,precip_l3,0.0026896907947957516,0.0026896910276263952
hepatite,xgboost,origin_202212,1,precip_l12,0.002213773550465703,0.0022137737832963467
hepatite,xgboost,origin_202212,1,temp_min_l0,0.0018465003231540322,0.001846500439569354
hepatite,xgboost,origin_202212,1,temp_min_l1,0.0020890135783702135,0.002089013811200857
hepatite,xgboost,origin_202212,1,temp_min_l3,0.0019390771631151438,0.0019390772795304656
hepatite,xgboost,origin_202212,1,temp_min_l12,0.0020795895252376795,0.002079589758068323
hepatite,xgboost,origin_202212,1,temp_max_l0,0.002066902117803693,0.0020669023506343365
hepatite,xgboost,origin_202212,1,temp_max_l1,0.0022720193956047297,0.0022720196284353733
hepatite,xgboost,origin_202212,1,temp_max_l3,0.0019940021447837353,0.001994002377614379
hepatite,xgboost,origin_202212,1,temp_max_l12,0.002081670332700014,0.0020816705655306578
hepatite,xgboost,origin_202212,1,umid_l0,0.002211167011409998,0.0022111672442406416
hepatite,xgboost,origin_202212,1,umid_l1,0.001908403355628252,0.0019084034720435739
hepatite,xgboost,origin_202212,1,umid_l3,0.0026316638104617596,0.0026316640432924032
hepatite,xgboost,origin_202212,1,umid_l12,0.002341645769774914,0.0023416460026055574
hepatite,xgboost,origin_202212,1,populacao,0.0015789801254868507,0.0015789802419021726
hepatite,xgboost,origin_202212,1,dens_demog,0.0021082013845443726,0.002108201617375016
hepatite,xgboost,origin_202212,1,ppc,0.0027615567669272423,0.002761556999757886
hepatite,xgboost,origin_202212,1,urbanizacao,0.001833603368140757,0.001833603484556079
hepatite,xgboost,origin_202212,1,tgt_month,0.0032010816503316164,0.00320108188316226
hepatite,xgboost,origin_202212,1,mun_id,0.005227408837527037,0.005227409303188324
hepatite,lgbm,origin_202212,3,n_hepatite_l0,74.0,0.012333333333333333
hepatite,lgbm,origin_202212,3,n_hepatite_l1,53.0,0.008833333333333334
hepatite,lgbm,origin_202212,3,n_hepatite_l2,52.0,0.008666666666666666
hepatite,lgbm,origin_202212,3,n_hepatite_l3,54.0,0.009
hepatite,lgbm,origin_202212,3,n_hepatite_l6,42.0,0.007
hepatite,lgbm,origin_202212,3,n_hepatite_l12,55.0,0.009166666666666667
hepatite,lgbm,origin_202212,3,n_hepatite_l13,58.0,0.009666666666666667
hepatite,lgbm,origin_202212,3,n_hepatite_r3,148.0,0.024666666666666667
hepatite,lgbm,origin_202212,3,n_hepatite_r6,193.0,0.03216666666666667
hepatite,lgbm,origin_202212,3,n_hepatite_r12,289.0,0.04816666666666667
hepatite,lgbm,origin_202212,3,evapot_l0,161.0,0.026833333333333334
hepatite,lgbm,origin_202212,3,evapot_l1,169.0,0.028166666666666666
hepatite,lgbm,origin_202212,3,evapot_l3,154.0,0.025666666666666667
hepatite,lgbm,origin_202212,3,evapot_l12,129.0,0.0215
hepatite,lgbm,origin_202212,3,precip_l0,262.0,0.043666666666666666
hepatite,lgbm,origin_202212,3,precip_l1,234.0,0.039
hepatite,lgbm,origin_202212,3,precip_l3,192.0,0.032
hepatite,lgbm,origin_202212,3,precip_l12,224.0,0.037333333333333336
hepatite,lgbm,origin_202212,3,temp_min_l0,177.0,0.0295
hepatite,lgbm,origin_202212,3,temp_min_l1,153.0,0.0255
hepatite,lgbm,origin_202212,3,temp_min_l3,202.0,0.033666666666666664
hepatite,lgbm,origin_202212,3,temp_min_l12,173.0,0.028833333333333332
hepatite,lgbm,origin_202212,3,temp_max_l0,137.0,0.022833333333333334
hepatite,lgbm,origin_202212,3,temp_max_l1,140.0,0.023333333333333334
hepatite,lgbm,origin_202212,3,temp_max_l3,162.0,0.027
hepatite,lgbm,origin_202212,3,temp_max_l12,144.0,0.024
hepatite,lgbm,origin_202212,3,umid_l0,223.0,0.03716666666666667
hepatite,lgbm,origin_202212,3,umid_l1,158.0,0.026333333333333334
hepatite,lgbm,origin_202212,3,umid_l3,223.0,0.03716666666666667
hepatite,lgbm,origin_202212,3,umid_l12,227.0,0.03783333333333333
hepatite,lgbm,origin_202212,3,populacao,165.0,0.0275
hepatite,lgbm,origin_202212,3,dens_demog,140.0,0.023333333333333334
hepatite,lgbm,origin_202212,3,ppc,379.0,0.06316666666666666
hepatite,lgbm,origin_202212,3,urbanizacao,186.0,0.031
hepatite,lgbm,origin_202212,3,tgt_month,125.0,0.020833333333333332
hepatite,lgbm,origin_202212,3,mun_id,343.0,0.057166666666666664
hepatite,catboost,origin_202212,3,n_hepatite_l0,2.2449858867089074,0.022449858867089084
hepatite,catboost,origin_202212,3,n_hepatite_l1,2.8332052585498086,0.028332052585498098
hepatite,catboost,origin_202212,3,n_hepatite_l2,3.473273094717099,0.034732730947171005
hepatite,catboost,origin_202212,3,n_hepatite_l3,4.3858618194480465,0.04385861819448048
hepatite,catboost,origin_202212,3,n_hepatite_l6,0.5836975132733636,0.005836975132733639
hepatite,catboost,origin_202212,3,n_hepatite_l12,0.4469103516294773,0.004469103516294775
hepatite,catboost,origin_202212,3,n_hepatite_l13,0.6180906516972734,0.006180906516972736
hepatite,catboost,origin_202212,3,n_hepatite_r3,4.901826395537567,0.04901826395537569
hepatite,catboost,origin_202212,3,n_hepatite_r6,8.036398760863202,0.08036398760863206
hepatite,catboost,origin_202212,3,n_hepatite_r12,38.16654047699067,0.38166540476990685
hepatite,catboost,origin_202212,3,evapot_l0,0.47394064975883415,0.004739406497588344
hepatite,catboost,origin_202212,3,evapot_l1,0.7835146669517374,0.007835146669517378
hepatite,catboost,origin_202212,3,evapot_l3,0.7427274302528157,0.007427274302528161
hepatite,catboost,origin_202212,3,evapot_l12,0.4817378336030349,0.004817378336030351
hepatite,catboost,origin_202212,3,precip_l0,1.0925958714999766,0.01092595871499977
hepatite,catboost,origin_202212,3,precip_l1,0.9091411293989726,0.00909141129398973
hepatite,catboost,origin_202212,3,precip_l3,0.8076634322931149,0.008076634322931152
hepatite,catboost,origin_202212,3,precip_l12,1.248108567028108,0.012481085670281085
hepatite,catboost,origin_202212,3,temp_min_l0,1.1041321503054968,0.011041321503054972
hepatite,catboost,origin_202212,3,temp_min_l1,0.540845898466126,0.005408458984661262
hepatite,catboost,origin_202212,3,temp_min_l3,1.373166190683411,0.013731661906834116
hepatite,catboost,origin_202212,3,temp_min_l12,1.391669524770525,0.013916695247705257
hepatite,catboost,origin_202212,3,temp_max_l0,1.1470412291747956,0.01147041229174796
hepatite,catboost,origin_202212,3,temp_max_l1,0.727925622599163,0.007279256225991634
hepatite,catboost,origin_202212,3,temp_max_l3,0.8258700279190618,0.008258700279190621
hepatite,catboost,origin_202212,3,temp_max_l12,1.1753197325547102,0.011753197325547107
hepatite,catboost,origin_202212,3,umid_l0,1.5932140405285435,0.01593214040528544
hepatite,catboost,origin_202212,3,umid_l1,0.6580820901794966,0.006580820901794969
hepatite,catboost,origin_202212,3,umid_l3,1.1407618646505477,0.011407618646505482
hepatite,catboost,origin_202212,3,umid_l12,1.9916512833759827,0.019916512833759836
hepatite,catboost,origin_202212,3,populacao,4.08612587300458,0.04086125873004581
hepatite,catboost,origin_202212,3,dens_demog,1.439852792873823,0.014398527928738235
hepatite,catboost,origin_202212,3,ppc,5.074319710766139,0.05074319710766141
hepatite,catboost,origin_202212,3,urbanizacao,1.7887135485936554,0.01788713548593656
hepatite,catboost,origin_202212,3,tgt_month,0.5131997017346961,0.005131997017346963
hepatite,catboost,origin_202212,3,mun_id,1.1978889276172289,0.011978889276172295
hepatite,xgboost,origin_202212,3,n_hepatite_l0,0.24425609409809113,0.24425606429576874
hepatite,xgboost,origin_202212,3,n_hepatite_l1,0.05278420075774193,0.05278419330716133
hepatite,xgboost,origin_202212,3,n_hepatite_l2,0.0037864421028643847,0.0037864416372030973
hepatite,xgboost,origin_202212,3,n_hepatite_l3,0.0022349937353283167,0.002234993502497673
hepatite,xgboost,origin_202212,3,n_hepatite_l6,0.0024486975744366646,0.002448697341606021
hepatite,xgboost,origin_202212,3,n_hepatite_l12,0.0027666031382977962,0.0027666029054671526
hepatite,xgboost,origin_202212,3,n_hepatite_l13,0.0019534185994416475,0.001953418366611004
hepatite,xgboost,origin_202212,3,n_hepatite_r3,0.20263807475566864,0.20263804495334625
hepatite,xgboost,origin_202212,3,n_hepatite_r6,0.3043520152568817,0.3043519854545593
hepatite,xgboost,origin_202212,3,n_hepatite_r12,0.11086831986904144,0.11086830496788025
hepatite,xgboost,origin_202212,3,evapot_l0,0.0019566502887755632,0.0019566500559449196
hepatite,xgboost,origin_202212,3,evapot_l1,0.002087437780573964,0.0020874375477433205
hepatite,xgboost,origin_202212,3,evapot_l3,0.002168836072087288,0.0021688358392566442
hepatite,xgboost,origin_202212,3,evapot_l12,0.0023136059753596783,0.0023136057425290346
hepatite,xgboost,origin_202212,3,precip_l0,0.002361750928685069,0.0023617506958544254
hepatite,xgboost,origin_202212,3,precip_l1,0.0025428198277950287,0.002542819594964385
hepatite,xgboost,origin_202212,3,precip_l3,0.0024953209795057774,0.0024953207466751337
hepatite,xgboost,origin_202212,3,precip_l12,0.0028251847252249718,0.002825184492394328
hepatite,xgboost,origin_202212,3,temp_min_l0,0.002351302420720458,0.0023513021878898144
hepatite,xgboost,origin_202212,3,temp_min_l1,0.002534629078581929,0.0025346288457512856
hepatite,xgboost,origin_202212,3,temp_min_l3,0.0024253593292087317,0.002425359096378088
hepatite,xgboost,origin_202212,3,temp_min_l12,0.002348816953599453,0.0023488167207688093
hepatite,xgboost,origin_202212,3,temp_max_l0,0.0027290869038552046,0.002729086671024561
hepatite,xgboost,origin_202212,3,temp_max_l1,0.0026773575227707624,0.002677357289940119
hepatite,xgboost,origin_202212,3,temp_max_l3,0.0025075122248381376,0.002507511992007494
hepatite,xgboost,origin_202212,3,temp_max_l12,0.002626916393637657,0.0026269161608070135
hepatite,xgboost,origin_202212,3,umid_l0,0.0028790791984647512,0.0028790789656341076
hepatite,xgboost,origin_202212,3,umid_l1,0.002033158903941512,0.0020331586711108685
hepatite,xgboost,origin_202212,3,umid_l3,0.00288104685023427,0.0028810466174036264
hepatite,xgboost,origin_202212,3,umid_l12,0.0027227115351706743,0.0027227113023400307
hepatite,xgboost,origin_202212,3,populacao,0.0024245053064078093,0.0024245050735771656
hepatite,xgboost,origin_202212,3,dens_demog,0.0030090545769780874,0.0030090541113168
hepatite,xgboost,origin_202212,3,ppc,0.0038216738030314445,0.0038216733373701572
hepatite,xgboost,origin_202212,3,urbanizacao,0.002991841873154044,0.002991841407492757
hepatite,xgboost,origin_202212,3,tgt_month,0.003614018438383937,0.0036140179727226496
hepatite,xgboost,origin_202212,3,mun_id,0.006581445224583149,0.006581444293260574
hepatite,lgbm,origin_202212,6,n_hepatite_l0,59.0,0.009833333333333333
hepatite,lgbm,origin_202212,6,n_hepatite_l1,30.0,0.005
hepatite,lgbm,origin_202212,6,n_hepatite_l2,60.0,0.01
hepatite,lgbm,origin_202212,6,n_hepatite_l3,42.0,0.007
hepatite,lgbm,origin_202212,6,n_hepatite_l6,46.0,0.007666666666666666
hepatite,lgbm,origin_202212,6,n_hepatite_l12,42.0,0.007
hepatite,lgbm,origin_202212,6,n_hepatite_l13,69.0,0.0115
hepatite,lgbm,origin_202212,6,n_hepatite_r3,163.0,0.027166666666666665
hepatite,lgbm,origin_202212,6,n_hepatite_r6,162.0,0.027
hepatite,lgbm,origin_202212,6,n_hepatite_r12,283.0,0.04716666666666667
hepatite,lgbm,origin_202212,6,evapot_l0,123.0,0.0205
hepatite,lgbm,origin_202212,6,evapot_l1,127.0,0.021166666666666667
hepatite,lgbm,origin_202212,6,evapot_l3,137.0,0.022833333333333334
hepatite,lgbm,origin_202212,6,evapot_l12,141.0,0.0235
hepatite,lgbm,origin_202212,6,precip_l0,234.0,0.039
hepatite,lgbm,origin_202212,6,precip_l1,129.0,0.0215
hepatite,lgbm,origin_202212,6,precip_l3,220.0,0.03666666666666667
hepatite,lgbm,origin_202212,6,precip_l12,184.0,0.030666666666666665
hepatite,lgbm,origin_202212,6,temp_min_l0,180.0,0.03
hepatite,lgbm,origin_202212,6,temp_min_l1,144.0,0.024
hepatite,lgbm,origin_202212,6,temp_min_l3,167.0,0.027833333333333335
hepatite,lgbm,origin_202212,6,temp_min_l12,156.0,0.026
hepatite,lgbm,origin_202212,6,temp_max_l0,135.0,0.0225
hepatite,lgbm,origin_202212,6,temp_max_l1,170.0,0.028333333333333332
hepatite,lgbm,origin_202212,6,temp_max_l3,188.0,0.03133333333333333
hepatite,lgbm,origin_202212,6,temp_max_l12,148.0,0.024666666666666667
hepatite,lgbm,origin_202212,6,umid_l0,202.0,0.033666666666666664
hepatite,lgbm,origin_202212,6,umid_l1,234.0,0.039
hepatite,lgbm,origin_202212,6,umid_l3,182.0,0.030333333333333334
hepatite,lgbm,origin_202212,6,umid_l12,246.0,0.041
hepatite,lgbm,origin_202212,6,populacao,222.0,0.037
hepatite,lgbm,origin_202212,6,dens_demog,192.0,0.032
hepatite,lgbm,origin_202212,6,ppc,480.0,0.08
hepatite,lgbm,origin_202212,6,urbanizacao,227.0,0.03783333333333333
hepatite,lgbm,origin_202212,6,tgt_month,86.0,0.014333333333333333
hepatite,lgbm,origin_202212,6,mun_id,390.0,0.065
hepatite,catboost,origin_202212,6,n_hepatite_l0,1.6802828020118323,0.016802828020118316
hepatite,catboost,origin_202212,6,n_hepatite_l1,2.2208824108375556,0.022208824108375547
hepatite,catboost,origin_202212,6,n_hepatite_l2,0.8123559396727427,0.008123559396727422
hepatite,catboost,origin_202212,6,n_hepatite_l3,3.6990172157794508,0.036990172157794494
hepatite,catboost,origin_202212,6,n_hepatite_l6,2.213019982586098,0.02213019982586097
hepatite,catboost,origin_202212,6,n_hepatite_l12,0.6901327566253382,0.00690132756625338
hepatite,catboost,origin_202212,6,n_hepatite_l13,1.161535911914925,0.011615359119149245
hepatite,catboost,origin_202212,6,n_hepatite_r3,7.742451456414121,0.07742451456414118
hepatite,catboost,origin_202212,6,n_hepatite_r6,17.796854099457242,0.17796854099457235
hepatite,catboost,origin_202212,6,n_hepatite_r12,29.163042900231467,0.29163042900231456
hepatite,catboost,origin_202212,6,evapot_l0,0.6245100161383457,0.006245100161383454
hepatite,catboost,origin_202212,6,evapot_l1,0.5311213884903826,0.005311213884903823
hepatite,catboost,origin_202212,6,evapot_l3,0.6430304698517203,0.0064303046985172
hepatite,catboost,origin_202212,6,evapot_l12,0.9289915914800514,0.00928991591480051
hepatite,catboost,origin_202212,6,precip_l0,0.8587300195108928,0.008587300195108925
hepatite,catboost,origin_202212,6,precip_l1,0.6182923351662949,0.006182923351662946
hepatite,catboost,origin_202212,6,precip_l3,1.1185274163814773,0.01118527416381477
hepatite,catboost,origin_202212,6,precip_l12,0.8178802440523519,0.008178802440523516
hepatite,catboost,origin_202212,6,temp_min_l0,1.0359347586425887,0.010359347586425881
hepatite,catboost,origin_202212,6,temp_min_l1,0.8164771085355518,0.008164771085355514
hepatite,catboost,origin_202212,6,temp_min_l3,1.0718523446444244,0.01071852344644424
hepatite,catboost,origin_202212,6,temp_min_l12,0.9190721163972863,0.009190721163972859
hepatite,catboost,origin_202212,6,temp_max_l0,0.5231343151442343,0.005231343151442341
hepatite,catboost,origin_202212,6,temp_max_l1,0.8514475110881516,0.008514475110881513
hepatite,catboost,origin_202212,6,temp_max_l3,0.5293341682188446,0.005293341682188444
hepatite,catboost,origin_202212,6,temp_max_l12,0.38244180698033453,0.0038244180698033437
hepatite,catboost,origin_202212,6,umid_l0,0.8012160717172662,0.008012160717172659
hepatite,catboost,origin_202212,6,umid_l1,1.3668810752882348,0.013668810752882342
hepatite,catboost,origin_202212,6,umid_l3,0.7040377455650625,0.007040377455650622
hepatite,catboost,origin_202212,6,umid_l12,1.0613434376095763,0.010613434376095758
hepatite,catboost,origin_202212,6,populacao,2.012167238713734,0.02012167238713733
hepatite,catboost,origin_202212,6,dens_demog,1.4922623104551187,0.014922623104551181
hepatite,catboost,origin_202212,6,ppc,8.885529225871407,0.08885529225871402
hepatite,catboost,origin_202212,6,urbanizacao,2.70004677838729,0.02700046778387289
hepatite,catboost,origin_202212,6,tgt_month,0.24140730693674126,0.0024140730693674116
hepatite,catboost,origin_202212,6,mun_id,1.2847557232019249,0.012847557232019243
hepatite,xgboost,origin_202212,6,n_hepatite_l0,0.21061500906944275,0.21061500906944275
hepatite,xgboost,origin_202212,6,n_hepatite_l1,0.093378946185112,0.093378946185112
hepatite,xgboost,origin_202212,6,n_hepatite_l2,0.005601891782134771,0.005601891782134771
hepatite,xgboost,origin_202212,6,n_hepatite_l3,0.04026056453585625,0.04026056453585625
hepatite,xgboost,origin_202212,6,n_hepatite_l6,0.007651863619685173,0.007651863619685173
hepatite,xgboost,origin_202212,6,n_hepatite_l12,0.0025540278293192387,0.0025540278293192387
hepatite,xgboost,origin_202212,6,n_hepatite_l13,0.003144234651699662,0.003144234651699662
hepatite,xgboost,origin_202212,6,n_hepatite_r3,0.13233935832977295,0.13233935832977295
hepatite,xgboost,origin_202212,6,n_hepatite_r6,0.3401758372783661,0.3401758372783661
hepatite,xgboost,origin_202212,6,n_hepatite_r12,0.08777551352977753,0.08777551352977753
hepatite,xgboost,origin_202212,6,evapot_l0,0.002112629124894738,0.002112629124894738
hepatite,xgboost,origin_202212,6,evapot_l1,0.00272763823159039,0.00272763823159039
hepatite,xgboost,origin_202212,6,evapot_l3,0.0025825845077633858,0.0025825845077633858
hepatite,xgboost,origin_202212,6,evapot_l12,0.0021878427360206842,0.0021878427360206842
hepatite,xgboost,origin_202212,6,precip_l0,0.00233939359895885,0.00233939359895885
hepatite,xgboost,origin_202212,6,precip_l1,0.0024130672682076693,0.0024130672682076693
hepatite,xgboost,origin_202212,6,precip_l3,0.0021734400652348995,0.0021734400652348995
hepatite,xgboost,origin_202212,6,precip_l12,0.0022414536215364933,0.0022414536215364933
hepatite,xgboost,origin_202212,6,temp_min_l0,0.002568000229075551,0.002568000229075551
hepatite,xgboost,origin_202212,6,temp_min_l1,0.0022610905580222607,0.0022610905580222607
hepatite,xgboost,origin_202212,6,temp_min_l3,0.0028929244726896286,0.0028929244726896286
hepatite,xgboost,origin_202212,6,temp_min_l12,0.0023134229704737663,0.0023134229704737663
hepatite,xgboost,origin_202212,6,temp_max_l0,0.0019172527827322483,0.0019172527827322483
hepatite,xgboost,origin_202212,6,temp_max_l1,0.0021360027603805065,0.0021360027603805065
hepatite,xgboost,origin_202212,6,temp_max_l3,0.0021444051526486874,0.0021444051526486874
hepatite,xgboost,origin_202212,6,temp_max_l12,0.0019395577255636454,0.0019395577255636454
hepatite,xgboost,origin_202212,6,umid_l0,0.0024024653248488903,0.0024024653248488903
hepatite,xgboost,origin_202212,6,umid_l1,0.002648539375513792,0.002648539375513792
hepatite,xgboost,origin_202212,6,umid_l3,0.0022419060114771128,0.0022419060114771128
hepatite,xgboost,origin_202212,6,umid_l12,0.0028749776538461447,0.0028749776538461447
hepatite,xgboost,origin_202212,6,populacao,0.002623220207169652,0.002623220207169652
hepatite,xgboost,origin_202212,6,dens_demog,0.003981573507189751,0.003981573507189751
hepatite,xgboost,origin_202212,6,ppc,0.005525520071387291,0.005525520071387291
hepatite,xgboost,origin_202212,6,urbanizacao,0.004639741033315659,0.004639741033315659
hepatite,xgboost,origin_202212,6,tgt_month,0.0033527857158333063,0.0033527857158333063
hepatite,xgboost,origin_202212,6,mun_id,0.00926132034510374,0.00926132034510374
hepatite,lgbm,origin_202212,12,n_hepatite_l0,58.0,0.009666666666666667
hepatite,lgbm,origin_202212,12,n_hepatite_l1,34.0,0.005666666666666667
hepatite,lgbm,origin_202212,12,n_hepatite_l2,24.0,0.004
hepatite,lgbm,origin_202212,12,n_hepatite_l3,63.0,0.0105
hepatite,lgbm,origin_202212,12,n_hepatite_l6,43.0,0.007166666666666667
hepatite,lgbm,origin_202212,12,n_hepatite_l12,57.0,0.0095
hepatite,lgbm,origin_202212,12,n_hepatite_l13,66.0,0.011
hepatite,lgbm,origin_202212,12,n_hepatite_r3,111.0,0.0185
hepatite,lgbm,origin_202212,12,n_hepatite_r6,150.0,0.025
hepatite,lgbm,origin_202212,12,n_hepatite_r12,284.0,0.04733333333333333
hepatite,lgbm,origin_202212,12,evapot_l0,157.0,0.026166666666666668
hepatite,lgbm,origin_202212,12,evapot_l1,85.0,0.014166666666666666
hepatite,lgbm,origin_202212,12,evapot_l3,127.0,0.021166666666666667
hepatite,lgbm,origin_202212,12,evapot_l12,122.0,0.02033333333333333
hepatite,lgbm,origin_202212,12,precip_l0,189.0,0.0315
hepatite,lgbm,origin_202212,12,precip_l1,193.0,0.03216666666666667
hepatite,lgbm,origin_202212,12,precip_l3,186.0,0.031
hepatite,lgbm,origin_202212,12,precip_l12,180.0,0.03
hepatite,lgbm,origin_202212,12,temp_min_l0,134.0,0.022333333333333334
hepatite,lgbm,origin_202212,12,temp_min_l1,154.0,0.025666666666666667
hepatite,lgbm,origin_202212,12,temp_min_l3,205.0,0.034166666666666665
hepatite,lgbm,origin_202212,12,temp_min_l12,141.0,0.0235
hepatite,lgbm,origin_202212,12,temp_max_l0,151.0,0.025166666666666667
hepatite,lgbm,origin_202212,12,temp_max_l1,177.0,0.0295
hepatite,lgbm,origin_202212,12,temp_max_l3,165.0,0.0275
hepatite,lgbm,origin_202212,12,temp_max_l12,178.0,0.029666666666666668
hepatite,lgbm,origin_202212,12,umid_l0,191.0,0.03183333333333333
hepatite,lgbm,origin_202212,12,umid_l1,188.0,0.03133333333333333
hepatite,lgbm,origin_202212,12,umid_l3,189.0,0.0315
hepatite,lgbm,origin_202212,12,umid_l12,202.0,0.033666666666666664
hepatite,lgbm,origin_202212,12,populacao,210.0,0.035
hepatite,lgbm,origin_202212,12,dens_demog,217.0,0.036166666666666666
hepatite,lgbm,origin_202212,12,ppc,619.0,0.10316666666666667
hepatite,lgbm,origin_202212,12,urbanizacao,265.0,0.04416666666666667
hepatite,lgbm,origin_202212,12,tgt_month,97.0,0.016166666666666666
hepatite,lgbm,origin_202212,12,mun_id,388.0,0.06466666666666666
hepatite,catboost,origin_202212,12,n_hepatite_l0,2.1888329192392137,0.02188832919239213
hepatite,catboost,origin_202212,12,n_hepatite_l1,0.3327906784145491,0.00332790678414549
hepatite,catboost,origin_202212,12,n_hepatite_l2,0.8995509545888235,0.008995509545888233
hepatite,catboost,origin_202212,12,n_hepatite_l3,1.4953699225941595,0.014953699225941591
hepatite,catboost,origin_202212,12,n_hepatite_l6,0.7251697878334061,0.00725169787833406
hepatite,catboost,origin_202212,12,n_hepatite_l12,1.6939293695979658,0.016939293695979653
hepatite,catboost,origin_202212,12,n_hepatite_l13,0.5317823104847759,0.005317823104847757
hepatite,catboost,origin_202212,12,n_hepatite_r3,7.145046591826113,0.07145046591826111
hepatite,catboost,origin_202212,12,n_hepatite_r6,12.609828187114289,0.12609828187114286
hepatite,catboost,origin_202212,12,n_hepatite_r12,27.84494512013984,0.2784494512013983
hepatite,catboost,origin_202212,12,evapot_l0,0.8122881291922622,0.00812288129192262
hepatite,catboost,origin_202212,12,evapot_l1,0.28556036885163416,0.0028556036885163407
hepatite,catboost,origin_202212,12,evapot_l3,0.5347175654967837,0.005347175654967836
hepatite,catboost,origin_202212,12,evapot_l12,0.934661942452772,0.009346619424527717
hepatite,catboost,origin_202212,12,precip_l0,0.7386722977941724,0.0073867229779417225
hepatite,catboost,origin_202212,12,precip_l1,0.7236034427571661,0.007236034427571659
hepatite,catboost,origin_202212,12,precip_l3,0.8321789547613775,0.008321789547613773
hepatite,catboost,origin_202212,12,precip_l12,0.6307065137874482,0.006307065137874481
hepatite,catboost,origin_202212,12,temp_min_l0,0.7954836908600638,0.007954836908600636
hepatite,catboost,origin_202212,12,temp_min_l1,1.3335865775961562,0.013335865775961558
hepatite,catboost,origin_202212,12,temp_min_l3,0.4137993274086935,0.004137993274086934
hepatite,catboost,origin_202212,12,temp_min_l12,0.8116683582676333,0.00811668358267633
hepatite,catboost,origin_202212,12,temp_max_l0,0.3310178387650474,0.0033101783876504733
hepatite,catboost,origin_202212,12,temp_max_l1,0.7966195856386831,0.007966195856386828
hepatite,catboost,origin_202212,12,temp_max_l3,0.9703495863377484,0.00970349586337748
hepatite,catboost,origin_202212,12,temp_max_l12,1.393872620725291,0.013938726207252906
hepatite,catboost,origin_202212,12,umid_l0,0.8056361121684738,0.008056361121684735
hepatite,catboost,origin_202212,12,umid_l1,0.9755377812482537,0.009755377812482535
hepatite,catboost,origin_202212,12,umid_l3,0.564505435264482,0.005645054352644819
hepatite,catboost,origin_202212,12,umid_l12,0.7399887482061025,0.007399887482061023
hepatite,catboost,origin_202212,12,populacao,6.435592303419043,0.06435592303419041
hepatite,catboost,origin_202212,12,dens_demog,2.026081061940298,0.020260810619402974
hepatite,catboost,origin_202212,12,ppc,13.160984112321353,0.1316098411232135
hepatite,catboost,origin_202212,12,urbanizacao,5.154273974429495,0.051542739744294935
hepatite,catboost,origin_202212,12,tgt_month,0.3676349772265467,0.0036763497722654657
hepatite,catboost,origin_202212,12,mun_id,1.9637328512498944,0.019637328512498938
hepatite,xgboost,origin_202212,12,n_hepatite_l0,0.290609210729599,0.2906092405319214
hepatite,xgboost,origin_202212,12,n_hepatite_l1,0.06266458332538605,0.06266459077596664
hepatite,xgboost,origin_202212,12,n_hepatite_l2,0.002289916155859828,0.0022899163886904716
hepatite,xgboost,origin_202212,12,n_hepatite_l3,0.001712312805466354,0.0017123129218816757
hepatite,xgboost,origin_202212,12,n_hepatite_l6,0.002251683734357357,0.0022516839671880007
hepatite,xgboost,origin_202212,12,n_hepatite_l12,0.0030220935586839914,0.003022093791514635
hepatite,xgboost,origin_202212,12,n_hepatite_l13,0.0028970486018806696,0.0028970488347113132
hepatite,xgboost,origin_202212,12,n_hepatite_r3,0.29909083247184753,0.2990908622741699
hepatite,xgboost,origin_202212,12,n_hepatite_r6,0.16347044706344604,0.16347046196460724
hepatite,xgboost,origin_202212,12,n_hepatite_r12,0.0935734435915947,0.09357345104217529
hepatite,xgboost,origin_202212,12,evapot_l0,0.0018589738756418228,0.0018589739920571446
hepatite,xgboost,origin_202212,12,evapot_l1,0.002137878444045782,0.0021378786768764257
hepatite,xgboost,origin_202212,12,evapot_l3,0.0018968905787914991,0.001896890695206821
hepatite,xgboost,origin_202212,12,evapot_l12,0.002162903780117631,0.0021629040129482746
hepatite,xgboost,origin_202212,12,precip_l0,0.0018645517993718386,0.0018645519157871604
hepatite,xgboost,origin_202212,12,precip_l1,0.0021856101229786873,0.002185610355809331
hepatite,xgboost,origin_202212,12,precip_l3,0.0023597681429237127,0.0023597683757543564
hepatite,xgboost,origin_202212,12,precip_l12,0.0020095291547477245,0.002009529387578368
hepatite,xgboost,origin_202212,12,temp_min_l0,0.0023364422377198935,0.002336442470550537
hepatite,xgboost,origin_202212,12,temp_min_l1,0.002100302604958415,0.0021003028377890587
hepatite,xgboost,origin_202212,12,temp_min_l3,0.0018950591329485178,0.0018950592493638396
hepatite,xgboost,origin_202212,12,temp_min_l12,0.002347730565816164,0.0023477307986468077
hepatite,xgboost,origin_202212,12,temp_max_l0,0.0017807241529226303,0.0017807242693379521
hepatite,xgboost,origin_202212,12,temp_max_l1,0.002519999397918582,0.0025199996307492256
hepatite,xgboost,origin_202212,12,temp_max_l3,0.0024743773974478245,0.002474377630278468
hepatite,xgboost,origin_202212,12,temp_max_l12,0.0023502109106630087,0.0023502111434936523
hepatite,xgboost,origin_202212,12,umid_l0,0.0026127733290195465,0.00261277356185019
hepatite,xgboost,origin_202212,12,umid_l1,0.002527968492358923,0.0025279687251895666
hepatite,xgboost,origin_202212,12,umid_l3,0.002949459245428443,0.0029494594782590866
hepatite,xgboost,origin_202212,12,umid_l12,0.0020979740656912327,0.0020979742985218763
hepatite,xgboost,origin_202212,12,populacao,0.002817679662257433,0.0028176798950880766
hepatite,xgboost,origin_202212,12,dens_demog,0.00449460418894887,0.004494604654610157
hepatite,xgboost,origin_202212,12,ppc,0.00816305447369814,0.008163055405020714
hepatite,xgboost,origin_202212,12,urbanizacao,0.004181231372058392,0.004181231837719679
hepatite,xgboost,origin_202212,12,tgt_month,0.0028326157480478287,0.0028326159808784723
hepatite,xgboost,origin_202212,12,mun_id,0.011460068635642529,0.011460069566965103
hiv_aids,lgbm,origin_201912,1,n_hiv_aids_l0,279.0,0.0465
hiv_aids,lgbm,origin_201912,1,n_hiv_aids_l1,201.0,0.0335
hiv_aids,lgbm,origin_201912,1,n_hiv_aids_l2,142.0,0.023666666666666666
hiv_aids,lgbm,origin_201912,1,n_hiv_aids_l3,105.0,0.0175
hiv_aids,lgbm,origin_201912,1,n_hiv_aids_l6,197.0,0.03283333333333333
hiv_aids,lgbm,origin_201912,1,n_hiv_aids_l12,178.0,0.029666666666666668
hiv_aids,lgbm,origin_201912,1,n_hiv_aids_l13,164.0,0.027333333333333334
hiv_aids,lgbm,origin_201912,1,n_hiv_aids_r3,311.0,0.051833333333333335
hiv_aids,lgbm,origin_201912,1,n_hiv_aids_r6,205.0,0.034166666666666665
hiv_aids,lgbm,origin_201912,1,n_hiv_aids_r12,268.0,0.04466666666666667
hiv_aids,lgbm,origin_201912,1,evapot_l0,138.0,0.023
hiv_aids,lgbm,origin_201912,1,evapot_l1,103.0,0.017166666666666667
hiv_aids,lgbm,origin_201912,1,evapot_l3,148.0,0.024666666666666667
hiv_aids,lgbm,origin_201912,1,evapot_l12,128.0,0.021333333333333333
hiv_aids,lgbm,origin_201912,1,precip_l0,198.0,0.033
hiv_aids,lgbm,origin_201912,1,precip_l1,165.0,0.0275
hiv_aids,lgbm,origin_201912,1,precip_l3,249.0,0.0415
hiv_aids,lgbm,origin_201912,1,precip_l12,113.0,0.018833333333333334
hiv_aids,lgbm,origin_201912,1,temp_min_l0,133.0,0.022166666666666668
hiv_aids,lgbm,origin_201912,1,temp_min_l1,150.0,0.025
hiv_aids,lgbm,origin_201912,1,temp_min_l3,140.0,0.023333333333333334
hiv_aids,lgbm,origin_201912,1,temp_min_l12,134.0,0.022333333333333334
hiv_aids,lgbm,origin_201912,1,temp_max_l0,163.0,0.027166666666666665
hiv_aids,lgbm,origin_201912,1,temp_max_l1,135.0,0.0225
hiv_aids,lgbm,origin_201912,1,temp_max_l3,165.0,0.0275
hiv_aids,lgbm,origin_201912,1,temp_max_l12,174.0,0.029
hiv_aids,lgbm,origin_201912,1,umid_l0,170.0,0.028333333333333332
hiv_aids,lgbm,origin_201912,1,umid_l1,130.0,0.021666666666666667
hiv_aids,lgbm,origin_201912,1,umid_l3,175.0,0.029166666666666667
hiv_aids,lgbm,origin_201912,1,umid_l12,152.0,0.025333333333333333
hiv_aids,lgbm,origin_201912,1,populacao,135.0,0.0225
hiv_aids,lgbm,origin_201912,1,dens_demog,85.0,0.014166666666666666
hiv_aids,lgbm,origin_201912,1,ppc,149.0,0.024833333333333332
hiv_aids,lgbm,origin_201912,1,urbanizacao,119.0,0.019833333333333335
hiv_aids,lgbm,origin_201912,1,tgt_month,139.0,0.023166666666666665
hiv_aids,lgbm,origin_201912,1,mun_id,260.0,0.043333333333333335
hiv_aids,catboost,origin_201912,1,n_hiv_aids_l0,2.241637527400896,0.02241637527400895
hiv_aids,catboost,origin_201912,1,n_hiv_aids_l1,2.082286944059397,0.02082286944059396
hiv_aids,catboost,origin_201912,1,n_hiv_aids_l2,1.4690297395051306,0.014690297395051297
hiv_aids,catboost,origin_201912,1,n_hiv_aids_l3,9.466763232455055,0.09466763232455049
hiv_aids,catboost,origin_201912,1,n_hiv_aids_l6,4.62064857284384,0.04620648572843837
hiv_aids,catboost,origin_201912,1,n_hiv_aids_l12,3.6109223853393844,0.036109223853393824
hiv_aids,catboost,origin_201912,1,n_hiv_aids_l13,3.178671470827564,0.03178671470827562
hiv_aids,catboost,origin_201912,1,n_hiv_aids_r3,18.0398896787919,0.1803988967879189
hiv_aids,catboost,origin_201912,1,n_hiv_aids_r6,17.197182960005563,0.17197182960005553
hiv_aids,catboost,origin_201912,1,n_hiv_aids_r12,21.520414503809786,0.21520414503809773
hiv_aids,catboost,origin_201912,1,evapot_l0,0.43663920668565676,0.004366392066856565
hiv_aids,catboost,origin_201912,1,evapot_l1,0.3364666170601913,0.003364666170601911
hiv_aids,catboost,origin_201912,1,evapot_l3,0.4218941251802587,0.004218941251802584
hiv_aids,catboost,origin_201912,1,evapot_l12,0.35293917128288166,0.0035293917128288144
hiv_aids,catboost,origin_201912,1,precip_l0,0.43255243588368325,0.00432552435883683
hiv_aids,catboost,origin_201912,1,precip_l1,0.5064143514222397,0.005064143514222394
hiv_aids,catboost,origin_201912,1,precip_l3,0.3981983060010863,0.003981983060010861
hiv_aids,catboost,origin_201912,1,precip_l12,0.3670075238000176,0.003670075238000174
hiv_aids,catboost,origin_201912,1,temp_min_l0,0.19307801136788844,0.0019307801136788834
hiv_aids,catboost,origin_201912,1,temp_min_l1,0.5395004190166026,0.005395004190166023
hiv_aids,catboost,origin_201912,1,temp_min_l3,0.337860366015212,0.0033786036601521183
hiv_aids,catboost,origin_201912,1,temp_min_l12,0.4083487700809281,0.004083487700809279
hiv_aids,catboost,origin_201912,1,temp_max_l0,0.4057496625924628,0.004057496625924626
hiv_aids,catboost,origin_201912,1,temp_max_l1,0.3402418860499977,0.0034024188604999755
hiv_aids,catboost,origin_201912,1,temp_max_l3,0.37910590623823637,0.0037910590623823617
hiv_aids,catboost,origin_201912,1,temp_max_l12,0.20099164492786092,0.0020099164492786083
hiv_aids,catboost,origin_201912,1,umid_l0,0.4069569329358559,0.004069569329358556
hiv_aids,catboost,origin_201912,1,umid_l1,0.29252061358749415,0.00292520613587494
hiv_aids,catboost,origin_201912,1,umid_l3,0.5870608545985084,0.005870608545985081
hiv_aids,catboost,origin_201912,1,umid_l12,0.42144693128261523,0.00421446931282615
hiv_aids,catboost,origin_201912,1,populacao,4.205835123779133,0.04205835123779131
hiv_aids,catboost,origin_201912,1,dens_demog,2.439678630055627,0.024396786300556257
hiv_aids,catboost,origin_201912,1,ppc,0.9381598555801343,0.009381598555801337
hiv_aids,catboost,origin_201912,1,urbanizacao,1.0713214380998237,0.010713214380998232
hiv_aids,catboost,origin_201912,1,tgt_month,0.09037704108594169,0.0009037704108594164
hiv_aids,catboost,origin_201912,1,mun_id,0.06220716035115779,0.0006220716035115775
hiv_aids,xgboost,origin_201912,1,n_hiv_aids_l0,0.040222324430942535,0.040222328156232834
hiv_aids,xgboost,origin_201912,1,n_hiv_aids_l1,0.005800338461995125,0.005800338927656412
hiv_aids,xgboost,origin_201912,1,n_hiv_aids_l2,0.008108642883598804,0.008108643814921379
hiv_aids,xgboost,origin_201912,1,n_hiv_aids_l3,0.0011405602563172579,0.0011405603727325797
hiv_aids,xgboost,origin_201912,1,n_hiv_aids_l6,0.002295468235388398,0.002295468468219042
hiv_aids,xgboost,origin_201912,1,n_hiv_aids_l12,0.002937238896265626,0.0029372393619269133
hiv_aids,xgboost,origin_201912,1,n_hiv_aids_l13,0.0017751265550032258,0.0017751267878338695
hiv_aids,xgboost,origin_201912,1,n_hiv_aids_r3,0.33609819412231445,0.33609822392463684
hiv_aids,xgboost,origin_201912,1,n_hiv_aids_r6,0.4227161407470703,0.4227162003517151
hiv_aids,xgboost,origin_201912,1,n_hiv_aids_r12,0.12288958579301834,0.12288960069417953
hiv_aids,xgboost,origin_201912,1,evapot_l0,0.0009897653944790363,0.0009897655108943582
hiv_aids,xgboost,origin_201912,1,evapot_l1,0.001016702619381249,0.0010167027357965708
hiv_aids,xgboost,origin_201912,1,evapot_l3,0.0008204379701055586,0.0008204380865208805
hiv_aids,xgboost,origin_201912,1,evapot_l12,0.0012983165215700865,0.0012983166379854083
hiv_aids,xgboost,origin_201912,1,precip_l0,0.0015171088743954897,0.0015171091072261333
hiv_aids,xgboost,origin_201912,1,precip_l1,0.0009947458747774363,0.000994745991192758
hiv_aids,xgboost,origin_201912,1,precip_l3,0.0010344855254516006,0.0010344856418669224
hiv_aids,xgboost,origin_201912,1,precip_l12,0.0011428612051531672,0.001142861321568489
hiv_aids,xgboost,origin_201912,1,temp_min_l0,0.0009274331969209015,0.0009274333133362234
hiv_aids,xgboost,origin_201912,1,temp_min_l1,0.001123454188928008,0.00112345430534333
hiv_aids,xgboost,origin_201912,1,temp_min_l3,0.0012827373575419188,0.0012827374739572406
hiv_aids,xgboost,origin_201912,1,temp_min_l12,0.0009283177205361426,0.0009283178369514644
hiv_aids,xgboost,origin_201912,1,temp_max_l0,0.001283627119846642,0.0012836272362619638
hiv_aids,xgboost,origin_201912,1,temp_max_l1,0.0011657817522063851,0.001165781868621707
hiv_aids,xgboost,origin_201912,1,temp_max_l3,0.0009289335575886071,0.0009289336740039289
hiv_aids,xgboost,origin_201912,1,temp_max_l12,0.0013810317032039165,0.0013810318196192384
hiv_aids,xgboost,origin_201912,1,umid_l0,0.0011856238124892116,0.0011856239289045334
hiv_aids,xgboost,origin_201912,1,umid_l1,0.0009812930366024375,0.0009812931530177593
hiv_aids,xgboost,origin_201912,1,umid_l3,0.0012717120116576552,0.001271712128072977
hiv_aids,xgboost,origin_201912,1,umid_l12,0.0011496881488710642,0.001149688265286386
hiv_aids,xgboost,origin_201912,1,populacao,0.007804372347891331,0.007804373279213905
hiv_aids,xgboost,origin_201912,1,dens_demog,0.0033559799194335938,0.003355980385094881
hiv_aids,xgboost,origin_201912,1,ppc,0.0016338432906195521,0.0016338435234501958
hiv_aids,xgboost,origin_201912,1,urbanizacao,0.004454949405044317,0.0044549498707056046
hiv_aids,xgboost,origin_201912,1,tgt_month,0.0017893384210765362,0.0017893386539071798
hiv_aids,xgboost,origin_201912,1,mun_id,0.014553619548678398,0.014553621411323547
hiv_aids,lgbm,origin_201912,3,n_hiv_aids_l0,199.0,0.033166666666666664
hiv_aids,lgbm,origin_201912,3,n_hiv_aids_l1,91.0,0.015166666666666667
hiv_aids,lgbm,origin_201912,3,n_hiv_aids_l2,128.0,0.021333333333333333
hiv_aids,lgbm,origin_201912,3,n_hiv_aids_l3,76.0,0.012666666666666666
hiv_aids,lgbm,origin_201912,3,n_hiv_aids_l6,165.0,0.0275
hiv_aids,lgbm,origin_201912,3,n_hiv_aids_l12,151.0,0.025166666666666667
hiv_aids,lgbm,origin_201912,3,n_hiv_aids_l13,103.0,0.017166666666666667
hiv_aids,lgbm,origin_201912,3,n_hiv_aids_r3,218.0,0.036333333333333336
hiv_aids,lgbm,origin_201912,3,n_hiv_aids_r6,182.0,0.030333333333333334
hiv_aids,lgbm,origin_201912,3,n_hiv_aids_r12,312.0,0.052
hiv_aids,lgbm,origin_201912,3,evapot_l0,110.0,0.018333333333333333
hiv_aids,lgbm,origin_201912,3,evapot_l1,123.0,0.0205
hiv_aids,lgbm,origin_201912,3,evapot_l3,164.0,0.027333333333333334
hiv_aids,lgbm,origin_201912,3,evapot_l12,139.0,0.023166666666666665
hiv_aids,lgbm,origin_201912,3,precip_l0,161.0,0.026833333333333334
hiv_aids,lgbm,origin_201912,3,precip_l1,224.0,0.037333333333333336
hiv_aids,lgbm,origin_201912,3,precip_l3,192.0,0.032
hiv_aids,lgbm,origin_201912,3,precip_l12,187.0,0.031166666666666665
hiv_aids,lgbm,origin_201912,3,temp_min_l0,146.0,0.024333333333333332
hiv_aids,lgbm,origin_201912,3,temp_min_l1,128.0,0.021333333333333333
hiv_aids,lgbm,origin_201912,3,temp_min_l3,166.0,0.027666666666666666
hiv_aids,lgbm,origin_201912,3,temp_min_l12,167.0,0.027833333333333335
hiv_aids,lgbm,origin_201912,3,temp_max_l0,124.0,0.020666666666666667
hiv_aids,lgbm,origin_201912,3,temp_max_l1,160.0,0.02666666666666667
hiv_aids,lgbm,origin_201912,3,temp_max_l3,109.0,0.018166666666666668
hiv_aids,lgbm,origin_201912,3,temp_max_l12,145.0,0.024166666666666666
hiv_aids,lgbm,origin_201912,3,umid_l0,145.0,0.024166666666666666
hiv_aids,lgbm,origin_201912,3,umid_l1,192.0,0.032
hiv_aids,lgbm,origin_201912,3,umid_l3,200.0,0.03333333333333333
hiv_aids,lgbm,origin_201912,3,umid_l12,175.0,0.029166666666666667
hiv_aids,lgbm,origin_201912,3,populacao,160.0,0.02666666666666667
hiv_aids,lgbm,origin_201912,3,dens_demog,166.0,0.027666666666666666
hiv_aids,lgbm,origin_201912,3,ppc,277.0,0.04616666666666667
hiv_aids,lgbm,origin_201912,3,urbanizacao,190.0,0.03166666666666667
hiv_aids,lgbm,origin_201912,3,tgt_month,116.0,0.019333333333333334
hiv_aids,lgbm,origin_201912,3,mun_id,309.0,0.0515
hiv_aids,catboost,origin_201912,3,n_hiv_aids_l0,2.3064414139042486,0.023064414139042488
hiv_aids,catboost,origin_201912,3,n_hiv_aids_l1,1.1895140578018302,0.011895140578018302
hiv_aids,catboost,origin_201912,3,n_hiv_aids_l2,2.874836726515452,0.02874836726515452
hiv_aids,catboost,origin_201912,3,n_hiv_aids_l3,4.997578785171825,0.04997578785171825
hiv_aids,catboost,origin_201912,3,n_hiv_aids_l6,3.83870348093915,0.0383870348093915
hiv_aids,catboost,origin_201912,3,n_hiv_aids_l12,4.096307989361142,0.04096307989361142
hiv_aids,catboost,origin_201912,3,n_hiv_aids_l13,0.9974643790662755,0.009974643790662756
hiv_aids,catboost,origin_201912,3,n_hiv_aids_r3,13.183726692310037,0.13183726692310038
hiv_aids,catboost,origin_201912,3,n_hiv_aids_r6,16.989563975452505,0.16989563975452504
hiv_aids,catboost,origin_201912,3,n_hiv_aids_r12,29.050987758947375,0.2905098775894738
hiv_aids,catboost,origin_201912,3,evapot_l0,0.25695868881643347,0.0025695868881643346
hiv_aids,catboost,origin_201912,3,evapot_l1,0.33034065321406825,0.0033034065321406823
hiv_aids,catboost,origin_201912,3,evapot_l3,0.5169012951774551,0.005169012951774551
hiv_aids,catboost,origin_201912,3,evapot_l12,0.3498082356866775,0.0034980823568667753
hiv_aids,catboost,origin_201912,3,precip_l0,0.31094931119289904,0.0031094931119289904
hiv_aids,catboost,origin_201912,3,precip_l1,0.33773335491827133,0.0033773335491827134
hiv_aids,catboost,origin_201912,3,precip_l3,0.39175261516303805,0.00391752615163038
hiv_aids,catboost,origin_201912,3,precip_l12,0.5006425222458887,0.0050064252224588865
hiv_aids,catboost,origin_201912,3,temp_min_l0,0.3458470219291688,0.0034584702192916876
hiv_aids,catboost,origin_201912,3,temp_min_l1,0.4935818437802328,0.004935818437802328
hiv_aids,catboost,origin_201912,3,temp_min_l3,0.3918976590344211,0.003918976590344211
hiv_aids,catboost,origin_201912,3,temp_min_l12,0.5640011847050918,0.005640011847050918
hiv_aids,catboost,origin_201912,3,temp_max_l0,0.3672055067715899,0.0036720550677158993
hiv_aids,catboost,origin_201912,3,temp_max_l1,0.5031367708168883,0.005031367708168883
hiv_aids,catboost,origin_201912,3,temp_max_l3,0.4149631928849057,0.004149631928849057
hiv_aids,catboost,origin_201912,3,temp_max_l12,0.3665553192782108,0.0036655531927821078
hiv_aids,catboost,origin_201912,3,umid_l0,0.5134712499980346,0.005134712499980346
hiv_aids,catboost,origin_201912,3,umid_l1,0.4366619211698031,0.004366619211698031
hiv_aids,catboost,origin_201912,3,umid_l3,0.5198723600117792,0.005198723600117792
hiv_aids,catboost,origin_201912,3,umid_l12,0.24113065120262206,0.0024113065120262207
hiv_aids,catboost,origin_201912,3,populacao,5.447689197697889,0.054476891976978886
hiv_aids,catboost,origin_201912,3,dens_demog,1.8323434242299041,0.01832343424229904
hiv_aids,catboost,origin_201912,3,ppc,0.9388565112207388,0.009388565112207387
hiv_aids,catboost,origin_201912,3,urbanizacao,3.5529393966624516,0.035529393966624516
hiv_aids,catboost,origin_201912,3,tgt_month,0.12383981726848703,0.0012383981726848702
hiv_aids,catboost,origin_201912,3,mun_id,0.42579503545318464,0.0042579503545318465
hiv_aids,xgboost,origin_201912,3,n_hiv_aids_l0,0.04257984086871147,0.04257984086871147
hiv_aids,xgboost,origin_201912,3,n_hiv_aids_l1,0.00155207933858037,0.00155207933858037
hiv_aids,xgboost,origin_201912,3,n_hiv_aids_l2,0.003380680223926902,0.003380680223926902
hiv_aids,xgboost,origin_201912,3,n_hiv_aids_l3,0.004895951133221388,0.004895951133221388
hiv_aids,xgboost,origin_201912,3,n_hiv_aids_l6,0.004013899248093367,0.004013899248093367
hiv_aids,xgboost,origin_201912,3,n_hiv_aids_l12,0.002018315950408578,0.002018315950408578
hiv_aids,xgboost,origin_201912,3,n_hiv_aids_l13,0.0011277006706222892,0.0011277006706222892
hiv_aids,xgboost,origin_201912,3,n_hiv_aids_r3,0.2588600516319275,0.2588600516319275
hiv_aids,xgboost,origin_201912,3,n_hiv_aids_r6,0.5372166037559509,0.5372166037559509
hiv_aids,xgboost,origin_201912,3,n_hiv_aids_r12,0.09434176981449127,0.09434176981449127
hiv_aids,xgboost,origin_201912,3,evapot_l0,0.0008040730026550591,0.0008040730026550591
hiv_aids,xgboost,origin_201912,3,evapot_l1,0.0011181413428857923,0.0011181413428857923
hiv_aids,xgboost,origin_201912,3,evapot_l3,0.0010815272107720375,0.0010815272107720375
hiv_aids,xgboost,origin_201912,3,evapot_l12,0.002279840409755707,0.002279840409755707
hiv_aids,xgboost,origin_201912,3,precip_l0,0.0010054252343252301,0.0010054252343252301
hiv_aids,xgboost,origin_201912,3,precip_l1,0.0009344002464786172,0.0009344002464786172
hiv_aids,xgboost,origin_201912,3,precip_l3,0.00108609558083117,0.00108609558083117
hiv_aids,xgboost,origin_201912,3,precip_l12,0.0010580129455775023,0.0010580129455775023
hiv_aids,xgboost,origin_201912,3,temp_min_l0,0.0011380662908777595,0.0011380662908777595
hiv_aids,xgboost,origin_201912,3,temp_min_l1,0.0011635138653218746,0.0011635138653218746
hiv_aids,xgboost,origin_201912,3,temp_min_l3,0.0011449337471276522,0.0011449337471276522
hiv_aids,xgboost,origin_201912,3,temp_min_l12,0.0010861576301977038,0.0010861576301977038
hiv_aids,xgboost,origin_201912,3,temp_max_l0,0.0010368756484240294,0.0010368756484240294
hiv_aids,xgboost,origin_201912,3,temp_max_l1,0.0014223081525415182,0.0014223081525415182
hiv_aids,xgboost,origin_201912,3,temp_max_l3,0.0010420389007776976,0.0010420389007776976
hiv_aids,xgboost,origin_201912,3,temp_max_l12,0.0013792115496471524,0.0013792115496471524
hiv_aids,xgboost,origin_201912,3,umid_l0,0.0010223615681752563,0.0010223615681752563
hiv_aids,xgboost,origin_201912,3,umid_l1,0.0011057773372158408,0.0011057773372158408
hiv_aids,xgboost,origin_201912,3,umid_l3,0.0010918668704107404,0.0010918668704107404
hiv_aids,xgboost,origin_201912,3,umid_l12,0.0011545070447027683,0.0011545070447027683
hiv_aids,xgboost,origin_201912,3,populacao,0.004903432447463274,0.004903432447463274
hiv_aids,xgboost,origin_201912,3,dens_demog,0.002499794587492943,0.002499794587492943
hiv_aids,xgboost,origin_201912,3,ppc,0.0018296450143679976,0.0018296450143679976
hiv_aids,xgboost,origin_201912,3,urbanizacao,0.0038110543973743916,0.0038110543973743916
hiv_aids,xgboost,origin_201912,3,tgt_month,0.0016093191225081682,0.0016093191225081682
hiv_aids,xgboost,origin_201912,3,mun_id,0.012204750441014767,0.012204750441014767
hiv_aids,lgbm,origin_201912,6,n_hiv_aids_l0,124.0,0.020666666666666667
hiv_aids,lgbm,origin_201912,6,n_hiv_aids_l1,132.0,0.022
hiv_aids,lgbm,origin_201912,6,n_hiv_aids_l2,64.0,0.010666666666666666
hiv_aids,lgbm,origin_201912,6,n_hiv_aids_l3,161.0,0.026833333333333334
hiv_aids,lgbm,origin_201912,6,n_hiv_aids_l6,161.0,0.026833333333333334
hiv_aids,lgbm,origin_201912,6,n_hiv_aids_l12,118.0,0.019666666666666666
hiv_aids,lgbm,origin_201912,6,n_hiv_aids_l13,136.0,0.02266666666666667
hiv_aids,lgbm,origin_201912,6,n_hiv_aids_r3,172.0,0.028666666666666667
hiv_aids,lgbm,origin_201912,6,n_hiv_aids_r6,136.0,0.02266666666666667
hiv_aids,lgbm,origin_201912,6,n_hiv_aids_r12,357.0,0.0595
hiv_aids,lgbm,origin_201912,6,evapot_l0,132.0,0.022
hiv_aids,lgbm,origin_201912,6,evapot_l1,138.0,0.023
hiv_aids,lgbm,origin_201912,6,evapot_l3,138.0,0.023
hiv_aids,lgbm,origin_201912,6,evapot_l12,100.0,0.016666666666666666
hiv_aids,lgbm,origin_201912,6,precip_l0,150.0,0.025
hiv_aids,lgbm,origin_201912,6,precip_l1,182.0,0.030333333333333334
hiv_aids,lgbm,origin_201912,6,precip_l3,146.0,0.024333333333333332
hiv_aids,lgbm,origin_201912,6,precip_l12,130.0,0.021666666666666667
hiv_aids,lgbm,origin_201912,6,temp_min_l0,135.0,0.0225
hiv_aids,lgbm,origin_201912,6,temp_min_l1,114.0,0.019
hiv_aids,lgbm,origin_201912,6,temp_min_l3,162.0,0.027
hiv_aids,lgbm,origin_201912,6,temp_min_l12,132.0,0.022
hiv_aids,lgbm,origin_201912,6,temp_max_l0,145.0,0.024166666666666666
hiv_aids,lgbm,origin_201912,6,temp_max_l1,133.0,0.022166666666666668
hiv_aids,lgbm,origin_201912,6,temp_max_l3,144.0,0.024
hiv_aids,lgbm,origin_201912,6,temp_max_l12,130.0,0.021666666666666667
hiv_aids,lgbm,origin_201912,6,umid_l0,203.0,0.03383333333333333
hiv_aids,lgbm,origin_201912,6,umid_l1,215.0,0.035833333333333335
hiv_aids,lgbm,origin_201912,6,umid_l3,170.0,0.028333333333333332
hiv_aids,lgbm,origin_201912,6,umid_l12,124.0,0.020666666666666667
hiv_aids,lgbm,origin_201912,6,populacao,239.0,0.03983333333333333
hiv_aids,lgbm,origin_201912,6,dens_demog,183.0,0.0305
hiv_aids,lgbm,origin_201912,6,ppc,370.0,0.06166666666666667
hiv_aids,lgbm,origin_201912,6,urbanizacao,275.0,0.04583333333333333
hiv_aids,lgbm,origin_201912,6,tgt_month,100.0,0.016666666666666666
hiv_aids,lgbm,origin_201912,6,mun_id,349.0,0.058166666666666665
hiv_aids,catboost,origin_201912,6,n_hiv_aids_l0,1.0097842318975494,0.010097842318975491
hiv_aids,catboost,origin_201912,6,n_hiv_aids_l1,3.79809599928616,0.037980959992861586
hiv_aids,catboost,origin_201912,6,n_hiv_aids_l2,4.504373588374885,0.04504373588374884
hiv_aids,catboost,origin_201912,6,n_hiv_aids_l3,1.5349044390422935,0.015349044390422931
hiv_aids,catboost,origin_201912,6,n_hiv_aids_l6,3.703581236170009,0.03703581236170008
hiv_aids,catboost,origin_201912,6,n_hiv_aids_l12,2.986014595262822,0.029860145952628214
hiv_aids,catboost,origin_201912,6,n_hiv_aids_l13,1.5657116777962645,0.01565711677796264
hiv_aids,catboost,origin_201912,6,n_hiv_aids_r3,6.427221639899394,0.06427221639899393
hiv_aids,catboost,origin_201912,6,n_hiv_aids_r6,17.567318584862225,0.1756731858486222
hiv_aids,catboost,origin_201912,6,n_hiv_aids_r12,30.94433527708968,0.30944335277089674
hiv_aids,catboost,origin_201912,6,evapot_l0,0.28490883727771976,0.0028490883727771968
hiv_aids,catboost,origin_201912,6,evapot_l1,0.5326611907837879,0.005326611907837878
hiv_aids,catboost,origin_201912,6,evapot_l3,0.23971820547350553,0.0023971820547350545
hiv_aids,catboost,origin_201912,6,evapot_l12,0.4103224664020219,0.004103224664020218
hiv_aids,catboost,origin_201912,6,precip_l0,0.6270591148292306,0.0062705911482923045
hiv_aids,catboost,origin_201912,6,precip_l1,0.6357322276745201,0.006357322276745199
hiv_aids,catboost,origin_201912,6,precip_l3,0.4488076536458394,0.004488076536458393
hiv_aids,catboost,origin_201912,6,precip_l12,0.5599001291510827,0.005599001291510825
hiv_aids,catboost,origin_201912,6,temp_min_l0,0.28800492416817103,0.0028800492416817093
hiv_aids,catboost,origin_201912,6,temp_min_l1,0.22502900846959636,0.002250290084695963
hiv_aids,catboost,origin_201912,6,temp_min_l3,0.3352588557177612,0.003352588557177611
hiv_aids,catboost,origin_201912,6,temp_min_l12,0.5414262547545862,0.00541426254754586
hiv_aids,catboost,origin_201912,6,temp_max_l0,0.37529869054576986,0.003752986905457698
hiv_aids,catboost,origin_201912,6,temp_max_l1,0.2714114937996468,0.002714114937996467
hiv_aids,catboost,origin_201912,6,temp_max_l3,0.2619481094414732,0.002619481094414731
hiv_aids,catboost,origin_201912,6,temp_max_l12,0.3376057869493126,0.003376057869493125
hiv_aids,catboost,origin_201912,6,umid_l0,0.576572544649304,0.005765725446493038
hiv_aids,catboost,origin_201912,6,umid_l1,0.26442036891244813,0.0026442036891244805
hiv_aids,catboost,origin_201912,6,umid_l3,0.3613173604911675,0.003613173604911674
hiv_aids,catboost,origin_201912,6,umid_l12,0.20412403440995555,0.002041240344099555
hiv_aids,catboost,origin_201912,6,populacao,5.923534291228625,0.059235342912286236
hiv_aids,catboost,origin_201912,6,dens_demog,3.1757873852814726,0.03175787385281472
hiv_aids,catboost,origin_201912,6,ppc,2.266136718895664,0.022661367188956633
hiv_aids,catboost,origin_201912,6,urbanizacao,5.876551201540717,0.05876551201540715
hiv_aids,catboost,origin_201912,6,tgt_month,0.25398895821095585,0.0025398895821095576
hiv_aids,catboost,origin_201912,6,mun_id,0.6811329176143679,0.006811329176143677
hiv_aids,xgboost,origin_201912,6,n_hiv_aids_l0,0.0029900341760367155,0.0029900334775447845
hiv_aids,xgboost,origin_201912,6,n_hiv_aids_l1,0.02582201361656189,0.025822008028626442
hiv_aids,xgboost,origin_201912,6,n_hiv_aids_l2,0.0008638010476715863,0.0008638008148409426
hiv_aids,xgboost,origin_201912,6,n_hiv_aids_l3,0.005534438416361809,0.005534437019377947
hiv_aids,xgboost,origin_201912,6,n_hiv_aids_l6,0.0015667444095015526,0.001566744060255587
hiv_aids,xgboost,origin_201912,6,n_hiv_aids_l12,0.0017213220708072186,0.0017213216051459312
hiv_aids,xgboost,origin_201912,6,n_hiv_aids_l13,0.0013961239019408822,0.0013961235526949167
hiv_aids,xgboost,origin_201912,6,n_hiv_aids_r3,0.4679248034954071,0.46792468428611755
hiv_aids,xgboost,origin_201912,6,n_hiv_aids_r6,0.3357834219932556,0.33578333258628845
hiv_aids,xgboost,origin_201912,6,n_hiv_aids_r12,0.11618603765964508,0.11618600785732269
hiv_aids,xgboost,origin_201912,6,evapot_l0,0.001021964242681861,0.0010219640098512173
hiv_aids,xgboost,origin_201912,6,evapot_l1,0.0008604034082964063,0.0008604031754657626
hiv_aids,xgboost,origin_201912,6,evapot_l3,0.0008376576588489115,0.0008376574842259288
hiv_aids,xgboost,origin_201912,6,evapot_l12,0.0012163881910964847,0.001216387958265841
hiv_aids,xgboost,origin_201912,6,precip_l0,0.0010853875428438187,0.001085387310013175
hiv_aids,xgboost,origin_201912,6,precip_l1,0.0011651481036096811,0.0011651478707790375
hiv_aids,xgboost,origin_201912,6,precip_l3,0.0007930895080789924,0.0007930893334560096
hiv_aids,xgboost,origin_201912,6,precip_l12,0.0010963534004986286,0.001096353167667985
hiv_aids,xgboost,origin_201912,6,temp_min_l0,0.0009916414273902774,0.0009916411945596337
hiv_aids,xgboost,origin_201912,6,temp_min_l1,0.0009694433538243175,0.0009694431209936738
hiv_aids,xgboost,origin_201912,6,temp_min_l3,0.0008111166534945369,0.0008111164788715541
hiv_aids,xgboost,origin_201912,6,temp_min_l12,0.0010649132309481502,0.0010649129981175065
hiv_aids,xgboost,origin_201912,6,temp_max_l0,0.0012366827577352524,0.001236682408489287
hiv_aids,xgboost,origin_201912,6,temp_max_l1,0.0014389713760465384,0.0014389710268005729
hiv_aids,xgboost,origin_201912,6,temp_max_l3,0.0008451866451650858,0.000845186470542103
hiv_aids,xgboost,origin_201912,6,temp_max_l12,0.0009722249815240502,0.0009722247486934066
hiv_aids,xgboost,origin_201912,6,umid_l0,0.0010612753685563803,0.0010612751357257366
hiv_aids,xgboost,origin_201912,6,umid_l1,0.0011046157451346517,0.001104615512304008
hiv_aids,xgboost,origin_201912,6,umid_l3,0.0008449996821582317,0.000844999507535249
hiv_aids,xgboost,origin_201912,6,umid_l12,0.0009481878369115293,0.0009481876040808856
hiv_aids,xgboost,origin_201912,6,populacao,0.005651636049151421,0.005651634652167559
hiv_aids,xgboost,origin_201912,6,dens_demog,0.0019527400145307183,0.001952739548869431
hiv_aids,xgboost,origin_201912,6,ppc,0.0021434342488646507,0.0021434337832033634
hiv_aids,xgboost,origin_201912,6,urbanizacao,0.005676717031747103,0.005676715634763241
hiv_aids,xgboost,origin_201912,6,tgt_month,0.0015681793447583914,0.001568178995512426
hiv_aids,xgboost,origin_201912,6,mun_id,0.002852929290384054,0.0028529285918921232
hiv_aids,lgbm,origin_201912,12,n_hiv_aids_l0,106.0,0.017666666666666667
hiv_aids,lgbm,origin_201912,12,n_hiv_aids_l1,117.0,0.0195
hiv_aids,lgbm,origin_201912,12,n_hiv_aids_l2,80.0,0.013333333333333334
hiv_aids,lgbm,origin_201912,12,n_hiv_aids_l3,84.0,0.014
hiv_aids,lgbm,origin_201912,12,n_hiv_aids_l6,105.0,0.0175
hiv_aids,lgbm,origin_201912,12,n_hiv_aids_l12,144.0,0.024
hiv_aids,lgbm,origin_201912,12,n_hiv_aids_l13,185.0,0.030833333333333334
hiv_aids,lgbm,origin_201912,12,n_hiv_aids_r3,110.0,0.018333333333333333
hiv_aids,lgbm,origin_201912,12,n_hiv_aids_r6,165.0,0.0275
hiv_aids,lgbm,origin_201912,12,n_hiv_aids_r12,410.0,0.06833333333333333
hiv_aids,lgbm,origin_201912,12,evapot_l0,96.0,0.016
hiv_aids,lgbm,origin_201912,12,evapot_l1,117.0,0.0195
hiv_aids,lgbm,origin_201912,12,evapot_l3,121.0,0.020166666666666666
hiv_aids,lgbm,origin_201912,12,evapot_l12,152.0,0.025333333333333333
hiv_aids,lgbm,origin_201912,12,precip_l0,141.0,0.0235
hiv_aids,lgbm,origin_201912,12,precip_l1,111.0,0.0185
hiv_aids,lgbm,origin_201912,12,precip_l3,165.0,0.0275
hiv_aids,lgbm,origin_201912,12,precip_l12,133.0,0.022166666666666668
hiv_aids,lgbm,origin_201912,12,temp_min_l0,158.0,0.026333333333333334
hiv_aids,lgbm,origin_201912,12,temp_min_l1,129.0,0.0215
hiv_aids,lgbm,origin_201912,12,temp_min_l3,162.0,0.027
hiv_aids,lgbm,origin_201912,12,temp_min_l12,196.0,0.03266666666666666
hiv_aids,lgbm,origin_201912,12,temp_max_l0,145.0,0.024166666666666666
hiv_aids,lgbm,origin_201912,12,temp_max_l1,116.0,0.019333333333333334
hiv_aids,lgbm,origin_201912,12,temp_max_l3,90.0,0.015
hiv_aids,lgbm,origin_201912,12,temp_max_l12,159.0,0.0265
hiv_aids,lgbm,origin_201912,12,umid_l0,117.0,0.0195
hiv_aids,lgbm,origin_201912,12,umid_l1,172.0,0.028666666666666667
hiv_aids,lgbm,origin_201912,12,umid_l3,177.0,0.0295
hiv_aids,lgbm,origin_201912,12,umid_l12,165.0,0.0275
hiv_aids,lgbm,origin_201912,12,populacao,264.0,0.044
hiv_aids,lgbm,origin_201912,12,dens_demog,208.0,0.034666666666666665
hiv_aids,lgbm,origin_201912,12,ppc,477.0,0.0795
hiv_aids,lgbm,origin_201912,12,urbanizacao,283.0,0.04716666666666667
hiv_aids,lgbm,origin_201912,12,tgt_month,93.0,0.0155
hiv_aids,lgbm,origin_201912,12,mun_id,347.0,0.057833333333333334
hiv_aids,catboost,origin_201912,12,n_hiv_aids_l0,1.1013837709021082,0.011013837709021078
hiv_aids,catboost,origin_201912,12,n_hiv_aids_l1,1.532261826763203,0.015322618267632027
hiv_aids,catboost,origin_201912,12,n_hiv_aids_l2,1.6190684872265275,0.01619068487226527
hiv_aids,catboost,origin_201912,12,n_hiv_aids_l3,7.608178999180507,0.07608178999180505
hiv_aids,catboost,origin_201912,12,n_hiv_aids_l6,2.3978035686681998,0.02397803568668199
hiv_aids,catboost,origin_201912,12,n_hiv_aids_l12,1.2210540614790995,0.012210540614790991
hiv_aids,catboost,origin_201912,12,n_hiv_aids_l13,4.172281290735313,0.04172281290735312
hiv_aids,catboost,origin_201912,12,n_hiv_aids_r3,5.656130041312214,0.05656130041312213
hiv_aids,catboost,origin_201912,12,n_hiv_aids_r6,10.883651763562735,0.10883651763562732
hiv_aids,catboost,origin_201912,12,n_hiv_aids_r12,30.865118385762514,0.3086511838576251
hiv_aids,catboost,origin_201912,12,evapot_l0,0.19963819282246179,0.001996381928224617
hiv_aids,catboost,origin_201912,12,evapot_l1,0.24408462263545216,0.002440846226354521
hiv_aids,catboost,origin_201912,12,evapot_l3,0.431787668302873,0.004317876683028729
hiv_aids,catboost,origin_201912,12,evapot_l12,0.4500146125571843,0.004500146125571841
hiv_aids,catboost,origin_201912,12,precip_l0,0.41884864873656097,0.004188486487365609
hiv_aids,catboost,origin_201912,12,precip_l1,0.3989323713563759,0.003989323713563758
hiv_aids,catboost,origin_201912,12,precip_l3,0.3756178897400115,0.0037561788974001136
hiv_aids,catboost,origin_201912,12,precip_l12,0.31062120442368524,0.0031062120442368513
hiv_aids,catboost,origin_201912,12,temp_min_l0,0.6252119674091492,0.0062521196740914905
hiv_aids,catboost,origin_201912,12,temp_min_l1,0.3925259075446294,0.003925259075446293
hiv_aids,catboost,origin_201912,12,temp_min_l3,0.5455063277210079,0.005455063277210077
hiv_aids,catboost,origin_201912,12,temp_min_l12,0.33128879045870807,0.0033128879045870798
hiv_aids,catboost,origin_201912,12,temp_max_l0,0.5059428629000563,0.005059428629000561
hiv_aids,catboost,origin_201912,12,temp_max_l1,0.4436695352855498,0.004436695352855497
hiv_aids,catboost,origin_201912,12,temp_max_l3,0.331100425255223,0.003311004252552229
hiv_aids,catboost,origin_201912,12,temp_max_l12,0.5132909574683707,0.005132909574683706
hiv_aids,catboost,origin_201912,12,umid_l0,0.2596366642482411,0.0025963666424824103
hiv_aids,catboost,origin_201912,12,umid_l1,0.31712348060769574,0.0031712348060769567
hiv_aids,catboost,origin_201912,12,umid_l3,0.4000872267046288,0.004000872267046287
hiv_aids,catboost,origin_201912,12,umid_l12,0.35166453348962423,0.0035166453348962415
hiv_aids,catboost,origin_201912,12,populacao,13.624480775573318,0.13624480775573314
hiv_aids,catboost,origin_201912,12,dens_demog,2.8690392505591675,0.028690392505591668
hiv_aids,catboost,origin_201912,12,ppc,2.6945573495729978,0.02694557349572997
hiv_aids,catboost,origin_201912,12,urbanizacao,4.957959159183642,0.049579591591836406
hiv_aids,catboost,origin_201912,12,tgt_month,0.18629374853663377,0.0018629374853663372
hiv_aids,catboost,origin_201912,12,mun_id,0.7641436313143389,0.007641436313143387
hiv_aids,xgboost,origin_201912,12,n_hiv_aids_l0,0.03776748105883598,0.03776748478412628
hiv_aids,xgboost,origin_201912,12,n_hiv_aids_l1,0.042954716831445694,0.04295472055673599
hiv_aids,xgboost,origin_201912,12,n_hiv_aids_l2,0.000627771602012217,0.000627771660219878
hiv_aids,xgboost,origin_201912,12,n_hiv_aids_l3,0.0008857071516104043,0.0008857072098180652
hiv_aids,xgboost,origin_201912,12,n_hiv_aids_l6,0.0015370381297543645,0.0015370382461696863
hiv_aids,xgboost,origin_201912,12,n_hiv_aids_l12,0.0017556172097101808,0.0017556173261255026
hiv_aids,xgboost,origin_201912,12,n_hiv_aids_l13,0.003561029676347971,0.0035610299091786146
hiv_aids,xgboost,origin_201912,12,n_hiv_aids_r3,0.38760092854499817,0.38760095834732056
hiv_aids,xgboost,origin_201912,12,n_hiv_aids_r6,0.283371239900589,0.2833712697029114
hiv_aids,xgboost,origin_201912,12,n_hiv_aids_r12,0.09289392083883286,0.09289392828941345
hiv_aids,xgboost,origin_201912,12,evapot_l0,0.0006834158557467163,0.0006834159139543772
hiv_aids,xgboost,origin_201912,12,evapot_l1,0.0008633561083115637,0.0008633561665192246
hiv_aids,xgboost,origin_201912,12,evapot_l3,0.0010256055975332856,0.0010256057139486074
hiv_aids,xgboost,origin_201912,12,evapot_l12,0.0011273444397374988,0.0011273445561528206
hiv_aids,xgboost,origin_201912,12,precip_l0,0.0008805128163658082,0.0008805128745734692
hiv_aids,xgboost,origin_201912,12,precip_l1,0.0009642414515838027,0.0009642415097914636
hiv_aids,xgboost,origin_201912,12,precip_l3,0.0008752859430387616,0.0008752860012464225
hiv_aids,xgboost,origin_201912,12,precip_l12,0.0010184600250795484,0.0010184601414948702
hiv_aids,xgboost,origin_201912,12,temp_min_l0,0.0010493170702829957,0.0010493171866983175
hiv_aids,xgboost,origin_201912,12,temp_min_l1,0.0013358021387830377,0.0013358022551983595
hiv_aids,xgboost,origin_201912,12,temp_min_l3,0.0009043908212333918,0.0009043908794410527
hiv_aids,xgboost,origin_201912,12,temp_min_l12,0.0011571190552785993,0.001157119171693921
hiv_aids,xgboost,origin_201912,12,temp_max_l0,0.0010843223426491022,0.001084322459064424
hiv_aids,xgboost,origin_201912,12,temp_max_l1,0.0014852476306259632,0.001485247747041285
hiv_aids,xgboost,origin_201912,12,temp_max_l3,0.0010147925931960344,0.0010147927096113563
hiv_aids,xgboost,origin_201912,12,temp_max_l12,0.001026043319143355,0.0010260434355586767
hiv_aids,xgboost,origin_201912,12,umid_l0,0.0007969800499267876,0.0007969801081344485
hiv_aids,xgboost,origin_201912,12,umid_l1,0.0008777716429904103,0.0008777717011980712
hiv_aids,xgboost,origin_201912,12,umid_l3,0.0010387514485046268,0.0010387515649199486
hiv_aids,xgboost,origin_201912,12,umid_l12,0.001054797088727355,0.0010547972051426768
hiv_aids,xgboost,origin_201912,12,populacao,0.047394756227731705,0.047394759953022
hiv_aids,xgboost,origin_201912,12,dens_demog,0.004537069238722324,0.004537069704383612
hiv_aids,xgboost,origin_201912,12,ppc,0.004656997509300709,0.004656997974961996
hiv_aids,xgboost,origin_201912,12,urbanizacao,0.0059956759214401245,0.005995676387101412
hiv_aids,xgboost,origin_201912,12,tgt_month,0.0013760384172201157,0.0013760385336354375
hiv_aids,xgboost,origin_201912,12,mun_id,0.0628204420208931,0.0628204494714737
hiv_aids,lgbm,origin_202012,1,n_hiv_aids_l0,265.0,0.04416666666666667
hiv_aids,lgbm,origin_202012,1,n_hiv_aids_l1,166.0,0.027666666666666666
hiv_aids,lgbm,origin_202012,1,n_hiv_aids_l2,139.0,0.023166666666666665
hiv_aids,lgbm,origin_202012,1,n_hiv_aids_l3,100.0,0.016666666666666666
hiv_aids,lgbm,origin_202012,1,n_hiv_aids_l6,193.0,0.03216666666666667
hiv_aids,lgbm,origin_202012,1,n_hiv_aids_l12,162.0,0.027
hiv_aids,lgbm,origin_202012,1,n_hiv_aids_l13,153.0,0.0255
hiv_aids,lgbm,origin_202012,1,n_hiv_aids_r3,331.0,0.05516666666666667
hiv_aids,lgbm,origin_202012,1,n_hiv_aids_r6,195.0,0.0325
hiv_aids,lgbm,origin_202012,1,n_hiv_aids_r12,277.0,0.04616666666666667
hiv_aids,lgbm,origin_202012,1,evapot_l0,126.0,0.021
hiv_aids,lgbm,origin_202012,1,evapot_l1,110.0,0.018333333333333333
hiv_aids,lgbm,origin_202012,1,evapot_l3,139.0,0.023166666666666665
hiv_aids,lgbm,origin_202012,1,evapot_l12,120.0,0.02
hiv_aids,lgbm,origin_202012,1,precip_l0,188.0,0.03133333333333333
hiv_aids,lgbm,origin_202012,1,precip_l1,149.0,0.024833333333333332
hiv_aids,lgbm,origin_202012,1,precip_l3,220.0,0.03666666666666667
hiv_aids,lgbm,origin_202012,1,precip_l12,117.0,0.0195
hiv_aids,lgbm,origin_202012,1,temp_min_l0,144.0,0.024
hiv_aids,lgbm,origin_202012,1,temp_min_l1,173.0,0.028833333333333332
hiv_aids,lgbm,origin_202012,1,temp_min_l3,161.0,0.026833333333333334
hiv_aids,lgbm,origin_202012,1,temp_min_l12,129.0,0.0215
hiv_aids,lgbm,origin_202012,1,temp_max_l0,162.0,0.027
hiv_aids,lgbm,origin_202012,1,temp_max_l1,142.0,0.023666666666666666
hiv_aids,lgbm,origin_202012,1,temp_max_l3,166.0,0.027666666666666666
hiv_aids,lgbm,origin_202012,1,temp_max_l12,160.0,0.02666666666666667
hiv_aids,lgbm,origin_202012,1,umid_l0,176.0,0.029333333333333333
hiv_aids,lgbm,origin_202012,1,umid_l1,125.0,0.020833333333333332
hiv_aids,lgbm,origin_202012,1,umid_l3,177.0,0.0295
hiv_aids,lgbm,origin_202012,1,umid_l12,198.0,0.033
hiv_aids,lgbm,origin_202012,1,populacao,126.0,0.021
hiv_aids,lgbm,origin_202012,1,dens_demog,110.0,0.018333333333333333
hiv_aids,lgbm,origin_202012,1,ppc,168.0,0.028
hiv_aids,lgbm,origin_202012,1,urbanizacao,115.0,0.019166666666666665
hiv_aids,lgbm,origin_202012,1,tgt_month,143.0,0.023833333333333335
hiv_aids,lgbm,origin_202012,1,mun_id,275.0,0.04583333333333333
hiv_aids,catboost,origin_202012,1,n_hiv_aids_l0,4.881225300548537,0.04881225300548539
hiv_aids,catboost,origin_202012,1,n_hiv_aids_l1,3.645799369632236,0.036457993696322376
hiv_aids,catboost,origin_202012,1,n_hiv_aids_l2,5.3223057437786165,0.053223057437786186
hiv_aids,catboost,origin_202012,1,n_hiv_aids_l3,5.908659602700804,0.05908659602700807
hiv_aids,catboost,origin_202012,1,n_hiv_aids_l6,0.5790606930961398,0.005790606930961401
hiv_aids,catboost,origin_202012,1,n_hiv_aids_l12,4.183074205039912,0.04183074205039913
hiv_aids,catboost,origin_202012,1,n_hiv_aids_l13,0.9107706235521347,0.00910770623552135
hiv_aids,catboost,origin_202012,1,n_hiv_aids_r3,15.680898489368657,0.15680898489368664
hiv_aids,catboost,origin_202012,1,n_hiv_aids_r6,12.283118869344742,0.12283118869344747
hiv_aids,catboost,origin_202012,1,n_hiv_aids_r12,30.648618697165904,0.3064861869716592
hiv_aids,catboost,origin_202012,1,evapot_l0,0.2516468241949486,0.002516468241949487
hiv_aids,catboost,origin_202012,1,evapot_l1,0.1846879245212872,0.0018468792452128728
hiv_aids,catboost,origin_202012,1,evapot_l3,0.3177655228877451,0.0031776552288774527
hiv_aids,catboost,origin_202012,1,evapot_l12,0.19563571857870557,0.0019563571857870565
hiv_aids,catboost,origin_202012,1,precip_l0,0.4836748308496004,0.004836748308496006
hiv_aids,catboost,origin_202012,1,precip_l1,0.4523166764337893,0.004523166764337895
hiv_aids,catboost,origin_202012,1,precip_l3,0.41831767518188206,0.004183176751818823
hiv_aids,catboost,origin_202012,1,precip_l12,0.1707639008733118,0.0017076390087331188
hiv_aids,catboost,origin_202012,1,temp_min_l0,0.24372734897699122,0.002437273489769913
hiv_aids,catboost,origin_202012,1,temp_min_l1,0.43126967416959605,0.004312696741695962
hiv_aids,catboost,origin_202012,1,temp_min_l3,0.32244484359107684,0.0032244484359107697
hiv_aids,catboost,origin_202012,1,temp_min_l12,0.21898846230817728,0.0021898846230817737
hiv_aids,catboost,origin_202012,1,temp_max_l0,0.35696903920542217,0.003569690392054223
hiv_aids,catboost,origin_202012,1,temp_max_l1,0.2696284000348967,0.002696284000348968
hiv_aids,catboost,origin_202012,1,temp_max_l3,0.31560544886120584,0.00315605448861206
hiv_aids,catboost,origin_202012,1,temp_max_l12,0.5189026926173692,0.005189026926173694
hiv_aids,catboost,origin_202012,1,umid_l0,0.37833789643058335,0.0037833789643058353
hiv_aids,catboost,origin_202012,1,umid_l1,0.35645006980257515,0.003564500698025753
hiv_aids,catboost,origin_202012,1,umid_l3,0.5593114607957956,0.005593114607957959
hiv_aids,catboost,origin_202012,1,umid_l12,0.2732267019017689,0.0027322670190176902
hiv_aids,catboost,origin_202012,1,populacao,3.9882014462769892,0.039882014462769906
hiv_aids,catboost,origin_202012,1,dens_demog,1.7342082998260016,0.01734208299826002
hiv_aids,catboost,origin_202012,1,ppc,0.80508809246018,0.008050880924601803
hiv_aids,catboost,origin_202012,1,urbanizacao,2.437399426840601,0.024373994268406023
hiv_aids,catboost,origin_202012,1,tgt_month,0.17228770072897945,0.0017228770072897951
hiv_aids,catboost,origin_202012,1,mun_id,0.09961232742281732,0.0009961232742281736
hiv_aids,xgboost,origin_202012,1,n_hiv_aids_l0,0.02984653227031231,0.02984652854502201
hiv_aids,xgboost,origin_202012,1,n_hiv_aids_l1,0.004187198355793953,0.004187197890132666
hiv_aids,xgboost,origin_202012,1,n_hiv_aids_l2,0.0054373773746192455,0.005437376908957958
hiv_aids,xgboost,origin_202012,1,n_hiv_aids_l3,0.0012571137631312013,0.0012571136467158794
hiv_aids,xgboost,origin_202012,1,n_hiv_aids_l6,0.003047589212656021,0.003047588746994734
hiv_aids,xgboost,origin_202012,1,n_hiv_aids_l12,0.011911916546523571,0.011911914683878422
hiv_aids,xgboost,origin_202012,1,n_hiv_aids_l13,0.001492303446866572,0.0014923032140359282
hiv_aids,xgboost,origin_202012,1,n_hiv_aids_r3,0.35819217562675476,0.3581921458244324
hiv_aids,xgboost,origin_202012,1,n_hiv_aids_r6,0.3683631420135498,0.3683631122112274
hiv_aids,xgboost,origin_202012,1,n_hiv_aids_r12,0.1704147607088089,0.1704147458076477
hiv_aids,xgboost,origin_202012,1,evapot_l0,0.0009501913446001709,0.000950191228184849
hiv_aids,xgboost,origin_202012,1,evapot_l1,0.0010213896166533232,0.0010213895002380013
hiv_aids,xgboost,origin_202012,1,evapot_l3,0.0009195214952342212,0.0009195213788188994
hiv_aids,xgboost,origin_202012,1,evapot_l12,0.0012756707146763802,0.0012756705982610583
hiv_aids,xgboost,origin_202012,1,precip_l0,0.0013687149621546268,0.001368714845739305
hiv_aids,xgboost,origin_202012,1,precip_l1,0.0009873852832242846,0.0009873851668089628
hiv_aids,xgboost,origin_202012,1,precip_l3,0.0010434063151478767,0.001043406198732555
hiv_aids,xgboost,origin_202012,1,precip_l12,0.000970613444224,0.0009706133278086782
hiv_aids,xgboost,origin_202012,1,temp_min_l0,0.0008012298494577408,0.000801229733042419
hiv_aids,xgboost,origin_202012,1,temp_min_l1,0.001039754250086844,0.0010397541336715221
hiv_aids,xgboost,origin_202012,1,temp_min_l3,0.0012837410904467106,0.0012837409740313888
hiv_aids,xgboost,origin_202012,1,temp_min_l12,0.001095101237297058,0.0010951011208817363
hiv_aids,xgboost,origin_202012,1,temp_max_l0,0.0016386383213102818,0.001638638088479638
hiv_aids,xgboost,origin_202012,1,temp_max_l1,0.0011383153032511473,0.0011383151868358254
hiv_aids,xgboost,origin_202012,1,temp_max_l3,0.0011033967602998018,0.00110339664388448
hiv_aids,xgboost,origin_202012,1,temp_max_l12,0.0015553085831925273,0.0015553083503618836
hiv_aids,xgboost,origin_202012,1,umid_l0,0.0011133039370179176,0.0011133038206025958
hiv_aids,xgboost,origin_202012,1,umid_l1,0.0011002571554854512,0.0011002570390701294
hiv_aids,xgboost,origin_202012,1,umid_l3,0.0010835391003638506,0.0010835389839485288
hiv_aids,xgboost,origin_202012,1,umid_l12,0.0010154566261917353,0.0010154565097764134
hiv_aids,xgboost,origin_202012,1,populacao,0.007521460298448801,0.007521459367126226
hiv_aids,xgboost,origin_202012,1,dens_demog,0.00827222503721714,0.008272224105894566
hiv_aids,xgboost,origin_202012,1,ppc,0.0018733484903350472,0.0018733482575044036
hiv_aids,xgboost,origin_202012,1,urbanizacao,0.002475694753229618,0.0024756945203989744
hiv_aids,xgboost,origin_202012,1,tgt_month,0.0017219528090208769,0.0017219525761902332
hiv_aids,xgboost,origin_202012,1,mun_id,0.0014802936930209398,0.0014802934601902962
hiv_aids,lgbm,origin_202012,3,n_hiv_aids_l0,213.0,0.0355
hiv_aids,lgbm,origin_202012,3,n_hiv_aids_l1,107.0,0.017833333333333333
hiv_aids,lgbm,origin_202012,3,n_hiv_aids_l2,121.0,0.020166666666666666
hiv_aids,lgbm,origin_202012,3,n_hiv_aids_l3,90.0,0.015
hiv_aids,lgbm,origin_202012,3,n_hiv_aids_l6,177.0,0.0295
hiv_aids,lgbm,origin_202012,3,n_hiv_aids_l12,188.0,0.03133333333333333
hiv_aids,lgbm,origin_202012,3,n_hiv_aids_l13,107.0,0.017833333333333333
hiv_aids,lgbm,origin_202012,3,n_hiv_aids_r3,220.0,0.03666666666666667
hiv_aids,lgbm,origin_202012,3,n_hiv_aids_r6,196.0,0.03266666666666666
hiv_aids,lgbm,origin_202012,3,n_hiv_aids_r12,326.0,0.05433333333333333
hiv_aids,lgbm,origin_202012,3,evapot_l0,115.0,0.019166666666666665
hiv_aids,lgbm,origin_202012,3,evapot_l1,134.0,0.022333333333333334
hiv_aids,lgbm,origin_202012,3,evapot_l3,138.0,0.023
hiv_aids,lgbm,origin_202012,3,evapot_l12,155.0,0.025833333333333333
hiv_aids,lgbm,origin_202012,3,precip_l0,185.0,0.030833333333333334
hiv_aids,lgbm,origin_202012,3,precip_l1,195.0,0.0325
hiv_aids,lgbm,origin_202012,3,precip_l3,182.0,0.030333333333333334
hiv_aids,lgbm,origin_202012,3,precip_l12,128.0,0.021333333333333333
hiv_aids,lgbm,origin_202012,3,temp_min_l0,126.0,0.021
hiv_aids,lgbm,origin_202012,3,temp_min_l1,126.0,0.021
hiv_aids,lgbm,origin_202012,3,temp_min_l3,153.0,0.0255
hiv_aids,lgbm,origin_202012,3,temp_min_l12,144.0,0.024
hiv_aids,lgbm,origin_202012,3,temp_max_l0,137.0,0.022833333333333334
hiv_aids,lgbm,origin_202012,3,temp_max_l1,153.0,0.0255
hiv_aids,lgbm,origin_202012,3,temp_max_l3,122.0,0.02033333333333333
hiv_aids,lgbm,origin_202012,3,temp_max_l12,124.0,0.020666666666666667
hiv_aids,lgbm,origin_202012,3,umid_l0,127.0,0.021166666666666667
hiv_aids,lgbm,origin_202012,3,umid_l1,205.0,0.034166666666666665
hiv_aids,lgbm,origin_202012,3,umid_l3,185.0,0.030833333333333334
hiv_aids,lgbm,origin_202012,3,umid_l12,192.0,0.032
hiv_aids,lgbm,origin_202012,3,populacao,160.0,0.02666666666666667
hiv_aids,lgbm,origin_202012,3,dens_demog,136.0,0.02266666666666667
hiv_aids,lgbm,origin_202012,3,ppc,267.0,0.0445
hiv_aids,lgbm,origin_202012,3,urbanizacao,224.0,0.037333333333333336
hiv_aids,lgbm,origin_202012,3,tgt_month,126.0,0.021
hiv_aids,lgbm,origin_202012,3,mun_id,316.0,0.05266666666666667
hiv_aids,catboost,origin_202012,3,n_hiv_aids_l0,7.572839603224339,0.0757283960322434
hiv_aids,catboost,origin_202012,3,n_hiv_aids_l1,2.6020806460625123,0.026020806460625125
hiv_aids,catboost,origin_202012,3,n_hiv_aids_l2,2.938949756408379,0.029389497564083794
hiv_aids,catboost,origin_202012,3,n_hiv_aids_l3,5.695287807653285,0.05695287807653286
hiv_aids,catboost,origin_202012,3,n_hiv_aids_l6,4.784243672919883,0.04784243672919884
hiv_aids,catboost,origin_202012,3,n_hiv_aids_l12,3.592578130174291,0.03592578130174291
hiv_aids,catboost,origin_202012,3,n_hiv_aids_l13,3.399814302589652,0.03399814302589652
hiv_aids,catboost,origin_202012,3,n_hiv_aids_r3,14.421073614588678,0.1442107361458868
hiv_aids,catboost,origin_202012,3,n_hiv_aids_r6,18.24086622492328,0.18240866224923283
hiv_aids,catboost,origin_202012,3,n_hiv_aids_r12,21.18743918867911,0.21187439188679114
hiv_aids,catboost,origin_202012,3,evapot_l0,0.16801930521232133,0.0016801930521232137
hiv_aids,catboost,origin_202012,3,evapot_l1,0.3732481509995592,0.003732481509995593
hiv_aids,catboost,origin_202012,3,evapot_l3,0.47096013759699173,0.004709601375969918
hiv_aids,catboost,origin_202012,3,evapot_l12,0.6712176495163994,0.006712176495163995
hiv_aids,catboost,origin_202012,3,precip_l0,0.38454754906821037,0.0038454754906821044
hiv_aids,catboost,origin_202012,3,precip_l1,0.45745520240734383,0.004574552024073439
hiv_aids,catboost,origin_202012,3,precip_l3,0.5360399479723964,0.005360399479723965
hiv_aids,catboost,origin_202012,3,precip_l12,0.1745062720147052,0.0017450627201470521
hiv_aids,catboost,origin_202012,3,temp_min_l0,0.38448865283664063,0.0038448865283664067
hiv_aids,catboost,origin_202012,3,temp_min_l1,0.33995552699368375,0.003399555269936838
hiv_aids,catboost,origin_202012,3,temp_min_l3,0.3460977726847801,0.003460977726847801
hiv_aids,catboost,origin_202012,3,temp_min_l12,0.6639260206928721,0.006639260206928722
hiv_aids,catboost,origin_202012,3,temp_max_l0,0.536265620076502,0.005362656200765021
hiv_aids,catboost,origin_202012,3,temp_max_l1,0.27667016715625065,0.002766701671562507
hiv_aids,catboost,origin_202012,3,temp_max_l3,0.45574963660375434,0.004557496366037544
hiv_aids,catboost,origin_202012,3,temp_max_l12,0.2727098084104154,0.0027270980841041545
hiv_aids,catboost,origin_202012,3,umid_l0,0.3649987396112874,0.0036499873961128746
hiv_aids,catboost,origin_202012,3,umid_l1,0.5279340147748773,0.005279340147748774
hiv_aids,catboost,origin_202012,3,umid_l3,0.8159774253202351,0.008159774253202351
hiv_aids,catboost,origin_202012,3,umid_l12,0.5365463535592085,0.005365463535592086
hiv_aids,catboost,origin_202012,3,populacao,1.7202014554165879,0.01720201455416588
hiv_aids,catboost,origin_202012,3,dens_demog,2.0467836156292125,0.020467836156292128
hiv_aids,catboost,origin_202012,3,ppc,1.2609688282197609,0.01260968828219761
hiv_aids,catboost,origin_202012,3,urbanizacao,1.297711165897243,0.01297711165897243
hiv_aids,catboost,origin_202012,3,tgt_month,0.16050168908509407,0.0016050168908509409
hiv_aids,catboost,origin_202012,3,mun_id,0.3213463450202576,0.0032134634502025763
hiv_aids,xgboost,origin_202012,3,n_hiv_aids_l0,0.03141709417104721,0.031417086720466614
hiv_aids,xgboost,origin_202012,3,n_hiv_aids_l1,0.0013452762505039573,0.0013452759012579918
hiv_aids,xgboost,origin_202012,3,n_hiv_aids_l2,0.006479721050709486,0.006479719653725624
hiv_aids,xgboost,origin_202012,3,n_hiv_aids_l3,0.008853860199451447,0.008853858336806297
hiv_aids,xgboost,origin_202012,3,n_hiv_aids_l6,0.006299370899796486,0.006299369502812624
hiv_aids,xgboost,origin_202012,3,n_hiv_aids_l12,0.0016866462538018823,0.0016866459045559168
hiv_aids,xgboost,origin_202012,3,n_hiv_aids_l13,0.0013338623102754354,0.00133386196102947
hiv_aids,xgboost,origin_202012,3,n_hiv_aids_r3,0.31961551308631897,0.3196154236793518
hiv_aids,xgboost,origin_202012,3,n_hiv_aids_r6,0.48770707845687866,0.4877069592475891
hiv_aids,xgboost,origin_202012,3,n_hiv_aids_r12,0.08930402249097824,0.08930400013923645
hiv_aids,xgboost,origin_202012,3,evapot_l0,0.0010458765318617225,0.0010458762990310788
hiv_aids,xgboost,origin_202012,3,evapot_l1,0.000871816766448319,0.0008718165336176753
hiv_aids,xgboost,origin_202012,3,evapot_l3,0.0009395183878950775,0.0009395181550644338
hiv_aids,xgboost,origin_202012,3,evapot_l12,0.0025068987160921097,0.0025068980176001787
hiv_aids,xgboost,origin_202012,3,precip_l0,0.0010450090048834682,0.0010450087720528245
hiv_aids,xgboost,origin_202012,3,precip_l1,0.0010898906039074063,0.0010898903710767627
hiv_aids,xgboost,origin_202012,3,precip_l3,0.0013843675842508674,0.0013843672350049019
hiv_aids,xgboost,origin_202012,3,precip_l12,0.0010435903677716851,0.0010435901349410415
hiv_aids,xgboost,origin_202012,3,temp_min_l0,0.000944091472774744,0.0009440912399441004
hiv_aids,xgboost,origin_202012,3,temp_min_l1,0.001411225413903594,0.0014112250646576285
hiv_aids,xgboost,origin_202012,3,temp_min_l3,0.001489807153120637,0.0014898068038746715
hiv_aids,xgboost,origin_202012,3,temp_min_l12,0.0010468836408108473,0.0010468834079802036
hiv_aids,xgboost,origin_202012,3,temp_max_l0,0.0011992726940661669,0.0011992724612355232
hiv_aids,xgboost,origin_202012,3,temp_max_l1,0.0011307734530419111,0.0011307732202112675
hiv_aids,xgboost,origin_202012,3,temp_max_l3,0.0010586738353595138,0.00105867360252887
hiv_aids,xgboost,origin_202012,3,temp_max_l12,0.0012924642069265246,0.0012924638576805592
hiv_aids,xgboost,origin_202012,3,umid_l0,0.0010824286146089435,0.0010824283817782998
hiv_aids,xgboost,origin_202012,3,umid_l1,0.0010403561173006892,0.0010403558844700456
hiv_aids,xgboost,origin_202012,3,umid_l3,0.001182335545308888,0.0011823353124782443
hiv_aids,xgboost,origin_202012,3,umid_l12,0.0010865654330700636,0.00108656520023942
hiv_aids,xgboost,origin_202012,3,populacao,0.002498748479411006,0.002498747780919075
hiv_aids,xgboost,origin_202012,3,dens_demog,0.004666841123253107,0.0046668401919305325
hiv_aids,xgboost,origin_202012,3,ppc,0.001626625657081604,0.0016266253078356385
hiv_aids,xgboost,origin_202012,3,urbanizacao,0.003635808825492859,0.0036358078941702843
hiv_aids,xgboost,origin_202012,3,tgt_month,0.0014328453689813614,0.001432845019735396
hiv_aids,xgboost,origin_202012,3,mun_id,0.00820494070649147,0.008204938843846321
hiv_aids,lgbm,origin_202012,6,n_hiv_aids_l0,111.0,0.0185
hiv_aids,lgbm,origin_202012,6,n_hiv_aids_l1,147.0,0.0245
hiv_aids,lgbm,origin_202012,6,n_hiv_aids_l2,79.0,0.013166666666666667
hiv_aids,lgbm,origin_202012,6,n_hiv_aids_l3,146.0,0.024333333333333332
hiv_aids,lgbm,origin_202012,6,n_hiv_aids_l6,152.0,0.025333333333333333
hiv_aids,lgbm,origin_202012,6,n_hiv_aids_l12,123.0,0.0205
hiv_aids,lgbm,origin_202012,6,n_hiv_aids_l13,122.0,0.02033333333333333
hiv_aids,lgbm,origin_202012,6,n_hiv_aids_r3,194.0,0.03233333333333333
hiv_aids,lgbm,origin_202012,6,n_hiv_aids_r6,141.0,0.0235
hiv_aids,lgbm,origin_202012,6,n_hiv_aids_r12,385.0,0.06416666666666666
hiv_aids,lgbm,origin_202012,6,evapot_l0,144.0,0.024
hiv_aids,lgbm,origin_202012,6,evapot_l1,148.0,0.024666666666666667
hiv_aids,lgbm,origin_202012,6,evapot_l3,126.0,0.021
hiv_aids,lgbm,origin_202012,6,evapot_l12,117.0,0.0195
hiv_aids,lgbm,origin_202012,6,precip_l0,147.0,0.0245
hiv_aids,lgbm,origin_202012,6,precip_l1,185.0,0.030833333333333334
hiv_aids,lgbm,origin_202012,6,precip_l3,143.0,0.023833333333333335
hiv_aids,lgbm,origin_202012,6,precip_l12,135.0,0.0225
hiv_aids,lgbm,origin_202012,6,temp_min_l0,149.0,0.024833333333333332
hiv_aids,lgbm,origin_202012,6,temp_min_l1,115.0,0.019166666666666665
hiv_aids,lgbm,origin_202012,6,temp_min_l3,166.0,0.027666666666666666
hiv_aids,lgbm,origin_202012,6,temp_min_l12,150.0,0.025
hiv_aids,lgbm,origin_202012,6,temp_max_l0,129.0,0.0215
hiv_aids,lgbm,origin_202012,6,temp_max_l1,122.0,0.02033333333333333
hiv_aids,lgbm,origin_202012,6,temp_max_l3,123.0,0.0205
hiv_aids,lgbm,origin_202012,6,temp_max_l12,138.0,0.023
hiv_aids,lgbm,origin_202012,6,umid_l0,206.0,0.034333333333333334
hiv_aids,lgbm,origin_202012,6,umid_l1,191.0,0.03183333333333333
hiv_aids,lgbm,origin_202012,6,umid_l3,182.0,0.030333333333333334
hiv_aids,lgbm,origin_202012,6,umid_l12,95.0,0.015833333333333335
hiv_aids,lgbm,origin_202012,6,populacao,238.0,0.03966666666666667
hiv_aids,lgbm,origin_202012,6,dens_demog,155.0,0.025833333333333333
hiv_aids,lgbm,origin_202012,6,ppc,363.0,0.0605
hiv_aids,lgbm,origin_202012,6,urbanizacao,300.0,0.05
hiv_aids,lgbm,origin_202012,6,tgt_month,99.0,0.0165
hiv_aids,lgbm,origin_202012,6,mun_id,334.0,0.05566666666666667
hiv_aids,catboost,origin_202012,6,n_hiv_aids_l0,1.7349583512656217,0.017349583512656218
hiv_aids,catboost,origin_202012,6,n_hiv_aids_l1,4.218592442494013,0.04218592442494013
hiv_aids,catboost,origin_202012,6,n_hiv_aids_l2,6.547152654345043,0.06547152654345043
hiv_aids,catboost,origin_202012,6,n_hiv_aids_l3,6.830534160451319,0.0683053416045132
hiv_aids,catboost,origin_202012,6,n_hiv_aids_l6,1.2421017019976226,0.012421017019976227
hiv_aids,catboost,origin_202012,6,n_hiv_aids_l12,1.29860727718377,0.0129860727718377
hiv_aids,catboost,origin_202012,6,n_hiv_aids_l13,6.748013568328663,0.06748013568328663
hiv_aids,catboost,origin_202012,6,n_hiv_aids_r3,6.069493893418535,0.06069493893418535
hiv_aids,catboost,origin_202012,6,n_hiv_aids_r6,22.12372063387865,0.22123720633878652
hiv_aids,catboost,origin_202012,6,n_hiv_aids_r12,18.778799430663412,0.18778799430663412
hiv_aids,catboost,origin_202012,6,evapot_l0,0.4005725606320605,0.004005725606320605
hiv_aids,catboost,origin_202012,6,evapot_l1,0.3316727721659466,0.003316727721659466
hiv_aids,catboost,origin_202012,6,evapot_l3,0.3278627292606985,0.0032786272926069848
hiv_aids,catboost,origin_202012,6,evapot_l12,0.4185906890631281,0.004185906890631281
hiv_aids,catboost,origin_202012,6,precip_l0,0.5365984453085153,0.0053659844530851535
hiv_aids,catboost,origin_202012,6,precip_l1,0.5514858936680663,0.005514858936680664
hiv_aids,catboost,origin_202012,6,precip_l3,0.3401234070783608,0.003401234070783608
hiv_aids,catboost,origin_202012,6,precip_l12,0.5113794136391024,0.005113794136391025
hiv_aids,catboost,origin_202012,6,temp_min_l0,0.3153564939736637,0.0031535649397366372
hiv_aids,catboost,origin_202012,6,temp_min_l1,0.2631795921280744,0.002631795921280744
hiv_aids,catboost,origin_202012,6,temp_min_l3,0.47540292457939,0.0047540292457939
hiv_aids,catboost,origin_202012,6,temp_min_l12,0.43359569842427936,0.004335956984242793
hiv_aids,catboost,origin_202012,6,temp_max_l0,0.5301109103800344,0.005301109103800344
hiv_aids,catboost,origin_202012,6,temp_max_l1,0.4202156355508048,0.004202156355508049
hiv_aids,catboost,origin_202012,6,temp_max_l3,0.45720226026599287,0.004572022602659928
hiv_aids,catboost,origin_202012,6,temp_max_l12,0.30621990055227444,0.0030621990055227444
hiv_aids,catboost,origin_202012,6,umid_l0,0.5508444855764278,0.005508444855764278
hiv_aids,catboost,origin_202012,6,umid_l1,0.3570793423229285,0.003570793423229285
hiv_aids,catboost,origin_202012,6,umid_l3,0.5655903300426737,0.005655903300426737
hiv_aids,catboost,origin_202012,6,umid_l12,0.3429906962425829,0.0034299069624258286
hiv_aids,catboost,origin_202012,6,populacao,7.142313592620509,0.07142313592620508
hiv_aids,catboost,origin_202012,6,dens_demog,2.4843546683618656,0.024843546683618656
hiv_aids,catboost,origin_202012,6,ppc,1.9752596241036942,0.01975259624103694
hiv_aids,catboost,origin_202012,6,urbanizacao,3.6491145794731863,0.036491145794731866
hiv_aids,catboost,origin_202012,6,tgt_month,0.13932995275198198,0.00139329952751982
hiv_aids,catboost,origin_202012,6,mun_id,0.5815792878071218,0.0058157928780712175
hiv_aids,xgboost,origin_202012,6,n_hiv_aids_l0,0.027266651391983032,0.027266651391983032
hiv_aids,xgboost,origin_202012,6,n_hiv_aids_l1,0.009888676926493645,0.009888676926493645
hiv_aids,xgboost,origin_202012,6,n_hiv_aids_l2,0.00115875038318336,0.00115875038318336
hiv_aids,xgboost,origin_202012,6,n_hiv_aids_l3,0.006601874716579914,0.006601874716579914
hiv_aids,xgboost,origin_202012,6,n_hiv_aids_l6,0.0025192031171172857,0.0025192031171172857
hiv_aids,xgboost,origin_202012,6,n_hiv_aids_l12,0.014158125035464764,0.014158125035464764
hiv_aids,xgboost,origin_202012,6,n_hiv_aids_l13,0.0014709614915773273,0.0014709614915773273
hiv_aids,xgboost,origin_202012,6,n_hiv_aids_r3,0.4332234561443329,0.4332234561443329
hiv_aids,xgboost,origin_202012,6,n_hiv_aids_r6,0.37358251214027405,0.37358251214027405
hiv_aids,xgboost,origin_202012,6,n_hiv_aids_r12,0.08947240561246872,0.08947240561246872
hiv_aids,xgboost,origin_202012,6,evapot_l0,0.000903489300981164,0.000903489300981164
hiv_aids,xgboost,origin_202012,6,evapot_l1,0.0009039753349497914,0.0009039753349497914
hiv_aids,xgboost,origin_202012,6,evapot_l3,0.0007820440805517137,0.0007820440805517137
hiv_aids,xgboost,origin_202012,6,evapot_l12,0.001057143323123455,0.001057143323123455
hiv_aids,xgboost,origin_202012,6,precip_l0,0.0012026228941977024,0.0012026228941977024
hiv_aids,xgboost,origin_202012,6,precip_l1,0.0010634306818246841,0.0010634306818246841
hiv_aids,xgboost,origin_202012,6,precip_l3,0.0007555346237495542,0.0007555346237495542
hiv_aids,xgboost,origin_202012,6,precip_l12,0.0010513854213058949,0.0010513854213058949
hiv_aids,xgboost,origin_202012,6,temp_min_l0,0.0010011749109253287,0.0010011749109253287
hiv_aids,xgboost,origin_202012,6,temp_min_l1,0.0009497175924479961,0.0009497175924479961
hiv_aids,xgboost,origin_202012,6,temp_min_l3,0.0008603516034781933,0.0008603516034781933
hiv_aids,xgboost,origin_202012,6,temp_min_l12,0.0011809408897534013,0.0011809408897534013
hiv_aids,xgboost,origin_202012,6,temp_max_l0,0.0012042298913002014,0.0012042298913002014
hiv_aids,xgboost,origin_202012,6,temp_max_l1,0.0013242062414065003,0.0013242062414065003
hiv_aids,xgboost,origin_202012,6,temp_max_l3,0.0010964622488245368,0.0010964622488245368
hiv_aids,xgboost,origin_202012,6,temp_max_l12,0.001162093598395586,0.001162093598395586
hiv_aids,xgboost,origin_202012,6,umid_l0,0.000964556762482971,0.000964556762482971
hiv_aids,xgboost,origin_202012,6,umid_l1,0.0009944923222064972,0.0009944923222064972
hiv_aids,xgboost,origin_202012,6,umid_l3,0.0008613822283223271,0.0008613822283223271
hiv_aids,xgboost,origin_202012,6,umid_l12,0.0008768665720708668,0.0008768665720708668
hiv_aids,xgboost,origin_202012,6,populacao,0.005710669327527285,0.005710669327527285
hiv_aids,xgboost,origin_202012,6,dens_demog,0.00445692241191864,0.00445692241191864
hiv_aids,xgboost,origin_202012,6,ppc,0.0023212358355522156,0.0023212358355522156
hiv_aids,xgboost,origin_202012,6,urbanizacao,0.0043886457569897175,0.0043886457569897175
hiv_aids,xgboost,origin_202012,6,tgt_month,0.0014578262344002724,0.0014578262344002724
hiv_aids,xgboost,origin_202012,6,mun_id,0.002125959610566497,0.002125959610566497
hiv_aids,lgbm,origin_202012,12,n_hiv_aids_l0,122.0,0.02033333333333333
hiv_aids,lgbm,origin_202012,12,n_hiv_aids_l1,116.0,0.019333333333333334
hiv_aids,lgbm,origin_202012,12,n_hiv_aids_l2,73.0,0.012166666666666666
hiv_aids,lgbm,origin_202012,12,n_hiv_aids_l3,82.0,0.013666666666666667
hiv_aids,lgbm,origin_202012,12,n_hiv_aids_l6,109.0,0.018166666666666668
hiv_aids,lgbm,origin_202012,12,n_hiv_aids_l12,140.0,0.023333333333333334
hiv_aids,lgbm,origin_202012,12,n_hiv_aids_l13,163.0,0.027166666666666665
hiv_aids,lgbm,origin_202012,12,n_hiv_aids_r3,101.0,0.016833333333333332
hiv_aids,lgbm,origin_202012,12,n_hiv_aids_r6,176.0,0.029333333333333333
hiv_aids,lgbm,origin_202012,12,n_hiv_aids_r12,446.0,0.07433333333333333
hiv_aids,lgbm,origin_202012,12,evapot_l0,117.0,0.0195
hiv_aids,lgbm,origin_202012,12,evapot_l1,119.0,0.019833333333333335
hiv_aids,lgbm,origin_202012,12,evapot_l3,131.0,0.021833333333333333
hiv_aids,lgbm,origin_202012,12,evapot_l12,181.0,0.030166666666666668
hiv_aids,lgbm,origin_202012,12,precip_l0,127.0,0.021166666666666667
hiv_aids,lgbm,origin_202012,12,precip_l1,120.0,0.02
hiv_aids,lgbm,origin_202012,12,precip_l3,158.0,0.026333333333333334
hiv_aids,lgbm,origin_202012,12,precip_l12,142.0,0.023666666666666666
hiv_aids,lgbm,origin_202012,12,temp_min_l0,114.0,0.019
hiv_aids,lgbm,origin_202012,12,temp_min_l1,110.0,0.018333333333333333
hiv_aids,lgbm,origin_202012,12,temp_min_l3,186.0,0.031
hiv_aids,lgbm,origin_202012,12,temp_min_l12,146.0,0.024333333333333332
hiv_aids,lgbm,origin_202012,12,temp_max_l0,121.0,0.020166666666666666
hiv_aids,lgbm,origin_202012,12,temp_max_l1,110.0,0.018333333333333333
hiv_aids,lgbm,origin_202012,12,temp_max_l3,121.0,0.020166666666666666
hiv_aids,lgbm,origin_202012,12,temp_max_l12,137.0,0.022833333333333334
hiv_aids,lgbm,origin_202012,12,umid_l0,136.0,0.02266666666666667
hiv_aids,lgbm,origin_202012,12,umid_l1,190.0,0.03166666666666667
hiv_aids,lgbm,origin_202012,12,umid_l3,178.0,0.029666666666666668
hiv_aids,lgbm,origin_202012,12,umid_l12,136.0,0.02266666666666667
hiv_aids,lgbm,origin_202012,12,populacao,328.0,0.05466666666666667
hiv_aids,lgbm,origin_202012,12,dens_demog,227.0,0.03783333333333333
hiv_aids,lgbm,origin_202012,12,ppc,426.0,0.071
hiv_aids,lgbm,origin_202012,12,urbanizacao,279.0,0.0465
hiv_aids,lgbm,origin_202012,12,tgt_month,76.0,0.012666666666666666
hiv_aids,lgbm,origin_202012,12,mun_id,356.0,0.059333333333333335
hiv_aids,catboost,origin_202012,12,n_hiv_aids_l0,0.729830956001389,0.007298309560013887
hiv_aids,catboost,origin_202012,12,n_hiv_aids_l1,2.616510100529075,0.02616510100529074
hiv_aids,catboost,origin_202012,12,n_hiv_aids_l2,3.788663457432866,0.03788663457432864
hiv_aids,catboost,origin_202012,12,n_hiv_aids_l3,1.3716581338710194,0.013716581338710189
hiv_aids,catboost,origin_202012,12,n_hiv_aids_l6,0.6445665454696735,0.006445665454696732
hiv_aids,catboost,origin_202012,12,n_hiv_aids_l12,4.47827984203373,0.044782798420337284
hiv_aids,catboost,origin_202012,12,n_hiv_aids_l13,5.460183823874873,0.05460183823874871
hiv_aids,catboost,origin_202012,12,n_hiv_aids_r3,13.27458145788828,0.13274581457888274
hiv_aids,catboost,origin_202012,12,n_hiv_aids_r6,14.651363044182697,0.14651363044182691
hiv_aids,catboost,origin_202012,12,n_hiv_aids_r12,30.445409312437896,0.3044540931243788
hiv_aids,catboost,origin_202012,12,evapot_l0,0.11006194631469758,0.0011006194631469754
hiv_aids,catboost,origin_202012,12,evapot_l1,0.24569459966424093,0.0024569459966424082
hiv_aids,catboost,origin_202012,12,evapot_l3,0.2793822317855021,0.0027938223178550197
hiv_aids,catboost,origin_202012,12,evapot_l12,0.4330502130771215,0.004330502130771213
hiv_aids,catboost,origin_202012,12,precip_l0,0.2890747183204827,0.002890747183204826
hiv_aids,catboost,origin_202012,12,precip_l1,0.3788423778861856,0.0037884237788618543
hiv_aids,catboost,origin_202012,12,precip_l3,0.40820827188140046,0.004082082718814003
hiv_aids,catboost,origin_202012,12,precip_l12,0.34551830506954095,0.003455183050695408
hiv_aids,catboost,origin_202012,12,temp_min_l0,0.4836715236323147,0.004836715236323145
hiv_aids,catboost,origin_202012,12,temp_min_l1,0.2187123153855155,0.002187123153855154
hiv_aids,catboost,origin_202012,12,temp_min_l3,0.5115780263579242,0.0051157802635792395
hiv_aids,catboost,origin_202012,12,temp_min_l12,0.38828974664614885,0.003882897466461487
hiv_aids,catboost,origin_202012,12,temp_max_l0,0.31943243713922886,0.0031943243713922873
hiv_aids,catboost,origin_202012,12,temp_max_l1,0.16472974899388956,0.0016472974899388948
hiv_aids,catboost,origin_202012,12,temp_max_l3,0.21823523418491944,0.0021823523418491933
hiv_aids,catboost,origin_202012,12,temp_max_l12,0.3239222673215007,0.003239222673215006
hiv_aids,catboost,origin_202012,12,umid_l0,0.46578864247313034,0.004657886424731301
hiv_aids,catboost,origin_202012,12,umid_l1,0.43799570019227935,0.004379957001922791
hiv_aids,catboost,origin_202012,12,umid_l3,0.4473704023000658,0.004473704023000656
hiv_aids,catboost,origin_202012,12,umid_l12,0.42512368382096893,0.004251236838209688
hiv_aids,catboost,origin_202012,12,populacao,4.48123776084097,0.04481237760840968
hiv_aids,catboost,origin_202012,12,dens_demog,4.658050597364273,0.04658050597364271
hiv_aids,catboost,origin_202012,12,ppc,3.3794831428817007,0.03379483142881699
hiv_aids,catboost,origin_202012,12,urbanizacao,2.5119543117630516,0.025119543117630507
hiv_aids,catboost,origin_202012,12,tgt_month,0.09187523097709534,0.000918752309770953
hiv_aids,catboost,origin_202012,12,mun_id,0.5216698900043729,0.005216698900043727
hiv_aids,xgboost,origin_202012,12,n_hiv_aids_l0,0.05395611748099327,0.053956110030412674
hiv_aids,xgboost,origin_202012,12,n_hiv_aids_l1,0.007071967702358961,0.0070719667710363865
hiv_aids,xgboost,origin_202012,12,n_hiv_aids_l2,0.0007780736195854843,0.0007780735031701624
hiv_aids,xgboost,origin_202012,12,n_hiv_aids_l3,0.0011627657804638147,0.001162765664048493
hiv_aids,xgboost,origin_202012,12,n_hiv_aids_l6,0.0019415291026234627,0.001941528869792819
hiv_aids,xgboost,origin_202012,12,n_hiv_aids_l12,0.001970132812857628,0.001970132580026984
hiv_aids,xgboost,origin_202012,12,n_hiv_aids_l13,0.01326763816177845,0.0132676362991333
hiv_aids,xgboost,origin_202012,12,n_hiv_aids_r3,0.381786584854126,0.3817865252494812
hiv_aids,xgboost,origin_202012,12,n_hiv_aids_r6,0.39969155192375183,0.39969149231910706
hiv_aids,xgboost,origin_202012,12,n_hiv_aids_r12,0.08044718205928802,0.08044717460870743
hiv_aids,xgboost,origin_202012,12,evapot_l0,0.0007152308826334774,0.0007152308244258165
hiv_aids,xgboost,origin_202012,12,evapot_l1,0.0008210990927182138,0.000821098976302892
hiv_aids,xgboost,origin_202012,12,evapot_l3,0.0009028749773278832,0.0009028748609125614
hiv_aids,xgboost,origin_202012,12,evapot_l12,0.0010638368548825383,0.0010638367384672165
hiv_aids,xgboost,origin_202012,12,precip_l0,0.0008589649223722517,0.0008589648059569299
hiv_aids,xgboost,origin_202012,12,precip_l1,0.0009667716221883893,0.0009667715057730675
hiv_aids,xgboost,origin_202012,12,precip_l3,0.0007522336672991514,0.0007522335508838296
hiv_aids,xgboost,origin_202012,12,precip_l12,0.0011317729949951172,0.0011317728785797954
hiv_aids,xgboost,origin_202012,12,temp_min_l0,0.0008940809639170766,0.0008940808475017548
hiv_aids,xgboost,origin_202012,12,temp_min_l1,0.0008419889491051435,0.0008419888326898217
hiv_aids,xgboost,origin_202012,12,temp_min_l3,0.0008427256252616644,0.0008427255088463426
hiv_aids,xgboost,origin_202012,12,temp_min_l12,0.0010697680991142988,0.001069767982698977
hiv_aids,xgboost,origin_202012,12,temp_max_l0,0.0011868617730215192,0.0011868616566061974
hiv_aids,xgboost,origin_202012,12,temp_max_l1,0.0015221192734315991,0.0015221190406009555
hiv_aids,xgboost,origin_202012,12,temp_max_l3,0.0010727264452725649,0.001072726328857243
hiv_aids,xgboost,origin_202012,12,temp_max_l12,0.0008363582310266793,0.0008363581146113575
hiv_aids,xgboost,origin_202012,12,umid_l0,0.0009423045557923615,0.0009423044393770397
hiv_aids,xgboost,origin_202012,12,umid_l1,0.000739454641006887,0.0007394545245915651
hiv_aids,xgboost,origin_202012,12,umid_l3,0.0011193096870556474,0.0011193095706403255
hiv_aids,xgboost,origin_202012,12,umid_l12,0.0007466796669177711,0.0007466795505024493
hiv_aids,xgboost,origin_202012,12,populacao,0.01184004731476307,0.01184004545211792
hiv_aids,xgboost,origin_202012,12,dens_demog,0.005499836523085833,0.005499836057424545
hiv_aids,xgboost,origin_202012,12,ppc,0.004033561795949936,0.004033561330288649
hiv_aids,xgboost,origin_202012,12,urbanizacao,0.0032105925492942333,0.003210592083632946
hiv_aids,xgboost,origin_202012,12,tgt_month,0.0013140218798071146,0.0013140217633917928
hiv_aids,xgboost,origin_202012,12,mun_id,0.013001229614019394,0.013001227751374245
hiv_aids,lgbm,origin_202112,1,n_hiv_aids_l0,283.0,0.04716666666666667
hiv_aids,lgbm,origin_202112,1,n_hiv_aids_l1,180.0,0.03
hiv_aids,lgbm,origin_202112,1,n_hiv_aids_l2,161.0,0.026833333333333334
hiv_aids,lgbm,origin_202112,1,n_hiv_aids_l3,101.0,0.016833333333333332
hiv_aids,lgbm,origin_202112,1,n_hiv_aids_l6,190.0,0.03166666666666667
hiv_aids,lgbm,origin_202112,1,n_hiv_aids_l12,204.0,0.034
hiv_aids,lgbm,origin_202112,1,n_hiv_aids_l13,163.0,0.027166666666666665
hiv_aids,lgbm,origin_202112,1,n_hiv_aids_r3,324.0,0.054
hiv_aids,lgbm,origin_202112,1,n_hiv_aids_r6,204.0,0.034
hiv_aids,lgbm,origin_202112,1,n_hiv_aids_r12,295.0,0.049166666666666664
hiv_aids,lgbm,origin_202112,1,evapot_l0,109.0,0.018166666666666668
hiv_aids,lgbm,origin_202112,1,evapot_l1,99.0,0.0165
hiv_aids,lgbm,origin_202112,1,evapot_l3,96.0,0.016
hiv_aids,lgbm,origin_202112,1,evapot_l12,128.0,0.021333333333333333
hiv_aids,lgbm,origin_202112,1,precip_l0,195.0,0.0325
hiv_aids,lgbm,origin_202112,1,precip_l1,124.0,0.020666666666666667
hiv_aids,lgbm,origin_202112,1,precip_l3,250.0,0.041666666666666664
hiv_aids,lgbm,origin_202112,1,precip_l12,148.0,0.024666666666666667
hiv_aids,lgbm,origin_202112,1,temp_min_l0,125.0,0.020833333333333332
hiv_aids,lgbm,origin_202112,1,temp_min_l1,167.0,0.027833333333333335
hiv_aids,lgbm,origin_202112,1,temp_min_l3,159.0,0.0265
hiv_aids,lgbm,origin_202112,1,temp_min_l12,146.0,0.024333333333333332
hiv_aids,lgbm,origin_202112,1,temp_max_l0,146.0,0.024333333333333332
hiv_aids,lgbm,origin_202112,1,temp_max_l1,128.0,0.021333333333333333
hiv_aids,lgbm,origin_202112,1,temp_max_l3,141.0,0.0235
hiv_aids,lgbm,origin_202112,1,temp_max_l12,142.0,0.023666666666666666
hiv_aids,lgbm,origin_202112,1,umid_l0,167.0,0.027833333333333335
hiv_aids,lgbm,origin_202112,1,umid_l1,149.0,0.024833333333333332
hiv_aids,lgbm,origin_202112,1,umid_l3,186.0,0.031
hiv_aids,lgbm,origin_202112,1,umid_l12,177.0,0.0295
hiv_aids,lgbm,origin_202112,1,populacao,120.0,0.02
hiv_aids,lgbm,origin_202112,1,dens_demog,75.0,0.0125
hiv_aids,lgbm,origin_202112,1,ppc,178.0,0.029666666666666668
hiv_aids,lgbm,origin_202112,1,urbanizacao,104.0,0.017333333333333333
hiv_aids,lgbm,origin_202112,1,tgt_month,142.0,0.023666666666666666
hiv_aids,lgbm,origin_202112,1,mun_id,294.0,0.049
hiv_aids,catboost,origin_202112,1,n_hiv_aids_l0,4.104252506744713,0.04104252506744711
hiv_aids,catboost,origin_202112,1,n_hiv_aids_l1,6.293920561523781,0.06293920561523779
hiv_aids,catboost,origin_202112,1,n_hiv_aids_l2,5.154609684434872,0.0515460968443487
hiv_aids,catboost,origin_202112,1,n_hiv_aids_l3,0.6443059128372223,0.00644305912837222
hiv_aids,catboost,origin_202112,1,n_hiv_aids_l6,6.247614273966204,0.06247614273966201
hiv_aids,catboost,origin_202112,1,n_hiv_aids_l12,2.2452080749594785,0.022452080749594774
hiv_aids,catboost,origin_202112,1,n_hiv_aids_l13,1.3106052049465233,0.013106052049465227
hiv_aids,catboost,origin_202112,1,n_hiv_aids_r3,35.91043425932171,0.35910434259321694
hiv_aids,catboost,origin_202112,1,n_hiv_aids_r6,13.747735214219906,0.137477352142199
hiv_aids,catboost,origin_202112,1,n_hiv_aids_r12,11.210412044115962,0.11210412044115957
hiv_aids,catboost,origin_202112,1,evapot_l0,0.17714019708082646,0.0017714019708082638
hiv_aids,catboost,origin_202112,1,evapot_l1,0.3010796458799023,0.003010796458799022
hiv_aids,catboost,origin_202112,1,evapot_l3,0.36471808214367823,0.003647180821436781
hiv_aids,catboost,origin_202112,1,evapot_l12,0.36322386084111463,0.0036322386084111447
hiv_aids,catboost,origin_202112,1,precip_l0,0.4116452462999094,0.004116452462999092
hiv_aids,catboost,origin_202112,1,precip_l1,0.32816075633032965,0.0032816075633032953
hiv_aids,catboost,origin_202112,1,precip_l3,0.39626290791531155,0.003962629079153113
hiv_aids,catboost,origin_202112,1,precip_l12,0.13268430859119246,0.001326843085911924
hiv_aids,catboost,origin_202112,1,temp_min_l0,0.2622364602976672,0.0026223646029766706
hiv_aids,catboost,origin_202112,1,temp_min_l1,0.6740827935565994,0.0067408279355659914
hiv_aids,catboost,origin_202112,1,temp_min_l3,0.21397773043437887,0.002139777304343788
hiv_aids,catboost,origin_202112,1,temp_min_l12,0.31808150937381074,0.0031808150937381063
hiv_aids,catboost,origin_202112,1,temp_max_l0,0.37438552655617,0.0037438552655616984
hiv_aids,catboost,origin_202112,1,temp_max_l1,0.25346292973860424,0.002534629297386041
hiv_aids,catboost,origin_202112,1,temp_max_l3,0.41455720720919687,0.004145572072091967
hiv_aids,catboost,origin_202112,1,temp_max_l12,0.5207358084561013,0.0052073580845610114
hiv_aids,catboost,origin_202112,1,umid_l0,0.5139414953651151,0.0051394149536511495
hiv_aids,catboost,origin_202112,1,umid_l1,0.3986255980568865,0.003986255980568863
hiv_aids,catboost,origin_202112,1,umid_l3,0.37310246221119603,0.0037310246221119586
hiv_aids,catboost,origin_202112,1,umid_l12,0.35618826476050064,0.003561882647605005
hiv_aids,catboost,origin_202112,1,populacao,1.8799966528382406,0.018799966528382398
hiv_aids,catboost,origin_202112,1,dens_demog,1.678633143817833,0.01678633143817832
hiv_aids,catboost,origin_202112,1,ppc,0.6345919721575766,0.006345919721575763
hiv_aids,catboost,origin_202112,1,urbanizacao,1.579458632253341,0.015794586322533402
hiv_aids,catboost,origin_202112,1,tgt_month,0.14531461930385045,0.0014531461930385038
hiv_aids,catboost,origin_202112,1,mun_id,0.06461445146031392,0.0006461445146031388
hiv_aids,xgboost,origin_202112,1,n_hiv_aids_l0,0.03191863000392914,0.03191863372921944
hiv_aids,xgboost,origin_202112,1,n_hiv_aids_l1,0.0027154304552823305,0.002715430688112974
hiv_aids,xgboost,origin_202112,1,n_hiv_aids_l2,0.004273050464689732,0.004273050930351019
hiv_aids,xgboost,origin_202112,1,n_hiv_aids_l3,0.0013313271338120103,0.0013313272502273321
hiv_aids,xgboost,origin_202112,1,n_hiv_aids_l6,0.0038995426148176193,0.0038995430804789066
hiv_aids,xgboost,origin_202112,1,n_hiv_aids_l12,0.002660777885466814,0.0026607781182974577
hiv_aids,xgboost,origin_202112,1,n_hiv_aids_l13,0.0014992259675636888,0.0014992262003943324
hiv_aids,xgboost,origin_202112,1,n_hiv_aids_r3,0.46657928824424744,0.4665793478488922
hiv_aids,xgboost,origin_202112,1,n_hiv_aids_r6,0.30794471502304077,0.30794474482536316
hiv_aids,xgboost,origin_202112,1,n_hiv_aids_r12,0.14032889902591705,0.14032891392707825
hiv_aids,xgboost,origin_202112,1,evapot_l0,0.0009357593953609467,0.0009357595117762685
hiv_aids,xgboost,origin_202112,1,evapot_l1,0.0010688640177249908,0.0010688641341403127
hiv_aids,xgboost,origin_202112,1,evapot_l3,0.0009051382075995207,0.0009051383240148425
hiv_aids,xgboost,origin_202112,1,evapot_l12,0.001122876419685781,0.0011228765361011028
hiv_aids,xgboost,origin_202112,1,precip_l0,0.001428681774996221,0.001428681891411543
hiv_aids,xgboost,origin_202112,1,precip_l1,0.0010781862074509263,0.0010781863238662481
hiv_aids,xgboost,origin_202112,1,precip_l3,0.0010509045096114278,0.0010509046260267496
hiv_aids,xgboost,origin_202112,1,precip_l12,0.0010437676683068275,0.0010437677847221494
hiv_aids,xgboost,origin_202112,1,temp_min_l0,0.0009354007197543979,0.0009354008361697197
hiv_aids,xgboost,origin_202112,1,temp_min_l1,0.0012958907755091786,0.0012958908919245005
hiv_aids,xgboost,origin_202112,1,temp_min_l3,0.0011120112612843513,0.0011120113776996732
hiv_aids,xgboost,origin_202112,1,temp_min_l12,0.0009225113899447024,0.0009225115063600242
hiv_aids,xgboost,origin_202112,1,temp_max_l0,0.0011807128321379423,0.0011807129485532641
hiv_aids,xgboost,origin_202112,1,temp_max_l1,0.0011171307414770126,0.0011171308578923345
hiv_aids,xgboost,origin_202112,1,temp_max_l3,0.0010108202695846558,0.0010108203859999776
hiv_aids,xgboost,origin_202112,1,temp_max_l12,0.0013461410999298096,0.0013461412163451314
hiv_aids,xgboost,origin_202112,1,umid_l0,0.001096545485779643,0.0010965456021949649
hiv_aids,xgboost,origin_202112,1,umid_l1,0.0010162113467231393,0.0010162114631384611
hiv_aids,xgboost,origin_202112,1,umid_l3,0.0010561764938756824,0.0010561766102910042
hiv_aids,xgboost,origin_202112,1,umid_l12,0.0009745510760694742,0.000974551192484796
hiv_aids,xgboost,origin_202112,1,populacao,0.006346465088427067,0.006346466019749641
hiv_aids,xgboost,origin_202112,1,dens_demog,0.0027881842106580734,0.002788184443488717
hiv_aids,xgboost,origin_202112,1,ppc,0.0016963569214567542,0.0016963571542873979
hiv_aids,xgboost,origin_202112,1,urbanizacao,0.0011701182229444385,0.0011701183393597603
hiv_aids,xgboost,origin_202112,1,tgt_month,0.001740327337756753,0.0017403275705873966
hiv_aids,xgboost,origin_202112,1,mun_id,0.0014093522913753986,0.0014093524077907205
hiv_aids,lgbm,origin_202112,3,n_hiv_aids_l0,209.0,0.034833333333333334
hiv_aids,lgbm,origin_202112,3,n_hiv_aids_l1,75.0,0.0125
hiv_aids,lgbm,origin_202112,3,n_hiv_aids_l2,145.0,0.024166666666666666
hiv_aids,lgbm,origin_202112,3,n_hiv_aids_l3,70.0,0.011666666666666667
hiv_aids,lgbm,origin_202112,3,n_hiv_aids_l6,174.0,0.029
hiv_aids,lgbm,origin_202112,3,n_hiv_aids_l12,184.0,0.030666666666666665
hiv_aids,lgbm,origin_202112,3,n_hiv_aids_l13,111.0,0.0185
hiv_aids,lgbm,origin_202112,3,n_hiv_aids_r3,214.0,0.035666666666666666
hiv_aids,lgbm,origin_202112,3,n_hiv_aids_r6,201.0,0.0335
hiv_aids,lgbm,origin_202112,3,n_hiv_aids_r12,341.0,0.05683333333333333
hiv_aids,lgbm,origin_202112,3,evapot_l0,112.0,0.018666666666666668
hiv_aids,lgbm,origin_202112,3,evapot_l1,152.0,0.025333333333333333
hiv_aids,lgbm,origin_202112,3,evapot_l3,120.0,0.02
hiv_aids,lgbm,origin_202112,3,evapot_l12,143.0,0.023833333333333335
hiv_aids,lgbm,origin_202112,3,precip_l0,192.0,0.032
hiv_aids,lgbm,origin_202112,3,precip_l1,180.0,0.03
hiv_aids,lgbm,origin_202112,3,precip_l3,188.0,0.03133333333333333
hiv_aids,lgbm,origin_202112,3,precip_l12,150.0,0.025
hiv_aids,lgbm,origin_202112,3,temp_min_l0,154.0,0.025666666666666667
hiv_aids,lgbm,origin_202112,3,temp_min_l1,150.0,0.025
hiv_aids,lgbm,origin_202112,3,temp_min_l3,163.0,0.027166666666666665
hiv_aids,lgbm,origin_202112,3,temp_min_l12,146.0,0.024333333333333332
hiv_aids,lgbm,origin_202112,3,temp_max_l0,128.0,0.021333333333333333
hiv_aids,lgbm,origin_202112,3,temp_max_l1,128.0,0.021333333333333333
hiv_aids,lgbm,origin_202112,3,temp_max_l3,117.0,0.0195
hiv_aids,lgbm,origin_202112,3,temp_max_l12,147.0,0.0245
hiv_aids,lgbm,origin_202112,3,umid_l0,149.0,0.024833333333333332
hiv_aids,lgbm,origin_202112,3,umid_l1,187.0,0.031166666666666665
hiv_aids,lgbm,origin_202112,3,umid_l3,166.0,0.027666666666666666
hiv_aids,lgbm,origin_202112,3,umid_l12,168.0,0.028
hiv_aids,lgbm,origin_202112,3,populacao,180.0,0.03
hiv_aids,lgbm,origin_202112,3,dens_demog,131.0,0.021833333333333333
hiv_aids,lgbm,origin_202112,3,ppc,261.0,0.0435
hiv_aids,lgbm,origin_202112,3,urbanizacao,197.0,0.03283333333333333
hiv_aids,lgbm,origin_202112,3,tgt_month,123.0,0.0205
hiv_aids,lgbm,origin_202112,3,mun_id,344.0,0.05733333333333333
hiv_aids,catboost,origin_202112,3,n_hiv_aids_l0,5.90901402179474,0.05909014021794739
hiv_aids,catboost,origin_202112,3,n_hiv_aids_l1,3.466022711671689,0.03466022711671688
hiv_aids,catboost,origin_202112,3,n_hiv_aids_l2,1.5980592043904802,0.015980592043904798
hiv_aids,catboost,origin_202112,3,n_hiv_aids_l3,9.926348304636447,0.09926348304636444
hiv_aids,catboost,origin_202112,3,n_hiv_aids_l6,0.7179550280325615,0.007179550280325613
hiv_aids,catboost,origin_202112,3,n_hiv_aids_l12,5.312096591091041,0.0531209659109104
hiv_aids,catboost,origin_202112,3,n_hiv_aids_l13,5.219109430587631,0.0521910943058763
hiv_aids,catboost,origin_202112,3,n_hiv_aids_r3,16.322968680913494,0.16322968680913488
hiv_aids,catboost,origin_202112,3,n_hiv_aids_r6,16.68173592583971,0.16681735925839705
hiv_aids,catboost,origin_202112,3,n_hiv_aids_r12,20.21798752525521,0.20217987525255204
hiv_aids,catboost,origin_202112,3,evapot_l0,0.1141514183380246,0.0011415141833802456
hiv_aids,catboost,origin_202112,3,evapot_l1,0.2730475655002548,0.002730475655002547
hiv_aids,catboost,origin_202112,3,evapot_l3,0.42852598481697307,0.004285259848169729
hiv_aids,catboost,origin_202112,3,evapot_l12,0.5164529896543336,0.0051645298965433345
hiv_aids,catboost,origin_202112,3,precip_l0,0.29932871776649894,0.0029932871776649885
hiv_aids,catboost,origin_202112,3,precip_l1,0.37181651732403204,0.0037181651732403195
hiv_aids,catboost,origin_202112,3,precip_l3,0.5715361837120948,0.005715361837120947
hiv_aids,catboost,origin_202112,3,precip_l12,0.3251656159025769,0.003251656159025768
hiv_aids,catboost,origin_202112,3,temp_min_l0,0.37303034227619897,0.0037303034227619885
hiv_aids,catboost,origin_202112,3,temp_min_l1,0.2618335648747676,0.0026183356487476752
hiv_aids,catboost,origin_202112,3,temp_min_l3,0.44996897272387093,0.004499689727238708
hiv_aids,catboost,origin_202112,3,temp_min_l12,0.44164537090790584,0.0044164537090790575
hiv_aids,catboost,origin_202112,3,temp_max_l0,0.3550517967389174,0.003550517967389173
hiv_aids,catboost,origin_202112,3,temp_max_l1,0.44024617834624985,0.004402461783462497
hiv_aids,catboost,origin_202112,3,temp_max_l3,0.36391140838214375,0.0036391140838214365
hiv_aids,catboost,origin_202112,3,temp_max_l12,0.38380164425275565,0.0038380164425275555
hiv_aids,catboost,origin_202112,3,umid_l0,0.38393935691056685,0.0038393935691056675
hiv_aids,catboost,origin_202112,3,umid_l1,0.39054655831478924,0.0039054655831478914
hiv_aids,catboost,origin_202112,3,umid_l3,0.6693744999301929,0.006693744999301927
hiv_aids,catboost,origin_202112,3,umid_l12,0.4083310032998071,0.00408331003299807
hiv_aids,catboost,origin_202112,3,populacao,2.0220216666108124,0.02022021666610812
hiv_aids,catboost,origin_202112,3,dens_demog,2.1194726016468453,0.021194726016468445
hiv_aids,catboost,origin_202112,3,ppc,0.9310162748901397,0.009310162748901394
hiv_aids,catboost,origin_202112,3,urbanizacao,1.0459408283920157,0.010459408283920155
hiv_aids,catboost,origin_202112,3,tgt_month,0.10816430133231329,0.0010816430133231327
hiv_aids,catboost,origin_202112,3,mun_id,0.5803812129419417,0.005803812129419415
hiv_aids,xgboost,origin_202112,3,n_hiv_aids_l0,0.036370597779750824,0.036370594054460526
hiv_aids,xgboost,origin_202112,3,n_hiv_aids_l1,0.0015759557718411088,0.0015759555390104651
hiv_aids,xgboost,origin_202112,3,n_hiv_aids_l2,0.004888002760708332,0.004888002295047045
hiv_aids,xgboost,origin_202112,3,n_hiv_aids_l3,0.005139030981808901,0.0051390305161476135
hiv_aids,xgboost,origin_202112,3,n_hiv_aids_l6,0.002865095157176256,0.0028650949243456125
hiv_aids,xgboost,origin_202112,3,n_hiv_aids_l12,0.0018666615942493081,0.0018666613614186645
hiv_aids,xgboost,origin_202112,3,n_hiv_aids_l13,0.0011324597289785743,0.0011324596125632524
hiv_aids,xgboost,origin_202112,3,n_hiv_aids_r3,0.3042561709880829,0.3042561411857605
hiv_aids,xgboost,origin_202112,3,n_hiv_aids_r6,0.5086036920547485,0.5086036324501038
hiv_aids,xgboost,origin_202112,3,n_hiv_aids_r12,0.09481798857450485,0.09481797367334366
hiv_aids,xgboost,origin_202112,3,evapot_l0,0.0007928437553346157,0.0007928436389192939
hiv_aids,xgboost,origin_202112,3,evapot_l1,0.001194020383991301,0.0011940202675759792
hiv_aids,xgboost,origin_202112,3,evapot_l3,0.0010390124516561627,0.001039012335240841
hiv_aids,xgboost,origin_202112,3,evapot_l12,0.0024254187010228634,0.0024254184681922197
hiv_aids,xgboost,origin_202112,3,precip_l0,0.0010659773834049702,0.0010659772669896483
hiv_aids,xgboost,origin_202112,3,precip_l1,0.0009415695676580071,0.0009415694512426853
hiv_aids,xgboost,origin_202112,3,precip_l3,0.0013196725631132722,0.0013196724466979504
hiv_aids,xgboost,origin_202112,3,precip_l12,0.0010546506382524967,0.001054650521837175
hiv_aids,xgboost,origin_202112,3,temp_min_l0,0.0010640529217198491,0.0010640528053045273
hiv_aids,xgboost,origin_202112,3,temp_min_l1,0.001226564054377377,0.0012265639379620552
hiv_aids,xgboost,origin_202112,3,temp_min_l3,0.0011915925424546003,0.0011915924260392785
hiv_aids,xgboost,origin_202112,3,temp_min_l12,0.0012079417938366532,0.0012079416774213314
hiv_aids,xgboost,origin_202112,3,temp_max_l0,0.000981567078270018,0.0009815669618546963
hiv_aids,xgboost,origin_202112,3,temp_max_l1,0.001132411533035338,0.001132411416620016
hiv_aids,xgboost,origin_202112,3,temp_max_l3,0.00109062937553972,0.0010906292591243982
hiv_aids,xgboost,origin_202112,3,temp_max_l12,0.0011101054260507226,0.0011101053096354008
hiv_aids,xgboost,origin_202112,3,umid_l0,0.001116609899327159,0.001116609782911837
hiv_aids,xgboost,origin_202112,3,umid_l1,0.001231785980053246,0.0012317858636379242
hiv_aids,xgboost,origin_202112,3,umid_l3,0.001128244330175221,0.0011282442137598991
hiv_aids,xgboost,origin_202112,3,umid_l12,0.0011154318926855922,0.0011154317762702703
hiv_aids,xgboost,origin_202112,3,populacao,0.005828256718814373,0.005828256253153086
hiv_aids,xgboost,origin_202112,3,dens_demog,0.0017871650634333491,0.0017871648306027055
hiv_aids,xgboost,origin_202112,3,ppc,0.0020613649394363165,0.002061364706605673
hiv_aids,xgboost,origin_202112,3,urbanizacao,0.0022161684464663267,0.002216168213635683
hiv_aids,xgboost,origin_202112,3,tgt_month,0.0015284880064427853,0.0015284877736121416
hiv_aids,xgboost,origin_202112,3,mun_id,0.0016327663324773312,0.0016327660996466875
hiv_aids,lgbm,origin_202112,6,n_hiv_aids_l0,113.0,0.018833333333333334
hiv_aids,lgbm,origin_202112,6,n_hiv_aids_l1,141.0,0.0235
hiv_aids,lgbm,origin_202112,6,n_hiv_aids_l2,92.0,0.015333333333333332
hiv_aids,lgbm,origin_202112,6,n_hiv_aids_l3,132.0,0.022
hiv_aids,lgbm,origin_202112,6,n_hiv_aids_l6,142.0,0.023666666666666666
hiv_aids,lgbm,origin_202112,6,n_hiv_aids_l12,133.0,0.022166666666666668
hiv_aids,lgbm,origin_202112,6,n_hiv_aids_l13,134.0,0.022333333333333334
hiv_aids,lgbm,origin_202112,6,n_hiv_aids_r3,187.0,0.031166666666666665
hiv_aids,lgbm,origin_202112,6,n_hiv_aids_r6,162.0,0.027
hiv_aids,lgbm,origin_202112,6,n_hiv_aids_r12,389.0,0.06483333333333334
hiv_aids,lgbm,origin_202112,6,evapot_l0,140.0,0.023333333333333334
hiv_aids,lgbm,origin_202112,6,evapot_l1,138.0,0.023
hiv_aids,lgbm,origin_202112,6,evapot_l3,118.0,0.019666666666666666
hiv_aids,lgbm,origin_202112,6,evapot_l12,121.0,0.020166666666666666
hiv_aids,lgbm,origin_202112,6,precip_l0,131.0,0.021833333333333333
hiv_aids,lgbm,origin_202112,6,precip_l1,192.0,0.032
hiv_aids,lgbm,origin_202112,6,precip_l3,128.0,0.021333333333333333
hiv_aids,lgbm,origin_202112,6,precip_l12,142.0,0.023666666666666666
hiv_aids,lgbm,origin_202112,6,temp_min_l0,156.0,0.026
hiv_aids,lgbm,origin_202112,6,temp_min_l1,123.0,0.0205
hiv_aids,lgbm,origin_202112,6,temp_min_l3,148.0,0.024666666666666667
hiv_aids,lgbm,origin_202112,6,temp_min_l12,147.0,0.0245
hiv_aids,lgbm,origin_202112,6,temp_max_l0,112.0,0.018666666666666668
hiv_aids,lgbm,origin_202112,6,temp_max_l1,122.0,0.02033333333333333
hiv_aids,lgbm,origin_202112,6,temp_max_l3,127.0,0.021166666666666667
hiv_aids,lgbm,origin_202112,6,temp_max_l12,126.0,0.021
hiv_aids,lgbm,origin_202112,6,umid_l0,193.0,0.03216666666666667
hiv_aids,lgbm,origin_202112,6,umid_l1,184.0,0.030666666666666665
hiv_aids,lgbm,origin_202112,6,umid_l3,171.0,0.0285
hiv_aids,lgbm,origin_202112,6,umid_l12,125.0,0.020833333333333332
hiv_aids,lgbm,origin_202112,6,populacao,253.0,0.042166666666666665
hiv_aids,lgbm,origin_202112,6,dens_demog,153.0,0.0255
hiv_aids,lgbm,origin_202112,6,ppc,362.0,0.060333333333333336
hiv_aids,lgbm,origin_202112,6,urbanizacao,279.0,0.0465
hiv_aids,lgbm,origin_202112,6,tgt_month,98.0,0.01633333333333333
hiv_aids,lgbm,origin_202112,6,mun_id,386.0,0.06433333333333334
hiv_aids,catboost,origin_202112,6,n_hiv_aids_l0,2.299301435065431,0.022993014350654307
hiv_aids,catboost,origin_202112,6,n_hiv_aids_l1,1.5431765436784228,0.015431765436784227
hiv_aids,catboost,origin_202112,6,n_hiv_aids_l2,4.31107030926834,0.04311070309268339
hiv_aids,catboost,origin_202112,6,n_hiv_aids_l3,4.44775184681962,0.04447751846819619
hiv_aids,catboost,origin_202112,6,n_hiv_aids_l6,4.3920595306513075,0.04392059530651307
hiv_aids,catboost,origin_202112,6,n_hiv_aids_l12,2.5463455550967917,0.025463455550967913
hiv_aids,catboost,origin_202112,6,n_hiv_aids_l13,5.122606593512166,0.05122606593512165
hiv_aids,catboost,origin_202112,6,n_hiv_aids_r3,13.973842600501184,0.13973842600501182
hiv_aids,catboost,origin_202112,6,n_hiv_aids_r6,16.98316607294649,0.16983166072946487
hiv_aids,catboost,origin_202112,6,n_hiv_aids_r12,24.484899861977574,0.24484899861977572
hiv_aids,catboost,origin_202112,6,evapot_l0,0.6116891907134969,0.006116891907134968
hiv_aids,catboost,origin_202112,6,evapot_l1,0.3442000771842308,0.0034420007718423073
hiv_aids,catboost,origin_202112,6,evapot_l3,0.37558897614862913,0.003755889761486291
hiv_aids,catboost,origin_202112,6,evapot_l12,0.4151561345420083,0.004151561345420082
hiv_aids,catboost,origin_202112,6,precip_l0,0.29923280749954,0.0029923280749953995
hiv_aids,catboost,origin_202112,6,precip_l1,0.4237640949970815,0.004237640949970815
hiv_aids,catboost,origin_202112,6,precip_l3,0.25795580821687225,0.002579558082168722
hiv_aids,catboost,origin_202112,6,precip_l12,0.317007951674868,0.0031700795167486796
hiv_aids,catboost,origin_202112,6,temp_min_l0,0.5120475841772888,0.005120475841772887
hiv_aids,catboost,origin_202112,6,temp_min_l1,0.14864538662228466,0.0014864538662228465
hiv_aids,catboost,origin_202112,6,temp_min_l3,0.36320338246139217,0.003632033824613921
hiv_aids,catboost,origin_202112,6,temp_min_l12,0.45393407569457056,0.004539340756945705
hiv_aids,catboost,origin_202112,6,temp_max_l0,0.48619095290525044,0.004861909529052503
hiv_aids,catboost,origin_202112,6,temp_max_l1,0.3334626014804542,0.0033346260148045415
hiv_aids,catboost,origin_202112,6,temp_max_l3,0.3650942837665721,0.0036509428376657205
hiv_aids,catboost,origin_202112,6,temp_max_l12,0.3535604562199371,0.0035356045621993703
hiv_aids,catboost,origin_202112,6,umid_l0,0.6098210856243188,0.006098210856243187
hiv_aids,catboost,origin_202112,6,umid_l1,0.5751576697975457,0.005751576697975456
hiv_aids,catboost,origin_202112,6,umid_l3,0.42680060479888277,0.004268006047988827
hiv_aids,catboost,origin_202112,6,umid_l12,0.2916695539337155,0.0029166955393371548
hiv_aids,catboost,origin_202112,6,populacao,3.163229754702389,0.03163229754702388
hiv_aids,catboost,origin_202112,6,dens_demog,3.5138650215336376,0.03513865021533637
hiv_aids,catboost,origin_202112,6,ppc,2.0901215059932072,0.02090121505993207
hiv_aids,catboost,origin_202112,6,urbanizacao,2.557361894493127,0.025573618944931265
hiv_aids,catboost,origin_202112,6,tgt_month,0.012869689340736434,0.0001286968934073643
hiv_aids,catboost,origin_202112,6,mun_id,0.5941491059606521,0.0059414910596065195
hiv_aids,xgboost,origin_202112,6,n_hiv_aids_l0,0.020466743037104607,0.020466744899749756
hiv_aids,xgboost,origin_202112,6,n_hiv_aids_l1,0.010449429042637348,0.010449429973959923
hiv_aids,xgboost,origin_202112,6,n_hiv_aids_l2,0.0016300913412123919,0.0016300914576277137
hiv_aids,xgboost,origin_202112,6,n_hiv_aids_l3,0.01784610189497471,0.017846103757619858
hiv_aids,xgboost,origin_202112,6,n_hiv_aids_l6,0.0015713635366410017,0.0015713636530563235
hiv_aids,xgboost,origin_202112,6,n_hiv_aids_l12,0.0016039989423006773,0.0016039990587159991
hiv_aids,xgboost,origin_202112,6,n_hiv_aids_l13,0.0017662368481978774,0.0017662369646131992
hiv_aids,xgboost,origin_202112,6,n_hiv_aids_r3,0.365840345621109,0.3658403754234314
hiv_aids,xgboost,origin_202112,6,n_hiv_aids_r6,0.4282380938529968,0.4282381236553192
hiv_aids,xgboost,origin_202112,6,n_hiv_aids_r12,0.11221970617771149,0.11221971362829208
hiv_aids,xgboost,origin_202112,6,evapot_l0,0.0009091997635550797,0.0009091998217627406
hiv_aids,xgboost,origin_202112,6,evapot_l1,0.0009870128706097603,0.0009870129870250821
hiv_aids,xgboost,origin_202112,6,evapot_l3,0.0006826721946708858,0.0006826722528785467
hiv_aids,xgboost,origin_202112,6,evapot_l12,0.00117036746814847,0.0011703675845637918
hiv_aids,xgboost,origin_202112,6,precip_l0,0.001144729438237846,0.0011447295546531677
hiv_aids,xgboost,origin_202112,6,precip_l1,0.0009962939657270908,0.0009962940821424127
hiv_aids,xgboost,origin_202112,6,precip_l3,0.0007815807475708425,0.0007815808057785034
hiv_aids,xgboost,origin_202112,6,precip_l12,0.0008630154770798981,0.000863015535287559
hiv_aids,xgboost,origin_202112,6,temp_min_l0,0.0011832135496661067,0.0011832136660814285
hiv_aids,xgboost,origin_202112,6,temp_min_l1,0.000893749704118818,0.000893749762326479
hiv_aids,xgboost,origin_202112,6,temp_min_l3,0.000894084747415036,0.0008940848056226969
hiv_aids,xgboost,origin_202112,6,temp_min_l12,0.0010724327294155955,0.0010724328458309174
hiv_aids,xgboost,origin_202112,6,temp_max_l0,0.001119036111049354,0.001119036227464676
hiv_aids,xgboost,origin_202112,6,temp_max_l1,0.001360010588541627,0.0013600107049569488
hiv_aids,xgboost,origin_202112,6,temp_max_l3,0.0007120774826034904,0.0007120775408111513
hiv_aids,xgboost,origin_202112,6,temp_max_l12,0.0008779502823017538,0.0008779503405094147
hiv_aids,xgboost,origin_202112,6,umid_l0,0.0010194138158112764,0.0010194139322265983
hiv_aids,xgboost,origin_202112,6,umid_l1,0.001111681223846972,0.0011116813402622938
hiv_aids,xgboost,origin_202112,6,umid_l3,0.0008745474624447525,0.0008745475206524134
hiv_aids,xgboost,origin_202112,6,umid_l12,0.0010358565486967564,0.0010358566651120782
hiv_aids,xgboost,origin_202112,6,populacao,0.007439442910254002,0.007439443375915289
hiv_aids,xgboost,origin_202112,6,dens_demog,0.0029088014271110296,0.0029088016599416733
hiv_aids,xgboost,origin_202112,6,ppc,0.0021107422653585672,0.002110742498189211
hiv_aids,xgboost,origin_202112,6,urbanizacao,0.00284747127443552,0.002847471507266164
hiv_aids,xgboost,origin_202112,6,tgt_month,0.0013510101707652211,0.001351010287180543
hiv_aids,xgboost,origin_202112,6,mun_id,0.002021427033469081,0.0020214272662997246
hiv_aids,lgbm,origin_202112,12,n_hiv_aids_l0,118.0,0.019666666666666666
hiv_aids,lgbm,origin_202112,12,n_hiv_aids_l1,109.0,0.018166666666666668
hiv_aids,lgbm,origin_202112,12,n_hiv_aids_l2,67.0,0.011166666666666667
hiv_aids,lgbm,origin_202112,12,n_hiv_aids_l3,78.0,0.013
hiv_aids,lgbm,origin_202112,12,n_hiv_aids_l6,125.0,0.020833333333333332
hiv_aids,lgbm,origin_202112,12,n_hiv_aids_l12,171.0,0.0285
hiv_aids,lgbm,origin_202112,12,n_hiv_aids_l13,169.0,0.028166666666666666
hiv_aids,lgbm,origin_202112,12,n_hiv_aids_r3,95.0,0.015833333333333335
hiv_aids,lgbm,origin_202112,12,n_hiv_aids_r6,164.0,0.027333333333333334
hiv_aids,lgbm,origin_202112,12,n_hiv_aids_r12,467.0,0.07783333333333334
hiv_aids,lgbm,origin_202112,12,evapot_l0,115.0,0.019166666666666665
hiv_aids,lgbm,origin_202112,12,evapot_l1,103.0,0.017166666666666667
hiv_aids,lgbm,origin_202112,12,evapot_l3,136.0,0.02266666666666667
hiv_aids,lgbm,origin_202112,12,evapot_l12,188.0,0.03133333333333333
hiv_aids,lgbm,origin_202112,12,precip_l0,120.0,0.02
hiv_aids,lgbm,origin_202112,12,precip_l1,108.0,0.018
hiv_aids,lgbm,origin_202112,12,precip_l3,158.0,0.026333333333333334
hiv_aids,lgbm,origin_202112,12,precip_l12,134.0,0.022333333333333334
hiv_aids,lgbm,origin_202112,12,temp_min_l0,113.0,0.018833333333333334
hiv_aids,lgbm,origin_202112,12,temp_min_l1,103.0,0.017166666666666667
hiv_aids,lgbm,origin_202112,12,temp_min_l3,158.0,0.026333333333333334
hiv_aids,lgbm,origin_202112,12,temp_min_l12,177.0,0.0295
hiv_aids,lgbm,origin_202112,12,temp_max_l0,115.0,0.019166666666666665
hiv_aids,lgbm,origin_202112,12,temp_max_l1,122.0,0.02033333333333333
hiv_aids,lgbm,origin_202112,12,temp_max_l3,103.0,0.017166666666666667
hiv_aids,lgbm,origin_202112,12,temp_max_l12,161.0,0.026833333333333334
hiv_aids,lgbm,origin_202112,12,umid_l0,122.0,0.02033333333333333
hiv_aids,lgbm,origin_202112,12,umid_l1,173.0,0.028833333333333332
hiv_aids,lgbm,origin_202112,12,umid_l3,187.0,0.031166666666666665
hiv_aids,lgbm,origin_202112,12,umid_l12,163.0,0.027166666666666665
hiv_aids,lgbm,origin_202112,12,populacao,300.0,0.05
hiv_aids,lgbm,origin_202112,12,dens_demog,185.0,0.030833333333333334
hiv_aids,lgbm,origin_202112,12,ppc,410.0,0.06833333333333333
hiv_aids,lgbm,origin_202112,12,urbanizacao,301.0,0.050166666666666665
hiv_aids,lgbm,origin_202112,12,tgt_month,87.0,0.0145
hiv_aids,lgbm,origin_202112,12,mun_id,395.0,0.06583333333333333
hiv_aids,catboost,origin_202112,12,n_hiv_aids_l0,1.848604755545216,0.018486047555452162
hiv_aids,catboost,origin_202112,12,n_hiv_aids_l1,3.2938531178509374,0.03293853117850938
hiv_aids,catboost,origin_202112,12,n_hiv_aids_l2,5.296579590955472,0.052965795909554726
hiv_aids,catboost,origin_202112,12,n_hiv_aids_l3,2.7130661051510963,0.027130661051510966
hiv_aids,catboost,origin_202112,12,n_hiv_aids_l6,1.1414185524559273,0.011414185524559275
hiv_aids,catboost,origin_202112,12,n_hiv_aids_l12,2.7294396670326013,0.027294396670326015
hiv_aids,catboost,origin_202112,12,n_hiv_aids_l13,2.1765287881321336,0.02176528788132134
hiv_aids,catboost,origin_202112,12,n_hiv_aids_r3,8.108343714018474,0.08108343714018475
hiv_aids,catboost,origin_202112,12,n_hiv_aids_r6,22.19774161778854,0.22197741617788544
hiv_aids,catboost,origin_202112,12,n_hiv_aids_r12,26.56533457175397,0.26565334571753974
hiv_aids,catboost,origin_202112,12,evapot_l0,0.18490492207142237,0.001849049220714224
hiv_aids,catboost,origin_202112,12,evapot_l1,0.36842238292446455,0.003684223829244646
hiv_aids,catboost,origin_202112,12,evapot_l3,0.18865054942630144,0.0018865054942630148
hiv_aids,catboost,origin_202112,12,evapot_l12,0.3786314031285677,0.0037863140312856774
hiv_aids,catboost,origin_202112,12,precip_l0,0.4183892854750858,0.0041838928547508585
hiv_aids,catboost,origin_202112,12,precip_l1,0.4011144338617759,0.00401114433861776
hiv_aids,catboost,origin_202112,12,precip_l3,0.34405547052868984,0.003440554705286899
hiv_aids,catboost,origin_202112,12,precip_l12,0.24228642274263112,0.0024228642274263116
hiv_aids,catboost,origin_202112,12,temp_min_l0,0.5647624037086716,0.005647624037086717
hiv_aids,catboost,origin_202112,12,temp_min_l1,0.34832167202087466,0.003483216720208747
hiv_aids,catboost,origin_202112,12,temp_min_l3,0.4431955026388792,0.004431955026388793
hiv_aids,catboost,origin_202112,12,temp_min_l12,0.363166985670667,0.0036316698567066706
hiv_aids,catboost,origin_202112,12,temp_max_l0,0.33493382249321796,0.00334933822493218
hiv_aids,catboost,origin_202112,12,temp_max_l1,0.15110431690777634,0.0015110431690777636
hiv_aids,catboost,origin_202112,12,temp_max_l3,0.3005904832833453,0.0030059048328334535
hiv_aids,catboost,origin_202112,12,temp_max_l12,0.409322211312048,0.0040932221131204805
hiv_aids,catboost,origin_202112,12,umid_l0,0.3229029438936509,0.003229029438936509
hiv_aids,catboost,origin_202112,12,umid_l1,0.25808079166268505,0.002580807916626851
hiv_aids,catboost,origin_202112,12,umid_l3,0.41703791251648686,0.004170379125164869
hiv_aids,catboost,origin_202112,12,umid_l12,0.5299370983407773,0.005299370983407774
hiv_aids,catboost,origin_202112,12,populacao,4.2541539944809115,0.04254153994480912
hiv_aids,catboost,origin_202112,12,dens_demog,4.450456694018925,0.044504566940189255
hiv_aids,catboost,origin_202112,12,ppc,3.1761886006610247,0.03176188600661025
hiv_aids,catboost,origin_202112,12,urbanizacao,4.384419353574152,0.043844193535741524
hiv_aids,catboost,origin_202112,12,tgt_month,0.17433842697912694,0.0017433842697912696
hiv_aids,catboost,origin_202112,12,mun_id,0.5197214349934655,0.005197214349934655
hiv_aids,xgboost,origin_202112,12,n_hiv_aids_l0,0.06924828141927719,0.06924828886985779
hiv_aids,xgboost,origin_202112,12,n_hiv_aids_l1,0.06110989302396774,0.06110990047454834
hiv_aids,xgboost,origin_202112,12,n_hiv_aids_l2,0.0008191197994165123,0.0008191199158318341
hiv_aids,xgboost,origin_202112,12,n_hiv_aids_l3,0.0009402159485034645,0.0009402160649187863
hiv_aids,xgboost,origin_202112,12,n_hiv_aids_l6,0.014473404735326767,0.014473406597971916
hiv_aids,xgboost,origin_202112,12,n_hiv_aids_l12,0.004268462769687176,0.004268463235348463
hiv_aids,xgboost,origin_202112,12,n_hiv_aids_l13,0.003688607830554247,0.003688608296215534
hiv_aids,xgboost,origin_202112,12,n_hiv_aids_r3,0.27284058928489685,0.27284061908721924
hiv_aids,xgboost,origin_202112,12,n_hiv_aids_r6,0.34179791808128357,0.34179794788360596
hiv_aids,xgboost,origin_202112,12,n_hiv_aids_r12,0.16612949967384338,0.16612951457500458
hiv_aids,xgboost,origin_202112,12,evapot_l0,0.0007915185997262597,0.0007915187161415815
hiv_aids,xgboost,origin_202112,12,evapot_l1,0.0010207138257101178,0.0010207139421254396
hiv_aids,xgboost,origin_202112,12,evapot_l3,0.001279707532376051,0.0012797076487913728
hiv_aids,xgboost,origin_202112,12,evapot_l12,0.0013496425235643983,0.0013496426399797201
hiv_aids,xgboost,origin_202112,12,precip_l0,0.0009208903647959232,0.0009208904812112451
hiv_aids,xgboost,origin_202112,12,precip_l1,0.0009567136876285076,0.0009567138040438294
hiv_aids,xgboost,origin_202112,12,precip_l3,0.0009279599762521684,0.0009279600926674902
hiv_aids,xgboost,origin_202112,12,precip_l12,0.0009050672524608672,0.000905067368876189
hiv_aids,xgboost,origin_202112,12,temp_min_l0,0.0011257565347477794,0.0011257566511631012
hiv_aids,xgboost,origin_202112,12,temp_min_l1,0.0012327079894021153,0.0012327081058174372
hiv_aids,xgboost,origin_202112,12,temp_min_l3,0.0010787894716486335,0.0010787895880639553
hiv_aids,xgboost,origin_202112,12,temp_min_l12,0.0010585777927190065,0.0010585779091343284
hiv_aids,xgboost,origin_202112,12,temp_max_l0,0.0011562290601432323,0.0011562291765585542
hiv_aids,xgboost,origin_202112,12,temp_max_l1,0.0013704608427360654,0.0013704609591513872
hiv_aids,xgboost,origin_202112,12,temp_max_l3,0.0010480456985533237,0.0010480458149686456
hiv_aids,xgboost,origin_202112,12,temp_max_l12,0.00098967005033046,0.000989670166745782
hiv_aids,xgboost,origin_202112,12,umid_l0,0.0009672095766291022,0.0009672096930444241
hiv_aids,xgboost,origin_202112,12,umid_l1,0.0008953865035437047,0.0008953866199590266
hiv_aids,xgboost,origin_202112,12,umid_l3,0.0011888837907463312,0.001188883907161653
hiv_aids,xgboost,origin_202112,12,umid_l12,0.0010689644841477275,0.0010689646005630493
hiv_aids,xgboost,origin_202112,12,populacao,0.021384216845035553,0.021384218707680702
hiv_aids,xgboost,origin_202112,12,dens_demog,0.005370253697037697,0.005370254162698984
hiv_aids,xgboost,origin_202112,12,ppc,0.0036583237815648317,0.003658324247226119
hiv_aids,xgboost,origin_202112,12,urbanizacao,0.003861545119434595,0.0038615455850958824
hiv_aids,xgboost,origin_202112,12,tgt_month,0.0013346559135243297,0.0013346560299396515
hiv_aids,xgboost,origin_202112,12,mun_id,0.007742041721940041,0.007742042653262615
hiv_aids,lgbm,origin_202212,1,n_hiv_aids_l0,293.0,0.04883333333333333
hiv_aids,lgbm,origin_202212,1,n_hiv_aids_l1,200.0,0.03333333333333333
hiv_aids,lgbm,origin_202212,1,n_hiv_aids_l2,143.0,0.023833333333333335
hiv_aids,lgbm,origin_202212,1,n_hiv_aids_l3,106.0,0.017666666666666667
hiv_aids,lgbm,origin_202212,1,n_hiv_aids_l6,198.0,0.033
hiv_aids,lgbm,origin_202212,1,n_hiv_aids_l12,190.0,0.03166666666666667
hiv_aids,lgbm,origin_202212,1,n_hiv_aids_l13,171.0,0.0285
hiv_aids,lgbm,origin_202212,1,n_hiv_aids_r3,342.0,0.057
hiv_aids,lgbm,origin_202212,1,n_hiv_aids_r6,208.0,0.034666666666666665
hiv_aids,lgbm,origin_202212,1,n_hiv_aids_r12,309.0,0.0515
hiv_aids,lgbm,origin_202212,1,evapot_l0,139.0,0.023166666666666665
hiv_aids,lgbm,origin_202212,1,evapot_l1,91.0,0.015166666666666667
hiv_aids,lgbm,origin_202212,1,evapot_l3,138.0,0.023
hiv_aids,lgbm,origin_202212,1,evapot_l12,155.0,0.025833333333333333
hiv_aids,lgbm,origin_202212,1,precip_l0,189.0,0.0315
hiv_aids,lgbm,origin_202212,1,precip_l1,156.0,0.026
hiv_aids,lgbm,origin_202212,1,precip_l3,226.0,0.03766666666666667
hiv_aids,lgbm,origin_202212,1,precip_l12,132.0,0.022
hiv_aids,lgbm,origin_202212,1,temp_min_l0,130.0,0.021666666666666667
hiv_aids,lgbm,origin_202212,1,temp_min_l1,170.0,0.028333333333333332
hiv_aids,lgbm,origin_202212,1,temp_min_l3,98.0,0.01633333333333333
hiv_aids,lgbm,origin_202212,1,temp_min_l12,115.0,0.019166666666666665
hiv_aids,lgbm,origin_202212,1,temp_max_l0,128.0,0.021333333333333333
hiv_aids,lgbm,origin_202212,1,temp_max_l1,108.0,0.018
hiv_aids,lgbm,origin_202212,1,temp_max_l3,128.0,0.021333333333333333
hiv_aids,lgbm,origin_202212,1,temp_max_l12,116.0,0.019333333333333334
hiv_aids,lgbm,origin_202212,1,umid_l0,194.0,0.03233333333333333
hiv_aids,lgbm,origin_202212,1,umid_l1,146.0,0.024333333333333332
hiv_aids,lgbm,origin_202212,1,umid_l3,190.0,0.03166666666666667
hiv_aids,lgbm,origin_202212,1,umid_l12,173.0,0.028833333333333332
hiv_aids,lgbm,origin_202212,1,populacao,107.0,0.017833333333333333
hiv_aids,lgbm,origin_202212,1,dens_demog,88.0,0.014666666666666666
hiv_aids,lgbm,origin_202212,1,ppc,156.0,0.026
hiv_aids,lgbm,origin_202212,1,urbanizacao,124.0,0.020666666666666667
hiv_aids,lgbm,origin_202212,1,tgt_month,148.0,0.024666666666666667
hiv_aids,lgbm,origin_202212,1,mun_id,295.0,0.049166666666666664
hiv_aids,catboost,origin_202212,1,n_hiv_aids_l0,9.396956802149305,0.09396956802149303
hiv_aids,catboost,origin_202212,1,n_hiv_aids_l1,6.0640725607896915,0.060640725607896906
hiv_aids,catboost,origin_202212,1,n_hiv_aids_l2,4.779194733705645,0.04779194733705645
hiv_aids,catboost,origin_202212,1,n_hiv_aids_l3,2.2972719622333444,0.02297271962233344
hiv_aids,catboost,origin_202212,1,n_hiv_aids_l6,4.638516711865036,0.04638516711865036
hiv_aids,catboost,origin_202212,1,n_hiv_aids_l12,6.338681393964906,0.06338681393964905
hiv_aids,catboost,origin_202212,1,n_hiv_aids_l13,2.162090938243266,0.021620909382432656
hiv_aids,catboost,origin_202212,1,n_hiv_aids_r3,16.624544242687584,0.1662454424268758
hiv_aids,catboost,origin_202212,1,n_hiv_aids_r6,14.044469513674404,0.140444695136744
hiv_aids,catboost,origin_202212,1,n_hiv_aids_r12,21.515565376710594,0.2151556537671059
hiv_aids,catboost,origin_202212,1,evapot_l0,0.3963190114505889,0.003963190114505888
hiv_aids,catboost,origin_202212,1,evapot_l1,0.5706770834572377,0.0057067708345723755
hiv_aids,catboost,origin_202212,1,evapot_l3,0.34248072340735614,0.003424807234073561
hiv_aids,catboost,origin_202212,1,evapot_l12,0.3317905719524984,0.0033179057195249833
hiv_aids,catboost,origin_202212,1,precip_l0,0.4772806324183587,0.004772806324183586
hiv_aids,catboost,origin_202212,1,precip_l1,0.2809098552650186,0.0028090985526501855
hiv_aids,catboost,origin_202212,1,precip_l3,0.5482394070216694,0.005482394070216693
hiv_aids,catboost,origin_202212,1,precip_l12,0.3972313911971572,0.003972313911971572
hiv_aids,catboost,origin_202212,1,temp_min_l0,0.1503423006906178,0.0015034230069061777
hiv_aids,catboost,origin_202212,1,temp_min_l1,0.5654238258833564,0.005654238258833563
hiv_aids,catboost,origin_202212,1,temp_min_l3,0.174640373106093,0.0017464037310609298
hiv_aids,catboost,origin_202212,1,temp_min_l12,0.39184323633957724,0.003918432363395772
hiv_aids,catboost,origin_202212,1,temp_max_l0,0.26245717438632316,0.002624571743863231
hiv_aids,catboost,origin_202212,1,temp_max_l1,0.10275570830701715,0.0010275570830701713
hiv_aids,catboost,origin_202212,1,temp_max_l3,0.3754638220913525,0.0037546382209135243
hiv_aids,catboost,origin_202212,1,temp_max_l12,0.22107069538286991,0.002210706953828699
hiv_aids,catboost,origin_202212,1,umid_l0,0.3917582854718255,0.003917582854718255
hiv_aids,catboost,origin_202212,1,umid_l1,0.2926086715725914,0.0029260867157259135
hiv_aids,catboost,origin_202212,1,umid_l3,0.34338321618400114,0.003433832161840011
hiv_aids,catboost,origin_202212,1,umid_l12,0.30703008450060065,0.003070300845006006
hiv_aids,catboost,origin_202212,1,populacao,1.629911826415476,0.01629911826415476
hiv_aids,catboost,origin_202212,1,dens_demog,0.9681649247697728,0.009681649247697726
hiv_aids,catboost,origin_202212,1,ppc,0.8026826118504994,0.008026826118504993
hiv_aids,catboost,origin_202212,1,urbanizacao,1.738129784620958,0.01738129784620958
hiv_aids,catboost,origin_202212,1,tgt_month,0.0760405462334278,0.000760405462334278
hiv_aids,catboost,origin_202212,1,mun_id,0.0,0.0
hiv_aids,xgboost,origin_202212,1,n_hiv_aids_l0,0.02783544920384884,0.027835454791784286
hiv_aids,xgboost,origin_202212,1,n_hiv_aids_l1,0.007405880838632584,0.0074058822356164455
hiv_aids,xgboost,origin_202212,1,n_hiv_aids_l2,0.010353676043450832,0.010353677906095982
hiv_aids,xgboost,origin_202212,1,n_hiv_aids_l3,0.0016412807162851095,0.001641281065531075
hiv_aids,xgboost,origin_202212,1,n_hiv_aids_l6,0.00962627399712801,0.009626275859773159
hiv_aids,xgboost,origin_202212,1,n_hiv_aids_l12,0.011923507787287235,0.011923509649932384
hiv_aids,xgboost,origin_202212,1,n_hiv_aids_l13,0.001558567164465785,0.0015585673972964287
hiv_aids,xgboost,origin_202212,1,n_hiv_aids_r3,0.447597473859787,0.44759756326675415
hiv_aids,xgboost,origin_202212,1,n_hiv_aids_r6,0.22564414143562317,0.22564418613910675
hiv_aids,xgboost,origin_202212,1,n_hiv_aids_r12,0.21805495023727417,0.21805499494075775
hiv_aids,xgboost,origin_202212,1,evapot_l0,0.0009215512545779347,0.0009215514292009175
hiv_aids,xgboost,origin_202212,1,evapot_l1,0.0010379310697317123,0.001037931302562356
hiv_aids,xgboost,origin_202212,1,evapot_l3,0.0009595284936949611,0.0009595286683179438
hiv_aids,xgboost,origin_202212,1,evapot_l12,0.0011687532532960176,0.0011687534861266613
hiv_aids,xgboost,origin_202212,1,precip_l0,0.0014692437835037708,0.0014692440163344145
hiv_aids,xgboost,origin_202212,1,precip_l1,0.0011375860776752234,0.001137586310505867
hiv_aids,xgboost,origin_202212,1,precip_l3,0.0011251551331952214,0.001125155366025865
hiv_aids,xgboost,origin_202212,1,precip_l12,0.0010129236616194248,0.0010129238944500685
hiv_aids,xgboost,origin_202212,1,temp_min_l0,0.0008413217146880925,0.0008413218893110752
hiv_aids,xgboost,origin_202212,1,temp_min_l1,0.0011384667595848441,0.0011384669924154878
hiv_aids,xgboost,origin_202212,1,temp_min_l3,0.0014016019413247705,0.001401602174155414
hiv_aids,xgboost,origin_202212,1,temp_min_l12,0.0009875457035377622,0.0009875459363684058
hiv_aids,xgboost,origin_202212,1,temp_max_l0,0.0012329349992796779,0.0012329352321103215
hiv_aids,xgboost,origin_202212,1,temp_max_l1,0.001117346459068358,0.0011173466918990016
hiv_aids,xgboost,origin_202212,1,temp_max_l3,0.0009880844736471772,0.0009880847064778209
hiv_aids,xgboost,origin_202212,1,temp_max_l12,0.0015146509977057576,0.0015146512305364013
hiv_aids,xgboost,origin_202212,1,umid_l0,0.0009772410849109292,0.0009772413177415729
hiv_aids,xgboost,origin_202212,1,umid_l1,0.0011547425528988242,0.0011547427857294679
hiv_aids,xgboost,origin_202212,1,umid_l3,0.0011170521611347795,0.001117052393965423
hiv_aids,xgboost,origin_202212,1,umid_l12,0.00105638662353158,0.0010563868563622236
hiv_aids,xgboost,origin_202212,1,populacao,0.007770418189466,0.0077704195864498615
hiv_aids,xgboost,origin_202212,1,dens_demog,0.0019573087338358164,0.0019573091994971037
hiv_aids,xgboost,origin_202212,1,ppc,0.0016937535256147385,0.001693753874860704
hiv_aids,xgboost,origin_202212,1,urbanizacao,0.0013097095070406795,0.0013097097398713231
hiv_aids,xgboost,origin_202212,1,tgt_month,0.001884228433482349,0.0018842287827283144
hiv_aids,xgboost,origin_202212,1,mun_id,0.0013832610566169024,0.001383261289447546
hiv_aids,lgbm,origin_202212,3,n_hiv_aids_l0,237.0,0.0395
hiv_aids,lgbm,origin_202212,3,n_hiv_aids_l1,114.0,0.019
hiv_aids,lgbm,origin_202212,3,n_hiv_aids_l2,120.0,0.02
hiv_aids,lgbm,origin_202212,3,n_hiv_aids_l3,82.0,0.013666666666666667
hiv_aids,lgbm,origin_202212,3,n_hiv_aids_l6,177.0,0.0295
hiv_aids,lgbm,origin_202212,3,n_hiv_aids_l12,205.0,0.034166666666666665
hiv_aids,lgbm,origin_202212,3,n_hiv_aids_l13,103.0,0.017166666666666667
hiv_aids,lgbm,origin_202212,3,n_hiv_aids_r3,204.0,0.034
hiv_aids,lgbm,origin_202212,3,n_hiv_aids_r6,202.0,0.033666666666666664
hiv_aids,lgbm,origin_202212,3,n_hiv_aids_r12,338.0,0.05633333333333333
hiv_aids,lgbm,origin_202212,3,evapot_l0,111.0,0.0185
hiv_aids,lgbm,origin_202212,3,evapot_l1,127.0,0.021166666666666667
hiv_aids,lgbm,origin_202212,3,evapot_l3,136.0,0.02266666666666667
hiv_aids,lgbm,origin_202212,3,evapot_l12,183.0,0.0305
hiv_aids,lgbm,origin_202212,3,precip_l0,174.0,0.029
hiv_aids,lgbm,origin_202212,3,precip_l1,178.0,0.029666666666666668
hiv_aids,lgbm,origin_202212,3,precip_l3,178.0,0.029666666666666668
hiv_aids,lgbm,origin_202212,3,precip_l12,144.0,0.024
hiv_aids,lgbm,origin_202212,3,temp_min_l0,125.0,0.020833333333333332
hiv_aids,lgbm,origin_202212,3,temp_min_l1,118.0,0.019666666666666666
hiv_aids,lgbm,origin_202212,3,temp_min_l3,154.0,0.025666666666666667
hiv_aids,lgbm,origin_202212,3,temp_min_l12,150.0,0.025
hiv_aids,lgbm,origin_202212,3,temp_max_l0,143.0,0.023833333333333335
hiv_aids,lgbm,origin_202212,3,temp_max_l1,114.0,0.019
hiv_aids,lgbm,origin_202212,3,temp_max_l3,134.0,0.022333333333333334
hiv_aids,lgbm,origin_202212,3,temp_max_l12,146.0,0.024333333333333332
hiv_aids,lgbm,origin_202212,3,umid_l0,161.0,0.026833333333333334
hiv_aids,lgbm,origin_202212,3,umid_l1,189.0,0.0315
hiv_aids,lgbm,origin_202212,3,umid_l3,163.0,0.027166666666666665
hiv_aids,lgbm,origin_202212,3,umid_l12,203.0,0.03383333333333333
hiv_aids,lgbm,origin_202212,3,populacao,143.0,0.023833333333333335
hiv_aids,lgbm,origin_202212,3,dens_demog,121.0,0.020166666666666666
hiv_aids,lgbm,origin_202212,3,ppc,271.0,0.04516666666666667
hiv_aids,lgbm,origin_202212,3,urbanizacao,176.0,0.029333333333333333
hiv_aids,lgbm,origin_202212,3,tgt_month,115.0,0.019166666666666665
hiv_aids,lgbm,origin_202212,3,mun_id,361.0,0.06016666666666667
hiv_aids,catboost,origin_202212,3,n_hiv_aids_l0,2.3580915040630765,0.023580915040630753
hiv_aids,catboost,origin_202212,3,n_hiv_aids_l1,1.8121408772620407,0.018121408772620397
hiv_aids,catboost,origin_202212,3,n_hiv_aids_l2,3.199040779247745,0.03199040779247743
hiv_aids,catboost,origin_202212,3,n_hiv_aids_l3,4.631329116775536,0.04631329116775533
hiv_aids,catboost,origin_202212,3,n_hiv_aids_l6,3.022253155768032,0.0302225315576803
hiv_aids,catboost,origin_202212,3,n_hiv_aids_l12,1.1919414447418564,0.011919414447418557
hiv_aids,catboost,origin_202212,3,n_hiv_aids_l13,1.4159409790727073,0.014159409790727065
hiv_aids,catboost,origin_202212,3,n_hiv_aids_r3,19.88301665137003,0.1988301665137002
hiv_aids,catboost,origin_202212,3,n_hiv_aids_r6,21.77137061743995,0.21771370617439936
hiv_aids,catboost,origin_202212,3,n_hiv_aids_r12,26.488035902501046,0.26488035902501034
hiv_aids,catboost,origin_202212,3,evapot_l0,0.3980655446149584,0.003980655446149582
hiv_aids,catboost,origin_202212,3,evapot_l1,0.364958907454015,0.003649589074540148
hiv_aids,catboost,origin_202212,3,evapot_l3,0.3717299169945068,0.003717299169945066
hiv_aids,catboost,origin_202212,3,evapot_l12,0.37814138194734387,0.0037814138194734366
hiv_aids,catboost,origin_202212,3,precip_l0,0.1742916676458786,0.0017429166764587852
hiv_aids,catboost,origin_202212,3,precip_l1,0.2668462326711423,0.0026684623267114217
hiv_aids,catboost,origin_202212,3,precip_l3,0.4077548901066317,0.004077548901066315
hiv_aids,catboost,origin_202212,3,precip_l12,0.31881711840992305,0.0031881711840992285
hiv_aids,catboost,origin_202212,3,temp_min_l0,0.35554754352778895,0.0035554754352778873
hiv_aids,catboost,origin_202212,3,temp_min_l1,0.13723431614965692,0.0013723431614965683
hiv_aids,catboost,origin_202212,3,temp_min_l3,0.15000826261742115,0.0015000826261742106
hiv_aids,catboost,origin_202212,3,temp_min_l12,0.3898406041633779,0.003898406041633777
hiv_aids,catboost,origin_202212,3,temp_max_l0,0.2674164553597299,0.0026741645535972975
hiv_aids,catboost,origin_202212,3,temp_max_l1,0.271065630341835,0.0027106563034183487
hiv_aids,catboost,origin_202212,3,temp_max_l3,0.25111768570646936,0.002511176857064692
hiv_aids,catboost,origin_202212,3,temp_max_l12,0.3551906398775559,0.003551906398775557
hiv_aids,catboost,origin_202212,3,umid_l0,0.1864232934375359,0.0018642329343753579
hiv_aids,catboost,origin_202212,3,umid_l1,0.3152103938014095,0.0031521039380140933
hiv_aids,catboost,origin_202212,3,umid_l3,0.5083879846843217,0.005083879846843214
hiv_aids,catboost,origin_202212,3,umid_l12,0.33102084484554717,0.0033102084484554696
hiv_aids,catboost,origin_202212,3,populacao,2.295359754512623,0.022953597545126218
hiv_aids,catboost,origin_202212,3,dens_demog,2.169572762473294,0.021695727624732927
hiv_aids,catboost,origin_202212,3,ppc,0.94357039377249,0.009435703937724894
hiv_aids,catboost,origin_202212,3,urbanizacao,2.5868643281457095,0.02586864328145708
hiv_aids,catboost,origin_202212,3,tgt_month,0.032402418496836616,0.000324024184968366
hiv_aids,catboost,origin_202212,3,mun_id,0.0,0.0
hiv_aids,xgboost,origin_202212,3,n_hiv_aids_l0,0.03930684179067612,0.03930684179067612
hiv_aids,xgboost,origin_202212,3,n_hiv_aids_l1,0.0016322683077305555,0.0016322683077305555
hiv_aids,xgboost,origin_202212,3,n_hiv_aids_l2,0.00466469069942832,0.00466469069942832
hiv_aids,xgboost,origin_202212,3,n_hiv_aids_l3,0.0020177445840090513,0.0020177445840090513
hiv_aids,xgboost,origin_202212,3,n_hiv_aids_l6,0.0023231911472976208,0.0023231911472976208
hiv_aids,xgboost,origin_202212,3,n_hiv_aids_l12,0.001756159239448607,0.001756159239448607
hiv_aids,xgboost,origin_202212,3,n_hiv_aids_l13,0.0010478644398972392,0.0010478644398972392
hiv_aids,xgboost,origin_202212,3,n_hiv_aids_r3,0.3944246768951416,0.3944246768951416
hiv_aids,xgboost,origin_202212,3,n_hiv_aids_r6,0.436235249042511,0.436235249042511
hiv_aids,xgboost,origin_202212,3,n_hiv_aids_r12,0.08212609589099884,0.08212609589099884
hiv_aids,xgboost,origin_202212,3,evapot_l0,0.0007495157769881189,0.0007495157769881189
hiv_aids,xgboost,origin_202212,3,evapot_l1,0.0011647731298580766,0.0011647731298580766
hiv_aids,xgboost,origin_202212,3,evapot_l3,0.0008962557767517865,0.0008962557767517865
hiv_aids,xgboost,origin_202212,3,evapot_l12,0.0017389742424711585,0.0017389742424711585
hiv_aids,xgboost,origin_202212,3,precip_l0,0.0009526392095722258,0.0009526392095722258
hiv_aids,xgboost,origin_202212,3,precip_l1,0.0009149755351245403,0.0009149755351245403
hiv_aids,xgboost,origin_202212,3,precip_l3,0.0011072952765971422,0.0011072952765971422
hiv_aids,xgboost,origin_202212,3,precip_l12,0.0009659055504016578,0.0009659055504016578
hiv_aids,xgboost,origin_202212,3,temp_min_l0,0.0010078621562570333,0.0010078621562570333
hiv_aids,xgboost,origin_202212,3,temp_min_l1,0.0011327374959364533,0.0011327374959364533
hiv_aids,xgboost,origin_202212,3,temp_min_l3,0.0010715221287682652,0.0010715221287682652
hiv_aids,xgboost,origin_202212,3,temp_min_l12,0.0011129101039841771,0.0011129101039841771
hiv_aids,xgboost,origin_202212,3,temp_max_l0,0.0009057606221176684,0.0009057606221176684
hiv_aids,xgboost,origin_202212,3,temp_max_l1,0.001032589701935649,0.001032589701935649
hiv_aids,xgboost,origin_202212,3,temp_max_l3,0.0008883550181053579,0.0008883550181053579
hiv_aids,xgboost,origin_202212,3,temp_max_l12,0.0011597118573263288,0.0011597118573263288
hiv_aids,xgboost,origin_202212,3,umid_l0,0.0009978715097531676,0.0009978715097531676
hiv_aids,xgboost,origin_202212,3,umid_l1,0.0009884481551125646,0.0009884481551125646
hiv_aids,xgboost,origin_202212,3,umid_l3,0.0010444122599437833,0.0010444122599437833
hiv_aids,xgboost,origin_202212,3,umid_l12,0.0010114917531609535,0.0010114917531609535
hiv_aids,xgboost,origin_202212,3,populacao,0.004208873026072979,0.004208873026072979
hiv_aids,xgboost,origin_202212,3,dens_demog,0.002195698441937566,0.002195698441937566
hiv_aids,xgboost,origin_202212,3,ppc,0.001789103145711124,0.001789103145711124
hiv_aids,xgboost,origin_202212,3,urbanizacao,0.002702550496906042,0.002702550496906042
hiv_aids,xgboost,origin_202212,3,tgt_month,0.001290279789827764,0.001290279789827764
hiv_aids,xgboost,origin_202212,3,mun_id,0.001434741890989244,0.001434741890989244
hiv_aids,lgbm,origin_202212,6,n_hiv_aids_l0,120.0,0.02
hiv_aids,lgbm,origin_202212,6,n_hiv_aids_l1,141.0,0.0235
hiv_aids,lgbm,origin_202212,6,n_hiv_aids_l2,68.0,0.011333333333333334
hiv_aids,lgbm,origin_202212,6,n_hiv_aids_l3,149.0,0.024833333333333332
hiv_aids,lgbm,origin_202212,6,n_hiv_aids_l6,149.0,0.024833333333333332
hiv_aids,lgbm,origin_202212,6,n_hiv_aids_l12,133.0,0.022166666666666668
hiv_aids,lgbm,origin_202212,6,n_hiv_aids_l13,128.0,0.021333333333333333
hiv_aids,lgbm,origin_202212,6,n_hiv_aids_r3,175.0,0.029166666666666667
hiv_aids,lgbm,origin_202212,6,n_hiv_aids_r6,157.0,0.026166666666666668
hiv_aids,lgbm,origin_202212,6,n_hiv_aids_r12,388.0,0.06466666666666666
hiv_aids,lgbm,origin_202212,6,evapot_l0,135.0,0.0225
hiv_aids,lgbm,origin_202212,6,evapot_l1,174.0,0.029
hiv_aids,lgbm,origin_202212,6,evapot_l3,108.0,0.018
hiv_aids,lgbm,origin_202212,6,evapot_l12,137.0,0.022833333333333334
hiv_aids,lgbm,origin_202212,6,precip_l0,152.0,0.025333333333333333
hiv_aids,lgbm,origin_202212,6,precip_l1,208.0,0.034666666666666665
hiv_aids,lgbm,origin_202212,6,precip_l3,139.0,0.023166666666666665
hiv_aids,lgbm,origin_202212,6,precip_l12,137.0,0.022833333333333334
hiv_aids,lgbm,origin_202212,6,temp_min_l0,139.0,0.023166666666666665
hiv_aids,lgbm,origin_202212,6,temp_min_l1,115.0,0.019166666666666665
hiv_aids,lgbm,origin_202212,6,temp_min_l3,174.0,0.029
hiv_aids,lgbm,origin_202212,6,temp_min_l12,163.0,0.027166666666666665
hiv_aids,lgbm,origin_202212,6,temp_max_l0,114.0,0.019
hiv_aids,lgbm,origin_202212,6,temp_max_l1,140.0,0.023333333333333334
hiv_aids,lgbm,origin_202212,6,temp_max_l3,124.0,0.020666666666666667
hiv_aids,lgbm,origin_202212,6,temp_max_l12,106.0,0.017666666666666667
hiv_aids,lgbm,origin_202212,6,umid_l0,169.0,0.028166666666666666
hiv_aids,lgbm,origin_202212,6,umid_l1,208.0,0.034666666666666665
hiv_aids,lgbm,origin_202212,6,umid_l3,169.0,0.028166666666666666
hiv_aids,lgbm,origin_202212,6,umid_l12,114.0,0.019
hiv_aids,lgbm,origin_202212,6,populacao,197.0,0.03283333333333333
hiv_aids,lgbm,origin_202212,6,dens_demog,152.0,0.025333333333333333
hiv_aids,lgbm,origin_202212,6,ppc,366.0,0.061
hiv_aids,lgbm,origin_202212,6,urbanizacao,262.0,0.043666666666666666
hiv_aids,lgbm,origin_202212,6,tgt_month,92.0,0.015333333333333332
hiv_aids,lgbm,origin_202212,6,mun_id,398.0,0.06633333333333333
hiv_aids,catboost,origin_202212,6,n_hiv_aids_l0,4.920204832277091,0.049202048322770885
hiv_aids,catboost,origin_202212,6,n_hiv_aids_l1,5.070181810869501,0.05070181810869499
hiv_aids,catboost,origin_202212,6,n_hiv_aids_l2,9.034140225434962,0.09034140225434958
hiv_aids,catboost,origin_202212,6,n_hiv_aids_l3,4.8959180658949615,0.048959180658949594
hiv_aids,catboost,origin_202212,6,n_hiv_aids_l6,2.083601939359709,0.02083601939359708
hiv_aids,catboost,origin_202212,6,n_hiv_aids_l12,3.2719209883245175,0.032719209883245164
hiv_aids,catboost,origin_202212,6,n_hiv_aids_l13,3.6573320313038944,0.03657332031303893
hiv_aids,catboost,origin_202212,6,n_hiv_aids_r3,10.682416124279735,0.1068241612427973
hiv_aids,catboost,origin_202212,6,n_hiv_aids_r6,1.844750407442187,0.01844750407442186
hiv_aids,catboost,origin_202212,6,n_hiv_aids_r12,32.83477167673277,0.32834771676732755
hiv_aids,catboost,origin_202212,6,evapot_l0,0.24943780836465607,0.0024943780836465595
hiv_aids,catboost,origin_202212,6,evapot_l1,0.2805490129105663,0.0028054901291056614
hiv_aids,catboost,origin_202212,6,evapot_l3,0.3972292144023966,0.003972292144023964
hiv_aids,catboost,origin_202212,6,evapot_l12,0.3721734408485051,0.0037217344084850496
hiv_aids,catboost,origin_202212,6,precip_l0,0.4449450697192666,0.0044494506971926645
hiv_aids,catboost,origin_202212,6,precip_l1,0.5440558456913637,0.005440558456913634
hiv_aids,catboost,origin_202212,6,precip_l3,0.3472762487460063,0.003472762487460062
hiv_aids,catboost,origin_202212,6,precip_l12,0.33760186246296564,0.003376018624629655
hiv_aids,catboost,origin_202212,6,temp_min_l0,0.2614539291748062,0.002614539291748061
hiv_aids,catboost,origin_202212,6,temp_min_l1,0.30320758183788865,0.003032075818378885
hiv_aids,catboost,origin_202212,6,temp_min_l3,0.4639998725125931,0.004639998725125929
hiv_aids,catboost,origin_202212,6,temp_min_l12,0.3026433015132161,0.0030264330151321597
hiv_aids,catboost,origin_202212,6,temp_max_l0,0.2698096500094857,0.002698096500094856
hiv_aids,catboost,origin_202212,6,temp_max_l1,0.32606042517316575,0.003260604251731656
hiv_aids,catboost,origin_202212,6,temp_max_l3,0.25615352704114913,0.0025615352704114903
hiv_aids,catboost,origin_202212,6,temp_max_l12,0.448497511716094,0.004484975117160938
hiv_aids,catboost,origin_202212,6,umid_l0,0.35238053186507656,0.0035238053186507643
hiv_aids,catboost,origin_202212,6,umid_l1,0.45471534331568186,0.004547153433156817
hiv_aids,catboost,origin_202212,6,umid_l3,0.3368315982880344,0.0033683159828803424
hiv_aids,catboost,origin_202212,6,umid_l12,0.34002208228680764,0.0034002208228680747
hiv_aids,catboost,origin_202212,6,populacao,4.315338792864636,0.04315338792864634
hiv_aids,catboost,origin_202212,6,dens_demog,3.7627422798778287,0.03762742279877827
hiv_aids,catboost,origin_202212,6,ppc,0.9838240239559018,0.009838240239559015
hiv_aids,catboost,origin_202212,6,urbanizacao,4.688548341859855,0.04688548341859853
hiv_aids,catboost,origin_202212,6,tgt_month,0.22021480214252737,0.0022021480214252727
hiv_aids,catboost,origin_202212,6,mun_id,0.645049799500223,0.006450497995002228
hiv_aids,xgboost,origin_202212,6,n_hiv_aids_l0,0.022456102073192596,0.022456102073192596
hiv_aids,xgboost,origin_202212,6,n_hiv_aids_l1,0.04039318859577179,0.04039318859577179
hiv_aids,xgboost,origin_202212,6,n_hiv_aids_l2,0.0015269930008798838,0.0015269930008798838
hiv_aids,xgboost,origin_202212,6,n_hiv_aids_l3,0.0019750932697206736,0.0019750932697206736
hiv_aids,xgboost,origin_202212,6,n_hiv_aids_l6,0.00276363966986537,0.00276363966986537
hiv_aids,xgboost,origin_202212,6,n_hiv_aids_l12,0.0019288588082417846,0.0019288588082417846
hiv_aids,xgboost,origin_202212,6,n_hiv_aids_l13,0.001822448568418622,0.001822448568418622
hiv_aids,xgboost,origin_202212,6,n_hiv_aids_r3,0.36683669686317444,0.36683669686317444
hiv_aids,xgboost,origin_202212,6,n_hiv_aids_r6,0.4027128219604492,0.4027128219604492
hiv_aids,xgboost,origin_202212,6,n_hiv_aids_r12,0.11839497834444046,0.11839497834444046
hiv_aids,xgboost,origin_202212,6,evapot_l0,0.0008468609303236008,0.0008468609303236008
hiv_aids,xgboost,origin_202212,6,evapot_l1,0.0009546488872729242,0.0009546488872729242
hiv_aids,xgboost,origin_202212,6,evapot_l3,0.000772307685110718,0.000772307685110718
hiv_aids,xgboost,origin_202212,6,evapot_l12,0.0014770556008443236,0.0014770556008443236
hiv_aids,xgboost,origin_202212,6,precip_l0,0.001091483049094677,0.001091483049094677
hiv_aids,xgboost,origin_202212,6,precip_l1,0.0010919844498857856,0.0010919844498857856
hiv_aids,xgboost,origin_202212,6,precip_l3,0.0007233792566694319,0.0007233792566694319
hiv_aids,xgboost,origin_202212,6,precip_l12,0.001008231658488512,0.001008231658488512
hiv_aids,xgboost,origin_202212,6,temp_min_l0,0.0012876251712441444,0.0012876251712441444
hiv_aids,xgboost,origin_202212,6,temp_min_l1,0.0009703538380563259,0.0009703538380563259
hiv_aids,xgboost,origin_202212,6,temp_min_l3,0.0008983160369098186,0.0008983160369098186
hiv_aids,xgboost,origin_202212,6,temp_min_l12,0.0010793072870001197,0.0010793072870001197
hiv_aids,xgboost,origin_202212,6,temp_max_l0,0.0010657163802534342,0.0010657163802534342
hiv_aids,xgboost,origin_202212,6,temp_max_l1,0.0011293046409264207,0.0011293046409264207
hiv_aids,xgboost,origin_202212,6,temp_max_l3,0.0008921923581510782,0.0008921923581510782
hiv_aids,xgboost,origin_202212,6,temp_max_l12,0.0009384813020005822,0.0009384813020005822
hiv_aids,xgboost,origin_202212,6,umid_l0,0.00112034915946424,0.00112034915946424
hiv_aids,xgboost,origin_202212,6,umid_l1,0.0011337788309901953,0.0011337788309901953
hiv_aids,xgboost,origin_202212,6,umid_l3,0.0009553175768814981,0.0009553175768814981
hiv_aids,xgboost,origin_202212,6,umid_l12,0.0010181372053921223,0.0010181372053921223
hiv_aids,xgboost,origin_202212,6,populacao,0.005368572194129229,0.005368572194129229
hiv_aids,xgboost,origin_202212,6,dens_demog,0.003165813395753503,0.003165813395753503
hiv_aids,xgboost,origin_202212,6,ppc,0.0023495943751186132,0.0023495943751186132
hiv_aids,xgboost,origin_202212,6,urbanizacao,0.0045541152358055115,0.0045541152358055115
hiv_aids,xgboost,origin_202212,6,tgt_month,0.001355165266431868,0.001355165266431868
hiv_aids,xgboost,origin_202212,6,mun_id,0.001941053313203156,0.001941053313203156
hiv_aids,lgbm,origin_202212,12,n_hiv_aids_l0,135.0,0.0225
hiv_aids,lgbm,origin_202212,12,n_hiv_aids_l1,94.0,0.015666666666666666
hiv_aids,lgbm,origin_202212,12,n_hiv_aids_l2,74.0,0.012333333333333333
hiv_aids,lgbm,origin_202212,12,n_hiv_aids_l3,83.0,0.013833333333333333
hiv_aids,lgbm,origin_202212,12,n_hiv_aids_l6,114.0,0.019
hiv_aids,lgbm,origin_202212,12,n_hiv_aids_l12,160.0,0.02666666666666667
hiv_aids,lgbm,origin_202212,12,n_hiv_aids_l13,173.0,0.028833333333333332
hiv_aids,lgbm,origin_202212,12,n_hiv_aids_r3,98.0,0.01633333333333333
hiv_aids,lgbm,origin_202212,12,n_hiv_aids_r6,173.0,0.028833333333333332
hiv_aids,lgbm,origin_202212,12,n_hiv_aids_r12,446.0,0.07433333333333333
hiv_aids,lgbm,origin_202212,12,evapot_l0,102.0,0.017
hiv_aids,lgbm,origin_202212,12,evapot_l1,135.0,0.0225
hiv_aids,lgbm,origin_202212,12,evapot_l3,125.0,0.020833333333333332
hiv_aids,lgbm,origin_202212,12,evapot_l12,174.0,0.029
hiv_aids,lgbm,origin_202212,12,precip_l0,124.0,0.020666666666666667
hiv_aids,lgbm,origin_202212,12,precip_l1,132.0,0.022
hiv_aids,lgbm,origin_202212,12,precip_l3,132.0,0.022
hiv_aids,lgbm,origin_202212,12,precip_l12,98.0,0.01633333333333333
hiv_aids,lgbm,origin_202212,12,temp_min_l0,120.0,0.02
hiv_aids,lgbm,origin_202212,12,temp_min_l1,117.0,0.0195
hiv_aids,lgbm,origin_202212,12,temp_min_l3,156.0,0.026
hiv_aids,lgbm,origin_202212,12,temp_min_l12,182.0,0.030333333333333334
hiv_aids,lgbm,origin_202212,12,temp_max_l0,150.0,0.025
hiv_aids,lgbm,origin_202212,12,temp_max_l1,118.0,0.019666666666666666
hiv_aids,lgbm,origin_202212,12,temp_max_l3,87.0,0.0145
hiv_aids,lgbm,origin_202212,12,temp_max_l12,158.0,0.026333333333333334
hiv_aids,lgbm,origin_202212,12,umid_l0,111.0,0.0185
hiv_aids,lgbm,origin_202212,12,umid_l1,161.0,0.026833333333333334
hiv_aids,lgbm,origin_202212,12,umid_l3,171.0,0.0285
hiv_aids,lgbm,origin_202212,12,umid_l12,164.0,0.027333333333333334
hiv_aids,lgbm,origin_202212,12,populacao,306.0,0.051
hiv_aids,lgbm,origin_202212,12,dens_demog,195.0,0.0325
hiv_aids,lgbm,origin_202212,12,ppc,409.0,0.06816666666666667
hiv_aids,lgbm,origin_202212,12,urbanizacao,337.0,0.05616666666666666
hiv_aids,lgbm,origin_202212,12,tgt_month,89.0,0.014833333333333334
hiv_aids,lgbm,origin_202212,12,mun_id,397.0,0.06616666666666667
hiv_aids,catboost,origin_202212,12,n_hiv_aids_l0,1.704161375646795,0.017041613756467948
hiv_aids,catboost,origin_202212,12,n_hiv_aids_l1,1.6634018837151403,0.0166340188371514
hiv_aids,catboost,origin_202212,12,n_hiv_aids_l2,2.91234634529174,0.029123463452917397
hiv_aids,catboost,origin_202212,12,n_hiv_aids_l3,1.26278430803403,0.012627843080340298
hiv_aids,catboost,origin_202212,12,n_hiv_aids_l6,1.7564677826574484,0.017564677826574483
hiv_aids,catboost,origin_202212,12,n_hiv_aids_l12,7.645504759311742,0.07645504759311741
hiv_aids,catboost,origin_202212,12,n_hiv_aids_l13,10.635550409649248,0.10635550409649247
hiv_aids,catboost,origin_202212,12,n_hiv_aids_r3,4.612512465358012,0.04612512465358012
hiv_aids,catboost,origin_202212,12,n_hiv_aids_r6,22.696717552893425,0.22696717552893422
hiv_aids,catboost,origin_202212,12,n_hiv_aids_r12,23.8171870249076,0.23817187024907596
hiv_aids,catboost,origin_202212,12,evapot_l0,0.21228980674402986,0.0021228980674402984
hiv_aids,catboost,origin_202212,12,evapot_l1,0.24615038878680234,0.002461503887868023
hiv_aids,catboost,origin_202212,12,evapot_l3,0.30950521305173706,0.00309505213051737
hiv_aids,catboost,origin_202212,12,evapot_l12,0.24440922518619834,0.0024440922518619832
hiv_aids,catboost,origin_202212,12,precip_l0,0.4181312284060762,0.004181312284060761
hiv_aids,catboost,origin_202212,12,precip_l1,0.2602808901427671,0.0026028089014276706
hiv_aids,catboost,origin_202212,12,precip_l3,0.38326506513999975,0.003832650651399997
hiv_aids,catboost,origin_202212,12,precip_l12,0.3831376277221203,0.003831376277221202
hiv_aids,catboost,origin_202212,12,temp_min_l0,0.49158896200849167,0.004915889620084916
hiv_aids,catboost,origin_202212,12,temp_min_l1,0.49617344293416754,0.004961734429341675
hiv_aids,catboost,origin_202212,12,temp_min_l3,0.5023178135244873,0.005023178135244873
hiv_aids,catboost,origin_202212,12,temp_min_l12,0.40170560312808334,0.004017056031280833
hiv_aids,catboost,origin_202212,12,temp_max_l0,0.3105744327160786,0.0031057443271607856
hiv_aids,catboost,origin_202212,12,temp_max_l1,0.17038589125749626,0.0017038589125749624
hiv_aids,catboost,origin_202212,12,temp_max_l3,0.24047062812733658,0.0024047062812733652
hiv_aids,catboost,origin_202212,12,temp_max_l12,0.4495680202201371,0.00449568020220137
hiv_aids,catboost,origin_202212,12,umid_l0,0.3090734984079199,0.0030907349840791987
hiv_aids,catboost,origin_202212,12,umid_l1,0.3988814176118473,0.0039888141761184725
hiv_aids,catboost,origin_202212,12,umid_l3,0.39183218323927044,0.003918321832392704
hiv_aids,catboost,origin_202212,12,umid_l12,0.3762930676542902,0.0037629306765429014
hiv_aids,catboost,origin_202212,12,populacao,3.77369233205931,0.03773692332059309
hiv_aids,catboost,origin_202212,12,dens_demog,3.787839298210229,0.037878392982102285
hiv_aids,catboost,origin_202212,12,ppc,2.5638695747726694,0.02563869574772669
hiv_aids,catboost,origin_202212,12,urbanizacao,3.347604443525424,0.03347604443525423
hiv_aids,catboost,origin_202212,12,tgt_month,0.1600345123789606,0.0016003451237896057
hiv_aids,catboost,origin_202212,12,mun_id,0.6642915255788893,0.006642915255788892
hiv_aids,xgboost,origin_202212,12,n_hiv_aids_l0,0.06372548639774323,0.06372548639774323
hiv_aids,xgboost,origin_202212,12,n_hiv_aids_l1,0.051968738436698914,0.051968738436698914
hiv_aids,xgboost,origin_202212,12,n_hiv_aids_l2,0.0007597313961014152,0.0007597313961014152
hiv_aids,xgboost,origin_202212,12,n_hiv_aids_l3,0.0008410080336034298,0.0008410080336034298
hiv_aids,xgboost,origin_202212,12,n_hiv_aids_l6,0.0016500900965183973,0.0016500900965183973
hiv_aids,xgboost,origin_202212,12,n_hiv_aids_l12,0.00211243680678308,0.00211243680678308
hiv_aids,xgboost,origin_202212,12,n_hiv_aids_l13,0.0032301282044500113,0.0032301282044500113
hiv_aids,xgboost,origin_202212,12,n_hiv_aids_r3,0.35570982098579407,0.35570982098579407
hiv_aids,xgboost,origin_202212,12,n_hiv_aids_r6,0.3263479173183441,0.3263479173183441
hiv_aids,xgboost,origin_202212,12,n_hiv_aids_r12,0.13201363384723663,0.13201363384723663
hiv_aids,xgboost,origin_202212,12,evapot_l0,0.0007558371289633214,0.0007558371289633214
hiv_aids,xgboost,origin_202212,12,evapot_l1,0.0007136406493373215,0.0007136406493373215
hiv_aids,xgboost,origin_202212,12,evapot_l3,0.0010548356221988797,0.0010548356221988797
hiv_aids,xgboost,origin_202212,12,evapot_l12,0.001155800768174231,0.001155800768174231
hiv_aids,xgboost,origin_202212,12,precip_l0,0.0008258784073404968,0.0008258784073404968
hiv_aids,xgboost,origin_202212,12,precip_l1,0.0008855726337060332,0.0008855726337060332
hiv_aids,xgboost,origin_202212,12,precip_l3,0.0007934821187518537,0.0007934821187518537
hiv_aids,xgboost,origin_202212,12,precip_l12,0.0009018437704071403,0.0009018437704071403
hiv_aids,xgboost,origin_202212,12,temp_min_l0,0.0010533551685512066,0.0010533551685512066
hiv_aids,xgboost,origin_202212,12,temp_min_l1,0.0011071633780375123,0.0011071633780375123
hiv_aids,xgboost,origin_202212,12,temp_min_l3,0.0009601793135516346,0.0009601793135516346
hiv_aids,xgboost,origin_202212,12,temp_min_l12,0.0010935503523796797,0.0010935503523796797
hiv_aids,xgboost,origin_202212,12,temp_max_l0,0.0009797163074836135,0.0009797163074836135
hiv_aids,xgboost,origin_202212,12,temp_max_l1,0.0011132806539535522,0.0011132806539535522
hiv_aids,xgboost,origin_202212,12,temp_max_l3,0.001025591278448701,0.001025591278448701
hiv_aids,xgboost,origin_202212,12,temp_max_l12,0.0011760580819100142,0.0011760580819100142
hiv_aids,xgboost,origin_202212,12,umid_l0,0.0008523805299773812,0.0008523805299773812
hiv_aids,xgboost,origin_202212,12,umid_l1,0.0008632903918623924,0.0008632903918623924
hiv_aids,xgboost,origin_202212,12,umid_l3,0.0010773438261821866,0.0010773438261821866
hiv_aids,xgboost,origin_202212,12,umid_l12,0.0008716904558241367,0.0008716904558241367
hiv_aids,xgboost,origin_202212,12,populacao,0.007894580252468586,0.007894580252468586
hiv_aids,xgboost,origin_202212,12,dens_demog,0.0034165456891059875,0.0034165456891059875
hiv_aids,xgboost,origin_202212,12,ppc,0.003962913528084755,0.003962913528084755
hiv_aids,xgboost,origin_202212,12,urbanizacao,0.006566409487277269,0.006566409487277269
hiv_aids,xgboost,origin_202212,12,tgt_month,0.0013233236968517303,0.0013233236968517303
hiv_aids,xgboost,origin_202212,12,mun_id,0.019216708838939667,0.019216708838939667
sifilis,lgbm,origin_201912,1,n_sifilis_l0,99.0,0.0165
sifilis,lgbm,origin_201912,1,n_sifilis_l1,56.0,0.009333333333333334
sifilis,lgbm,origin_201912,1,n_sifilis_l2,48.0,0.008
sifilis,lgbm,origin_201912,1,n_sifilis_l3,64.0,0.010666666666666666
sifilis,lgbm,origin_201912,1,n_sifilis_l6,105.0,0.0175
sifilis,lgbm,origin_201912,1,n_sifilis_l12,88.0,0.014666666666666666
sifilis,lgbm,origin_201912,1,n_sifilis_l13,137.0,0.022833333333333334
sifilis,lgbm,origin_201912,1,n_sifilis_r3,174.0,0.029
sifilis,lgbm,origin_201912,1,n_sifilis_r6,164.0,0.027333333333333334
sifilis,lgbm,origin_201912,1,n_sifilis_r12,276.0,0.046
sifilis,lgbm,origin_201912,1,evapot_l0,133.0,0.022166666666666668
sifilis,lgbm,origin_201912,1,evapot_l1,137.0,0.022833333333333334
sifilis,lgbm,origin_201912,1,evapot_l3,159.0,0.0265
sifilis,lgbm,origin_201912,1,evapot_l12,169.0,0.028166666666666666
sifilis,lgbm,origin_201912,1,precip_l0,211.0,0.035166666666666666
sifilis,lgbm,origin_201912,1,precip_l1,178.0,0.029666666666666668
sifilis,lgbm,origin_201912,1,precip_l3,189.0,0.0315
sifilis,lgbm,origin_201912,1,precip_l12,209.0,0.034833333333333334
sifilis,lgbm,origin_201912,1,temp_min_l0,195.0,0.0325
sifilis,lgbm,origin_201912,1,temp_min_l1,156.0,0.026
sifilis,lgbm,origin_201912,1,temp_min_l3,165.0,0.0275
sifilis,lgbm,origin_201912,1,temp_min_l12,180.0,0.03
sifilis,lgbm,origin_201912,1,temp_max_l0,153.0,0.0255
sifilis,lgbm,origin_201912,1,temp_max_l1,159.0,0.0265
sifilis,lgbm,origin_201912,1,temp_max_l3,193.0,0.03216666666666667
sifilis,lgbm,origin_201912,1,temp_max_l12,165.0,0.0275
sifilis,lgbm,origin_201912,1,umid_l0,192.0,0.032
sifilis,lgbm,origin_201912,1,umid_l1,204.0,0.034
sifilis,lgbm,origin_201912,1,umid_l3,224.0,0.037333333333333336
sifilis,lgbm,origin_201912,1,umid_l12,206.0,0.034333333333333334
sifilis,lgbm,origin_201912,1,populacao,214.0,0.035666666666666666
sifilis,lgbm,origin_201912,1,dens_demog,134.0,0.022333333333333334
sifilis,lgbm,origin_201912,1,ppc,243.0,0.0405
sifilis,lgbm,origin_201912,1,urbanizacao,152.0,0.025333333333333333
sifilis,lgbm,origin_201912,1,tgt_month,162.0,0.027
sifilis,lgbm,origin_201912,1,mun_id,307.0,0.051166666666666666
sifilis,catboost,origin_201912,1,n_sifilis_l0,7.711936155743075,0.07711936155743077
sifilis,catboost,origin_201912,1,n_sifilis_l1,3.0880923141112513,0.03088092314111252
sifilis,catboost,origin_201912,1,n_sifilis_l2,1.9102209509241108,0.01910220950924111
sifilis,catboost,origin_201912,1,n_sifilis_l3,1.4638030890933764,0.014638030890933766
sifilis,catboost,origin_201912,1,n_sifilis_l6,0.37771565992875267,0.0037771565992875274
sifilis,catboost,origin_201912,1,n_sifilis_l12,0.8146531934260164,0.008146531934260164
sifilis,catboost,origin_201912,1,n_sifilis_l13,3.38523890157892,0.03385238901578921
sifilis,catboost,origin_201912,1,n_sifilis_r3,9.67011492808777,0.09670114928087771
sifilis,catboost,origin_201912,1,n_sifilis_r6,7.534737450836604,0.07534737450836605
sifilis,catboost,origin_201912,1,n_sifilis_r12,26.7002844188241,0.26700284418824105
sifilis,catboost,origin_201912,1,evapot_l0,0.9932134860674607,0.009932134860674608
sifilis,catboost,origin_201912,1,evapot_l1,0.9026305900172323,0.009026305900172324
sifilis,catboost,origin_201912,1,evapot_l3,1.1318105371396474,0.011318105371396476
sifilis,catboost,origin_201912,1,evapot_l12,1.033923078197398,0.010339230781973982
sifilis,catboost,origin_201912,1,precip_l0,1.4705375964750569,0.01470537596475057
sifilis,catboost,origin_201912,1,precip_l1,0.9163752625019748,0.009163752625019748
sifilis,catboost,origin_201912,1,precip_l3,1.301468466259912,0.013014684662599123
sifilis,catboost,origin_201912,1,precip_l12,1.8704763606605812,0.018704763606605813
sifilis,catboost,origin_201912,1,temp_min_l0,1.2659552198109711,0.012659552198109714
sifilis,catboost,origin_201912,1,temp_min_l1,0.7106688211476567,0.007106688211476568
sifilis,catboost,origin_201912,1,temp_min_l3,1.1385435790520555,0.011385435790520556
sifilis,catboost,origin_201912,1,temp_min_l12,1.3040140144727692,0.013040140144727694
sifilis,catboost,origin_201912,1,temp_max_l0,0.9395148061475118,0.00939514806147512
sifilis,catboost,origin_201912,1,temp_max_l1,1.1729137656396256,0.011729137656396257
sifilis,catboost,origin_201912,1,temp_max_l3,0.5902734348579575,0.0059027343485795756
sifilis,catboost,origin_201912,1,temp_max_l12,1.3138318152104214,0.013138318152104216
sifilis,catboost,origin_201912,1,umid_l0,0.717515616534422,0.00717515616534422
sifilis,catboost,origin_201912,1,umid_l1,1.0214247694145084,0.010214247694145086
sifilis,catboost,origin_201912,1,umid_l3,1.2728926789836446,0.012728926789836448
sifilis,catboost,origin_201912,1,umid_l12,1.5991237474039535,0.015991237474039535
sifilis,catboost,origin_201912,1,populacao,3.6146195596930215,0.03614619559693022
sifilis,catboost,origin_201912,1,dens_demog,2.7449224554659493,0.027449224554659497
sifilis,catboost,origin_201912,1,ppc,1.9967747350230372,0.019967747350230373
sifilis,catboost,origin_201912,1,urbanizacao,3.9215358736935544,0.039215358736935546
sifilis,catboost,origin_201912,1,tgt_month,0.6722661553094019,0.00672266155309402
sifilis,catboost,origin_201912,1,mun_id,1.7259765122662751,0.017259765122662755
sifilis,xgboost,origin_201912,1,n_sifilis_l0,0.002017718506976962,0.002017719205468893
sifilis,xgboost,origin_201912,1,n_sifilis_l1,0.0036558436695486307,0.003655844833701849
sifilis,xgboost,origin_201912,1,n_sifilis_l2,0.010608517564833164,0.010608520358800888
sifilis,xgboost,origin_201912,1,n_sifilis_l3,0.00552847096696496,0.005528472829610109
sifilis,xgboost,origin_201912,1,n_sifilis_l6,0.028920967131853104,0.02892097644507885
sifilis,xgboost,origin_201912,1,n_sifilis_l12,0.004398301709443331,0.004398303106427193
sifilis,xgboost,origin_201912,1,n_sifilis_l13,0.033528413623571396,0.03352842479944229
sifilis,xgboost,origin_201912,1,n_sifilis_r3,0.07530004531145096,0.07530006766319275
sifilis,xgboost,origin_201912,1,n_sifilis_r6,0.4396635890007019,0.43966370820999146
sifilis,xgboost,origin_201912,1,n_sifilis_r12,0.29707759618759155,0.2970776855945587
sifilis,xgboost,origin_201912,1,evapot_l0,0.0021342646796256304,0.0021342653781175613
sifilis,xgboost,origin_201912,1,evapot_l1,0.001995330210775137,0.001995330909267068
sifilis,xgboost,origin_201912,1,evapot_l3,0.0024062052834779024,0.0024062059819698334
sifilis,xgboost,origin_201912,1,evapot_l12,0.0021723962854593992,0.00217239698395133
sifilis,xgboost,origin_201912,1,precip_l0,0.002242907416075468,0.002242908114567399
sifilis,xgboost,origin_201912,1,precip_l1,0.0020525020081549883,0.0020525027066469193
sifilis,xgboost,origin_201912,1,precip_l3,0.002420524600893259,0.00242052529938519
sifilis,xgboost,origin_201912,1,precip_l12,0.002340937964618206,0.002340938663110137
sifilis,xgboost,origin_201912,1,temp_min_l0,0.002269113203510642,0.002269113902002573
sifilis,xgboost,origin_201912,1,temp_min_l1,0.002190935192629695,0.002190935891121626
sifilis,xgboost,origin_201912,1,temp_min_l3,0.0026882956735789776,0.0026882963720709085
sifilis,xgboost,origin_201912,1,temp_min_l12,0.0025419085286557674,0.0025419092271476984
sifilis,xgboost,origin_201912,1,temp_max_l0,0.0022809721995145082,0.002280972898006439
sifilis,xgboost,origin_201912,1,temp_max_l1,0.0020820866338908672,0.002082087332382798
sifilis,xgboost,origin_201912,1,temp_max_l3,0.002360151382163167,0.002360152080655098
sifilis,xgboost,origin_201912,1,temp_max_l12,0.00208995770663023,0.002089958405122161
sifilis,xgboost,origin_201912,1,umid_l0,0.0022390501108020544,0.0022390508092939854
sifilis,xgboost,origin_201912,1,umid_l1,0.0024208021350204945,0.0024208028335124254
sifilis,xgboost,origin_201912,1,umid_l3,0.0022771863732486963,0.0022771870717406273
sifilis,xgboost,origin_201912,1,umid_l12,0.0024405112490057945,0.0024405119474977255
sifilis,xgboost,origin_201912,1,populacao,0.027748964726924896,0.027748972177505493
sifilis,xgboost,origin_201912,1,dens_demog,0.0067293536849319935,0.006729355547577143
sifilis,xgboost,origin_201912,1,ppc,0.002442261204123497,0.002442261902615428
sifilis,xgboost,origin_201912,1,urbanizacao,0.0038129205349832773,0.0038129216991364956
sifilis,xgboost,origin_201912,1,tgt_month,0.0036464000586420298,0.003646401222795248
sifilis,xgboost,origin_201912,1,mun_id,0.00927445013076067,0.009274452924728394
sifilis,lgbm,origin_201912,3,n_sifilis_l0,97.0,0.016166666666666666
sifilis,lgbm,origin_201912,3,n_sifilis_l1,65.0,0.010833333333333334
sifilis,lgbm,origin_201912,3,n_sifilis_l2,65.0,0.010833333333333334
sifilis,lgbm,origin_201912,3,n_sifilis_l3,81.0,0.0135
sifilis,lgbm,origin_201912,3,n_sifilis_l6,68.0,0.011333333333333334
sifilis,lgbm,origin_201912,3,n_sifilis_l12,94.0,0.015666666666666666
sifilis,lgbm,origin_201912,3,n_sifilis_l13,72.0,0.012
sifilis,lgbm,origin_201912,3,n_sifilis_r3,90.0,0.015
sifilis,lgbm,origin_201912,3,n_sifilis_r6,141.0,0.0235
sifilis,lgbm,origin_201912,3,n_sifilis_r12,319.0,0.05316666666666667
sifilis,lgbm,origin_201912,3,evapot_l0,130.0,0.021666666666666667
sifilis,lgbm,origin_201912,3,evapot_l1,155.0,0.025833333333333333
sifilis,lgbm,origin_201912,3,evapot_l3,218.0,0.036333333333333336
sifilis,lgbm,origin_201912,3,evapot_l12,114.0,0.019
sifilis,lgbm,origin_201912,3,precip_l0,207.0,0.0345
sifilis,lgbm,origin_201912,3,precip_l1,181.0,0.030166666666666668
sifilis,lgbm,origin_201912,3,precip_l3,225.0,0.0375
sifilis,lgbm,origin_201912,3,precip_l12,190.0,0.03166666666666667
sifilis,lgbm,origin_201912,3,temp_min_l0,144.0,0.024
sifilis,lgbm,origin_201912,3,temp_min_l1,164.0,0.027333333333333334
sifilis,lgbm,origin_201912,3,temp_min_l3,140.0,0.023333333333333334
sifilis,lgbm,origin_201912,3,temp_min_l12,201.0,0.0335
sifilis,lgbm,origin_201912,3,temp_max_l0,145.0,0.024166666666666666
sifilis,lgbm,origin_201912,3,temp_max_l1,180.0,0.03
sifilis,lgbm,origin_201912,3,temp_max_l3,246.0,0.041
sifilis,lgbm,origin_201912,3,temp_max_l12,153.0,0.0255
sifilis,lgbm,origin_201912,3,umid_l0,153.0,0.0255
sifilis,lgbm,origin_201912,3,umid_l1,219.0,0.0365
sifilis,lgbm,origin_201912,3,umid_l3,187.0,0.031166666666666665
sifilis,lgbm,origin_201912,3,umid_l12,194.0,0.03233333333333333
sifilis,lgbm,origin_201912,3,populacao,279.0,0.0465
sifilis,lgbm,origin_201912,3,dens_demog,206.0,0.034333333333333334
sifilis,lgbm,origin_201912,3,ppc,299.0,0.049833333333333334
sifilis,lgbm,origin_201912,3,urbanizacao,165.0,0.0275
sifilis,lgbm,origin_201912,3,tgt_month,128.0,0.021333333333333333
sifilis,lgbm,origin_201912,3,mun_id,285.0,0.0475
sifilis,catboost,origin_201912,3,n_sifilis_l0,4.232925870960963,0.04232925870960964
sifilis,catboost,origin_201912,3,n_sifilis_l1,2.245943412255432,0.02245943412255433
sifilis,catboost,origin_201912,3,n_sifilis_l2,0.976191123589513,0.009761911235895135
sifilis,catboost,origin_201912,3,n_sifilis_l3,2.3083937081855734,0.023083937081855743
sifilis,catboost,origin_201912,3,n_sifilis_l6,1.2117860346774094,0.0121178603467741
sifilis,catboost,origin_201912,3,n_sifilis_l12,2.8143307491894114,0.028143307491894125
sifilis,catboost,origin_201912,3,n_sifilis_l13,4.513308323749974,0.04513308323749976
sifilis,catboost,origin_201912,3,n_sifilis_r3,3.746823352202524,0.03746823352202526
sifilis,catboost,origin_201912,3,n_sifilis_r6,23.998868999876567,0.23998868999876577
sifilis,catboost,origin_201912,3,n_sifilis_r12,14.854021916980056,0.14854021916980062
sifilis,catboost,origin_201912,3,evapot_l0,0.7452584698969947,0.0074525846989699504
sifilis,catboost,origin_201912,3,evapot_l1,0.6067210224829723,0.006067210224829726
sifilis,catboost,origin_201912,3,evapot_l3,1.4674085683681832,0.014674085683681838
sifilis,catboost,origin_201912,3,evapot_l12,0.8626157085388754,0.008626157085388757
sifilis,catboost,origin_201912,3,precip_l0,1.6225607966157034,0.01622560796615704
sifilis,catboost,origin_201912,3,precip_l1,1.4481187006010199,0.014481187006010206
sifilis,catboost,origin_201912,3,precip_l3,1.411354019287032,0.014113540192870326
sifilis,catboost,origin_201912,3,precip_l12,1.292559594350585,0.012925595943505855
sifilis,catboost,origin_201912,3,temp_min_l0,0.633519942323614,0.006335199423236142
sifilis,catboost,origin_201912,3,temp_min_l1,0.850060455704131,0.008500604557041314
sifilis,catboost,origin_201912,3,temp_min_l3,1.0338632169886028,0.010338632169886033
sifilis,catboost,origin_201912,3,temp_min_l12,1.4038259725682873,0.01403825972568288
sifilis,catboost,origin_201912,3,temp_max_l0,0.9720079428635823,0.009720079428635828
sifilis,catboost,origin_201912,3,temp_max_l1,0.9137067385777603,0.009137067385777606
sifilis,catboost,origin_201912,3,temp_max_l3,0.9731593817881845,0.00973159381788185
sifilis,catboost,origin_201912,3,temp_max_l12,0.5636656269890195,0.005636656269890197
sifilis,catboost,origin_201912,3,umid_l0,1.3375791604456244,0.01337579160445625
sifilis,catboost,origin_201912,3,umid_l1,0.8253259923591793,0.008253259923591796
sifilis,catboost,origin_201912,3,umid_l3,1.3306326664411745,0.013306326664411752
sifilis,catboost,origin_201912,3,umid_l12,0.8421334308597945,0.008421334308597948
sifilis,catboost,origin_201912,3,populacao,4.819085774870843,0.04819085774870845
sifilis,catboost,origin_201912,3,dens_demog,5.22177175775324,0.05221771757753242
sifilis,catboost,origin_201912,3,ppc,2.9878476347635754,0.02987847634763577
sifilis,catboost,origin_201912,3,urbanizacao,2.343856543597027,0.023438565435970282
sifilis,catboost,origin_201912,3,tgt_month,0.5234182549605674,0.005234182549605676
sifilis,catboost,origin_201912,3,mun_id,2.0653491343369854,0.020653491343369863
sifilis,xgboost,origin_201912,3,n_sifilis_l0,0.0031760267447680235,0.003176027210429311
sifilis,xgboost,origin_201912,3,n_sifilis_l1,0.00549309654161334,0.005493097007274628
sifilis,xgboost,origin_201912,3,n_sifilis_l2,0.0017657530261203647,0.0017657532589510083
sifilis,xgboost,origin_201912,3,n_sifilis_l3,0.002795892534777522,0.0027958927676081657
sifilis,xgboost,origin_201912,3,n_sifilis_l6,0.06719399243593216,0.06719399988651276
sifilis,xgboost,origin_201912,3,n_sifilis_l12,0.011673619970679283,0.011673620902001858
sifilis,xgboost,origin_201912,3,n_sifilis_l13,0.0022566961124539375,0.002256696345284581
sifilis,xgboost,origin_201912,3,n_sifilis_r3,0.17507708072662354,0.17507709562778473
sifilis,xgboost,origin_201912,3,n_sifilis_r6,0.325947642326355,0.32594767212867737
sifilis,xgboost,origin_201912,3,n_sifilis_r12,0.30681896209716797,0.30681899189949036
sifilis,xgboost,origin_201912,3,evapot_l0,0.002073058392852545,0.0020730586256831884
sifilis,xgboost,origin_201912,3,evapot_l1,0.0024872333742678165,0.00248723360709846
sifilis,xgboost,origin_201912,3,evapot_l3,0.002349401591345668,0.0023494018241763115
sifilis,xgboost,origin_201912,3,evapot_l12,0.0022047965321689844,0.002204796764999628
sifilis,xgboost,origin_201912,3,precip_l0,0.002405925653874874,0.0024059258867055178
sifilis,xgboost,origin_201912,3,precip_l1,0.002359868260100484,0.0023598684929311275
sifilis,xgboost,origin_201912,3,precip_l3,0.003155045909807086,0.0031550463754683733
sifilis,xgboost,origin_201912,3,precip_l12,0.0020531683694571257,0.0020531686022877693
sifilis,xgboost,origin_201912,3,temp_min_l0,0.0022658228408545256,0.0022658230736851692
sifilis,xgboost,origin_201912,3,temp_min_l1,0.0023990264162421227,0.0023990266490727663
sifilis,xgboost,origin_201912,3,temp_min_l3,0.002284637652337551,0.0022846378851681948
sifilis,xgboost,origin_201912,3,temp_min_l12,0.0027939036954194307,0.0027939039282500744
sifilis,xgboost,origin_201912,3,temp_max_l0,0.0022408536169677973,0.002240853849798441
sifilis,xgboost,origin_201912,3,temp_max_l1,0.0025746177416294813,0.002574617974460125
sifilis,xgboost,origin_201912,3,temp_max_l3,0.0028027838561683893,0.002802784088999033
sifilis,xgboost,origin_201912,3,temp_max_l12,0.002543478272855282,0.0025434785056859255
sifilis,xgboost,origin_201912,3,umid_l0,0.002382241189479828,0.0023822414223104715
sifilis,xgboost,origin_201912,3,umid_l1,0.0024389754980802536,0.0024389757309108973
sifilis,xgboost,origin_201912,3,umid_l3,0.0024259311612695456,0.002425931394100189
sifilis,xgboost,origin_201912,3,umid_l12,0.0024601086042821407,0.0024601088371127844
sifilis,xgboost,origin_201912,3,populacao,0.025104837492108345,0.025104841217398643
sifilis,xgboost,origin_201912,3,dens_demog,0.005571034736931324,0.005571035202592611
sifilis,xgboost,origin_201912,3,ppc,0.0029867547564208508,0.002986755222082138
sifilis,xgboost,origin_201912,3,urbanizacao,0.006378881633281708,0.006378882564604282
sifilis,xgboost,origin_201912,3,tgt_month,0.0034647530410438776,0.003464753506705165
sifilis,xgboost,origin_201912,3,mun_id,0.005594137590378523,0.00559413805603981
sifilis,lgbm,origin_201912,6,n_sifilis_l0,82.0,0.013666666666666667
sifilis,lgbm,origin_201912,6,n_sifilis_l1,41.0,0.006833333333333334
sifilis,lgbm,origin_201912,6,n_sifilis_l2,45.0,0.0075
sifilis,lgbm,origin_201912,6,n_sifilis_l3,48.0,0.008
sifilis,lgbm,origin_201912,6,n_sifilis_l6,46.0,0.007666666666666666
sifilis,lgbm,origin_201912,6,n_sifilis_l12,87.0,0.0145
sifilis,lgbm,origin_201912,6,n_sifilis_l13,72.0,0.012
sifilis,lgbm,origin_201912,6,n_sifilis_r3,86.0,0.014333333333333333
sifilis,lgbm,origin_201912,6,n_sifilis_r6,116.0,0.019333333333333334
sifilis,lgbm,origin_201912,6,n_sifilis_r12,307.0,0.051166666666666666
sifilis,lgbm,origin_201912,6,evapot_l0,167.0,0.027833333333333335
sifilis,lgbm,origin_201912,6,evapot_l1,144.0,0.024
sifilis,lgbm,origin_201912,6,evapot_l3,172.0,0.028666666666666667
sifilis,lgbm,origin_201912,6,evapot_l12,147.0,0.0245
sifilis,lgbm,origin_201912,6,precip_l0,206.0,0.034333333333333334
sifilis,lgbm,origin_201912,6,precip_l1,220.0,0.03666666666666667
sifilis,lgbm,origin_201912,6,precip_l3,212.0,0.035333333333333335
sifilis,lgbm,origin_201912,6,precip_l12,218.0,0.036333333333333336
sifilis,lgbm,origin_201912,6,temp_min_l0,146.0,0.024333333333333332
sifilis,lgbm,origin_201912,6,temp_min_l1,218.0,0.036333333333333336
sifilis,lgbm,origin_201912,6,temp_min_l3,148.0,0.024666666666666667
sifilis,lgbm,origin_201912,6,temp_min_l12,168.0,0.028
sifilis,lgbm,origin_201912,6,temp_max_l0,202.0,0.033666666666666664
sifilis,lgbm,origin_201912,6,temp_max_l1,129.0,0.0215
sifilis,lgbm,origin_201912,6,temp_max_l3,192.0,0.032
sifilis,lgbm,origin_201912,6,temp_max_l12,116.0,0.019333333333333334
sifilis,lgbm,origin_201912,6,umid_l0,183.0,0.0305
sifilis,lgbm,origin_201912,6,umid_l1,198.0,0.033
sifilis,lgbm,origin_201912,6,umid_l3,176.0,0.029333333333333333
sifilis,lgbm,origin_201912,6,umid_l12,163.0,0.027166666666666665
sifilis,lgbm,origin_201912,6,populacao,357.0,0.0595
sifilis,lgbm,origin_201912,6,dens_demog,174.0,0.029
sifilis,lgbm,origin_201912,6,ppc,343.0,0.057166666666666664
sifilis,lgbm,origin_201912,6,urbanizacao,242.0,0.04033333333333333
sifilis,lgbm,origin_201912,6,tgt_month,126.0,0.021
sifilis,lgbm,origin_201912,6,mun_id,303.0,0.0505
sifilis,catboost,origin_201912,6,n_sifilis_l0,4.972949345448632,0.04972949345448634
sifilis,catboost,origin_201912,6,n_sifilis_l1,2.0583003971380314,0.02058300397138032
sifilis,catboost,origin_201912,6,n_sifilis_l2,0.9198570112990436,0.00919857011299044
sifilis,catboost,origin_201912,6,n_sifilis_l3,2.169457407413451,0.021694574074134516
sifilis,catboost,origin_201912,6,n_sifilis_l6,3.86625822936595,0.038662582293659514
sifilis,catboost,origin_201912,6,n_sifilis_l12,2.013074822400823,0.020130748224008236
sifilis,catboost,origin_201912,6,n_sifilis_l13,1.8130886300800997,0.018130886300801
sifilis,catboost,origin_201912,6,n_sifilis_r3,3.4325900901696142,0.034325900901696155
sifilis,catboost,origin_201912,6,n_sifilis_r6,6.406071309236471,0.06406071309236473
sifilis,catboost,origin_201912,6,n_sifilis_r12,28.211650033193543,0.2821165003319355
sifilis,catboost,origin_201912,6,evapot_l0,1.1979795266835032,0.011979795266835035
sifilis,catboost,origin_201912,6,evapot_l1,1.080210374185554,0.010802103741855543
sifilis,catboost,origin_201912,6,evapot_l3,1.1038067368892623,0.011038067368892627
sifilis,catboost,origin_201912,6,evapot_l12,0.8578686126946962,0.008578686126946964
sifilis,catboost,origin_201912,6,precip_l0,1.9109843964830873,0.01910984396483088
sifilis,catboost,origin_201912,6,precip_l1,2.3601975044125143,0.02360197504412515
sifilis,catboost,origin_201912,6,precip_l3,1.1239367455149052,0.011239367455149056
sifilis,catboost,origin_201912,6,precip_l12,0.9136578553815581,0.009136578553815583
sifilis,catboost,origin_201912,6,temp_min_l0,0.7371166921972916,0.007371166921972918
sifilis,catboost,origin_201912,6,temp_min_l1,0.7783399204633056,0.007783399204633058
sifilis,catboost,origin_201912,6,temp_min_l3,0.9193201954893405,0.009193201954893407
sifilis,catboost,origin_201912,6,temp_min_l12,1.0697067602796615,0.010697067602796618
sifilis,catboost,origin_201912,6,temp_max_l0,1.0729538962428282,0.010729538962428285
sifilis,catboost,origin_201912,6,temp_max_l1,1.0225254167678723,0.010225254167678726
sifilis,catboost,origin_201912,6,temp_max_l3,0.5125740404552335,0.005125740404552336
sifilis,catboost,origin_201912,6,temp_max_l12,0.884346403312311,0.008843464033123112
sifilis,catboost,origin_201912,6,umid_l0,1.431147118814713,0.014311471188147133
sifilis,catboost,origin_201912,6,umid_l1,1.0566014844613993,0.010566014844613997
sifilis,catboost,origin_201912,6,umid_l3,1.2796316741558276,0.012796316741558279
sifilis,catboost,origin_201912,6,umid_l12,0.7611757327996728,0.00761175732799673
sifilis,catboost,origin_201912,6,populacao,8.003082719217673,0.08003082719217676
sifilis,catboost,origin_201912,6,dens_demog,5.786487325305385,0.05786487325305386
sifilis,catboost,origin_201912,6,ppc,2.8401749191655083,0.02840174919165509
sifilis,catboost,origin_201912,6,urbanizacao,2.7152922539205506,0.027152922539205513
sifilis,catboost,origin_201912,6,tgt_month,0.44247091282139206,0.004424709128213922
sifilis,catboost,origin_201912,6,mun_id,2.2751135061392915,0.02275113506139292
sifilis,xgboost,origin_201912,6,n_sifilis_l0,0.004200818948447704,0.004200818948447704
sifilis,xgboost,origin_201912,6,n_sifilis_l1,0.013346455991268158,0.013346455991268158
sifilis,xgboost,origin_201912,6,n_sifilis_l2,0.0018131609540432692,0.0018131609540432692
sifilis,xgboost,origin_201912,6,n_sifilis_l3,0.018087496981024742,0.018087496981024742
sifilis,xgboost,origin_201912,6,n_sifilis_l6,0.002153771696612239,0.002153771696612239
sifilis,xgboost,origin_201912,6,n_sifilis_l12,0.01759183779358864,0.01759183779358864
sifilis,xgboost,origin_201912,6,n_sifilis_l13,0.0027780409436672926,0.0027780409436672926
sifilis,xgboost,origin_201912,6,n_sifilis_r3,0.11006998270750046,0.11006998270750046
sifilis,xgboost,origin_201912,6,n_sifilis_r6,0.40072929859161377,0.40072929859161377
sifilis,xgboost,origin_201912,6,n_sifilis_r12,0.30380746722221375,0.30380746722221375
sifilis,xgboost,origin_201912,6,evapot_l0,0.0024768859148025513,0.0024768859148025513
sifilis,xgboost,origin_201912,6,evapot_l1,0.0023711712565273046,0.0023711712565273046
sifilis,xgboost,origin_201912,6,evapot_l3,0.002581162378191948,0.002581162378191948
sifilis,xgboost,origin_201912,6,evapot_l12,0.0029409839771687984,0.0029409839771687984
sifilis,xgboost,origin_201912,6,precip_l0,0.0029394738376140594,0.0029394738376140594
sifilis,xgboost,origin_201912,6,precip_l1,0.002825496718287468,0.002825496718287468
sifilis,xgboost,origin_201912,6,precip_l3,0.003376733511686325,0.003376733511686325
sifilis,xgboost,origin_201912,6,precip_l12,0.002619517734274268,0.002619517734274268
sifilis,xgboost,origin_201912,6,temp_min_l0,0.00256139668636024,0.00256139668636024
sifilis,xgboost,origin_201912,6,temp_min_l1,0.0026476834900677204,0.0026476834900677204
sifilis,xgboost,origin_201912,6,temp_min_l3,0.002543402137234807,0.002543402137234807
sifilis,xgboost,origin_201912,6,temp_min_l12,0.0028315442614257336,0.0028315442614257336
sifilis,xgboost,origin_201912,6,temp_max_l0,0.002873997902497649,0.002873997902497649
sifilis,xgboost,origin_201912,6,temp_max_l1,0.0027796353679150343,0.0027796353679150343
sifilis,xgboost,origin_201912,6,temp_max_l3,0.0028603135142475367,0.0028603135142475367
sifilis,xgboost,origin_201912,6,temp_max_l12,0.002846578136086464,0.002846578136086464
sifilis,xgboost,origin_201912,6,umid_l0,0.002478852868080139,0.002478852868080139
sifilis,xgboost,origin_201912,6,umid_l1,0.0027062245644629,0.0027062245644629
sifilis,xgboost,origin_201912,6,umid_l3,0.0031377787236124277,0.0031377787236124277
sifilis,xgboost,origin_201912,6,umid_l12,0.00273264036513865,0.00273264036513865
sifilis,xgboost,origin_201912,6,populacao,0.029414668679237366,0.029414668679237366
sifilis,xgboost,origin_201912,6,dens_demog,0.006889679003506899,0.006889679003506899
sifilis,xgboost,origin_201912,6,ppc,0.0036961273290216923,0.0036961273290216923
sifilis,xgboost,origin_201912,6,urbanizacao,0.005098021123558283,0.005098021123558283
sifilis,xgboost,origin_201912,6,tgt_month,0.0042375484481453896,0.0042375484481453896
sifilis,xgboost,origin_201912,6,mun_id,0.020954042673110962,0.020954042673110962
sifilis,lgbm,origin_201912,12,n_sifilis_l0,24.0,0.004
sifilis,lgbm,origin_201912,12,n_sifilis_l1,36.0,0.006
sifilis,lgbm,origin_201912,12,n_sifilis_l2,78.0,0.013
sifilis,lgbm,origin_201912,12,n_sifilis_l3,67.0,0.011166666666666667
sifilis,lgbm,origin_201912,12,n_sifilis_l6,73.0,0.012166666666666666
sifilis,lgbm,origin_201912,12,n_sifilis_l12,54.0,0.009
sifilis,lgbm,origin_201912,12,n_sifilis_l13,64.0,0.010666666666666666
sifilis,lgbm,origin_201912,12,n_sifilis_r3,85.0,0.014166666666666666
sifilis,lgbm,origin_201912,12,n_sifilis_r6,164.0,0.027333333333333334
sifilis,lgbm,origin_201912,12,n_sifilis_r12,265.0,0.04416666666666667
sifilis,lgbm,origin_201912,12,evapot_l0,171.0,0.0285
sifilis,lgbm,origin_201912,12,evapot_l1,133.0,0.022166666666666668
sifilis,lgbm,origin_201912,12,evapot_l3,127.0,0.021166666666666667
sifilis,lgbm,origin_201912,12,evapot_l12,130.0,0.021666666666666667
sifilis,lgbm,origin_201912,12,precip_l0,163.0,0.027166666666666665
sifilis,lgbm,origin_201912,12,precip_l1,192.0,0.032
sifilis,lgbm,origin_201912,12,precip_l3,183.0,0.0305
sifilis,lgbm,origin_201912,12,precip_l12,265.0,0.04416666666666667
sifilis,lgbm,origin_201912,12,temp_min_l0,160.0,0.02666666666666667
sifilis,lgbm,origin_201912,12,temp_min_l1,179.0,0.029833333333333333
sifilis,lgbm,origin_201912,12,temp_min_l3,193.0,0.03216666666666667
sifilis,lgbm,origin_201912,12,temp_min_l12,154.0,0.025666666666666667
sifilis,lgbm,origin_201912,12,temp_max_l0,110.0,0.018333333333333333
sifilis,lgbm,origin_201912,12,temp_max_l1,138.0,0.023
sifilis,lgbm,origin_201912,12,temp_max_l3,138.0,0.023
sifilis,lgbm,origin_201912,12,temp_max_l12,130.0,0.021666666666666667
sifilis,lgbm,origin_201912,12,umid_l0,144.0,0.024
sifilis,lgbm,origin_201912,12,umid_l1,186.0,0.031
sifilis,lgbm,origin_201912,12,umid_l3,231.0,0.0385
sifilis,lgbm,origin_201912,12,umid_l12,231.0,0.0385
sifilis,lgbm,origin_201912,12,populacao,395.0,0.06583333333333333
sifilis,lgbm,origin_201912,12,dens_demog,270.0,0.045
sifilis,lgbm,origin_201912,12,ppc,347.0,0.057833333333333334
sifilis,lgbm,origin_201912,12,urbanizacao,311.0,0.051833333333333335
sifilis,lgbm,origin_201912,12,tgt_month,94.0,0.015666666666666666
sifilis,lgbm,origin_201912,12,mun_id,315.0,0.0525
sifilis,catboost,origin_201912,12,n_sifilis_l0,9.136822242546186,0.09136822242546189
sifilis,catboost,origin_201912,12,n_sifilis_l1,2.6835350924490706,0.026835350924490714
sifilis,catboost,origin_201912,12,n_sifilis_l2,1.6223502021982292,0.016223502021982295
sifilis,catboost,origin_201912,12,n_sifilis_l3,2.4898675623858124,0.02489867562385813
sifilis,catboost,origin_201912,12,n_sifilis_l6,3.160760874483184,0.031607608744831844
sifilis,catboost,origin_201912,12,n_sifilis_l12,2.2528785717043545,0.022528785717043552
sifilis,catboost,origin_201912,12,n_sifilis_l13,1.0893962984857266,0.010893962984857269
sifilis,catboost,origin_201912,12,n_sifilis_r3,4.646199568662484,0.04646199568662486
sifilis,catboost,origin_201912,12,n_sifilis_r6,6.23625691947864,0.062362569194786416
sifilis,catboost,origin_201912,12,n_sifilis_r12,11.975002639505405,0.11975002639505408
sifilis,catboost,origin_201912,12,evapot_l0,1.0208807112957698,0.0102088071129577
sifilis,catboost,origin_201912,12,evapot_l1,1.0036693648992887,0.01003669364899289
sifilis,catboost,origin_201912,12,evapot_l3,1.2257294269758214,0.012257294269758218
sifilis,catboost,origin_201912,12,evapot_l12,1.4454205922595658,0.014454205922595663
sifilis,catboost,origin_201912,12,precip_l0,0.8463000777507446,0.008463000777507447
sifilis,catboost,origin_201912,12,precip_l1,1.141271271059214,0.011412712710592144
sifilis,catboost,origin_201912,12,precip_l3,1.562796989130935,0.015627969891309355
sifilis,catboost,origin_201912,12,precip_l12,1.4516692594303449,0.014516692594303453
sifilis,catboost,origin_201912,12,temp_min_l0,0.6799788460280071,0.006799788460280073
sifilis,catboost,origin_201912,12,temp_min_l1,0.9804780161654448,0.009804780161654451
sifilis,catboost,origin_201912,12,temp_min_l3,0.8021038145252154,0.008021038145252157
sifilis,catboost,origin_201912,12,temp_min_l12,0.5800041487042052,0.005800041487042054
sifilis,catboost,origin_201912,12,temp_max_l0,0.9990305138215857,0.00999030513821586
sifilis,catboost,origin_201912,12,temp_max_l1,1.1798627912357595,0.011798627912357598
sifilis,catboost,origin_201912,12,temp_max_l3,0.5732626095052278,0.00573262609505228
sifilis,catboost,origin_201912,12,temp_max_l12,1.2938629874978116,0.01293862987497812
sifilis,catboost,origin_201912,12,umid_l0,0.7641655407761179,0.0076416554077611805
sifilis,catboost,origin_201912,12,umid_l1,1.599223760678518,0.015992237606785184
sifilis,catboost,origin_201912,12,umid_l3,1.1211450830680412,0.011211450830680415
sifilis,catboost,origin_201912,12,umid_l12,1.0545686575105524,0.010545686575105528
sifilis,catboost,origin_201912,12,populacao,9.818130478317771,0.09818130478317774
sifilis,catboost,origin_201912,12,dens_demog,11.049172540141575,0.11049172540141577
sifilis,catboost,origin_201912,12,ppc,4.909744174893475,0.04909744174893476
sifilis,catboost,origin_201912,12,urbanizacao,4.316874157299061,0.043168741572990624
sifilis,catboost,origin_201912,12,tgt_month,0.2836897998546758,0.002836897998546759
sifilis,catboost,origin_201912,12,mun_id,3.003894415276142,0.03003894415276143
sifilis,xgboost,origin_201912,12,n_sifilis_l0,0.001953136408701539,0.001953136408701539
sifilis,xgboost,origin_201912,12,n_sifilis_l1,0.0019136930350214243,0.0019136930350214243
sifilis,xgboost,origin_201912,12,n_sifilis_l2,0.02341911941766739,0.02341911941766739
sifilis,xgboost,origin_201912,12,n_sifilis_l3,0.012805958278477192,0.012805958278477192
sifilis,xgboost,origin_201912,12,n_sifilis_l6,0.003551419824361801,0.003551419824361801
sifilis,xgboost,origin_201912,12,n_sifilis_l12,0.005696689710021019,0.005696689710021019
sifilis,xgboost,origin_201912,12,n_sifilis_l13,0.002731358865275979,0.002731358865275979
sifilis,xgboost,origin_201912,12,n_sifilis_r3,0.01719980128109455,0.01719980128109455
sifilis,xgboost,origin_201912,12,n_sifilis_r6,0.4208967089653015,0.4208967089653015
sifilis,xgboost,origin_201912,12,n_sifilis_r12,0.31514331698417664,0.31514331698417664
sifilis,xgboost,origin_201912,12,evapot_l0,0.0029954230412840843,0.0029954230412840843
sifilis,xgboost,origin_201912,12,evapot_l1,0.0027422767598181963,0.0027422767598181963
sifilis,xgboost,origin_201912,12,evapot_l3,0.002401151694357395,0.002401151694357395
sifilis,xgboost,origin_201912,12,evapot_l12,0.0025908842217177153,0.0025908842217177153
sifilis,xgboost,origin_201912,12,precip_l0,0.002509491518139839,0.002509491518139839
sifilis,xgboost,origin_201912,12,precip_l1,0.0026704336050897837,0.0026704336050897837
sifilis,xgboost,origin_201912,12,precip_l3,0.0028781217988580465,0.0028781217988580465
sifilis,xgboost,origin_201912,12,precip_l12,0.00274740275926888,0.00274740275926888
sifilis,xgboost,origin_201912,12,temp_min_l0,0.0027953193057328463,0.0027953193057328463
sifilis,xgboost,origin_201912,12,temp_min_l1,0.002827917691320181,0.002827917691320181
sifilis,xgboost,origin_201912,12,temp_min_l3,0.00304393726401031,0.00304393726401031
sifilis,xgboost,origin_201912,12,temp_min_l12,0.002481713891029358,0.002481713891029358
sifilis,xgboost,origin_201912,12,temp_max_l0,0.002820868045091629,0.002820868045091629
sifilis,xgboost,origin_201912,12,temp_max_l1,0.0025420812889933586,0.0025420812889933586
sifilis,xgboost,origin_201912,12,temp_max_l3,0.0028245369903743267,0.0028245369903743267
sifilis,xgboost,origin_201912,12,temp_max_l12,0.003066176315769553,0.003066176315769553
sifilis,xgboost,origin_201912,12,umid_l0,0.0025733690708875656,0.0025733690708875656
sifilis,xgboost,origin_201912,12,umid_l1,0.0029160305857658386,0.0029160305857658386
sifilis,xgboost,origin_201912,12,umid_l3,0.00346846180036664,0.00346846180036664
sifilis,xgboost,origin_201912,12,umid_l12,0.0029176706448197365,0.0029176706448197365
sifilis,xgboost,origin_201912,12,populacao,0.10250244289636612,0.10250244289636612
sifilis,xgboost,origin_201912,12,dens_demog,0.007710450328886509,0.007710450328886509
sifilis,xgboost,origin_201912,12,ppc,0.004705751780420542,0.004705751780420542
sifilis,xgboost,origin_201912,12,urbanizacao,0.008754522539675236,0.008754522539675236
sifilis,xgboost,origin_201912,12,tgt_month,0.004178725648671389,0.004178725648671389
sifilis,xgboost,origin_201912,12,mun_id,0.011023585684597492,0.011023585684597492
sifilis,lgbm,origin_202012,1,n_sifilis_l0,91.0,0.015166666666666667
sifilis,lgbm,origin_202012,1,n_sifilis_l1,94.0,0.015666666666666666
sifilis,lgbm,origin_202012,1,n_sifilis_l2,79.0,0.013166666666666667
sifilis,lgbm,origin_202012,1,n_sifilis_l3,55.0,0.009166666666666667
sifilis,lgbm,origin_202012,1,n_sifilis_l6,69.0,0.0115
sifilis,lgbm,origin_202012,1,n_sifilis_l12,94.0,0.015666666666666666
sifilis,lgbm,origin_202012,1,n_sifilis_l13,131.0,0.021833333333333333
sifilis,lgbm,origin_202012,1,n_sifilis_r3,174.0,0.029
sifilis,lgbm,origin_202012,1,n_sifilis_r6,162.0,0.027
sifilis,lgbm,origin_202012,1,n_sifilis_r12,298.0,0.049666666666666665
sifilis,lgbm,origin_202012,1,evapot_l0,169.0,0.028166666666666666
sifilis,lgbm,origin_202012,1,evapot_l1,138.0,0.023
sifilis,lgbm,origin_202012,1,evapot_l3,162.0,0.027
sifilis,lgbm,origin_202012,1,evapot_l12,147.0,0.0245
sifilis,lgbm,origin_202012,1,precip_l0,201.0,0.0335
sifilis,lgbm,origin_202012,1,precip_l1,177.0,0.0295
sifilis,lgbm,origin_202012,1,precip_l3,152.0,0.025333333333333333
sifilis,lgbm,origin_202012,1,precip_l12,223.0,0.03716666666666667
sifilis,lgbm,origin_202012,1,temp_min_l0,139.0,0.023166666666666665
sifilis,lgbm,origin_202012,1,temp_min_l1,156.0,0.026
sifilis,lgbm,origin_202012,1,temp_min_l3,184.0,0.030666666666666665
sifilis,lgbm,origin_202012,1,temp_min_l12,202.0,0.033666666666666664
sifilis,lgbm,origin_202012,1,temp_max_l0,153.0,0.0255
sifilis,lgbm,origin_202012,1,temp_max_l1,168.0,0.028
sifilis,lgbm,origin_202012,1,temp_max_l3,217.0,0.036166666666666666
sifilis,lgbm,origin_202012,1,temp_max_l12,171.0,0.0285
sifilis,lgbm,origin_202012,1,umid_l0,184.0,0.030666666666666665
sifilis,lgbm,origin_202012,1,umid_l1,192.0,0.032
sifilis,lgbm,origin_202012,1,umid_l3,203.0,0.03383333333333333
sifilis,lgbm,origin_202012,1,umid_l12,218.0,0.036333333333333336
sifilis,lgbm,origin_202012,1,populacao,207.0,0.0345
sifilis,lgbm,origin_202012,1,dens_demog,151.0,0.025166666666666667
sifilis,lgbm,origin_202012,1,ppc,230.0,0.03833333333333333
sifilis,lgbm,origin_202012,1,urbanizacao,145.0,0.024166666666666666
sifilis,lgbm,origin_202012,1,tgt_month,158.0,0.026333333333333334
sifilis,lgbm,origin_202012,1,mun_id,306.0,0.051
sifilis,catboost,origin_202012,1,n_sifilis_l0,2.181034122017712,0.021810341220177124
sifilis,catboost,origin_202012,1,n_sifilis_l1,0.6505348361391209,0.006505348361391211
sifilis,catboost,origin_202012,1,n_sifilis_l2,0.7291345628000904,0.007291345628000906
sifilis,catboost,origin_202012,1,n_sifilis_l3,6.9779918164426675,0.06977991816442669
sifilis,catboost,origin_202012,1,n_sifilis_l6,1.4305186914959744,0.014305186914959748
sifilis,catboost,origin_202012,1,n_sifilis_l12,1.613297734142602,0.016132977341426026
sifilis,catboost,origin_202012,1,n_sifilis_l13,1.2552471194214396,0.0125524711942144
sifilis,catboost,origin_202012,1,n_sifilis_r3,16.720024169080222,0.16720024169080228
sifilis,catboost,origin_202012,1,n_sifilis_r6,10.382460194437108,0.10382460194437111
sifilis,catboost,origin_202012,1,n_sifilis_r12,21.390508742375708,0.21390508742375713
sifilis,catboost,origin_202012,1,evapot_l0,1.0266483392000623,0.010266483392000626
sifilis,catboost,origin_202012,1,evapot_l1,1.1180837782326507,0.01118083778232651
sifilis,catboost,origin_202012,1,evapot_l3,1.250197559745193,0.012501975597451934
sifilis,catboost,origin_202012,1,evapot_l12,0.8969770065705116,0.008969770065705119
sifilis,catboost,origin_202012,1,precip_l0,1.516187078330092,0.015161870783300923
sifilis,catboost,origin_202012,1,precip_l1,0.7794395891249289,0.007794395891249291
sifilis,catboost,origin_202012,1,precip_l3,0.7693267908970772,0.007693267908970775
sifilis,catboost,origin_202012,1,precip_l12,1.3049980807260475,0.013049980807260478
sifilis,catboost,origin_202012,1,temp_min_l0,1.6035640916155134,0.016035640916155138
sifilis,catboost,origin_202012,1,temp_min_l1,0.7014516582503788,0.00701451658250379
sifilis,catboost,origin_202012,1,temp_min_l3,0.8107686174836813,0.008107686174836816
sifilis,catboost,origin_202012,1,temp_min_l12,1.113003863128074,0.011130038631280745
sifilis,catboost,origin_202012,1,temp_max_l0,0.6616047890217335,0.006616047890217336
sifilis,catboost,origin_202012,1,temp_max_l1,0.9943921220017613,0.009943921220017617
sifilis,catboost,origin_202012,1,temp_max_l3,1.126229853573017,0.011262298535730174
sifilis,catboost,origin_202012,1,temp_max_l12,0.8649601506240614,0.008649601506240617
sifilis,catboost,origin_202012,1,umid_l0,0.4593684390747562,0.0045936843907475634
sifilis,catboost,origin_202012,1,umid_l1,1.1541674611980792,0.011541674611980796
sifilis,catboost,origin_202012,1,umid_l3,1.366247403436883,0.013662474034368833
sifilis,catboost,origin_202012,1,umid_l12,1.1650503403633312,0.011650503403633316
sifilis,catboost,origin_202012,1,populacao,6.711891135951534,0.06711891135951537
sifilis,catboost,origin_202012,1,dens_demog,4.435527044997139,0.0443552704499714
sifilis,catboost,origin_202012,1,ppc,2.134517873107196,0.021345178731071966
sifilis,catboost,origin_202012,1,urbanizacao,0.8622089756241147,0.008622089756241149
sifilis,catboost,origin_202012,1,tgt_month,0.3609469597200109,0.00360946959720011
sifilis,catboost,origin_202012,1,mun_id,1.4814890096494886,0.014814890096494891
sifilis,xgboost,origin_202012,1,n_sifilis_l0,0.0019007244845852256,0.0019007246010005474
sifilis,xgboost,origin_202012,1,n_sifilis_l1,0.0034194430336356163,0.00341944326646626
sifilis,xgboost,origin_202012,1,n_sifilis_l2,0.010707424022257328,0.010707424953579903
sifilis,xgboost,origin_202012,1,n_sifilis_l3,0.0016052844002842903,0.0016052845166996121
sifilis,xgboost,origin_202012,1,n_sifilis_l6,0.010161892510950565,0.01016189344227314
sifilis,xgboost,origin_202012,1,n_sifilis_l12,0.004072593525052071,0.004072593990713358
sifilis,xgboost,origin_202012,1,n_sifilis_l13,0.01849493756890297,0.01849493943154812
sifilis,xgboost,origin_202012,1,n_sifilis_r3,0.21352308988571167,0.21352310478687286
sifilis,xgboost,origin_202012,1,n_sifilis_r6,0.4394855797290802,0.4394856095314026
sifilis,xgboost,origin_202012,1,n_sifilis_r12,0.11179351806640625,0.11179352551698685
sifilis,xgboost,origin_202012,1,evapot_l0,0.00194445566739887,0.0019444557838141918
sifilis,xgboost,origin_202012,1,evapot_l1,0.0018490058137103915,0.0018490059301257133
sifilis,xgboost,origin_202012,1,evapot_l3,0.001884376979433,0.001884377095848322
sifilis,xgboost,origin_202012,1,evapot_l12,0.0018320311792194843,0.0018320312956348062
sifilis,xgboost,origin_202012,1,precip_l0,0.001824239268898964,0.0018242393853142858
sifilis,xgboost,origin_202012,1,precip_l1,0.0019607171416282654,0.001960717374458909
sifilis,xgboost,origin_202012,1,precip_l3,0.002022886648774147,0.0020228868816047907
sifilis,xgboost,origin_202012,1,precip_l12,0.0019180754898115993,0.001918075606226921
sifilis,xgboost,origin_202012,1,temp_min_l0,0.002035448094829917,0.0020354483276605606
sifilis,xgboost,origin_202012,1,temp_min_l1,0.002131705405190587,0.0021317056380212307
sifilis,xgboost,origin_202012,1,temp_min_l3,0.0020778619218617678,0.0020778621546924114
sifilis,xgboost,origin_202012,1,temp_min_l12,0.002140923636034131,0.0021409238688647747
sifilis,xgboost,origin_202012,1,temp_max_l0,0.002096839714795351,0.0020968399476259947
sifilis,xgboost,origin_202012,1,temp_max_l1,0.0020211944356560707,0.0020211946684867144
sifilis,xgboost,origin_202012,1,temp_max_l3,0.0021283526439219713,0.002128352876752615
sifilis,xgboost,origin_202012,1,temp_max_l12,0.0020662492606788874,0.002066249493509531
sifilis,xgboost,origin_202012,1,umid_l0,0.0020672667305916548,0.0020672669634222984
sifilis,xgboost,origin_202012,1,umid_l1,0.002221042290329933,0.002221042523160577
sifilis,xgboost,origin_202012,1,umid_l3,0.0020785583183169365,0.00207855855114758
sifilis,xgboost,origin_202012,1,umid_l12,0.0023924822453409433,0.002392482478171587
sifilis,xgboost,origin_202012,1,populacao,0.11718332022428513,0.11718332767486572
sifilis,xgboost,origin_202012,1,dens_demog,0.006672014947980642,0.00667201541364193
sifilis,xgboost,origin_202012,1,ppc,0.0028207709547132254,0.002820771187543869
sifilis,xgboost,origin_202012,1,urbanizacao,0.0024813804775476456,0.0024813807103782892
sifilis,xgboost,origin_202012,1,tgt_month,0.003290727734565735,0.0032907279673963785
sifilis,xgboost,origin_202012,1,mun_id,0.011693548411130905,0.01169354934245348
sifilis,lgbm,origin_202012,3,n_sifilis_l0,80.0,0.013333333333333334
sifilis,lgbm,origin_202012,3,n_sifilis_l1,55.0,0.009166666666666667
sifilis,lgbm,origin_202012,3,n_sifilis_l2,52.0,0.008666666666666666
sifilis,lgbm,origin_202012,3,n_sifilis_l3,79.0,0.013166666666666667
sifilis,lgbm,origin_202012,3,n_sifilis_l6,75.0,0.0125
sifilis,lgbm,origin_202012,3,n_sifilis_l12,100.0,0.016666666666666666
sifilis,lgbm,origin_202012,3,n_sifilis_l13,70.0,0.011666666666666667
sifilis,lgbm,origin_202012,3,n_sifilis_r3,98.0,0.01633333333333333
sifilis,lgbm,origin_202012,3,n_sifilis_r6,149.0,0.024833333333333332
sifilis,lgbm,origin_202012,3,n_sifilis_r12,314.0,0.052333333333333336
sifilis,lgbm,origin_202012,3,evapot_l0,137.0,0.022833333333333334
sifilis,lgbm,origin_202012,3,evapot_l1,155.0,0.025833333333333333
sifilis,lgbm,origin_202012,3,evapot_l3,200.0,0.03333333333333333
sifilis,lgbm,origin_202012,3,evapot_l12,121.0,0.020166666666666666
sifilis,lgbm,origin_202012,3,precip_l0,191.0,0.03183333333333333
sifilis,lgbm,origin_202012,3,precip_l1,165.0,0.0275
sifilis,lgbm,origin_202012,3,precip_l3,236.0,0.03933333333333333
sifilis,lgbm,origin_202012,3,precip_l12,182.0,0.030333333333333334
sifilis,lgbm,origin_202012,3,temp_min_l0,155.0,0.025833333333333333
sifilis,lgbm,origin_202012,3,temp_min_l1,151.0,0.025166666666666667
sifilis,lgbm,origin_202012,3,temp_min_l3,156.0,0.026
sifilis,lgbm,origin_202012,3,temp_min_l12,222.0,0.037
sifilis,lgbm,origin_202012,3,temp_max_l0,211.0,0.035166666666666666
sifilis,lgbm,origin_202012,3,temp_max_l1,170.0,0.028333333333333332
sifilis,lgbm,origin_202012,3,temp_max_l3,200.0,0.03333333333333333
sifilis,lgbm,origin_202012,3,temp_max_l12,155.0,0.025833333333333333
sifilis,lgbm,origin_202012,3,umid_l0,153.0,0.0255
sifilis,lgbm,origin_202012,3,umid_l1,194.0,0.03233333333333333
sifilis,lgbm,origin_202012,3,umid_l3,195.0,0.0325
sifilis,lgbm,origin_202012,3,umid_l12,182.0,0.030333333333333334
sifilis,lgbm,origin_202012,3,populacao,247.0,0.041166666666666664
sifilis,lgbm,origin_202012,3,dens_demog,182.0,0.030333333333333334
sifilis,lgbm,origin_202012,3,ppc,359.0,0.059833333333333336
sifilis,lgbm,origin_202012,3,urbanizacao,219.0,0.0365
sifilis,lgbm,origin_202012,3,tgt_month,102.0,0.017
sifilis,lgbm,origin_202012,3,mun_id,288.0,0.048
sifilis,catboost,origin_202012,3,n_sifilis_l0,1.1890514195690223,0.011890514195690222
sifilis,catboost,origin_202012,3,n_sifilis_l1,0.9040613632108653,0.009040613632108653
sifilis,catboost,origin_202012,3,n_sifilis_l2,1.9906116462635366,0.019906116462635366
sifilis,catboost,origin_202012,3,n_sifilis_l3,1.0209788584874333,0.010209788584874334
sifilis,catboost,origin_202012,3,n_sifilis_l6,5.9065527657618455,0.05906552765761845
sifilis,catboost,origin_202012,3,n_sifilis_l12,2.472715889616154,0.02472715889616154
sifilis,catboost,origin_202012,3,n_sifilis_l13,0.9736421710083151,0.00973642171008315
sifilis,catboost,origin_202012,3,n_sifilis_r3,12.224620033737532,0.12224620033737532
sifilis,catboost,origin_202012,3,n_sifilis_r6,12.217755866819113,0.12217755866819113
sifilis,catboost,origin_202012,3,n_sifilis_r12,23.584653946476354,0.23584653946476355
sifilis,catboost,origin_202012,3,evapot_l0,0.915126894473266,0.00915126894473266
sifilis,catboost,origin_202012,3,evapot_l1,0.6126615048008129,0.00612661504800813
sifilis,catboost,origin_202012,3,evapot_l3,0.882256435628143,0.008822564356281431
sifilis,catboost,origin_202012,3,evapot_l12,0.6278565261016282,0.006278565261016282
sifilis,catboost,origin_202012,3,precip_l0,0.8797039456811527,0.008797039456811527
sifilis,catboost,origin_202012,3,precip_l1,0.8058605471510598,0.008058605471510598
sifilis,catboost,origin_202012,3,precip_l3,1.571736906142196,0.01571736906142196
sifilis,catboost,origin_202012,3,precip_l12,1.143124422213185,0.011431244222131851
sifilis,catboost,origin_202012,3,temp_min_l0,0.5974983012495065,0.005974983012495065
sifilis,catboost,origin_202012,3,temp_min_l1,0.5126222393242196,0.0051262223932421955
sifilis,catboost,origin_202012,3,temp_min_l3,0.7596879127735697,0.007596879127735697
sifilis,catboost,origin_202012,3,temp_min_l12,1.2436206865190542,0.012436206865190542
sifilis,catboost,origin_202012,3,temp_max_l0,1.3159279011411442,0.013159279011411442
sifilis,catboost,origin_202012,3,temp_max_l1,1.104744531454258,0.01104744531454258
sifilis,catboost,origin_202012,3,temp_max_l3,1.2237160822519944,0.012237160822519943
sifilis,catboost,origin_202012,3,temp_max_l12,0.6350072892059312,0.006350072892059312
sifilis,catboost,origin_202012,3,umid_l0,1.1763178774306111,0.011763178774306111
sifilis,catboost,origin_202012,3,umid_l1,0.8433148165684661,0.00843314816568466
sifilis,catboost,origin_202012,3,umid_l3,0.6984045898660287,0.006984045898660287
sifilis,catboost,origin_202012,3,umid_l12,1.2857633643164628,0.012857633643164628
sifilis,catboost,origin_202012,3,populacao,4.713690454499839,0.047136904544998394
sifilis,catboost,origin_202012,3,dens_demog,6.19867492393454,0.0619867492393454
sifilis,catboost,origin_202012,3,ppc,3.4123729004344607,0.034123729004344606
sifilis,catboost,origin_202012,3,urbanizacao,3.310820264795542,0.03310820264795542
sifilis,catboost,origin_202012,3,tgt_month,0.2856116630743145,0.0028561166307431453
sifilis,catboost,origin_202012,3,mun_id,0.7592330580184694,0.007592330580184694
sifilis,xgboost,origin_202012,3,n_sifilis_l0,0.01914411596953869,0.019144117832183838
sifilis,xgboost,origin_202012,3,n_sifilis_l1,0.0018305734265595675,0.001830573659390211
sifilis,xgboost,origin_202012,3,n_sifilis_l2,0.0030919399578124285,0.0030919404234737158
sifilis,xgboost,origin_202012,3,n_sifilis_l3,0.0023823832161724567,0.0023823834490031004
sifilis,xgboost,origin_202012,3,n_sifilis_l6,0.017445266246795654,0.017445268109440804
sifilis,xgboost,origin_202012,3,n_sifilis_l12,0.006850448902696371,0.006850449834018946
sifilis,xgboost,origin_202012,3,n_sifilis_l13,0.00270248600281775,0.0027024862356483936
sifilis,xgboost,origin_202012,3,n_sifilis_r3,0.19001370668411255,0.19001373648643494
sifilis,xgboost,origin_202012,3,n_sifilis_r6,0.3249128758907318,0.3249129056930542
sifilis,xgboost,origin_202012,3,n_sifilis_r12,0.298678457736969,0.2986784875392914
sifilis,xgboost,origin_202012,3,evapot_l0,0.0019819578155875206,0.0019819580484181643
sifilis,xgboost,origin_202012,3,evapot_l1,0.00228245765902102,0.0022824578918516636
sifilis,xgboost,origin_202012,3,evapot_l3,0.0022560746874660254,0.002256074920296669
sifilis,xgboost,origin_202012,3,evapot_l12,0.002390624489635229,0.0023906247224658728
sifilis,xgboost,origin_202012,3,precip_l0,0.002450188621878624,0.0024501888547092676
sifilis,xgboost,origin_202012,3,precip_l1,0.0022702799178659916,0.0022702801506966352
sifilis,xgboost,origin_202012,3,precip_l3,0.0027901295106858015,0.002790129743516445
sifilis,xgboost,origin_202012,3,precip_l12,0.0023137738462537527,0.0023137740790843964
sifilis,xgboost,origin_202012,3,temp_min_l0,0.002139870310202241,0.0021398705430328846
sifilis,xgboost,origin_202012,3,temp_min_l1,0.0024858114775270224,0.002485811710357666
sifilis,xgboost,origin_202012,3,temp_min_l3,0.0022449586540460587,0.0022449588868767023
sifilis,xgboost,origin_202012,3,temp_min_l12,0.002673013601452112,0.002673013834282756
sifilis,xgboost,origin_202012,3,temp_max_l0,0.002343175932765007,0.0023431761655956507
sifilis,xgboost,origin_202012,3,temp_max_l1,0.002629962982609868,0.0026299632154405117
sifilis,xgboost,origin_202012,3,temp_max_l3,0.0028812289237976074,0.002881229156628251
sifilis,xgboost,origin_202012,3,temp_max_l12,0.0021353461779654026,0.0021353464107960463
sifilis,xgboost,origin_202012,3,umid_l0,0.002388992113992572,0.0023889923468232155
sifilis,xgboost,origin_202012,3,umid_l1,0.002274580765515566,0.0022745809983462095
sifilis,xgboost,origin_202012,3,umid_l3,0.0024922427255660295,0.002492242958396673
sifilis,xgboost,origin_202012,3,umid_l12,0.0023510667961090803,0.002351067028939724
sifilis,xgboost,origin_202012,3,populacao,0.061923637986183167,0.06192364543676376
sifilis,xgboost,origin_202012,3,dens_demog,0.006589797325432301,0.006589798256754875
sifilis,xgboost,origin_202012,3,ppc,0.004191742278635502,0.004191742744296789
sifilis,xgboost,origin_202012,3,urbanizacao,0.004044253844767809,0.004044254310429096
sifilis,xgboost,origin_202012,3,tgt_month,0.003633257234469056,0.0036332577001303434
sifilis,xgboost,origin_202012,3,mun_id,0.004789259750396013,0.004789260216057301
sifilis,lgbm,origin_202012,6,n_sifilis_l0,55.0,0.009166666666666667
sifilis,lgbm,origin_202012,6,n_sifilis_l1,55.0,0.009166666666666667
sifilis,lgbm,origin_202012,6,n_sifilis_l2,42.0,0.007
sifilis,lgbm,origin_202012,6,n_sifilis_l3,71.0,0.011833333333333333
sifilis,lgbm,origin_202012,6,n_sifilis_l6,47.0,0.007833333333333333
sifilis,lgbm,origin_202012,6,n_sifilis_l12,62.0,0.010333333333333333
sifilis,lgbm,origin_202012,6,n_sifilis_l13,67.0,0.011166666666666667
sifilis,lgbm,origin_202012,6,n_sifilis_r3,119.0,0.019833333333333335
sifilis,lgbm,origin_202012,6,n_sifilis_r6,168.0,0.028
sifilis,lgbm,origin_202012,6,n_sifilis_r12,337.0,0.05616666666666666
sifilis,lgbm,origin_202012,6,evapot_l0,167.0,0.027833333333333335
sifilis,lgbm,origin_202012,6,evapot_l1,111.0,0.0185
sifilis,lgbm,origin_202012,6,evapot_l3,160.0,0.02666666666666667
sifilis,lgbm,origin_202012,6,evapot_l12,159.0,0.0265
sifilis,lgbm,origin_202012,6,precip_l0,208.0,0.034666666666666665
sifilis,lgbm,origin_202012,6,precip_l1,226.0,0.03766666666666667
sifilis,lgbm,origin_202012,6,precip_l3,194.0,0.03233333333333333
sifilis,lgbm,origin_202012,6,precip_l12,192.0,0.032
sifilis,lgbm,origin_202012,6,temp_min_l0,143.0,0.023833333333333335
sifilis,lgbm,origin_202012,6,temp_min_l1,168.0,0.028
sifilis,lgbm,origin_202012,6,temp_min_l3,156.0,0.026
sifilis,lgbm,origin_202012,6,temp_min_l12,179.0,0.029833333333333333
sifilis,lgbm,origin_202012,6,temp_max_l0,191.0,0.03183333333333333
sifilis,lgbm,origin_202012,6,temp_max_l1,160.0,0.02666666666666667
sifilis,lgbm,origin_202012,6,temp_max_l3,169.0,0.028166666666666666
sifilis,lgbm,origin_202012,6,temp_max_l12,146.0,0.024333333333333332
sifilis,lgbm,origin_202012,6,umid_l0,186.0,0.031
sifilis,lgbm,origin_202012,6,umid_l1,160.0,0.02666666666666667
sifilis,lgbm,origin_202012,6,umid_l3,185.0,0.030833333333333334
sifilis,lgbm,origin_202012,6,umid_l12,203.0,0.03383333333333333
sifilis,lgbm,origin_202012,6,populacao,336.0,0.056
sifilis,lgbm,origin_202012,6,dens_demog,199.0,0.033166666666666664
sifilis,lgbm,origin_202012,6,ppc,294.0,0.049
sifilis,lgbm,origin_202012,6,urbanizacao,261.0,0.0435
sifilis,lgbm,origin_202012,6,tgt_month,121.0,0.020166666666666666
sifilis,lgbm,origin_202012,6,mun_id,303.0,0.0505
sifilis,catboost,origin_202012,6,n_sifilis_l0,1.7900379848635168,0.017900379848635174
sifilis,catboost,origin_202012,6,n_sifilis_l1,1.0984594352665111,0.010984594352665114
sifilis,catboost,origin_202012,6,n_sifilis_l2,0.9854254760759107,0.00985425476075911
sifilis,catboost,origin_202012,6,n_sifilis_l3,1.5557503373889685,0.01555750337388969
sifilis,catboost,origin_202012,6,n_sifilis_l6,0.594060142602547,0.005940601426025472
sifilis,catboost,origin_202012,6,n_sifilis_l12,0.736149257253904,0.007361492572539042
sifilis,catboost,origin_202012,6,n_sifilis_l13,5.469239578214761,0.05469239578214763
sifilis,catboost,origin_202012,6,n_sifilis_r3,8.37742915095866,0.08377429150958662
sifilis,catboost,origin_202012,6,n_sifilis_r6,17.378227901285317,0.17378227901285323
sifilis,catboost,origin_202012,6,n_sifilis_r12,18.023988519827245,0.1802398851982725
sifilis,catboost,origin_202012,6,evapot_l0,0.8534090474860984,0.008534090474860987
sifilis,catboost,origin_202012,6,evapot_l1,1.2206447745212365,0.01220644774521237
sifilis,catboost,origin_202012,6,evapot_l3,1.3381555356517745,0.01338155535651775
sifilis,catboost,origin_202012,6,evapot_l12,0.9419959802391876,0.009419959802391879
sifilis,catboost,origin_202012,6,precip_l0,1.5827569763047165,0.01582756976304717
sifilis,catboost,origin_202012,6,precip_l1,1.863471220438159,0.018634712204381596
sifilis,catboost,origin_202012,6,precip_l3,0.8658755884096031,0.008658755884096033
sifilis,catboost,origin_202012,6,precip_l12,0.5698426108907387,0.005698426108907389
sifilis,catboost,origin_202012,6,temp_min_l0,0.7798439973650324,0.007798439973650326
sifilis,catboost,origin_202012,6,temp_min_l1,0.9808426233730249,0.00980842623373025
sifilis,catboost,origin_202012,6,temp_min_l3,0.8431406065903879,0.008431406065903882
sifilis,catboost,origin_202012,6,temp_min_l12,1.0496237201176772,0.010496237201176775
sifilis,catboost,origin_202012,6,temp_max_l0,0.8111705217410679,0.00811170521741068
sifilis,catboost,origin_202012,6,temp_max_l1,0.8636165052112807,0.00863616505211281
sifilis,catboost,origin_202012,6,temp_max_l3,1.0827304680834073,0.010827304680834076
sifilis,catboost,origin_202012,6,temp_max_l12,0.918455524604134,0.009184555246041342
sifilis,catboost,origin_202012,6,umid_l0,1.371614326973836,0.013716143269738364
sifilis,catboost,origin_202012,6,umid_l1,0.8543554602126039,0.008543554602126042
sifilis,catboost,origin_202012,6,umid_l3,0.7006136012178016,0.007006136012178018
sifilis,catboost,origin_202012,6,umid_l12,1.3568410497084966,0.01356841049708497
sifilis,catboost,origin_202012,6,populacao,10.10415889445073,0.10104158894450734
sifilis,catboost,origin_202012,6,dens_demog,4.469247546264609,0.044692475462646104
sifilis,catboost,origin_202012,6,ppc,3.0492492948549668,0.030492492948549676
sifilis,catboost,origin_202012,6,urbanizacao,3.030733885360584,0.03030733885360585
sifilis,catboost,origin_202012,6,tgt_month,0.45702083335992305,0.004570208333599232
sifilis,catboost,origin_202012,6,mun_id,2.0318216228315533,0.02031821622831554
sifilis,xgboost,origin_202012,6,n_sifilis_l0,0.0033057071268558502,0.0033057071268558502
sifilis,xgboost,origin_202012,6,n_sifilis_l1,0.010739673860371113,0.010739673860371113
sifilis,xgboost,origin_202012,6,n_sifilis_l2,0.00818090233951807,0.00818090233951807
sifilis,xgboost,origin_202012,6,n_sifilis_l3,0.04744027182459831,0.04744027182459831
sifilis,xgboost,origin_202012,6,n_sifilis_l6,0.007012882735580206,0.007012882735580206
sifilis,xgboost,origin_202012,6,n_sifilis_l12,0.00804989319294691,0.00804989319294691
sifilis,xgboost,origin_202012,6,n_sifilis_l13,0.003636712906882167,0.003636712906882167
sifilis,xgboost,origin_202012,6,n_sifilis_r3,0.09619834274053574,0.09619834274053574
sifilis,xgboost,origin_202012,6,n_sifilis_r6,0.4494669735431671,0.4494669735431671
sifilis,xgboost,origin_202012,6,n_sifilis_r12,0.23543858528137207,0.23543858528137207
sifilis,xgboost,origin_202012,6,evapot_l0,0.0020063568372279406,0.0020063568372279406
sifilis,xgboost,origin_202012,6,evapot_l1,0.002145181642845273,0.002145181642845273
sifilis,xgboost,origin_202012,6,evapot_l3,0.00202287663705647,0.00202287663705647
sifilis,xgboost,origin_202012,6,evapot_l12,0.0027539257425814867,0.0027539257425814867
sifilis,xgboost,origin_202012,6,precip_l0,0.0021724447142332792,0.0021724447142332792
sifilis,xgboost,origin_202012,6,precip_l1,0.0023538528475910425,0.0023538528475910425
sifilis,xgboost,origin_202012,6,precip_l3,0.002817932516336441,0.002817932516336441
sifilis,xgboost,origin_202012,6,precip_l12,0.002357038902118802,0.002357038902118802
sifilis,xgboost,origin_202012,6,temp_min_l0,0.0019632477778941393,0.0019632477778941393
sifilis,xgboost,origin_202012,6,temp_min_l1,0.002226027427241206,0.002226027427241206
sifilis,xgboost,origin_202012,6,temp_min_l3,0.0021451106294989586,0.0021451106294989586
sifilis,xgboost,origin_202012,6,temp_min_l12,0.0023957493249326944,0.0023957493249326944
sifilis,xgboost,origin_202012,6,temp_max_l0,0.0025483279023319483,0.0025483279023319483
sifilis,xgboost,origin_202012,6,temp_max_l1,0.002370061120018363,0.002370061120018363
sifilis,xgboost,origin_202012,6,temp_max_l3,0.0022563643287867308,0.0022563643287867308
sifilis,xgboost,origin_202012,6,temp_max_l12,0.002657257253304124,0.002657257253304124
sifilis,xgboost,origin_202012,6,umid_l0,0.0023876421619206667,0.0023876421619206667
sifilis,xgboost,origin_202012,6,umid_l1,0.0024231101851910353,0.0024231101851910353
sifilis,xgboost,origin_202012,6,umid_l3,0.0026033136527985334,0.0026033136527985334
sifilis,xgboost,origin_202012,6,umid_l12,0.0024226221721619368,0.0024226221721619368
sifilis,xgboost,origin_202012,6,populacao,0.05951380729675293,0.05951380729675293
sifilis,xgboost,origin_202012,6,dens_demog,0.005952203646302223,0.005952203646302223
sifilis,xgboost,origin_202012,6,ppc,0.0032432503066956997,0.0032432503066956997
sifilis,xgboost,origin_202012,6,urbanizacao,0.0059738485142588615,0.0059738485142588615
sifilis,xgboost,origin_202012,6,tgt_month,0.0033918358385562897,0.0033918358385562897
sifilis,xgboost,origin_202012,6,mun_id,0.005426622461527586,0.005426622461527586
sifilis,lgbm,origin_202012,12,n_sifilis_l0,39.0,0.0065
sifilis,lgbm,origin_202012,12,n_sifilis_l1,50.0,0.008333333333333333
sifilis,lgbm,origin_202012,12,n_sifilis_l2,76.0,0.012666666666666666
sifilis,lgbm,origin_202012,12,n_sifilis_l3,56.0,0.009333333333333334
sifilis,lgbm,origin_202012,12,n_sifilis_l6,61.0,0.010166666666666666
sifilis,lgbm,origin_202012,12,n_sifilis_l12,54.0,0.009
sifilis,lgbm,origin_202012,12,n_sifilis_l13,54.0,0.009
sifilis,lgbm,origin_202012,12,n_sifilis_r3,88.0,0.014666666666666666
sifilis,lgbm,origin_202012,12,n_sifilis_r6,175.0,0.029166666666666667
sifilis,lgbm,origin_202012,12,n_sifilis_r12,316.0,0.05266666666666667
sifilis,lgbm,origin_202012,12,evapot_l0,160.0,0.02666666666666667
sifilis,lgbm,origin_202012,12,evapot_l1,107.0,0.017833333333333333
sifilis,lgbm,origin_202012,12,evapot_l3,135.0,0.0225
sifilis,lgbm,origin_202012,12,evapot_l12,123.0,0.0205
sifilis,lgbm,origin_202012,12,precip_l0,131.0,0.021833333333333333
sifilis,lgbm,origin_202012,12,precip_l1,198.0,0.033
sifilis,lgbm,origin_202012,12,precip_l3,207.0,0.0345
sifilis,lgbm,origin_202012,12,precip_l12,268.0,0.04466666666666667
sifilis,lgbm,origin_202012,12,temp_min_l0,142.0,0.023666666666666666
sifilis,lgbm,origin_202012,12,temp_min_l1,181.0,0.030166666666666668
sifilis,lgbm,origin_202012,12,temp_min_l3,221.0,0.036833333333333336
sifilis,lgbm,origin_202012,12,temp_min_l12,128.0,0.021333333333333333
sifilis,lgbm,origin_202012,12,temp_max_l0,103.0,0.017166666666666667
sifilis,lgbm,origin_202012,12,temp_max_l1,111.0,0.0185
sifilis,lgbm,origin_202012,12,temp_max_l3,150.0,0.025
sifilis,lgbm,origin_202012,12,temp_max_l12,115.0,0.019166666666666665
sifilis,lgbm,origin_202012,12,umid_l0,137.0,0.022833333333333334
sifilis,lgbm,origin_202012,12,umid_l1,209.0,0.034833333333333334
sifilis,lgbm,origin_202012,12,umid_l3,218.0,0.036333333333333336
sifilis,lgbm,origin_202012,12,umid_l12,183.0,0.0305
sifilis,lgbm,origin_202012,12,populacao,409.0,0.06816666666666667
sifilis,lgbm,origin_202012,12,dens_demog,270.0,0.045
sifilis,lgbm,origin_202012,12,ppc,373.0,0.06216666666666667
sifilis,lgbm,origin_202012,12,urbanizacao,326.0,0.05433333333333333
sifilis,lgbm,origin_202012,12,tgt_month,90.0,0.015
sifilis,lgbm,origin_202012,12,mun_id,336.0,0.056
sifilis,catboost,origin_202012,12,n_sifilis_l0,0.8327699691011317,0.008327699691011317
sifilis,catboost,origin_202012,12,n_sifilis_l1,1.990073826912458,0.01990073826912458
sifilis,catboost,origin_202012,12,n_sifilis_l2,2.078811687562727,0.02078811687562727
sifilis,catboost,origin_202012,12,n_sifilis_l3,4.062710969109751,0.04062710969109751
sifilis,catboost,origin_202012,12,n_sifilis_l6,5.52936032330804,0.055293603233080406
sifilis,catboost,origin_202012,12,n_sifilis_l12,1.6575601265935282,0.016575601265935283
sifilis,catboost,origin_202012,12,n_sifilis_l13,0.9652456909393712,0.009652456909393712
sifilis,catboost,origin_202012,12,n_sifilis_r3,8.290289986291238,0.08290289986291238
sifilis,catboost,origin_202012,12,n_sifilis_r6,9.56992487728666,0.09569924877286659
sifilis,catboost,origin_202012,12,n_sifilis_r12,14.844182340385057,0.14844182340385056
sifilis,catboost,origin_202012,12,evapot_l0,1.2012276088434728,0.012012276088434727
sifilis,catboost,origin_202012,12,evapot_l1,0.6977809985594942,0.006977809985594941
sifilis,catboost,origin_202012,12,evapot_l3,1.0460459199721266,0.010460459199721266
sifilis,catboost,origin_202012,12,evapot_l12,0.5867081327722007,0.005867081327722007
sifilis,catboost,origin_202012,12,precip_l0,0.719554931344774,0.00719554931344774
sifilis,catboost,origin_202012,12,precip_l1,0.8386871866546494,0.008386871866546493
sifilis,catboost,origin_202012,12,precip_l3,1.0990023434544636,0.010990023434544636
sifilis,catboost,origin_202012,12,precip_l12,1.9563012587236681,0.01956301258723668
sifilis,catboost,origin_202012,12,temp_min_l0,1.1361845205137975,0.011361845205137975
sifilis,catboost,origin_202012,12,temp_min_l1,0.9672255916943269,0.009672255916943269
sifilis,catboost,origin_202012,12,temp_min_l3,1.239338897686137,0.01239338897686137
sifilis,catboost,origin_202012,12,temp_min_l12,0.8920498520151382,0.008920498520151383
sifilis,catboost,origin_202012,12,temp_max_l0,0.8833674615034731,0.008833674615034731
sifilis,catboost,origin_202012,12,temp_max_l1,0.8242430831784169,0.00824243083178417
sifilis,catboost,origin_202012,12,temp_max_l3,0.6071934165930281,0.006071934165930281
sifilis,catboost,origin_202012,12,temp_max_l12,1.1512537705093604,0.011512537705093605
sifilis,catboost,origin_202012,12,umid_l0,0.8638016174146003,0.008638016174146003
sifilis,catboost,origin_202012,12,umid_l1,1.0543585051502216,0.010543585051502215
sifilis,catboost,origin_202012,12,umid_l3,0.9280836829621716,0.009280836829621716
sifilis,catboost,origin_202012,12,umid_l12,1.0958953945263372,0.010958953945263371
sifilis,catboost,origin_202012,12,populacao,11.419715031100983,0.11419715031100983
sifilis,catboost,origin_202012,12,dens_demog,9.209115920578686,0.09209115920578687
sifilis,catboost,origin_202012,12,ppc,3.8722751374927618,0.038722751374927616
sifilis,catboost,origin_202012,12,urbanizacao,2.5570461852347024,0.025570461852347025
sifilis,catboost,origin_202012,12,tgt_month,0.4120600317225125,0.004120600317225125
sifilis,catboost,origin_202012,12,mun_id,2.920553722308525,0.02920553722308525
sifilis,xgboost,origin_202012,12,n_sifilis_l0,0.009692084044218063,0.009692083112895489
sifilis,xgboost,origin_202012,12,n_sifilis_l1,0.003136342391371727,0.0031363419257104397
sifilis,xgboost,origin_202012,12,n_sifilis_l2,0.03213194012641907,0.03213193640112877
sifilis,xgboost,origin_202012,12,n_sifilis_l3,0.0025238310918211937,0.00252383085899055
sifilis,xgboost,origin_202012,12,n_sifilis_l6,0.02432124689221382,0.024321243166923523
sifilis,xgboost,origin_202012,12,n_sifilis_l12,0.002798860426992178,0.0027988601941615343
sifilis,xgboost,origin_202012,12,n_sifilis_l13,0.0026003660168498755,0.002600365784019232
sifilis,xgboost,origin_202012,12,n_sifilis_r3,0.03268817067146301,0.032688166946172714
sifilis,xgboost,origin_202012,12,n_sifilis_r6,0.4361972510814667,0.4361971914768219
sifilis,xgboost,origin_202012,12,n_sifilis_r12,0.2909674644470215,0.2909674346446991
sifilis,xgboost,origin_202012,12,evapot_l0,0.002396435709670186,0.0023964354768395424
sifilis,xgboost,origin_202012,12,evapot_l1,0.0022997858468443155,0.002299785614013672
sifilis,xgboost,origin_202012,12,evapot_l3,0.0025712328497320414,0.0025712326169013977
sifilis,xgboost,origin_202012,12,evapot_l12,0.0028777739498764277,0.002877773717045784
sifilis,xgboost,origin_202012,12,precip_l0,0.0023761701304465532,0.0023761698976159096
sifilis,xgboost,origin_202012,12,precip_l1,0.002509456593543291,0.0025094563607126474
sifilis,xgboost,origin_202012,12,precip_l3,0.0028575595933943987,0.002857559360563755
sifilis,xgboost,origin_202012,12,precip_l12,0.002360520651564002,0.0023605204187333584
sifilis,xgboost,origin_202012,12,temp_min_l0,0.002934368560090661,0.0029343680944293737
sifilis,xgboost,origin_202012,12,temp_min_l1,0.002538454718887806,0.0025384544860571623
sifilis,xgboost,origin_202012,12,temp_min_l3,0.002553899073973298,0.0025538988411426544
sifilis,xgboost,origin_202012,12,temp_min_l12,0.00255432166159153,0.002554321428760886
sifilis,xgboost,origin_202012,12,temp_max_l0,0.0027263457886874676,0.002726345555856824
sifilis,xgboost,origin_202012,12,temp_max_l1,0.002384464256465435,0.0023844640236347914
sifilis,xgboost,origin_202012,12,temp_max_l3,0.0028205544222146273,0.0028205541893839836
sifilis,xgboost,origin_202012,12,temp_max_l12,0.0027405149303376675,0.002740514697507024
sifilis,xgboost,origin_202012,12,umid_l0,0.0023410432040691376,0.002341042971238494
sifilis,xgboost,origin_202012,12,umid_l1,0.002641209401190281,0.0026412091683596373
sifilis,xgboost,origin_202012,12,umid_l3,0.002834040205925703,0.0028340399730950594
sifilis,xgboost,origin_202012,12,umid_l12,0.0024329854641109705,0.002432985231280327
sifilis,xgboost,origin_202012,12,populacao,0.07926669716835022,0.07926668971776962
sifilis,xgboost,origin_202012,12,dens_demog,0.006584889721125364,0.00658488878980279
sifilis,xgboost,origin_202012,12,ppc,0.004494743421673775,0.004494742956012487
sifilis,xgboost,origin_202012,12,urbanizacao,0.008852098137140274,0.0088520972058177
sifilis,xgboost,origin_202012,12,tgt_month,0.00384097034111619,0.0038409698754549026
sifilis,xgboost,origin_202012,12,mun_id,0.008151956833899021,0.008151955902576447
sifilis,lgbm,origin_202112,1,n_sifilis_l0,98.0,0.01633333333333333
sifilis,lgbm,origin_202112,1,n_sifilis_l1,77.0,0.012833333333333334
sifilis,lgbm,origin_202112,1,n_sifilis_l2,64.0,0.010666666666666666
sifilis,lgbm,origin_202112,1,n_sifilis_l3,38.0,0.006333333333333333
sifilis,lgbm,origin_202112,1,n_sifilis_l6,86.0,0.014333333333333333
sifilis,lgbm,origin_202112,1,n_sifilis_l12,87.0,0.0145
sifilis,lgbm,origin_202112,1,n_sifilis_l13,109.0,0.018166666666666668
sifilis,lgbm,origin_202112,1,n_sifilis_r3,156.0,0.026
sifilis,lgbm,origin_202112,1,n_sifilis_r6,153.0,0.0255
sifilis,lgbm,origin_202112,1,n_sifilis_r12,303.0,0.0505
sifilis,lgbm,origin_202112,1,evapot_l0,156.0,0.026
sifilis,lgbm,origin_202112,1,evapot_l1,158.0,0.026333333333333334
sifilis,lgbm,origin_202112,1,evapot_l3,151.0,0.025166666666666667
sifilis,lgbm,origin_202112,1,evapot_l12,173.0,0.028833333333333332
sifilis,lgbm,origin_202112,1,precip_l0,202.0,0.033666666666666664
sifilis,lgbm,origin_202112,1,precip_l1,184.0,0.030666666666666665
sifilis,lgbm,origin_202112,1,precip_l3,156.0,0.026
sifilis,lgbm,origin_202112,1,precip_l12,227.0,0.03783333333333333
sifilis,lgbm,origin_202112,1,temp_min_l0,199.0,0.033166666666666664
sifilis,lgbm,origin_202112,1,temp_min_l1,160.0,0.02666666666666667
sifilis,lgbm,origin_202112,1,temp_min_l3,184.0,0.030666666666666665
sifilis,lgbm,origin_202112,1,temp_min_l12,209.0,0.034833333333333334
sifilis,lgbm,origin_202112,1,temp_max_l0,139.0,0.023166666666666665
sifilis,lgbm,origin_202112,1,temp_max_l1,167.0,0.027833333333333335
sifilis,lgbm,origin_202112,1,temp_max_l3,178.0,0.029666666666666668
sifilis,lgbm,origin_202112,1,temp_max_l12,188.0,0.03133333333333333
sifilis,lgbm,origin_202112,1,umid_l0,176.0,0.029333333333333333
sifilis,lgbm,origin_202112,1,umid_l1,203.0,0.03383333333333333
sifilis,lgbm,origin_202112,1,umid_l3,221.0,0.036833333333333336
sifilis,lgbm,origin_202112,1,umid_l12,187.0,0.031166666666666665
sifilis,lgbm,origin_202112,1,populacao,227.0,0.03783333333333333
sifilis,lgbm,origin_202112,1,dens_demog,122.0,0.02033333333333333
sifilis,lgbm,origin_202112,1,ppc,252.0,0.042
sifilis,lgbm,origin_202112,1,urbanizacao,121.0,0.020166666666666666
sifilis,lgbm,origin_202112,1,tgt_month,165.0,0.0275
sifilis,lgbm,origin_202112,1,mun_id,324.0,0.054
sifilis,catboost,origin_202112,1,n_sifilis_l0,3.864024480924514,0.038640244809245154
sifilis,catboost,origin_202112,1,n_sifilis_l1,7.677047194599297,0.07677047194599299
sifilis,catboost,origin_202112,1,n_sifilis_l2,0.7883405972770126,0.007883405972770128
sifilis,catboost,origin_202112,1,n_sifilis_l3,1.0058651202244742,0.010058651202244745
sifilis,catboost,origin_202112,1,n_sifilis_l6,2.568624237280325,0.02568624237280326
sifilis,catboost,origin_202112,1,n_sifilis_l12,2.6372675601479765,0.026372675601479774
sifilis,catboost,origin_202112,1,n_sifilis_l13,1.9609417314536675,0.01960941731453668
sifilis,catboost,origin_202112,1,n_sifilis_r3,11.525819898030903,0.11525819898030906
sifilis,catboost,origin_202112,1,n_sifilis_r6,7.873934299862529,0.07873934299862531
sifilis,catboost,origin_202112,1,n_sifilis_r12,27.584645539355442,0.2758464553935545
sifilis,catboost,origin_202112,1,evapot_l0,0.8146005535608603,0.008146005535608606
sifilis,catboost,origin_202112,1,evapot_l1,0.7742397434170022,0.007742397434170024
sifilis,catboost,origin_202112,1,evapot_l3,0.8741473198580383,0.008741473198580386
sifilis,catboost,origin_202112,1,evapot_l12,0.6919087007496426,0.006919087007496428
sifilis,catboost,origin_202112,1,precip_l0,0.8645156588256127,0.008645156588256129
sifilis,catboost,origin_202112,1,precip_l1,0.7601118828981369,0.007601118828981371
sifilis,catboost,origin_202112,1,precip_l3,1.2321809597782811,0.012321809597782814
sifilis,catboost,origin_202112,1,precip_l12,0.9204385520368218,0.00920438552036822
sifilis,catboost,origin_202112,1,temp_min_l0,1.4272440820279424,0.014272440820279429
sifilis,catboost,origin_202112,1,temp_min_l1,0.6450370821716409,0.006450370821716411
sifilis,catboost,origin_202112,1,temp_min_l3,0.9094674781448889,0.009094674781448892
sifilis,catboost,origin_202112,1,temp_min_l12,1.0006830850361816,0.010006830850361819
sifilis,catboost,origin_202112,1,temp_max_l0,0.49777618601570667,0.004977761860157068
sifilis,catboost,origin_202112,1,temp_max_l1,0.5854637023680914,0.005854637023680916
sifilis,catboost,origin_202112,1,temp_max_l3,1.4298684894008677,0.014298684894008682
sifilis,catboost,origin_202112,1,temp_max_l12,0.8189737680357722,0.008189737680357724
sifilis,catboost,origin_202112,1,umid_l0,0.5874854880558811,0.005874854880558812
sifilis,catboost,origin_202112,1,umid_l1,0.9924828339101763,0.009924828339101766
sifilis,catboost,origin_202112,1,umid_l3,1.5098658696115066,0.015098658696115071
sifilis,catboost,origin_202112,1,umid_l12,0.795057818338517,0.007950578183385171
sifilis,catboost,origin_202112,1,populacao,2.9327511494101324,0.029327511494101333
sifilis,catboost,origin_202112,1,dens_demog,5.489089617350113,0.054890896173501146
sifilis,catboost,origin_202112,1,ppc,1.767526342051148,0.017675263420511483
sifilis,catboost,origin_202112,1,urbanizacao,2.418674997841418,0.024186749978414187
sifilis,catboost,origin_202112,1,tgt_month,0.383642710314112,0.0038364271031411214
sifilis,catboost,origin_202112,1,mun_id,1.3902552696353412,0.013902552696353416
sifilis,xgboost,origin_202112,1,n_sifilis_l0,0.001880693482235074,0.001880693482235074
sifilis,xgboost,origin_202112,1,n_sifilis_l1,0.00292355683632195,0.00292355683632195
sifilis,xgboost,origin_202112,1,n_sifilis_l2,0.02584937773644924,0.02584937773644924
sifilis,xgboost,origin_202112,1,n_sifilis_l3,0.0016342481831088662,0.0016342481831088662
sifilis,xgboost,origin_202112,1,n_sifilis_l6,0.0022924693766981363,0.0022924693766981363
sifilis,xgboost,origin_202112,1,n_sifilis_l12,0.002370409667491913,0.002370409667491913
sifilis,xgboost,origin_202112,1,n_sifilis_l13,0.010200264863669872,0.010200264863669872
sifilis,xgboost,origin_202112,1,n_sifilis_r3,0.25156739354133606,0.25156739354133606
sifilis,xgboost,origin_202112,1,n_sifilis_r6,0.38365864753723145,0.38365864753723145
sifilis,xgboost,origin_202112,1,n_sifilis_r12,0.1832270473241806,0.1832270473241806
sifilis,xgboost,origin_202112,1,evapot_l0,0.0018353562336415052,0.0018353562336415052
sifilis,xgboost,origin_202112,1,evapot_l1,0.0018365769647061825,0.0018365769647061825
sifilis,xgboost,origin_202112,1,evapot_l3,0.0020744402427226305,0.0020744402427226305
sifilis,xgboost,origin_202112,1,evapot_l12,0.0020303765777498484,0.0020303765777498484
sifilis,xgboost,origin_202112,1,precip_l0,0.0019530255813151598,0.0019530255813151598
sifilis,xgboost,origin_202112,1,precip_l1,0.001959801185876131,0.001959801185876131
sifilis,xgboost,origin_202112,1,precip_l3,0.001967225456610322,0.001967225456610322
sifilis,xgboost,origin_202112,1,precip_l12,0.0019655837677419186,0.0019655837677419186
sifilis,xgboost,origin_202112,1,temp_min_l0,0.0021098535507917404,0.0021098535507917404
sifilis,xgboost,origin_202112,1,temp_min_l1,0.001978568034246564,0.001978568034246564
sifilis,xgboost,origin_202112,1,temp_min_l3,0.00216078688390553,0.00216078688390553
sifilis,xgboost,origin_202112,1,temp_min_l12,0.0020964560098946095,0.0020964560098946095
sifilis,xgboost,origin_202112,1,temp_max_l0,0.00199135416187346,0.00199135416187346
sifilis,xgboost,origin_202112,1,temp_max_l1,0.002117535099387169,0.002117535099387169
sifilis,xgboost,origin_202112,1,temp_max_l3,0.002081723650917411,0.002081723650917411
sifilis,xgboost,origin_202112,1,temp_max_l12,0.0023605115711688995,0.0023605115711688995
sifilis,xgboost,origin_202112,1,umid_l0,0.0019526596879586577,0.0019526596879586577
sifilis,xgboost,origin_202112,1,umid_l1,0.0022603825200349092,0.0022603825200349092
sifilis,xgboost,origin_202112,1,umid_l3,0.002092143055051565,0.002092143055051565
sifilis,xgboost,origin_202112,1,umid_l12,0.002256302861496806,0.002256302861496806
sifilis,xgboost,origin_202112,1,populacao,0.058711808174848557,0.058711808174848557
sifilis,xgboost,origin_202112,1,dens_demog,0.004348452668637037,0.004348452668637037
sifilis,xgboost,origin_202112,1,ppc,0.0026791291311383247,0.0026791291311383247
sifilis,xgboost,origin_202112,1,urbanizacao,0.005386954173445702,0.005386954173445702
sifilis,xgboost,origin_202112,1,tgt_month,0.0030685123056173325,0.0030685123056173325
sifilis,xgboost,origin_202112,1,mun_id,0.01912042684853077,0.01912042684853077
sifilis,lgbm,origin_202112,3,n_sifilis_l0,82.0,0.013666666666666667
sifilis,lgbm,origin_202112,3,n_sifilis_l1,40.0,0.006666666666666667
sifilis,lgbm,origin_202112,3,n_sifilis_l2,51.0,0.0085
sifilis,lgbm,origin_202112,3,n_sifilis_l3,72.0,0.012
sifilis,lgbm,origin_202112,3,n_sifilis_l6,65.0,0.010833333333333334
sifilis,lgbm,origin_202112,3,n_sifilis_l12,76.0,0.012666666666666666
sifilis,lgbm,origin_202112,3,n_sifilis_l13,80.0,0.013333333333333334
sifilis,lgbm,origin_202112,3,n_sifilis_r3,76.0,0.012666666666666666
sifilis,lgbm,origin_202112,3,n_sifilis_r6,181.0,0.030166666666666668
sifilis,lgbm,origin_202112,3,n_sifilis_r12,328.0,0.05466666666666667
sifilis,lgbm,origin_202112,3,evapot_l0,128.0,0.021333333333333333
sifilis,lgbm,origin_202112,3,evapot_l1,164.0,0.027333333333333334
sifilis,lgbm,origin_202112,3,evapot_l3,175.0,0.029166666666666667
sifilis,lgbm,origin_202112,3,evapot_l12,110.0,0.018333333333333333
sifilis,lgbm,origin_202112,3,precip_l0,209.0,0.034833333333333334
sifilis,lgbm,origin_202112,3,precip_l1,143.0,0.023833333333333335
sifilis,lgbm,origin_202112,3,precip_l3,247.0,0.041166666666666664
sifilis,lgbm,origin_202112,3,precip_l12,223.0,0.03716666666666667
sifilis,lgbm,origin_202112,3,temp_min_l0,163.0,0.027166666666666665
sifilis,lgbm,origin_202112,3,temp_min_l1,167.0,0.027833333333333335
sifilis,lgbm,origin_202112,3,temp_min_l3,175.0,0.029166666666666667
sifilis,lgbm,origin_202112,3,temp_min_l12,222.0,0.037
sifilis,lgbm,origin_202112,3,temp_max_l0,143.0,0.023833333333333335
sifilis,lgbm,origin_202112,3,temp_max_l1,164.0,0.027333333333333334
sifilis,lgbm,origin_202112,3,temp_max_l3,190.0,0.03166666666666667
sifilis,lgbm,origin_202112,3,temp_max_l12,164.0,0.027333333333333334
sifilis,lgbm,origin_202112,3,umid_l0,161.0,0.026833333333333334
sifilis,lgbm,origin_202112,3,umid_l1,187.0,0.031166666666666665
sifilis,lgbm,origin_202112,3,umid_l3,170.0,0.028333333333333332
sifilis,lgbm,origin_202112,3,umid_l12,200.0,0.03333333333333333
sifilis,lgbm,origin_202112,3,populacao,262.0,0.043666666666666666
sifilis,lgbm,origin_202112,3,dens_demog,200.0,0.03333333333333333
sifilis,lgbm,origin_202112,3,ppc,337.0,0.05616666666666666
sifilis,lgbm,origin_202112,3,urbanizacao,214.0,0.035666666666666666
sifilis,lgbm,origin_202112,3,tgt_month,138.0,0.023
sifilis,lgbm,origin_202112,3,mun_id,293.0,0.04883333333333333
sifilis,catboost,origin_202112,3,n_sifilis_l0,2.969840661934861,0.029698406619348604
sifilis,catboost,origin_202112,3,n_sifilis_l1,2.063338040088169,0.020633380400881685
sifilis,catboost,origin_202112,3,n_sifilis_l2,0.7713343079696938,0.007713343079696936
sifilis,catboost,origin_202112,3,n_sifilis_l3,3.7714243686987445,0.037714243686987434
sifilis,catboost,origin_202112,3,n_sifilis_l6,2.3182838539127006,0.023182838539127
sifilis,catboost,origin_202112,3,n_sifilis_l12,2.8263533944867834,0.028263533944867827
sifilis,catboost,origin_202112,3,n_sifilis_l13,3.8730783330188534,0.03873078333018852
sifilis,catboost,origin_202112,3,n_sifilis_r3,4.092660093230959,0.040926600932309584
sifilis,catboost,origin_202112,3,n_sifilis_r6,17.476348832145224,0.1747634883214522
sifilis,catboost,origin_202112,3,n_sifilis_r12,27.872133774413054,0.27872133774413044
sifilis,catboost,origin_202112,3,evapot_l0,0.6815951495399426,0.006815951495399424
sifilis,catboost,origin_202112,3,evapot_l1,0.6419993715683298,0.006419993715683295
sifilis,catboost,origin_202112,3,evapot_l3,0.749597234653037,0.007495972346530368
sifilis,catboost,origin_202112,3,evapot_l12,0.7641984673591066,0.007641984673591063
sifilis,catboost,origin_202112,3,precip_l0,0.7648699316234272,0.00764869931623427
sifilis,catboost,origin_202112,3,precip_l1,0.6777581852076195,0.006777581852076194
sifilis,catboost,origin_202112,3,precip_l3,1.6750031036549615,0.01675003103654961
sifilis,catboost,origin_202112,3,precip_l12,1.0711129260620462,0.010711129260620459
sifilis,catboost,origin_202112,3,temp_min_l0,0.6334270638466915,0.0063342706384669125
sifilis,catboost,origin_202112,3,temp_min_l1,0.6606564046391687,0.006606564046391685
sifilis,catboost,origin_202112,3,temp_min_l3,0.6936405268015232,0.00693640526801523
sifilis,catboost,origin_202112,3,temp_min_l12,1.2681591920378807,0.012681591920378803
sifilis,catboost,origin_202112,3,temp_max_l0,0.6160523292572099,0.006160523292572097
sifilis,catboost,origin_202112,3,temp_max_l1,0.5586953882900764,0.0055869538829007625
sifilis,catboost,origin_202112,3,temp_max_l3,0.7015440942443477,0.007015440942443475
sifilis,catboost,origin_202112,3,temp_max_l12,0.5906158878194402,0.0059061588781944
sifilis,catboost,origin_202112,3,umid_l0,0.7294673321598593,0.00729467332159859
sifilis,catboost,origin_202112,3,umid_l1,0.7129175252450624,0.007129175252450622
sifilis,catboost,origin_202112,3,umid_l3,0.9679774609389635,0.009679774609389633
sifilis,catboost,origin_202112,3,umid_l12,0.9637430297702998,0.009637430297702995
sifilis,catboost,origin_202112,3,populacao,2.774807691214746,0.02774807691214745
sifilis,catboost,origin_202112,3,dens_demog,4.641365568674983,0.046413655686749815
sifilis,catboost,origin_202112,3,ppc,3.7692979957419914,0.0376929799574199
sifilis,catboost,origin_202112,3,urbanizacao,2.2868174237825474,0.022868174237825466
sifilis,catboost,origin_202112,3,tgt_month,0.6489144914301952,0.00648914491430195
sifilis,catboost,origin_202112,3,mun_id,1.7209705645375082,0.01720970564537508
sifilis,xgboost,origin_202112,3,n_sifilis_l0,0.005291108042001724,0.005291109438985586
sifilis,xgboost,origin_202112,3,n_sifilis_l1,0.0014630022924393415,0.0014630027581006289
sifilis,xgboost,origin_202112,3,n_sifilis_l2,0.0029480454977601767,0.0029480464290827513
sifilis,xgboost,origin_202112,3,n_sifilis_l3,0.002211330458521843,0.002211331157013774
sifilis,xgboost,origin_202112,3,n_sifilis_l6,0.030953289940953255,0.030953299254179
sifilis,xgboost,origin_202112,3,n_sifilis_l12,0.0026026968844234943,0.0026026975829154253
sifilis,xgboost,origin_202112,3,n_sifilis_l13,0.002109087072312832,0.002109087770804763
sifilis,xgboost,origin_202112,3,n_sifilis_r3,0.10717036575078964,0.10717039555311203
sifilis,xgboost,origin_202112,3,n_sifilis_r6,0.48467880487442017,0.4846789538860321
sifilis,xgboost,origin_202112,3,n_sifilis_r12,0.2175535261631012,0.21755358576774597
sifilis,xgboost,origin_202112,3,evapot_l0,0.0018150416435673833,0.0018150422256439924
sifilis,xgboost,origin_202112,3,evapot_l1,0.0021770645398646593,0.0021770652383565903
sifilis,xgboost,origin_202112,3,evapot_l3,0.002178860828280449,0.00217886152677238
sifilis,xgboost,origin_202112,3,evapot_l12,0.0019144740654155612,0.0019144746474921703
sifilis,xgboost,origin_202112,3,precip_l0,0.0023961642291396856,0.0023961649276316166
sifilis,xgboost,origin_202112,3,precip_l1,0.0021544944029301405,0.0021544951014220715
sifilis,xgboost,origin_202112,3,precip_l3,0.002728945342823863,0.002728946041315794
sifilis,xgboost,origin_202112,3,precip_l12,0.0023393069859594107,0.0023393076844513416
sifilis,xgboost,origin_202112,3,temp_min_l0,0.0021355028729885817,0.0021355035714805126
sifilis,xgboost,origin_202112,3,temp_min_l1,0.002244652947410941,0.002244653645902872
sifilis,xgboost,origin_202112,3,temp_min_l3,0.0021619275212287903,0.0021619282197207212
sifilis,xgboost,origin_202112,3,temp_min_l12,0.0024981775786727667,0.0024981782771646976
sifilis,xgboost,origin_202112,3,temp_max_l0,0.002160154515877366,0.002160155214369297
sifilis,xgboost,origin_202112,3,temp_max_l1,0.0023357176687568426,0.0023357183672487736
sifilis,xgboost,origin_202112,3,temp_max_l3,0.0025903121568262577,0.0025903128553181887
sifilis,xgboost,origin_202112,3,temp_max_l12,0.0024682222865521908,0.0024682229850441217
sifilis,xgboost,origin_202112,3,umid_l0,0.002172601642087102,0.002172602340579033
sifilis,xgboost,origin_202112,3,umid_l1,0.002124215243384242,0.002124215941876173
sifilis,xgboost,origin_202112,3,umid_l3,0.002248496050015092,0.002248496748507023
sifilis,xgboost,origin_202112,3,umid_l12,0.002376941964030266,0.0023769426625221968
sifilis,xgboost,origin_202112,3,populacao,0.07304175198078156,0.07304177433252335
sifilis,xgboost,origin_202112,3,dens_demog,0.0048447526060044765,0.0048447540029883385
sifilis,xgboost,origin_202112,3,ppc,0.0033215282019227743,0.003321529133245349
sifilis,xgboost,origin_202112,3,urbanizacao,0.008160077035427094,0.008160079829394817
sifilis,xgboost,origin_202112,3,tgt_month,0.0031629737932235003,0.003162974724546075
sifilis,xgboost,origin_202112,3,mun_id,0.005266236141324043,0.005266237538307905
sifilis,lgbm,origin_202112,6,n_sifilis_l0,62.0,0.010333333333333333
sifilis,lgbm,origin_202112,6,n_sifilis_l1,62.0,0.010333333333333333
sifilis,lgbm,origin_202112,6,n_sifilis_l2,40.0,0.006666666666666667
sifilis,lgbm,origin_202112,6,n_sifilis_l3,46.0,0.007666666666666666
sifilis,lgbm,origin_202112,6,n_sifilis_l6,81.0,0.0135
sifilis,lgbm,origin_202112,6,n_sifilis_l12,86.0,0.014333333333333333
sifilis,lgbm,origin_202112,6,n_sifilis_l13,82.0,0.013666666666666667
sifilis,lgbm,origin_202112,6,n_sifilis_r3,126.0,0.021
sifilis,lgbm,origin_202112,6,n_sifilis_r6,172.0,0.028666666666666667
sifilis,lgbm,origin_202112,6,n_sifilis_r12,339.0,0.0565
sifilis,lgbm,origin_202112,6,evapot_l0,185.0,0.030833333333333334
sifilis,lgbm,origin_202112,6,evapot_l1,108.0,0.018
sifilis,lgbm,origin_202112,6,evapot_l3,186.0,0.031
sifilis,lgbm,origin_202112,6,evapot_l12,154.0,0.025666666666666667
sifilis,lgbm,origin_202112,6,precip_l0,193.0,0.03216666666666667
sifilis,lgbm,origin_202112,6,precip_l1,208.0,0.034666666666666665
sifilis,lgbm,origin_202112,6,precip_l3,169.0,0.028166666666666666
sifilis,lgbm,origin_202112,6,precip_l12,159.0,0.0265
sifilis,lgbm,origin_202112,6,temp_min_l0,142.0,0.023666666666666666
sifilis,lgbm,origin_202112,6,temp_min_l1,195.0,0.0325
sifilis,lgbm,origin_202112,6,temp_min_l3,165.0,0.0275
sifilis,lgbm,origin_202112,6,temp_min_l12,175.0,0.029166666666666667
sifilis,lgbm,origin_202112,6,temp_max_l0,200.0,0.03333333333333333
sifilis,lgbm,origin_202112,6,temp_max_l1,157.0,0.026166666666666668
sifilis,lgbm,origin_202112,6,temp_max_l3,185.0,0.030833333333333334
sifilis,lgbm,origin_202112,6,temp_max_l12,155.0,0.025833333333333333
sifilis,lgbm,origin_202112,6,umid_l0,144.0,0.024
sifilis,lgbm,origin_202112,6,umid_l1,131.0,0.021833333333333333
sifilis,lgbm,origin_202112,6,umid_l3,190.0,0.03166666666666667
sifilis,lgbm,origin_202112,6,umid_l12,192.0,0.032
sifilis,lgbm,origin_202112,6,populacao,360.0,0.06
sifilis,lgbm,origin_202112,6,dens_demog,202.0,0.033666666666666664
sifilis,lgbm,origin_202112,6,ppc,289.0,0.04816666666666667
sifilis,lgbm,origin_202112,6,urbanizacao,227.0,0.03783333333333333
sifilis,lgbm,origin_202112,6,tgt_month,100.0,0.016666666666666666
sifilis,lgbm,origin_202112,6,mun_id,333.0,0.0555
sifilis,catboost,origin_202112,6,n_sifilis_l0,5.790544832329888,0.05790544832329887
sifilis,catboost,origin_202112,6,n_sifilis_l1,2.067155974758362,0.02067155974758362
sifilis,catboost,origin_202112,6,n_sifilis_l2,0.8806920677398624,0.008806920677398623
sifilis,catboost,origin_202112,6,n_sifilis_l3,1.4299807048487594,0.014299807048487592
sifilis,catboost,origin_202112,6,n_sifilis_l6,0.8985183630148229,0.008985183630148228
sifilis,catboost,origin_202112,6,n_sifilis_l12,3.6753872936229577,0.03675387293622957
sifilis,catboost,origin_202112,6,n_sifilis_l13,1.0800543607158724,0.010800543607158722
sifilis,catboost,origin_202112,6,n_sifilis_r3,4.889077688230893,0.048890776882308924
sifilis,catboost,origin_202112,6,n_sifilis_r6,15.841507288173265,0.15841507288173262
sifilis,catboost,origin_202112,6,n_sifilis_r12,28.439902237684805,0.284399022376848
sifilis,catboost,origin_202112,6,evapot_l0,0.8854772229395332,0.008854772229395331
sifilis,catboost,origin_202112,6,evapot_l1,0.6067709197713641,0.00606770919771364
sifilis,catboost,origin_202112,6,evapot_l3,0.9381214599435658,0.009381214599435656
sifilis,catboost,origin_202112,6,evapot_l12,0.8724824916198597,0.008724824916198595
sifilis,catboost,origin_202112,6,precip_l0,1.1863671142567767,0.011863671142567764
sifilis,catboost,origin_202112,6,precip_l1,1.300706576049983,0.013007065760499828
sifilis,catboost,origin_202112,6,precip_l3,1.0556428332787822,0.01055642833278782
sifilis,catboost,origin_202112,6,precip_l12,0.6212623548589378,0.006212623548589377
sifilis,catboost,origin_202112,6,temp_min_l0,0.6115978828309444,0.006115978828309443
sifilis,catboost,origin_202112,6,temp_min_l1,0.9200997592490231,0.00920099759249023
sifilis,catboost,origin_202112,6,temp_min_l3,1.0741729519955048,0.010741729519955046
sifilis,catboost,origin_202112,6,temp_min_l12,0.7643757403512866,0.007643757403512866
sifilis,catboost,origin_202112,6,temp_max_l0,0.9378569650341102,0.0093785696503411
sifilis,catboost,origin_202112,6,temp_max_l1,1.0134132155074813,0.010134132155074811
sifilis,catboost,origin_202112,6,temp_max_l3,0.7981766575251067,0.007981766575251065
sifilis,catboost,origin_202112,6,temp_max_l12,1.006232334156776,0.010062323341567758
sifilis,catboost,origin_202112,6,umid_l0,0.981542712577088,0.00981542712577088
sifilis,catboost,origin_202112,6,umid_l1,1.002088403197687,0.01002088403197687
sifilis,catboost,origin_202112,6,umid_l3,1.1265695114780174,0.011265695114780172
sifilis,catboost,origin_202112,6,umid_l12,1.0898732779504874,0.010898732779504872
sifilis,catboost,origin_202112,6,populacao,3.854447645783162,0.038544476457831614
sifilis,catboost,origin_202112,6,dens_demog,4.422482024366794,0.04422482024366794
sifilis,catboost,origin_202112,6,ppc,4.601125967663874,0.04601125967663874
sifilis,catboost,origin_202112,6,urbanizacao,2.034068122435291,0.020340681224352904
sifilis,catboost,origin_202112,6,tgt_month,0.6651766113354733,0.006651766113354733
sifilis,catboost,origin_202112,6,mun_id,0.6370484327235902,0.006370484327235902
sifilis,xgboost,origin_202112,6,n_sifilis_l0,0.002234816551208496,0.0022348167840391397
sifilis,xgboost,origin_202112,6,n_sifilis_l1,0.017571287229657173,0.017571289092302322
sifilis,xgboost,origin_202112,6,n_sifilis_l2,0.01125479955226183,0.011254800483584404
sifilis,xgboost,origin_202112,6,n_sifilis_l3,0.02129432186484337,0.021294323727488518
sifilis,xgboost,origin_202112,6,n_sifilis_l6,0.004523244220763445,0.004523244686424732
sifilis,xgboost,origin_202112,6,n_sifilis_l12,0.007427022326737642,0.007427023258060217
sifilis,xgboost,origin_202112,6,n_sifilis_l13,0.003952634055167437,0.003952634520828724
sifilis,xgboost,origin_202112,6,n_sifilis_r3,0.17876310646533966,0.17876312136650085
sifilis,xgboost,origin_202112,6,n_sifilis_r6,0.3807424306869507,0.38074249029159546
sifilis,xgboost,origin_202112,6,n_sifilis_r12,0.23879465460777283,0.23879468441009521
sifilis,xgboost,origin_202112,6,evapot_l0,0.0020978159736841917,0.0020978162065148354
sifilis,xgboost,origin_202112,6,evapot_l1,0.0021323147229850292,0.002132314955815673
sifilis,xgboost,origin_202112,6,evapot_l3,0.0020889034494757652,0.002088903682306409
sifilis,xgboost,origin_202112,6,evapot_l12,0.0022845950443297625,0.002284595277160406
sifilis,xgboost,origin_202112,6,precip_l0,0.0025193265173584223,0.002519326750189066
sifilis,xgboost,origin_202112,6,precip_l1,0.002334403106942773,0.0023344033397734165
sifilis,xgboost,origin_202112,6,precip_l3,0.0026961895637214184,0.002696189796552062
sifilis,xgboost,origin_202112,6,precip_l12,0.002482396550476551,0.0024823967833071947
sifilis,xgboost,origin_202112,6,temp_min_l0,0.0021800417453050613,0.002180041978135705
sifilis,xgboost,origin_202112,6,temp_min_l1,0.0021197826135903597,0.0021197828464210033
sifilis,xgboost,origin_202112,6,temp_min_l3,0.0023839797358959913,0.002383979968726635
sifilis,xgboost,origin_202112,6,temp_min_l12,0.0020515876822173595,0.002051587915048003
sifilis,xgboost,origin_202112,6,temp_max_l0,0.0024573456030339003,0.002457345835864544
sifilis,xgboost,origin_202112,6,temp_max_l1,0.0028406723868101835,0.002840672619640827
sifilis,xgboost,origin_202112,6,temp_max_l3,0.0022264912258833647,0.0022264914587140083
sifilis,xgboost,origin_202112,6,temp_max_l12,0.0025897533632814884,0.002589753596112132
sifilis,xgboost,origin_202112,6,umid_l0,0.002147784922271967,0.0021477851551026106
sifilis,xgboost,origin_202112,6,umid_l1,0.0026209962088614702,0.002620996441692114
sifilis,xgboost,origin_202112,6,umid_l3,0.0024475748650729656,0.0024475750979036093
sifilis,xgboost,origin_202112,6,umid_l12,0.0023729747626930475,0.002372974995523691
sifilis,xgboost,origin_202112,6,populacao,0.060443487018346786,0.06044349446892738
sifilis,xgboost,origin_202112,6,dens_demog,0.0066703688353300095,0.006670369766652584
sifilis,xgboost,origin_202112,6,ppc,0.0038157247472554445,0.003815725212916732
sifilis,xgboost,origin_202112,6,urbanizacao,0.00575066776946187,0.0057506682351231575
sifilis,xgboost,origin_202112,6,tgt_month,0.003637065179646015,0.0036370656453073025
sifilis,xgboost,origin_202112,6,mun_id,0.006049346644431353,0.006049347575753927
sifilis,lgbm,origin_202112,12,n_sifilis_l0,41.0,0.006833333333333334
sifilis,lgbm,origin_202112,12,n_sifilis_l1,45.0,0.0075
sifilis,lgbm,origin_202112,12,n_sifilis_l2,73.0,0.012166666666666666
sifilis,lgbm,origin_202112,12,n_sifilis_l3,59.0,0.009833333333333333
sifilis,lgbm,origin_202112,12,n_sifilis_l6,69.0,0.0115
sifilis,lgbm,origin_202112,12,n_sifilis_l12,52.0,0.008666666666666666
sifilis,lgbm,origin_202112,12,n_sifilis_l13,65.0,0.010833333333333334
sifilis,lgbm,origin_202112,12,n_sifilis_r3,84.0,0.014
sifilis,lgbm,origin_202112,12,n_sifilis_r6,178.0,0.029666666666666668
sifilis,lgbm,origin_202112,12,n_sifilis_r12,319.0,0.05316666666666667
sifilis,lgbm,origin_202112,12,evapot_l0,122.0,0.02033333333333333
sifilis,lgbm,origin_202112,12,evapot_l1,131.0,0.021833333333333333
sifilis,lgbm,origin_202112,12,evapot_l3,145.0,0.024166666666666666
sifilis,lgbm,origin_202112,12,evapot_l12,104.0,0.017333333333333333
sifilis,lgbm,origin_202112,12,precip_l0,176.0,0.029333333333333333
sifilis,lgbm,origin_202112,12,precip_l1,176.0,0.029333333333333333
sifilis,lgbm,origin_202112,12,precip_l3,212.0,0.035333333333333335
sifilis,lgbm,origin_202112,12,precip_l12,228.0,0.038
sifilis,lgbm,origin_202112,12,temp_min_l0,134.0,0.022333333333333334
sifilis,lgbm,origin_202112,12,temp_min_l1,179.0,0.029833333333333333
sifilis,lgbm,origin_202112,12,temp_min_l3,220.0,0.03666666666666667
sifilis,lgbm,origin_202112,12,temp_min_l12,150.0,0.025
sifilis,lgbm,origin_202112,12,temp_max_l0,133.0,0.022166666666666668
sifilis,lgbm,origin_202112,12,temp_max_l1,111.0,0.0185
sifilis,lgbm,origin_202112,12,temp_max_l3,140.0,0.023333333333333334
sifilis,lgbm,origin_202112,12,temp_max_l12,129.0,0.0215
sifilis,lgbm,origin_202112,12,umid_l0,153.0,0.0255
sifilis,lgbm,origin_202112,12,umid_l1,170.0,0.028333333333333332
sifilis,lgbm,origin_202112,12,umid_l3,168.0,0.028
sifilis,lgbm,origin_202112,12,umid_l12,173.0,0.028833333333333332
sifilis,lgbm,origin_202112,12,populacao,401.0,0.06683333333333333
sifilis,lgbm,origin_202112,12,dens_demog,273.0,0.0455
sifilis,lgbm,origin_202112,12,ppc,337.0,0.05616666666666666
sifilis,lgbm,origin_202112,12,urbanizacao,372.0,0.062
sifilis,lgbm,origin_202112,12,tgt_month,93.0,0.0155
sifilis,lgbm,origin_202112,12,mun_id,385.0,0.06416666666666666
sifilis,catboost,origin_202112,12,n_sifilis_l0,4.749203297452663,0.047492032974526636
sifilis,catboost,origin_202112,12,n_sifilis_l1,1.0371485572274313,0.010371485572274314
sifilis,catboost,origin_202112,12,n_sifilis_l2,0.683445054361977,0.006834450543619771
sifilis,catboost,origin_202112,12,n_sifilis_l3,2.6140333028432736,0.02614033302843274
sifilis,catboost,origin_202112,12,n_sifilis_l6,3.1665222656536387,0.031665222656536395
sifilis,catboost,origin_202112,12,n_sifilis_l12,0.8867708779851522,0.008867708779851524
sifilis,catboost,origin_202112,12,n_sifilis_l13,1.171625076718689,0.011716250767186893
sifilis,catboost,origin_202112,12,n_sifilis_r3,9.44052578470888,0.09440525784708881
sifilis,catboost,origin_202112,12,n_sifilis_r6,11.122572264470621,0.11122572264470623
sifilis,catboost,origin_202112,12,n_sifilis_r12,20.40472294265854,0.20404722942658543
sifilis,catboost,origin_202112,12,evapot_l0,1.0415989138536255,0.010415989138536256
sifilis,catboost,origin_202112,12,evapot_l1,0.612269695084793,0.006122696950847931
sifilis,catboost,origin_202112,12,evapot_l3,1.0313685865360427,0.010313685865360429
sifilis,catboost,origin_202112,12,evapot_l12,0.7558932327851995,0.0075589323278519955
sifilis,catboost,origin_202112,12,precip_l0,0.6651204707776519,0.00665120470777652
sifilis,catboost,origin_202112,12,precip_l1,0.7241804953264456,0.007241804953264457
sifilis,catboost,origin_202112,12,precip_l3,2.1586010478598667,0.02158601047859867
sifilis,catboost,origin_202112,12,precip_l12,1.0883082173092162,0.010883082173092164
sifilis,catboost,origin_202112,12,temp_min_l0,0.7463126106092477,0.007463126106092478
sifilis,catboost,origin_202112,12,temp_min_l1,0.8949613753907907,0.008949613753907909
sifilis,catboost,origin_202112,12,temp_min_l3,1.359199339390473,0.013591993393904734
sifilis,catboost,origin_202112,12,temp_min_l12,0.5714687119666417,0.005714687119666418
sifilis,catboost,origin_202112,12,temp_max_l0,0.7426159969606952,0.007426159969606954
sifilis,catboost,origin_202112,12,temp_max_l1,0.7411292424600859,0.00741129242460086
sifilis,catboost,origin_202112,12,temp_max_l3,1.0923717163538478,0.010923717163538479
sifilis,catboost,origin_202112,12,temp_max_l12,0.9125118707034733,0.009125118707034734
sifilis,catboost,origin_202112,12,umid_l0,0.8717989646713983,0.008717989646713983
sifilis,catboost,origin_202112,12,umid_l1,0.5096747868696041,0.005096747868696042
sifilis,catboost,origin_202112,12,umid_l3,0.7793710813455653,0.007793710813455654
sifilis,catboost,origin_202112,12,umid_l12,0.9491161995913175,0.009491161995913176
sifilis,catboost,origin_202112,12,populacao,9.361983061147393,0.09361983061147394
sifilis,catboost,origin_202112,12,dens_demog,6.8513628455997875,0.06851362845599789
sifilis,catboost,origin_202112,12,ppc,4.334007291703867,0.043340072917038674
sifilis,catboost,origin_202112,12,urbanizacao,3.731145946589587,0.037311459465895876
sifilis,catboost,origin_202112,12,tgt_month,0.3601584916458398,0.0036015849164583984
sifilis,catboost,origin_202112,12,mun_id,1.8369003833866644,0.018369003833866648
sifilis,xgboost,origin_202112,12,n_sifilis_l0,0.0057943337596952915,0.0057943337596952915
sifilis,xgboost,origin_202112,12,n_sifilis_l1,0.001974297221750021,0.001974297221750021
sifilis,xgboost,origin_202112,12,n_sifilis_l2,0.00890655629336834,0.00890655629336834
sifilis,xgboost,origin_202112,12,n_sifilis_l3,0.00455859350040555,0.00455859350040555
sifilis,xgboost,origin_202112,12,n_sifilis_l6,0.04182607680559158,0.04182607680559158
sifilis,xgboost,origin_202112,12,n_sifilis_l12,0.007888642139732838,0.007888642139732838
sifilis,xgboost,origin_202112,12,n_sifilis_l13,0.002847285708412528,0.002847285708412528
sifilis,xgboost,origin_202112,12,n_sifilis_r3,0.06334563344717026,0.06334563344717026
sifilis,xgboost,origin_202112,12,n_sifilis_r6,0.37731799483299255,0.37731799483299255
sifilis,xgboost,origin_202112,12,n_sifilis_r12,0.30003151297569275,0.30003151297569275
sifilis,xgboost,origin_202112,12,evapot_l0,0.0025622379034757614,0.0025622379034757614
sifilis,xgboost,origin_202112,12,evapot_l1,0.002329707844182849,0.002329707844182849
sifilis,xgboost,origin_202112,12,evapot_l3,0.0025967329274863005,0.0025967329274863005
sifilis,xgboost,origin_202112,12,evapot_l12,0.002634042873978615,0.002634042873978615
sifilis,xgboost,origin_202112,12,precip_l0,0.0022887904196977615,0.0022887904196977615
sifilis,xgboost,origin_202112,12,precip_l1,0.002413559937849641,0.002413559937849641
sifilis,xgboost,origin_202112,12,precip_l3,0.002838010201230645,0.002838010201230645
sifilis,xgboost,origin_202112,12,precip_l12,0.0022566826082766056,0.0022566826082766056
sifilis,xgboost,origin_202112,12,temp_min_l0,0.002755200956016779,0.002755200956016779
sifilis,xgboost,origin_202112,12,temp_min_l1,0.00252632237970829,0.00252632237970829
sifilis,xgboost,origin_202112,12,temp_min_l3,0.0027516293339431286,0.0027516293339431286
sifilis,xgboost,origin_202112,12,temp_min_l12,0.0024895884562283754,0.0024895884562283754
sifilis,xgboost,origin_202112,12,temp_max_l0,0.0029620870482176542,0.0029620870482176542
sifilis,xgboost,origin_202112,12,temp_max_l1,0.002444417681545019,0.002444417681545019
sifilis,xgboost,origin_202112,12,temp_max_l3,0.0026740054599940777,0.0026740054599940777
sifilis,xgboost,origin_202112,12,temp_max_l12,0.002840526169165969,0.002840526169165969
sifilis,xgboost,origin_202112,12,umid_l0,0.0025157423224300146,0.0025157423224300146
sifilis,xgboost,origin_202112,12,umid_l1,0.0023458353243768215,0.0023458353243768215
sifilis,xgboost,origin_202112,12,umid_l3,0.003219331381842494,0.003219331381842494
sifilis,xgboost,origin_202112,12,umid_l12,0.002467227401211858,0.002467227401211858
sifilis,xgboost,origin_202112,12,populacao,0.09245186299085617,0.09245186299085617
sifilis,xgboost,origin_202112,12,dens_demog,0.008601089008152485,0.008601089008152485
sifilis,xgboost,origin_202112,12,ppc,0.004964721389114857,0.004964721389114857
sifilis,xgboost,origin_202112,12,urbanizacao,0.00908462330698967,0.00908462330698967
sifilis,xgboost,origin_202112,12,tgt_month,0.0035086539573967457,0.0035086539573967457
sifilis,xgboost,origin_202112,12,mun_id,0.014986432157456875,0.014986432157456875
sifilis,lgbm,origin_202212,1,n_sifilis_l0,101.0,0.016833333333333332
sifilis,lgbm,origin_202212,1,n_sifilis_l1,104.0,0.017333333333333333
sifilis,lgbm,origin_202212,1,n_sifilis_l2,99.0,0.0165
sifilis,lgbm,origin_202212,1,n_sifilis_l3,47.0,0.007833333333333333
sifilis,lgbm,origin_202212,1,n_sifilis_l6,79.0,0.013166666666666667
sifilis,lgbm,origin_202212,1,n_sifilis_l12,87.0,0.0145
sifilis,lgbm,origin_202212,1,n_sifilis_l13,108.0,0.018
sifilis,lgbm,origin_202212,1,n_sifilis_r3,161.0,0.026833333333333334
sifilis,lgbm,origin_202212,1,n_sifilis_r6,161.0,0.026833333333333334
sifilis,lgbm,origin_202212,1,n_sifilis_r12,316.0,0.05266666666666667
sifilis,lgbm,origin_202212,1,evapot_l0,191.0,0.03183333333333333
sifilis,lgbm,origin_202212,1,evapot_l1,129.0,0.0215
sifilis,lgbm,origin_202212,1,evapot_l3,161.0,0.026833333333333334
sifilis,lgbm,origin_202212,1,evapot_l12,148.0,0.024666666666666667
sifilis,lgbm,origin_202212,1,precip_l0,209.0,0.034833333333333334
sifilis,lgbm,origin_202212,1,precip_l1,170.0,0.028333333333333332
sifilis,lgbm,origin_202212,1,precip_l3,145.0,0.024166666666666666
sifilis,lgbm,origin_202212,1,precip_l12,221.0,0.036833333333333336
sifilis,lgbm,origin_202212,1,temp_min_l0,174.0,0.029
sifilis,lgbm,origin_202212,1,temp_min_l1,145.0,0.024166666666666666
sifilis,lgbm,origin_202212,1,temp_min_l3,153.0,0.0255
sifilis,lgbm,origin_202212,1,temp_min_l12,218.0,0.036333333333333336
sifilis,lgbm,origin_202212,1,temp_max_l0,144.0,0.024
sifilis,lgbm,origin_202212,1,temp_max_l1,165.0,0.0275
sifilis,lgbm,origin_202212,1,temp_max_l3,152.0,0.025333333333333333
sifilis,lgbm,origin_202212,1,temp_max_l12,123.0,0.0205
sifilis,lgbm,origin_202212,1,umid_l0,148.0,0.024666666666666667
sifilis,lgbm,origin_202212,1,umid_l1,213.0,0.0355
sifilis,lgbm,origin_202212,1,umid_l3,248.0,0.04133333333333333
sifilis,lgbm,origin_202212,1,umid_l12,237.0,0.0395
sifilis,lgbm,origin_202212,1,populacao,228.0,0.038
sifilis,lgbm,origin_202212,1,dens_demog,141.0,0.0235
sifilis,lgbm,origin_202212,1,ppc,252.0,0.042
sifilis,lgbm,origin_202212,1,urbanizacao,150.0,0.025
sifilis,lgbm,origin_202212,1,tgt_month,149.0,0.024833333333333332
sifilis,lgbm,origin_202212,1,mun_id,323.0,0.05383333333333333
sifilis,catboost,origin_202212,1,n_sifilis_l0,2.9572642110870264,0.029572642110870264
sifilis,catboost,origin_202212,1,n_sifilis_l1,4.068687013631872,0.04068687013631872
sifilis,catboost,origin_202212,1,n_sifilis_l2,4.506763435413362,0.045067634354133614
sifilis,catboost,origin_202212,1,n_sifilis_l3,0.23431270507110477,0.0023431270507110477
sifilis,catboost,origin_202212,1,n_sifilis_l6,0.7945442572918029,0.00794544257291803
sifilis,catboost,origin_202212,1,n_sifilis_l12,0.5116212023689729,0.005116212023689729
sifilis,catboost,origin_202212,1,n_sifilis_l13,2.402308570068924,0.024023085700689242
sifilis,catboost,origin_202212,1,n_sifilis_r3,13.369587858506513,0.13369587858506513
sifilis,catboost,origin_202212,1,n_sifilis_r6,9.19573684386391,0.09195736843863911
sifilis,catboost,origin_202212,1,n_sifilis_r12,31.51243278915114,0.3151243278915114
sifilis,catboost,origin_202212,1,evapot_l0,0.7512036247307294,0.007512036247307294
sifilis,catboost,origin_202212,1,evapot_l1,1.247768472142529,0.01247768472142529
sifilis,catboost,origin_202212,1,evapot_l3,1.0619695433046261,0.01061969543304626
sifilis,catboost,origin_202212,1,evapot_l12,0.4865409393425237,0.004865409393425237
sifilis,catboost,origin_202212,1,precip_l0,1.0799674239716526,0.010799674239716527
sifilis,catboost,origin_202212,1,precip_l1,1.1186179764181976,0.011186179764181976
sifilis,catboost,origin_202212,1,precip_l3,0.84155880278777,0.0084155880278777
sifilis,catboost,origin_202212,1,precip_l12,0.9706991665584299,0.0097069916655843
sifilis,catboost,origin_202212,1,temp_min_l0,0.72665340407998,0.0072665340407998
sifilis,catboost,origin_202212,1,temp_min_l1,0.5799080113493249,0.005799080113493249
sifilis,catboost,origin_202212,1,temp_min_l3,1.3460713377397,0.013460713377397
sifilis,catboost,origin_202212,1,temp_min_l12,1.035581657446924,0.010355816574469242
sifilis,catboost,origin_202212,1,temp_max_l0,0.5824381791760697,0.005824381791760697
sifilis,catboost,origin_202212,1,temp_max_l1,0.5888454520689279,0.0058884545206892795
sifilis,catboost,origin_202212,1,temp_max_l3,0.6500986802619808,0.006500986802619808
sifilis,catboost,origin_202212,1,temp_max_l12,0.6821773681001916,0.006821773681001916
sifilis,catboost,origin_202212,1,umid_l0,0.7319340978498065,0.007319340978498064
sifilis,catboost,origin_202212,1,umid_l1,0.7892928955091423,0.007892928955091423
sifilis,catboost,origin_202212,1,umid_l3,1.0148950704146764,0.010148950704146764
sifilis,catboost,origin_202212,1,umid_l12,0.5680306874288205,0.005680306874288205
sifilis,catboost,origin_202212,1,populacao,3.882712623913422,0.03882712623913422
sifilis,catboost,origin_202212,1,dens_demog,3.5926618063671176,0.03592661806367117
sifilis,catboost,origin_202212,1,ppc,2.843273920878531,0.02843273920878531
sifilis,catboost,origin_202212,1,urbanizacao,2.8914199839258767,0.028914199839258768
sifilis,catboost,origin_202212,1,tgt_month,0.3824199877784148,0.003824199877784148
sifilis,catboost,origin_202212,1,mun_id,0.0,0.0
sifilis,xgboost,origin_202212,1,n_sifilis_l0,0.0020085545256733894,0.0020085545256733894
sifilis,xgboost,origin_202212,1,n_sifilis_l1,0.004635209683328867,0.004635209683328867
sifilis,xgboost,origin_202212,1,n_sifilis_l2,0.006726285442709923,0.006726285442709923
sifilis,xgboost,origin_202212,1,n_sifilis_l3,0.002080721314996481,0.002080721314996481
sifilis,xgboost,origin_202212,1,n_sifilis_l6,0.0029064479749649763,0.0029064479749649763
sifilis,xgboost,origin_202212,1,n_sifilis_l12,0.0022780667059123516,0.0022780667059123516
sifilis,xgboost,origin_202212,1,n_sifilis_l13,0.008063205517828465,0.008063205517828465
sifilis,xgboost,origin_202212,1,n_sifilis_r3,0.3156343400478363,0.3156343400478363
sifilis,xgboost,origin_202212,1,n_sifilis_r6,0.3405209183692932,0.3405209183692932
sifilis,xgboost,origin_202212,1,n_sifilis_r12,0.20586346089839935,0.20586346089839935
sifilis,xgboost,origin_202212,1,evapot_l0,0.0018106888746842742,0.0018106888746842742
sifilis,xgboost,origin_202212,1,evapot_l1,0.001885611447505653,0.001885611447505653
sifilis,xgboost,origin_202212,1,evapot_l3,0.002014538273215294,0.002014538273215294
sifilis,xgboost,origin_202212,1,evapot_l12,0.0019161583622917533,0.0019161583622917533
sifilis,xgboost,origin_202212,1,precip_l0,0.0017268398078158498,0.0017268398078158498
sifilis,xgboost,origin_202212,1,precip_l1,0.0020265940111130476,0.0020265940111130476
sifilis,xgboost,origin_202212,1,precip_l3,0.0021782335825264454,0.0021782335825264454
sifilis,xgboost,origin_202212,1,precip_l12,0.002141315955668688,0.002141315955668688
sifilis,xgboost,origin_202212,1,temp_min_l0,0.0023308913223445415,0.0023308913223445415
sifilis,xgboost,origin_202212,1,temp_min_l1,0.0020237588323652744,0.0020237588323652744
sifilis,xgboost,origin_202212,1,temp_min_l3,0.002391698770225048,0.002391698770225048
sifilis,xgboost,origin_202212,1,temp_min_l12,0.0019357342971488833,0.0019357342971488833
sifilis,xgboost,origin_202212,1,temp_max_l0,0.0022198683582246304,0.0022198683582246304
sifilis,xgboost,origin_202212,1,temp_max_l1,0.0021651661954820156,0.0021651661954820156
sifilis,xgboost,origin_202212,1,temp_max_l3,0.0019675460644066334,0.0019675460644066334
sifilis,xgboost,origin_202212,1,temp_max_l12,0.002370910719037056,0.002370910719037056
sifilis,xgboost,origin_202212,1,umid_l0,0.0020710378885269165,0.0020710378885269165
sifilis,xgboost,origin_202212,1,umid_l1,0.002382479840889573,0.002382479840889573
sifilis,xgboost,origin_202212,1,umid_l3,0.0021514047402888536,0.0021514047402888536
sifilis,xgboost,origin_202212,1,umid_l12,0.0022795717231929302,0.0022795717231929302
sifilis,xgboost,origin_202212,1,populacao,0.028341852128505707,0.028341852128505707
sifilis,xgboost,origin_202212,1,dens_demog,0.002152210334315896,0.002152210334315896
sifilis,xgboost,origin_202212,1,ppc,0.0027284116949886084,0.0027284116949886084
sifilis,xgboost,origin_202212,1,urbanizacao,0.0046380795538425446,0.0046380795538425446
sifilis,xgboost,origin_202212,1,tgt_month,0.003157481085509062,0.003157481085509062
sifilis,xgboost,origin_202212,1,mun_id,0.026274777948856354,0.026274777948856354
sifilis,lgbm,origin_202212,3,n_sifilis_l0,78.0,0.013
sifilis,lgbm,origin_202212,3,n_sifilis_l1,36.0,0.006
sifilis,lgbm,origin_202212,3,n_sifilis_l2,74.0,0.012333333333333333
sifilis,lgbm,origin_202212,3,n_sifilis_l3,75.0,0.0125
sifilis,lgbm,origin_202212,3,n_sifilis_l6,69.0,0.0115
sifilis,lgbm,origin_202212,3,n_sifilis_l12,104.0,0.017333333333333333
sifilis,lgbm,origin_202212,3,n_sifilis_l13,82.0,0.013666666666666667
sifilis,lgbm,origin_202212,3,n_sifilis_r3,80.0,0.013333333333333334
sifilis,lgbm,origin_202212,3,n_sifilis_r6,178.0,0.029666666666666668
sifilis,lgbm,origin_202212,3,n_sifilis_r12,328.0,0.05466666666666667
sifilis,lgbm,origin_202212,3,evapot_l0,130.0,0.021666666666666667
sifilis,lgbm,origin_202212,3,evapot_l1,120.0,0.02
sifilis,lgbm,origin_202212,3,evapot_l3,206.0,0.034333333333333334
sifilis,lgbm,origin_202212,3,evapot_l12,135.0,0.0225
sifilis,lgbm,origin_202212,3,precip_l0,222.0,0.037
sifilis,lgbm,origin_202212,3,precip_l1,152.0,0.025333333333333333
sifilis,lgbm,origin_202212,3,precip_l3,232.0,0.03866666666666667
sifilis,lgbm,origin_202212,3,precip_l12,168.0,0.028
sifilis,lgbm,origin_202212,3,temp_min_l0,180.0,0.03
sifilis,lgbm,origin_202212,3,temp_min_l1,167.0,0.027833333333333335
sifilis,lgbm,origin_202212,3,temp_min_l3,166.0,0.027666666666666666
sifilis,lgbm,origin_202212,3,temp_min_l12,201.0,0.0335
sifilis,lgbm,origin_202212,3,temp_max_l0,142.0,0.023666666666666666
sifilis,lgbm,origin_202212,3,temp_max_l1,140.0,0.023333333333333334
sifilis,lgbm,origin_202212,3,temp_max_l3,190.0,0.03166666666666667
sifilis,lgbm,origin_202212,3,temp_max_l12,174.0,0.029
sifilis,lgbm,origin_202212,3,umid_l0,174.0,0.029
sifilis,lgbm,origin_202212,3,umid_l1,190.0,0.03166666666666667
sifilis,lgbm,origin_202212,3,umid_l3,168.0,0.028
sifilis,lgbm,origin_202212,3,umid_l12,187.0,0.031166666666666665
sifilis,lgbm,origin_202212,3,populacao,285.0,0.0475
sifilis,lgbm,origin_202212,3,dens_demog,186.0,0.031
sifilis,lgbm,origin_202212,3,ppc,287.0,0.04783333333333333
sifilis,lgbm,origin_202212,3,urbanizacao,228.0,0.038
sifilis,lgbm,origin_202212,3,tgt_month,147.0,0.0245
sifilis,lgbm,origin_202212,3,mun_id,319.0,0.05316666666666667
sifilis,catboost,origin_202212,3,n_sifilis_l0,5.208976497950416,0.052089764979504176
sifilis,catboost,origin_202212,3,n_sifilis_l1,4.63217794070256,0.04632177940702561
sifilis,catboost,origin_202212,3,n_sifilis_l2,2.7371089561904958,0.027371089561904965
sifilis,catboost,origin_202212,3,n_sifilis_l3,1.8768999991928883,0.018768999991928888
sifilis,catboost,origin_202212,3,n_sifilis_l6,1.221393464409526,0.012213934644095262
sifilis,catboost,origin_202212,3,n_sifilis_l12,2.805801775181393,0.02805801775181394
sifilis,catboost,origin_202212,3,n_sifilis_l13,1.889996518251289,0.018899965182512895
sifilis,catboost,origin_202212,3,n_sifilis_r3,5.212180889305749,0.05212180889305751
sifilis,catboost,origin_202212,3,n_sifilis_r6,19.06703420882982,0.19067034208829825
sifilis,catboost,origin_202212,3,n_sifilis_r12,27.239381838583657,0.27239381838583665
sifilis,catboost,origin_202212,3,evapot_l0,0.5391118704171931,0.005391118704171933
sifilis,catboost,origin_202212,3,evapot_l1,0.44896083242163914,0.004489608324216392
sifilis,catboost,origin_202212,3,evapot_l3,1.3043226414085176,0.013043226414085179
sifilis,catboost,origin_202212,3,evapot_l12,0.6491801354362318,0.006491801354362319
sifilis,catboost,origin_202212,3,precip_l0,1.1948434618859867,0.01194843461885987
sifilis,catboost,origin_202212,3,precip_l1,0.5237292581853022,0.005237292581853024
sifilis,catboost,origin_202212,3,precip_l3,0.909191464192364,0.009091914641923642
sifilis,catboost,origin_202212,3,precip_l12,0.6546742973073545,0.006546742973073547
sifilis,catboost,origin_202212,3,temp_min_l0,0.7875275883323193,0.007875275883323195
sifilis,catboost,origin_202212,3,temp_min_l1,0.8181418304156132,0.008181418304156134
sifilis,catboost,origin_202212,3,temp_min_l3,0.6613363260428382,0.006613363260428384
sifilis,catboost,origin_202212,3,temp_min_l12,0.9163351664571693,0.009163351664571695
sifilis,catboost,origin_202212,3,temp_max_l0,0.6320503269844827,0.006320503269844829
sifilis,catboost,origin_202212,3,temp_max_l1,0.511033193075526,0.005110331930755261
sifilis,catboost,origin_202212,3,temp_max_l3,0.7581433309722655,0.0075814333097226575
sifilis,catboost,origin_202212,3,temp_max_l12,0.5719761528511933,0.005719761528511935
sifilis,catboost,origin_202212,3,umid_l0,0.6374373260602365,0.006374373260602367
sifilis,catboost,origin_202212,3,umid_l1,0.9917810350591635,0.009917810350591638
sifilis,catboost,origin_202212,3,umid_l3,0.6624580994423167,0.0066245809944231685
sifilis,catboost,origin_202212,3,umid_l12,0.6667139258119509,0.006667139258119511
sifilis,catboost,origin_202212,3,populacao,3.6345309892924678,0.036345309892924685
sifilis,catboost,origin_202212,3,dens_demog,4.509439366692376,0.04509439366692378
sifilis,catboost,origin_202212,3,ppc,2.9231713080579396,0.029231713080579404
sifilis,catboost,origin_202212,3,urbanizacao,1.8053520976498958,0.01805352097649896
sifilis,catboost,origin_202212,3,tgt_month,0.35115750854187033,0.0035115750854187045
sifilis,catboost,origin_202212,3,mun_id,0.046448378407986476,0.0004644837840798649
sifilis,xgboost,origin_202212,3,n_sifilis_l0,0.010110167786478996,0.010110166855156422
sifilis,xgboost,origin_202212,3,n_sifilis_l1,0.001545578590594232,0.0015455783577635884
sifilis,xgboost,origin_202212,3,n_sifilis_l2,0.003489937400445342,0.0034899369347840548
sifilis,xgboost,origin_202212,3,n_sifilis_l3,0.0021309403236955404,0.0021309400908648968
sifilis,xgboost,origin_202212,3,n_sifilis_l6,0.030914854258298874,0.030914850533008575
sifilis,xgboost,origin_202212,3,n_sifilis_l12,0.00610940158367157,0.006109400652348995
sifilis,xgboost,origin_202212,3,n_sifilis_l13,0.004232501145452261,0.004232500679790974
sifilis,xgboost,origin_202212,3,n_sifilis_r3,0.08695967495441437,0.08695966750383377
sifilis,xgboost,origin_202212,3,n_sifilis_r6,0.4757417142391205,0.4757416546344757
sifilis,xgboost,origin_202212,3,n_sifilis_r12,0.2693767547607422,0.2693767249584198
sifilis,xgboost,origin_202212,3,evapot_l0,0.001984782051295042,0.0019847818184643984
sifilis,xgboost,origin_202212,3,evapot_l1,0.0020120064727962017,0.002012006239965558
sifilis,xgboost,origin_202212,3,evapot_l3,0.0024072302039712667,0.002407229971140623
sifilis,xgboost,origin_202212,3,evapot_l12,0.002032657153904438,0.0020326569210737944
sifilis,xgboost,origin_202212,3,precip_l0,0.002343850675970316,0.0023438504431396723
sifilis,xgboost,origin_202212,3,precip_l1,0.0022314388770610094,0.0022314386442303658
sifilis,xgboost,origin_202212,3,precip_l3,0.002427089959383011,0.002427089726552367
sifilis,xgboost,origin_202212,3,precip_l12,0.00228174589574337,0.0022817456629127264
sifilis,xgboost,origin_202212,3,temp_min_l0,0.0022806779015809298,0.002280677668750286
sifilis,xgboost,origin_202212,3,temp_min_l1,0.0026358976028859615,0.002635897370055318
sifilis,xgboost,origin_202212,3,temp_min_l3,0.0023020224180072546,0.002302022185176611
sifilis,xgboost,origin_202212,3,temp_min_l12,0.0023617036640644073,0.0023617034312337637
sifilis,xgboost,origin_202212,3,temp_max_l0,0.0024709131103008986,0.002470912877470255
sifilis,xgboost,origin_202212,3,temp_max_l1,0.0023819187190383673,0.0023819184862077236
sifilis,xgboost,origin_202212,3,temp_max_l3,0.002512075938284397,0.0025120757054537535
sifilis,xgboost,origin_202212,3,temp_max_l12,0.0023634773679077625,0.002363477135077119
sifilis,xgboost,origin_202212,3,umid_l0,0.0024148691445589066,0.002414868911728263
sifilis,xgboost,origin_202212,3,umid_l1,0.0022898174356669188,0.002289817202836275
sifilis,xgboost,origin_202212,3,umid_l3,0.0025162980891764164,0.0025162978563457727
sifilis,xgboost,origin_202212,3,umid_l12,0.0024382395204156637,0.00243823928758502
sifilis,xgboost,origin_202212,3,populacao,0.03671836853027344,0.03671836480498314
sifilis,xgboost,origin_202212,3,dens_demog,0.00322411535307765,0.0032241148874163628
sifilis,xgboost,origin_202212,3,ppc,0.0037689630407840014,0.003768962575122714
sifilis,xgboost,origin_202212,3,urbanizacao,0.009356052614748478,0.009356051683425903
sifilis,xgboost,origin_202212,3,tgt_month,0.00331611349247396,0.0033161130268126726
sifilis,xgboost,origin_202212,3,mun_id,0.006316143553704023,0.006316142622381449
sifilis,lgbm,origin_202212,6,n_sifilis_l0,66.0,0.011
sifilis,lgbm,origin_202212,6,n_sifilis_l1,53.0,0.008833333333333334
sifilis,lgbm,origin_202212,6,n_sifilis_l2,41.0,0.006833333333333334
sifilis,lgbm,origin_202212,6,n_sifilis_l3,55.0,0.009166666666666667
sifilis,lgbm,origin_202212,6,n_sifilis_l6,76.0,0.012666666666666666
sifilis,lgbm,origin_202212,6,n_sifilis_l12,82.0,0.013666666666666667
sifilis,lgbm,origin_202212,6,n_sifilis_l13,76.0,0.012666666666666666
sifilis,lgbm,origin_202212,6,n_sifilis_r3,115.0,0.019166666666666665
sifilis,lgbm,origin_202212,6,n_sifilis_r6,180.0,0.03
sifilis,lgbm,origin_202212,6,n_sifilis_r12,331.0,0.05516666666666667
sifilis,lgbm,origin_202212,6,evapot_l0,150.0,0.025
sifilis,lgbm,origin_202212,6,evapot_l1,165.0,0.0275
sifilis,lgbm,origin_202212,6,evapot_l3,189.0,0.0315
sifilis,lgbm,origin_202212,6,evapot_l12,135.0,0.0225
sifilis,lgbm,origin_202212,6,precip_l0,183.0,0.0305
sifilis,lgbm,origin_202212,6,precip_l1,155.0,0.025833333333333333
sifilis,lgbm,origin_202212,6,precip_l3,163.0,0.027166666666666665
sifilis,lgbm,origin_202212,6,precip_l12,179.0,0.029833333333333333
sifilis,lgbm,origin_202212,6,temp_min_l0,140.0,0.023333333333333334
sifilis,lgbm,origin_202212,6,temp_min_l1,162.0,0.027
sifilis,lgbm,origin_202212,6,temp_min_l3,142.0,0.023666666666666666
sifilis,lgbm,origin_202212,6,temp_min_l12,198.0,0.033
sifilis,lgbm,origin_202212,6,temp_max_l0,188.0,0.03133333333333333
sifilis,lgbm,origin_202212,6,temp_max_l1,146.0,0.024333333333333332
sifilis,lgbm,origin_202212,6,temp_max_l3,212.0,0.035333333333333335
sifilis,lgbm,origin_202212,6,temp_max_l12,144.0,0.024
sifilis,lgbm,origin_202212,6,umid_l0,203.0,0.03383333333333333
sifilis,lgbm,origin_202212,6,umid_l1,137.0,0.022833333333333334
sifilis,lgbm,origin_202212,6,umid_l3,173.0,0.028833333333333332
sifilis,lgbm,origin_202212,6,umid_l12,224.0,0.037333333333333336
sifilis,lgbm,origin_202212,6,populacao,381.0,0.0635
sifilis,lgbm,origin_202212,6,dens_demog,191.0,0.03183333333333333
sifilis,lgbm,origin_202212,6,ppc,291.0,0.0485
sifilis,lgbm,origin_202212,6,urbanizacao,239.0,0.03983333333333333
sifilis,lgbm,origin_202212,6,tgt_month,111.0,0.0185
sifilis,lgbm,origin_202212,6,mun_id,324.0,0.054
sifilis,catboost,origin_202212,6,n_sifilis_l0,1.6699601483371034,0.016699601483371036
sifilis,catboost,origin_202212,6,n_sifilis_l1,1.2404462690511002,0.012404462690511004
sifilis,catboost,origin_202212,6,n_sifilis_l2,1.7324769482323585,0.017324769482323588
sifilis,catboost,origin_202212,6,n_sifilis_l3,1.8806595007680684,0.01880659500768069
sifilis,catboost,origin_202212,6,n_sifilis_l6,0.4673053554191167,0.004673053554191168
sifilis,catboost,origin_202212,6,n_sifilis_l12,1.4365079829899403,0.014365079829899405
sifilis,catboost,origin_202212,6,n_sifilis_l13,3.2966068750267454,0.03296606875026746
sifilis,catboost,origin_202212,6,n_sifilis_r3,7.109737291656492,0.07109737291656493
sifilis,catboost,origin_202212,6,n_sifilis_r6,17.7427010805598,0.17742701080559803
sifilis,catboost,origin_202212,6,n_sifilis_r12,31.004158588410338,0.3100415858841034
sifilis,catboost,origin_202212,6,evapot_l0,0.5351507197178135,0.005351507197178135
sifilis,catboost,origin_202212,6,evapot_l1,0.45208269998642553,0.004520826999864256
sifilis,catboost,origin_202212,6,evapot_l3,0.6777262509138199,0.0067772625091381995
sifilis,catboost,origin_202212,6,evapot_l12,0.6810072566238354,0.006810072566238355
sifilis,catboost,origin_202212,6,precip_l0,0.9518687689818537,0.009518687689818539
sifilis,catboost,origin_202212,6,precip_l1,1.3250079633129717,0.013250079633129718
sifilis,catboost,origin_202212,6,precip_l3,1.1816463474961771,0.011816463474961772
sifilis,catboost,origin_202212,6,precip_l12,0.9099930384700777,0.009099930384700779
sifilis,catboost,origin_202212,6,temp_min_l0,0.910018261773896,0.00910018261773896
sifilis,catboost,origin_202212,6,temp_min_l1,0.7693399843339949,0.00769339984333995
sifilis,catboost,origin_202212,6,temp_min_l3,0.7588943328797045,0.007588943328797047
sifilis,catboost,origin_202212,6,temp_min_l12,1.145283230715053,0.01145283230715053
sifilis,catboost,origin_202212,6,temp_max_l0,0.8386535067798898,0.008386535067798899
sifilis,catboost,origin_202212,6,temp_max_l1,0.8371332035443844,0.008371332035443844
sifilis,catboost,origin_202212,6,temp_max_l3,0.6268447633533747,0.006268447633533748
sifilis,catboost,origin_202212,6,temp_max_l12,0.8780348907818359,0.00878034890781836
sifilis,catboost,origin_202212,6,umid_l0,0.9772969876466345,0.009772969876466347
sifilis,catboost,origin_202212,6,umid_l1,0.7681266014557591,0.007681266014557592
sifilis,catboost,origin_202212,6,umid_l3,0.6709690064186216,0.006709690064186216
sifilis,catboost,origin_202212,6,umid_l12,0.916947320875777,0.00916947320875777
sifilis,catboost,origin_202212,6,populacao,4.065552180003278,0.04065552180003279
sifilis,catboost,origin_202212,6,dens_demog,3.932255906356542,0.039322559063565424
sifilis,catboost,origin_202212,6,ppc,3.0357090703501695,0.030357090703501698
sifilis,catboost,origin_202212,6,urbanizacao,2.148040753086132,0.021480407530861324
sifilis,catboost,origin_202212,6,tgt_month,0.48510134864473164,0.004851013486447317
sifilis,catboost,origin_202212,6,mun_id,1.9407555650461654,0.019407555650461657
sifilis,xgboost,origin_202212,6,n_sifilis_l0,0.0016474780859425664,0.0016474784351885319
sifilis,xgboost,origin_202212,6,n_sifilis_l1,0.004874960985034704,0.004874961916357279
sifilis,xgboost,origin_202212,6,n_sifilis_l2,0.0016882020281627774,0.001688202377408743
sifilis,xgboost,origin_202212,6,n_sifilis_l3,0.003220554208382964,0.0032205546740442514
sifilis,xgboost,origin_202212,6,n_sifilis_l6,0.0025561300572007895,0.0025561305228620768
sifilis,xgboost,origin_202212,6,n_sifilis_l12,0.007221789099276066,0.007221790496259928
sifilis,xgboost,origin_202212,6,n_sifilis_l13,0.0031356187537312508,0.003135619219392538
sifilis,xgboost,origin_202212,6,n_sifilis_r3,0.23719730973243713,0.23719735443592072
sifilis,xgboost,origin_202212,6,n_sifilis_r6,0.34190645813941956,0.34190651774406433
sifilis,xgboost,origin_202212,6,n_sifilis_r12,0.26696211099624634,0.2669621706008911
sifilis,xgboost,origin_202212,6,evapot_l0,0.002089426387101412,0.002089426852762699
sifilis,xgboost,origin_202212,6,evapot_l1,0.002183457836508751,0.0021834583021700382
sifilis,xgboost,origin_202212,6,evapot_l3,0.0019594079349189997,0.001959408400580287
sifilis,xgboost,origin_202212,6,evapot_l12,0.002362934872508049,0.0023629353381693363
sifilis,xgboost,origin_202212,6,precip_l0,0.0023016943596303463,0.0023016948252916336
sifilis,xgboost,origin_202212,6,precip_l1,0.0021853805519640446,0.002185381017625332
sifilis,xgboost,origin_202212,6,precip_l3,0.0025274360086768866,0.002527436474338174
sifilis,xgboost,origin_202212,6,precip_l12,0.0021850750781595707,0.002185075543820858
sifilis,xgboost,origin_202212,6,temp_min_l0,0.0021183534990996122,0.0021183539647608995
sifilis,xgboost,origin_202212,6,temp_min_l1,0.002238457789644599,0.0022384582553058863
sifilis,xgboost,origin_202212,6,temp_min_l3,0.0022277485113590956,0.002227748977020383
sifilis,xgboost,origin_202212,6,temp_min_l12,0.0022254891227930784,0.0022254895884543657
sifilis,xgboost,origin_202212,6,temp_max_l0,0.0023704960476607084,0.0023704965133219957
sifilis,xgboost,origin_202212,6,temp_max_l1,0.0027263332158327103,0.0027263336814939976
sifilis,xgboost,origin_202212,6,temp_max_l3,0.002267027273774147,0.0022670277394354343
sifilis,xgboost,origin_202212,6,temp_max_l12,0.002222662093117833,0.0022226625587791204
sifilis,xgboost,origin_202212,6,umid_l0,0.0023418169002979994,0.0023418173659592867
sifilis,xgboost,origin_202212,6,umid_l1,0.0024223101790994406,0.002422310644760728
sifilis,xgboost,origin_202212,6,umid_l3,0.0024846605956554413,0.0024846610613167286
sifilis,xgboost,origin_202212,6,umid_l12,0.002249182667583227,0.0022491831332445145
sifilis,xgboost,origin_202212,6,populacao,0.062043461948633194,0.06204347312450409
sifilis,xgboost,origin_202212,6,dens_demog,0.003652801038697362,0.003652801737189293
sifilis,xgboost,origin_202212,6,ppc,0.0036909105256199837,0.0036909112241119146
sifilis,xgboost,origin_202212,6,urbanizacao,0.005146392621099949,0.0051463935524225235
sifilis,xgboost,origin_202212,6,tgt_month,0.003303571604192257,0.003303572302684188
sifilis,xgboost,origin_202212,6,mun_id,0.0060628317296504974,0.006062832660973072
sifilis,lgbm,origin_202212,12,n_sifilis_l0,60.0,0.01
sifilis,lgbm,origin_202212,12,n_sifilis_l1,44.0,0.007333333333333333
sifilis,lgbm,origin_202212,12,n_sifilis_l2,57.0,0.0095
sifilis,lgbm,origin_202212,12,n_sifilis_l3,66.0,0.011
sifilis,lgbm,origin_202212,12,n_sifilis_l6,65.0,0.010833333333333334
sifilis,lgbm,origin_202212,12,n_sifilis_l12,59.0,0.009833333333333333
sifilis,lgbm,origin_202212,12,n_sifilis_l13,64.0,0.010666666666666666
sifilis,lgbm,origin_202212,12,n_sifilis_r3,89.0,0.014833333333333334
sifilis,lgbm,origin_202212,12,n_sifilis_r6,178.0,0.029666666666666668
sifilis,lgbm,origin_202212,12,n_sifilis_r12,292.0,0.048666666666666664
sifilis,lgbm,origin_202212,12,evapot_l0,140.0,0.023333333333333334
sifilis,lgbm,origin_202212,12,evapot_l1,140.0,0.023333333333333334
sifilis,lgbm,origin_202212,12,evapot_l3,150.0,0.025
sifilis,lgbm,origin_202212,12,evapot_l12,121.0,0.020166666666666666
sifilis,lgbm,origin_202212,12,precip_l0,147.0,0.0245
sifilis,lgbm,origin_202212,12,precip_l1,189.0,0.0315
sifilis,lgbm,origin_202212,12,precip_l3,236.0,0.03933333333333333
sifilis,lgbm,origin_202212,12,precip_l12,250.0,0.041666666666666664
sifilis,lgbm,origin_202212,12,temp_min_l0,120.0,0.02
sifilis,lgbm,origin_202212,12,temp_min_l1,179.0,0.029833333333333333
sifilis,lgbm,origin_202212,12,temp_min_l3,191.0,0.03183333333333333
sifilis,lgbm,origin_202212,12,temp_min_l12,134.0,0.022333333333333334
sifilis,lgbm,origin_202212,12,temp_max_l0,119.0,0.019833333333333335
sifilis,lgbm,origin_202212,12,temp_max_l1,126.0,0.021
sifilis,lgbm,origin_202212,12,temp_max_l3,106.0,0.017666666666666667
sifilis,lgbm,origin_202212,12,temp_max_l12,121.0,0.020166666666666666
sifilis,lgbm,origin_202212,12,umid_l0,183.0,0.0305
sifilis,lgbm,origin_202212,12,umid_l1,147.0,0.0245
sifilis,lgbm,origin_202212,12,umid_l3,170.0,0.028333333333333332
sifilis,lgbm,origin_202212,12,umid_l12,171.0,0.0285
sifilis,lgbm,origin_202212,12,populacao,451.0,0.07516666666666667
sifilis,lgbm,origin_202212,12,dens_demog,277.0,0.04616666666666667
sifilis,lgbm,origin_202212,12,ppc,328.0,0.05466666666666667
sifilis,lgbm,origin_202212,12,urbanizacao,321.0,0.0535
sifilis,lgbm,origin_202212,12,tgt_month,119.0,0.019833333333333335
sifilis,lgbm,origin_202212,12,mun_id,390.0,0.065
sifilis,catboost,origin_202212,12,n_sifilis_l0,3.4101524999215203,0.03410152499921521
sifilis,catboost,origin_202212,12,n_sifilis_l1,0.9859614998680473,0.009859614998680476
sifilis,catboost,origin_202212,12,n_sifilis_l2,2.0558925172806064,0.02055892517280607
sifilis,catboost,origin_202212,12,n_sifilis_l3,1.916403054745033,0.019164030547450337
sifilis,catboost,origin_202212,12,n_sifilis_l6,3.114494273701176,0.03114494273701177
sifilis,catboost,origin_202212,12,n_sifilis_l12,0.6774927314851704,0.006774927314851706
sifilis,catboost,origin_202212,12,n_sifilis_l13,3.0642594193198396,0.030642594193198404
sifilis,catboost,origin_202212,12,n_sifilis_r3,7.9299807035168675,0.0792998070351687
sifilis,catboost,origin_202212,12,n_sifilis_r6,16.376545993511087,0.1637654599351109
sifilis,catboost,origin_202212,12,n_sifilis_r12,15.903135382984072,0.15903135382984077
sifilis,catboost,origin_202212,12,evapot_l0,1.109465838784692,0.011094658387846923
sifilis,catboost,origin_202212,12,evapot_l1,0.923959538576973,0.009239595385769732
sifilis,catboost,origin_202212,12,evapot_l3,0.7706021025978363,0.007706021025978366
sifilis,catboost,origin_202212,12,evapot_l12,0.7700724461868322,0.007700724461868325
sifilis,catboost,origin_202212,12,precip_l0,0.5363812287465436,0.005363812287465438
sifilis,catboost,origin_202212,12,precip_l1,0.6676957307412904,0.006676957307412906
sifilis,catboost,origin_202212,12,precip_l3,1.208925398676053,0.012089253986760534
sifilis,catboost,origin_202212,12,precip_l12,1.235412333366553,0.012354123333665533
sifilis,catboost,origin_202212,12,temp_min_l0,0.8041574893213589,0.008041574893213591
sifilis,catboost,origin_202212,12,temp_min_l1,0.7271460632102312,0.0072714606321023145
sifilis,catboost,origin_202212,12,temp_min_l3,0.8578908520212059,0.00857890852021206
sifilis,catboost,origin_202212,12,temp_min_l12,0.657002323246341,0.006570023232463412
sifilis,catboost,origin_202212,12,temp_max_l0,0.3954069825612992,0.003954069825612993
sifilis,catboost,origin_202212,12,temp_max_l1,0.454231883330637,0.004542318833306372
sifilis,catboost,origin_202212,12,temp_max_l3,1.0133772955081115,0.010133772955081118
sifilis,catboost,origin_202212,12,temp_max_l12,0.7341158083402435,0.007341158083402437
sifilis,catboost,origin_202212,12,umid_l0,0.8009007772227591,0.008009007772227593
sifilis,catboost,origin_202212,12,umid_l1,0.6740413398814724,0.006740413398814726
sifilis,catboost,origin_202212,12,umid_l3,0.5372816560456819,0.005372816560456821
sifilis,catboost,origin_202212,12,umid_l12,0.8190475965755311,0.008190475965755313
sifilis,catboost,origin_202212,12,populacao,5.768198212906511,0.057681982129065126
sifilis,catboost,origin_202212,12,dens_demog,8.468953505406171,0.08468953505406174
sifilis,catboost,origin_202212,12,ppc,7.3686838868654485,0.0736868388686545
sifilis,catboost,origin_202212,12,urbanizacao,5.342838711760634,0.053428387117606356
sifilis,catboost,origin_202212,12,tgt_month,0.38819997743831053,0.0038819997743831064
sifilis,catboost,origin_202212,12,mun_id,1.5316929443478287,0.01531692944347829
sifilis,xgboost,origin_202212,12,n_sifilis_l0,0.009783310815691948,0.009783311747014523
sifilis,xgboost,origin_202212,12,n_sifilis_l1,0.001270056702196598,0.0012700568186119199
sifilis,xgboost,origin_202212,12,n_sifilis_l2,0.018591351807117462,0.01859135366976261
sifilis,xgboost,origin_202212,12,n_sifilis_l3,0.002696242416277528,0.0026962426491081715
sifilis,xgboost,origin_202212,12,n_sifilis_l6,0.007303435821086168,0.007303436286747456
sifilis,xgboost,origin_202212,12,n_sifilis_l12,0.0030763663817197084,0.003076366614550352
sifilis,xgboost,origin_202212,12,n_sifilis_l13,0.0027947460766881704,0.002794746309518814
sifilis,xgboost,origin_202212,12,n_sifilis_r3,0.12993626296520233,0.12993627786636353
sifilis,xgboost,origin_202212,12,n_sifilis_r6,0.381550669670105,0.38155069947242737
sifilis,xgboost,origin_202212,12,n_sifilis_r12,0.2908570170402527,0.2908570468425751
sifilis,xgboost,origin_202212,12,evapot_l0,0.0023696860298514366,0.0023696862626820803
sifilis,xgboost,origin_202212,12,evapot_l1,0.0019514459418132901,0.001951446058228612
sifilis,xgboost,origin_202212,12,evapot_l3,0.0025790061336010695,0.002579006366431713
sifilis,xgboost,origin_202212,12,evapot_l12,0.0027253280859440565,0.0027253283187747
sifilis,xgboost,origin_202212,12,precip_l0,0.0019678063690662384,0.001967806601896882
sifilis,xgboost,origin_202212,12,precip_l1,0.0020084490533918142,0.002008449286222458
sifilis,xgboost,origin_202212,12,precip_l3,0.0028163380920886993,0.002816338324919343
sifilis,xgboost,origin_202212,12,precip_l12,0.0022118990309536457,0.0022118992637842894
sifilis,xgboost,origin_202212,12,temp_min_l0,0.002473682863637805,0.0024736830964684486
sifilis,xgboost,origin_202212,12,temp_min_l1,0.002142719691619277,0.0021427199244499207
sifilis,xgboost,origin_202212,12,temp_min_l3,0.0028203746769577265,0.00282037490978837
sifilis,xgboost,origin_202212,12,temp_min_l12,0.002263149246573448,0.002263149479404092
sifilis,xgboost,origin_202212,12,temp_max_l0,0.0024744230322539806,0.0024744232650846243
sifilis,xgboost,origin_202212,12,temp_max_l1,0.0023876666091382504,0.002387666841968894
sifilis,xgboost,origin_202212,12,temp_max_l3,0.0023064399138092995,0.002306440146639943
sifilis,xgboost,origin_202212,12,temp_max_l12,0.0025924984365701675,0.002592498669400811
sifilis,xgboost,origin_202212,12,umid_l0,0.0025959641207009554,0.002595964353531599
sifilis,xgboost,origin_202212,12,umid_l1,0.002465965459123254,0.0024659656919538975
sifilis,xgboost,origin_202212,12,umid_l3,0.002750035608187318,0.0027500358410179615
sifilis,xgboost,origin_202212,12,umid_l12,0.0026795468293130398,0.0026795470621436834
sifilis,xgboost,origin_202212,12,populacao,0.0659712702035904,0.06597127765417099
sifilis,xgboost,origin_202212,12,dens_demog,0.007576463744044304,0.007576464209705591
sifilis,xgboost,origin_202212,12,ppc,0.0047997962683439255,0.004799796734005213
sifilis,xgboost,origin_202212,12,urbanizacao,0.005965875927358866,0.005965876393020153
sifilis,xgboost,origin_202212,12,tgt_month,0.003430560464039445,0.0034305606968700886
sifilis,xgboost,origin_202212,12,mun_id,0.015814129263162613,0.015814131125807762
tuberculose,lgbm,origin_201912,1,n_tuberculose_l0,298.0,0.049666666666666665
tuberculose,lgbm,origin_201912,1,n_tuberculose_l1,81.0,0.0135
tuberculose,lgbm,origin_201912,1,n_tuberculose_l2,96.0,0.016
tuberculose,lgbm,origin_201912,1,n_tuberculose_l3,108.0,0.018
tuberculose,lgbm,origin_201912,1,n_tuberculose_l6,92.0,0.015333333333333332
tuberculose,lgbm,origin_201912,1,n_tuberculose_l12,69.0,0.0115
tuberculose,lgbm,origin_201912,1,n_tuberculose_l13,126.0,0.021
tuberculose,lgbm,origin_201912,1,n_tuberculose_r3,253.0,0.042166666666666665
tuberculose,lgbm,origin_201912,1,n_tuberculose_r6,244.0,0.04066666666666666
tuberculose,lgbm,origin_201912,1,n_tuberculose_r12,286.0,0.04766666666666667
tuberculose,lgbm,origin_201912,1,evapot_l0,134.0,0.022333333333333334
tuberculose,lgbm,origin_201912,1,evapot_l1,118.0,0.019666666666666666
tuberculose,lgbm,origin_201912,1,evapot_l3,104.0,0.017333333333333333
tuberculose,lgbm,origin_201912,1,evapot_l12,135.0,0.0225
tuberculose,lgbm,origin_201912,1,precip_l0,199.0,0.033166666666666664
tuberculose,lgbm,origin_201912,1,precip_l1,149.0,0.024833333333333332
tuberculose,lgbm,origin_201912,1,precip_l3,186.0,0.031
tuberculose,lgbm,origin_201912,1,precip_l12,154.0,0.025666666666666667
tuberculose,lgbm,origin_201912,1,temp_min_l0,155.0,0.025833333333333333
tuberculose,lgbm,origin_201912,1,temp_min_l1,86.0,0.014333333333333333
tuberculose,lgbm,origin_201912,1,temp_min_l3,178.0,0.029666666666666668
tuberculose,lgbm,origin_201912,1,temp_min_l12,167.0,0.027833333333333335
tuberculose,lgbm,origin_201912,1,temp_max_l0,170.0,0.028333333333333332
tuberculose,lgbm,origin_201912,1,temp_max_l1,140.0,0.023333333333333334
tuberculose,lgbm,origin_201912,1,temp_max_l3,143.0,0.023833333333333335
tuberculose,lgbm,origin_201912,1,temp_max_l12,147.0,0.0245
tuberculose,lgbm,origin_201912,1,umid_l0,190.0,0.03166666666666667
tuberculose,lgbm,origin_201912,1,umid_l1,198.0,0.033
tuberculose,lgbm,origin_201912,1,umid_l3,181.0,0.030166666666666668
tuberculose,lgbm,origin_201912,1,umid_l12,183.0,0.0305
tuberculose,lgbm,origin_201912,1,populacao,159.0,0.0265
tuberculose,lgbm,origin_201912,1,dens_demog,96.0,0.016
tuberculose,lgbm,origin_201912,1,ppc,251.0,0.041833333333333333
tuberculose,lgbm,origin_201912,1,urbanizacao,145.0,0.024166666666666666
tuberculose,lgbm,origin_201912,1,tgt_month,181.0,0.030166666666666668
tuberculose,lgbm,origin_201912,1,mun_id,398.0,0.06633333333333333
tuberculose,catboost,origin_201912,1,n_tuberculose_l0,7.51911089484654,0.07519110894846535
tuberculose,catboost,origin_201912,1,n_tuberculose_l1,2.906566205599734,0.029065662055997317
tuberculose,catboost,origin_201912,1,n_tuberculose_l2,2.428255451215694,0.024282554512156926
tuberculose,catboost,origin_201912,1,n_tuberculose_l3,4.069400539590726,0.04069400539590723
tuberculose,catboost,origin_201912,1,n_tuberculose_l6,1.3596332419343204,0.013596332419343195
tuberculose,catboost,origin_201912,1,n_tuberculose_l12,1.1669341735576313,0.011669341735576304
tuberculose,catboost,origin_201912,1,n_tuberculose_l13,10.15679324210657,0.10156793242106563
tuberculose,catboost,origin_201912,1,n_tuberculose_r3,14.027966539900923,0.14027966539900913
tuberculose,catboost,origin_201912,1,n_tuberculose_r6,21.861203096807177,0.2186120309680716
tuberculose,catboost,origin_201912,1,n_tuberculose_r12,11.787667512915121,0.11787667512915112
tuberculose,catboost,origin_201912,1,evapot_l0,0.3213369074914931,0.0032133690749149286
tuberculose,catboost,origin_201912,1,evapot_l1,0.34244683923545005,0.0034244683923544982
tuberculose,catboost,origin_201912,1,evapot_l3,0.37938121346605913,0.003793812134660589
tuberculose,catboost,origin_201912,1,evapot_l12,0.5892098709901867,0.005892098709901863
tuberculose,catboost,origin_201912,1,precip_l0,0.637261211176413,0.0063726121117641255
tuberculose,catboost,origin_201912,1,precip_l1,0.722106565498792,0.007221065654987915
tuberculose,catboost,origin_201912,1,precip_l3,1.0940539212600078,0.01094053921260007
tuberculose,catboost,origin_201912,1,precip_l12,0.7287419485815262,0.007287419485815257
tuberculose,catboost,origin_201912,1,temp_min_l0,0.9316795050533376,0.00931679505053337
tuberculose,catboost,origin_201912,1,temp_min_l1,0.1907562668732158,0.0019075626687321567
tuberculose,catboost,origin_201912,1,temp_min_l3,0.7131367029224548,0.0071313670292245425
tuberculose,catboost,origin_201912,1,temp_min_l12,0.8197697033287988,0.008197697033287982
tuberculose,catboost,origin_201912,1,temp_max_l0,0.5791913012932808,0.005791913012932803
tuberculose,catboost,origin_201912,1,temp_max_l1,0.396298707742935,0.003962987077429347
tuberculose,catboost,origin_201912,1,temp_max_l3,0.6251687645916357,0.006251687645916353
tuberculose,catboost,origin_201912,1,temp_max_l12,0.75203786211732,0.007520378621173195
tuberculose,catboost,origin_201912,1,umid_l0,0.8644310546928289,0.008644310546928283
tuberculose,catboost,origin_201912,1,umid_l1,0.6576727725279018,0.006576727725279013
tuberculose,catboost,origin_201912,1,umid_l3,0.8813609127660067,0.008813609127660061
tuberculose,catboost,origin_201912,1,umid_l12,0.577456058263091,0.005774560582630906
tuberculose,catboost,origin_201912,1,populacao,3.126156218644559,0.03126156218644557
tuberculose,catboost,origin_201912,1,dens_demog,1.0177769951944788,0.010177769951944781
tuberculose,catboost,origin_201912,1,ppc,3.3490590690540007,0.03349059069053999
tuberculose,catboost,origin_201912,1,urbanizacao,1.3299012338685885,0.013299012338685875
tuberculose,catboost,origin_201912,1,tgt_month,0.14612742074441054,0.0014612742074441045
tuberculose,catboost,origin_201912,1,mun_id,0.9439500741468374,0.009439500741468368
tuberculose,xgboost,origin_201912,1,n_tuberculose_l0,0.2036963552236557,0.2036963552236557
tuberculose,xgboost,origin_201912,1,n_tuberculose_l1,0.04400065168738365,0.04400065168738365
tuberculose,xgboost,origin_201912,1,n_tuberculose_l2,0.011766376905143261,0.011766376905143261
tuberculose,xgboost,origin_201912,1,n_tuberculose_l3,0.005702166352421045,0.005702166352421045
tuberculose,xgboost,origin_201912,1,n_tuberculose_l6,0.00462229223921895,0.00462229223921895
tuberculose,xgboost,origin_201912,1,n_tuberculose_l12,0.0019810281228274107,0.0019810281228274107
tuberculose,xgboost,origin_201912,1,n_tuberculose_l13,0.0032900169026106596,0.0032900169026106596
tuberculose,xgboost,origin_201912,1,n_tuberculose_r3,0.46709713339805603,0.46709713339805603
tuberculose,xgboost,origin_201912,1,n_tuberculose_r6,0.20078711211681366,0.20078711211681366
tuberculose,xgboost,origin_201912,1,n_tuberculose_r12,0.013119845651090145,0.013119845651090145
tuberculose,xgboost,origin_201912,1,evapot_l0,0.0012284801341593266,0.0012284801341593266
tuberculose,xgboost,origin_201912,1,evapot_l1,0.0012547943042591214,0.0012547943042591214
tuberculose,xgboost,origin_201912,1,evapot_l3,0.0012985514476895332,0.0012985514476895332
tuberculose,xgboost,origin_201912,1,evapot_l12,0.0013064246159046888,0.0013064246159046888
tuberculose,xgboost,origin_201912,1,precip_l0,0.0015350927133113146,0.0015350927133113146
tuberculose,xgboost,origin_201912,1,precip_l1,0.0012800535187125206,0.0012800535187125206
tuberculose,xgboost,origin_201912,1,precip_l3,0.0014658410800620914,0.0014658410800620914
tuberculose,xgboost,origin_201912,1,precip_l12,0.001460377243347466,0.001460377243347466
tuberculose,xgboost,origin_201912,1,temp_min_l0,0.0013898186152800918,0.0013898186152800918
tuberculose,xgboost,origin_201912,1,temp_min_l1,0.001317724701948464,0.001317724701948464
tuberculose,xgboost,origin_201912,1,temp_min_l3,0.0013792342506349087,0.0013792342506349087
tuberculose,xgboost,origin_201912,1,temp_min_l12,0.0013972381129860878,0.0013972381129860878
tuberculose,xgboost,origin_201912,1,temp_max_l0,0.001504144980572164,0.001504144980572164
tuberculose,xgboost,origin_201912,1,temp_max_l1,0.001422382891178131,0.001422382891178131
tuberculose,xgboost,origin_201912,1,temp_max_l3,0.0014195138355717063,0.0014195138355717063
tuberculose,xgboost,origin_201912,1,temp_max_l12,0.0014894033083692193,0.0014894033083692193
tuberculose,xgboost,origin_201912,1,umid_l0,0.0015175188891589642,0.0015175188891589642
tuberculose,xgboost,origin_201912,1,umid_l1,0.0014676800929009914,0.0014676800929009914
tuberculose,xgboost,origin_201912,1,umid_l3,0.0014060166431590915,0.0014060166431590915
tuberculose,xgboost,origin_201912,1,umid_l12,0.0015260247746482491,0.0015260247746482491
tuberculose,xgboost,origin_201912,1,populacao,0.0016985019901767373,0.0016985019901767373
tuberculose,xgboost,origin_201912,1,dens_demog,0.0038901646621525288,0.0038901646621525288
tuberculose,xgboost,origin_201912,1,ppc,0.004113349132239819,0.004113349132239819
tuberculose,xgboost,origin_201912,1,urbanizacao,0.0018049506470561028,0.0018049506470561028
tuberculose,xgboost,origin_201912,1,tgt_month,0.001927772187627852,0.001927772187627852
tuberculose,xgboost,origin_201912,1,mun_id,0.002435939619317651,0.002435939619317651
tuberculose,lgbm,origin_201912,3,n_tuberculose_l0,276.0,0.046
tuberculose,lgbm,origin_201912,3,n_tuberculose_l1,74.0,0.012333333333333333
tuberculose,lgbm,origin_201912,3,n_tuberculose_l2,79.0,0.013166666666666667
tuberculose,lgbm,origin_201912,3,n_tuberculose_l3,73.0,0.012166666666666666
tuberculose,lgbm,origin_201912,3,n_tuberculose_l6,67.0,0.011166666666666667
tuberculose,lgbm,origin_201912,3,n_tuberculose_l12,81.0,0.0135
tuberculose,lgbm,origin_201912,3,n_tuberculose_l13,118.0,0.019666666666666666
tuberculose,lgbm,origin_201912,3,n_tuberculose_r3,223.0,0.03716666666666667
tuberculose,lgbm,origin_201912,3,n_tuberculose_r6,216.0,0.036
tuberculose,lgbm,origin_201912,3,n_tuberculose_r12,316.0,0.05266666666666667
tuberculose,lgbm,origin_201912,3,evapot_l0,121.0,0.020166666666666666
tuberculose,lgbm,origin_201912,3,evapot_l1,99.0,0.0165
tuberculose,lgbm,origin_201912,3,evapot_l3,153.0,0.0255
tuberculose,lgbm,origin_201912,3,evapot_l12,84.0,0.014
tuberculose,lgbm,origin_201912,3,precip_l0,178.0,0.029666666666666668
tuberculose,lgbm,origin_201912,3,precip_l1,171.0,0.0285
tuberculose,lgbm,origin_201912,3,precip_l3,178.0,0.029666666666666668
tuberculose,lgbm,origin_201912,3,precip_l12,206.0,0.034333333333333334
tuberculose,lgbm,origin_201912,3,temp_min_l0,129.0,0.0215
tuberculose,lgbm,origin_201912,3,temp_min_l1,155.0,0.025833333333333333
tuberculose,lgbm,origin_201912,3,temp_min_l3,161.0,0.026833333333333334
tuberculose,lgbm,origin_201912,3,temp_min_l12,126.0,0.021
tuberculose,lgbm,origin_201912,3,temp_max_l0,124.0,0.020666666666666667
tuberculose,lgbm,origin_201912,3,temp_max_l1,97.0,0.016166666666666666
tuberculose,lgbm,origin_201912,3,temp_max_l3,94.0,0.015666666666666666
tuberculose,lgbm,origin_201912,3,temp_max_l12,116.0,0.019333333333333334
tuberculose,lgbm,origin_201912,3,umid_l0,217.0,0.036166666666666666
tuberculose,lgbm,origin_201912,3,umid_l1,227.0,0.03783333333333333
tuberculose,lgbm,origin_201912,3,umid_l3,176.0,0.029333333333333333
tuberculose,lgbm,origin_201912,3,umid_l12,172.0,0.028666666666666667
tuberculose,lgbm,origin_201912,3,populacao,217.0,0.036166666666666666
tuberculose,lgbm,origin_201912,3,dens_demog,171.0,0.0285
tuberculose,lgbm,origin_201912,3,ppc,445.0,0.07416666666666667
tuberculose,lgbm,origin_201912,3,urbanizacao,141.0,0.0235
tuberculose,lgbm,origin_201912,3,tgt_month,103.0,0.017166666666666667
tuberculose,lgbm,origin_201912,3,mun_id,416.0,0.06933333333333333
tuberculose,catboost,origin_201912,3,n_tuberculose_l0,5.062396150003672,0.050623961500036736
tuberculose,catboost,origin_201912,3,n_tuberculose_l1,4.061205692157379,0.0406120569215738
tuberculose,catboost,origin_201912,3,n_tuberculose_l2,2.8613336748929634,0.028613336748929644
tuberculose,catboost,origin_201912,3,n_tuberculose_l3,4.80084143586544,0.04800841435865441
tuberculose,catboost,origin_201912,3,n_tuberculose_l6,0.6025592873872411,0.0060255928738724126
tuberculose,catboost,origin_201912,3,n_tuberculose_l12,0.34648568116253337,0.0034648568116253347
tuberculose,catboost,origin_201912,3,n_tuberculose_l13,4.9616538311168,0.04961653831116802
tuberculose,catboost,origin_201912,3,n_tuberculose_r3,11.507896216405019,0.11507896216405022
tuberculose,catboost,origin_201912,3,n_tuberculose_r6,12.457404216354048,0.12457404216354051
tuberculose,catboost,origin_201912,3,n_tuberculose_r12,23.861622219128712,0.2386162221912872
tuberculose,catboost,origin_201912,3,evapot_l0,0.4573951444186584,0.004573951444186586
tuberculose,catboost,origin_201912,3,evapot_l1,0.3389767898157274,0.003389767898157275
tuberculose,catboost,origin_201912,3,evapot_l3,0.5488171970825708,0.00548817197082571
tuberculose,catboost,origin_201912,3,evapot_l12,0.6878162657556215,0.006878162657556217
tuberculose,catboost,origin_201912,3,precip_l0,0.6175644384409996,0.006175644384409998
tuberculose,catboost,origin_201912,3,precip_l1,0.5743080206364595,0.005743080206364597
tuberculose,catboost,origin_201912,3,precip_l3,0.8111037749686972,0.008111037749686975
tuberculose,catboost,origin_201912,3,precip_l12,0.9179424653535034,0.009179424653535037
tuberculose,catboost,origin_201912,3,temp_min_l0,0.5020364663754366,0.005020364663754368
tuberculose,catboost,origin_201912,3,temp_min_l1,0.6470193904284423,0.006470193904284424
tuberculose,catboost,origin_201912,3,temp_min_l3,0.5111210575619722,0.0051112105756197235
tuberculose,catboost,origin_201912,3,temp_min_l12,0.6721645885256352,0.006721645885256354
tuberculose,catboost,origin_201912,3,temp_max_l0,0.8080287041359456,0.008080287041359458
tuberculose,catboost,origin_201912,3,temp_max_l1,0.730113127994519,0.007301131279945192
tuberculose,catboost,origin_201912,3,temp_max_l3,0.5479465842126736,0.0054794658421267375
tuberculose,catboost,origin_201912,3,temp_max_l12,0.8683255780551075,0.008683255780551078
tuberculose,catboost,origin_201912,3,umid_l0,1.7020383356740454,0.01702038335674046
tuberculose,catboost,origin_201912,3,umid_l1,1.0233344153311914,0.010233344153311917
tuberculose,catboost,origin_201912,3,umid_l3,0.9220419196923755,0.009220419196923757
tuberculose,catboost,origin_201912,3,umid_l12,0.7861994286340223,0.007861994286340225
tuberculose,catboost,origin_201912,3,populacao,3.0253758916783933,0.030253758916783943
tuberculose,catboost,origin_201912,3,dens_demog,1.8122780440099544,0.01812278044009955
tuberculose,catboost,origin_201912,3,ppc,6.3170276007883075,0.0631702760078831
tuberculose,catboost,origin_201912,3,urbanizacao,2.0255356932058124,0.02025535693205813
tuberculose,catboost,origin_201912,3,tgt_month,0.1985303994021208,0.0019853039940212086
tuberculose,catboost,origin_201912,3,mun_id,1.423560273347971,0.014235602733479714
tuberculose,xgboost,origin_201912,3,n_tuberculose_l0,0.12065359950065613,0.12065361440181732
tuberculose,xgboost,origin_201912,3,n_tuberculose_l1,0.017432624474167824,0.017432626336812973
tuberculose,xgboost,origin_201912,3,n_tuberculose_l2,0.040978848934173584,0.04097885265946388
tuberculose,xgboost,origin_201912,3,n_tuberculose_l3,0.0014788471162319183,0.001478847349062562
tuberculose,xgboost,origin_201912,3,n_tuberculose_l6,0.002996357623487711,0.0029963580891489983
tuberculose,xgboost,origin_201912,3,n_tuberculose_l12,0.003172398079186678,0.0031723985448479652
tuberculose,xgboost,origin_201912,3,n_tuberculose_l13,0.004000129643827677,0.004000130109488964
tuberculose,xgboost,origin_201912,3,n_tuberculose_r3,0.41015565395355225,0.410155713558197
tuberculose,xgboost,origin_201912,3,n_tuberculose_r6,0.3035717308521271,0.30357176065444946
tuberculose,xgboost,origin_201912,3,n_tuberculose_r12,0.05162770673632622,0.051627714186906815
tuberculose,xgboost,origin_201912,3,evapot_l0,0.0012608462711796165,0.0012608463875949383
tuberculose,xgboost,origin_201912,3,evapot_l1,0.0010315115796402097,0.0010315116960555315
tuberculose,xgboost,origin_201912,3,evapot_l3,0.0013390533858910203,0.0013390535023063421
tuberculose,xgboost,origin_201912,3,evapot_l12,0.0014810796128585935,0.0014810798456892371
tuberculose,xgboost,origin_201912,3,precip_l0,0.0014161997241899371,0.001416199840605259
tuberculose,xgboost,origin_201912,3,precip_l1,0.0013876737793907523,0.0013876738958060741
tuberculose,xgboost,origin_201912,3,precip_l3,0.001275083632208407,0.0012750837486237288
tuberculose,xgboost,origin_201912,3,precip_l12,0.0015367374289780855,0.0015367376618087292
tuberculose,xgboost,origin_201912,3,temp_min_l0,0.0013485719682648778,0.0013485720846801996
tuberculose,xgboost,origin_201912,3,temp_min_l1,0.0014750334667041898,0.0014750336995348334
tuberculose,xgboost,origin_201912,3,temp_min_l3,0.0014381569344550371,0.001438157050870359
tuberculose,xgboost,origin_201912,3,temp_min_l12,0.001531526679173112,0.0015315269120037556
tuberculose,xgboost,origin_201912,3,temp_max_l0,0.0013595091877505183,0.0013595093041658401
tuberculose,xgboost,origin_201912,3,temp_max_l1,0.0013503704685717821,0.001350370584987104
tuberculose,xgboost,origin_201912,3,temp_max_l3,0.001436577644199133,0.0014365777606144547
tuberculose,xgboost,origin_201912,3,temp_max_l12,0.0015951640671119094,0.001595164299942553
tuberculose,xgboost,origin_201912,3,umid_l0,0.0015383585123345256,0.0015383587451651692
tuberculose,xgboost,origin_201912,3,umid_l1,0.0015632802387699485,0.0015632804716005921
tuberculose,xgboost,origin_201912,3,umid_l3,0.0016075295861810446,0.0016075298190116882
tuberculose,xgboost,origin_201912,3,umid_l12,0.0015366513980552554,0.001536651630885899
tuberculose,xgboost,origin_201912,3,populacao,0.0024910885840654373,0.002491088816896081
tuberculose,xgboost,origin_201912,3,dens_demog,0.0020121659617871046,0.0020121661946177483
tuberculose,xgboost,origin_201912,3,ppc,0.002799420850351453,0.0027994210831820965
tuberculose,xgboost,origin_201912,3,urbanizacao,0.0018830439075827599,0.0018830441404134035
tuberculose,xgboost,origin_201912,3,tgt_month,0.001790348207578063,0.0017903484404087067
tuberculose,xgboost,origin_201912,3,mun_id,0.004447153303772211,0.004447153769433498
tuberculose,lgbm,origin_201912,6,n_tuberculose_l0,120.0,0.02
tuberculose,lgbm,origin_201912,6,n_tuberculose_l1,81.0,0.0135
tuberculose,lgbm,origin_201912,6,n_tuberculose_l2,56.0,0.009333333333333334
tuberculose,lgbm,origin_201912,6,n_tuberculose_l3,44.0,0.007333333333333333
tuberculose,lgbm,origin_201912,6,n_tuberculose_l6,66.0,0.011
tuberculose,lgbm,origin_201912,6,n_tuberculose_l12,78.0,0.013
tuberculose,lgbm,origin_201912,6,n_tuberculose_l13,110.0,0.018333333333333333
tuberculose,lgbm,origin_201912,6,n_tuberculose_r3,195.0,0.0325
tuberculose,lgbm,origin_201912,6,n_tuberculose_r6,197.0,0.03283333333333333
tuberculose,lgbm,origin_201912,6,n_tuberculose_r12,312.0,0.052
tuberculose,lgbm,origin_201912,6,evapot_l0,89.0,0.014833333333333334
tuberculose,lgbm,origin_201912,6,evapot_l1,89.0,0.014833333333333334
tuberculose,lgbm,origin_201912,6,evapot_l3,138.0,0.023
tuberculose,lgbm,origin_201912,6,evapot_l12,110.0,0.018333333333333333
tuberculose,lgbm,origin_201912,6,precip_l0,148.0,0.024666666666666667
tuberculose,lgbm,origin_201912,6,precip_l1,144.0,0.024
tuberculose,lgbm,origin_201912,6,precip_l3,139.0,0.023166666666666665
tuberculose,lgbm,origin_201912,6,precip_l12,176.0,0.029333333333333333
tuberculose,lgbm,origin_201912,6,temp_min_l0,135.0,0.0225
tuberculose,lgbm,origin_201912,6,temp_min_l1,102.0,0.017
tuberculose,lgbm,origin_201912,6,temp_min_l3,160.0,0.02666666666666667
tuberculose,lgbm,origin_201912,6,temp_min_l12,134.0,0.022333333333333334
tuberculose,lgbm,origin_201912,6,temp_max_l0,110.0,0.018333333333333333
tuberculose,lgbm,origin_201912,6,temp_max_l1,101.0,0.016833333333333332
tuberculose,lgbm,origin_201912,6,temp_max_l3,138.0,0.023
tuberculose,lgbm,origin_201912,6,temp_max_l12,160.0,0.02666666666666667
tuberculose,lgbm,origin_201912,6,umid_l0,175.0,0.029166666666666667
tuberculose,lgbm,origin_201912,6,umid_l1,136.0,0.02266666666666667
tuberculose,lgbm,origin_201912,6,umid_l3,164.0,0.027333333333333334
tuberculose,lgbm,origin_201912,6,umid_l12,147.0,0.0245
tuberculose,lgbm,origin_201912,6,populacao,378.0,0.063
tuberculose,lgbm,origin_201912,6,dens_demog,282.0,0.047
tuberculose,lgbm,origin_201912,6,ppc,647.0,0.10783333333333334
tuberculose,lgbm,origin_201912,6,urbanizacao,215.0,0.035833333333333335
tuberculose,lgbm,origin_201912,6,tgt_month,88.0,0.014666666666666666
tuberculose,lgbm,origin_201912,6,mun_id,436.0,0.07266666666666667
tuberculose,catboost,origin_201912,6,n_tuberculose_l0,8.495778312263397,0.08495778312263393
tuberculose,catboost,origin_201912,6,n_tuberculose_l1,1.6615414812544576,0.016615414812544565
tuberculose,catboost,origin_201912,6,n_tuberculose_l2,0.4403256392708254,0.004403256392708252
tuberculose,catboost,origin_201912,6,n_tuberculose_l3,6.536039587897272,0.06536039587897269
tuberculose,catboost,origin_201912,6,n_tuberculose_l6,3.5857256452289263,0.035857256452289245
tuberculose,catboost,origin_201912,6,n_tuberculose_l12,2.838316848961982,0.028383168489619803
tuberculose,catboost,origin_201912,6,n_tuberculose_l13,3.5674405423789683,0.03567440542378966
tuberculose,catboost,origin_201912,6,n_tuberculose_r3,13.185268572769624,0.13185268572769618
tuberculose,catboost,origin_201912,6,n_tuberculose_r6,7.3849705948570294,0.07384970594857025
tuberculose,catboost,origin_201912,6,n_tuberculose_r12,15.671332367973159,0.1567133236797315
tuberculose,catboost,origin_201912,6,evapot_l0,0.1755146921392029,0.001755146921392028
tuberculose,catboost,origin_201912,6,evapot_l1,0.3576385965932698,0.003576385965932696
tuberculose,catboost,origin_201912,6,evapot_l3,1.0730634742971537,0.01073063474297153
tuberculose,catboost,origin_201912,6,evapot_l12,0.5410262752722322,0.005410262752722319
tuberculose,catboost,origin_201912,6,precip_l0,0.6966639579692803,0.006966639579692799
tuberculose,catboost,origin_201912,6,precip_l1,0.48749825067751074,0.0048749825067751044
tuberculose,catboost,origin_201912,6,precip_l3,0.8879528761478658,0.008879528761478652
tuberculose,catboost,origin_201912,6,precip_l12,1.1193180040325634,0.011193180040325629
tuberculose,catboost,origin_201912,6,temp_min_l0,0.561846313740796,0.005618463137407956
tuberculose,catboost,origin_201912,6,temp_min_l1,0.8464229754854674,0.008464229754854669
tuberculose,catboost,origin_201912,6,temp_min_l3,0.8130005347057007,0.008130005347057002
tuberculose,catboost,origin_201912,6,temp_min_l12,0.49145986995945334,0.004914598699594531
tuberculose,catboost,origin_201912,6,temp_max_l0,0.7019476713793991,0.007019476713793987
tuberculose,catboost,origin_201912,6,temp_max_l1,0.38625808108509063,0.0038625808108509042
tuberculose,catboost,origin_201912,6,temp_max_l3,0.5897329031337344,0.0058973290313373405
tuberculose,catboost,origin_201912,6,temp_max_l12,0.7433493934870384,0.00743349393487038
tuberculose,catboost,origin_201912,6,umid_l0,1.0730396410715228,0.010730396410715222
tuberculose,catboost,origin_201912,6,umid_l1,0.8202984089237618,0.008202984089237614
tuberculose,catboost,origin_201912,6,umid_l3,0.9778606442627888,0.009778606442627883
tuberculose,catboost,origin_201912,6,umid_l12,0.6421868433897452,0.006421868433897448
tuberculose,catboost,origin_201912,6,populacao,4.376637069880197,0.043766370698801946
tuberculose,catboost,origin_201912,6,dens_demog,3.6524507384142173,0.03652450738414215
tuberculose,catboost,origin_201912,6,ppc,8.580247535731713,0.08580247535731708
tuberculose,catboost,origin_201912,6,urbanizacao,2.24819189665516,0.02248191896655159
tuberculose,catboost,origin_201912,6,tgt_month,0.4161182852939121,0.004161182852939119
tuberculose,catboost,origin_201912,6,mun_id,3.37353547341565,0.03373535473415648
tuberculose,xgboost,origin_201912,6,n_tuberculose_l0,0.07257779687643051,0.07257780432701111
tuberculose,xgboost,origin_201912,6,n_tuberculose_l1,0.06762758642435074,0.06762759387493134
tuberculose,xgboost,origin_201912,6,n_tuberculose_l2,0.0012771326582878828,0.0012771327747032046
tuberculose,xgboost,origin_201912,6,n_tuberculose_l3,0.0031852307729423046,0.0031852310057729483
tuberculose,xgboost,origin_201912,6,n_tuberculose_l6,0.0012272498570382595,0.0012272499734535813
tuberculose,xgboost,origin_201912,6,n_tuberculose_l12,0.0024755008053034544,0.002475501038134098
tuberculose,xgboost,origin_201912,6,n_tuberculose_l13,0.007939725182950497,0.007939726114273071
tuberculose,xgboost,origin_201912,6,n_tuberculose_r3,0.39848434925079346,0.39848437905311584
tuberculose,xgboost,origin_201912,6,n_tuberculose_r6,0.2600633203983307,0.2600633502006531
tuberculose,xgboost,origin_201912,6,n_tuberculose_r12,0.09826616197824478,0.09826616942882538
tuberculose,xgboost,origin_201912,6,evapot_l0,0.0010210726177319884,0.0010210727341473103
tuberculose,xgboost,origin_201912,6,evapot_l1,0.001081236987374723,0.0010812371037900448
tuberculose,xgboost,origin_201912,6,evapot_l3,0.0012771219480782747,0.0012771220644935966
tuberculose,xgboost,origin_201912,6,evapot_l12,0.001383482594974339,0.0013834827113896608
tuberculose,xgboost,origin_201912,6,precip_l0,0.0011488490272313356,0.0011488491436466575
tuberculose,xgboost,origin_201912,6,precip_l1,0.0012048287317156792,0.001204828848131001
tuberculose,xgboost,origin_201912,6,precip_l3,0.0011562026338651776,0.0011562027502804995
tuberculose,xgboost,origin_201912,6,precip_l12,0.0014764583902433515,0.0014764585066586733
tuberculose,xgboost,origin_201912,6,temp_min_l0,0.0014222549507394433,0.0014222550671547651
tuberculose,xgboost,origin_201912,6,temp_min_l1,0.0013330972287803888,0.0013330973451957107
tuberculose,xgboost,origin_201912,6,temp_min_l3,0.0016315049724653363,0.0016315050888806581
tuberculose,xgboost,origin_201912,6,temp_min_l12,0.0015231145080178976,0.0015231146244332194
tuberculose,xgboost,origin_201912,6,temp_max_l0,0.0013357921270653605,0.0013357922434806824
tuberculose,xgboost,origin_201912,6,temp_max_l1,0.0012816685484722257,0.0012816686648875475
tuberculose,xgboost,origin_201912,6,temp_max_l3,0.0013633529888466,0.0013633531052619219
tuberculose,xgboost,origin_201912,6,temp_max_l12,0.0015530328964814544,0.0015530330128967762
tuberculose,xgboost,origin_201912,6,umid_l0,0.0015459201531484723,0.0015459202695637941
tuberculose,xgboost,origin_201912,6,umid_l1,0.0013216601219028234,0.0013216602383181453
tuberculose,xgboost,origin_201912,6,umid_l3,0.0012844628654420376,0.0012844629818573594
tuberculose,xgboost,origin_201912,6,umid_l12,0.0013623159611597657,0.0013623160775750875
tuberculose,xgboost,origin_201912,6,populacao,0.021462930366396904,0.021462932229042053
tuberculose,xgboost,origin_201912,6,dens_demog,0.0024669331032782793,0.002466933336108923
tuberculose,xgboost,origin_201912,6,ppc,0.0033335748594254255,0.003333575092256069
tuberculose,xgboost,origin_201912,6,urbanizacao,0.004042910411953926,0.004042910877615213
tuberculose,xgboost,origin_201912,6,tgt_month,0.0015748626319691539,0.0015748627483844757
tuberculose,xgboost,origin_201912,6,mun_id,0.027287200093269348,0.027287201955914497
tuberculose,lgbm,origin_201912,12,n_tuberculose_l0,65.0,0.010833333333333334
tuberculose,lgbm,origin_201912,12,n_tuberculose_l1,38.0,0.006333333333333333
tuberculose,lgbm,origin_201912,12,n_tuberculose_l2,28.0,0.004666666666666667
tuberculose,lgbm,origin_201912,12,n_tuberculose_l3,60.0,0.01
tuberculose,lgbm,origin_201912,12,n_tuberculose_l6,50.0,0.008333333333333333
tuberculose,lgbm,origin_201912,12,n_tuberculose_l12,97.0,0.016166666666666666
tuberculose,lgbm,origin_201912,12,n_tuberculose_l13,97.0,0.016166666666666666
tuberculose,lgbm,origin_201912,12,n_tuberculose_r3,116.0,0.019333333333333334
tuberculose,lgbm,origin_201912,12,n_tuberculose_r6,215.0,0.035833333333333335
tuberculose,lgbm,origin_201912,12,n_tuberculose_r12,294.0,0.049
tuberculose,lgbm,origin_201912,12,evapot_l0,90.0,0.015
tuberculose,lgbm,origin_201912,12,evapot_l1,105.0,0.0175
tuberculose,lgbm,origin_201912,12,evapot_l3,104.0,0.017333333333333333
tuberculose,lgbm,origin_201912,12,evapot_l12,94.0,0.015666666666666666
tuberculose,lgbm,origin_201912,12,precip_l0,162.0,0.027
tuberculose,lgbm,origin_201912,12,precip_l1,109.0,0.018166666666666668
tuberculose,lgbm,origin_201912,12,precip_l3,147.0,0.0245
tuberculose,lgbm,origin_201912,12,precip_l12,181.0,0.030166666666666668
tuberculose,lgbm,origin_201912,12,temp_min_l0,131.0,0.021833333333333333
tuberculose,lgbm,origin_201912,12,temp_min_l1,102.0,0.017
tuberculose,lgbm,origin_201912,12,temp_min_l3,130.0,0.021666666666666667
tuberculose,lgbm,origin_201912,12,temp_min_l12,112.0,0.018666666666666668
tuberculose,lgbm,origin_201912,12,temp_max_l0,104.0,0.017333333333333333
tuberculose,lgbm,origin_201912,12,temp_max_l1,96.0,0.016
tuberculose,lgbm,origin_201912,12,temp_max_l3,129.0,0.0215
tuberculose,lgbm,origin_201912,12,temp_max_l12,133.0,0.022166666666666668
tuberculose,lgbm,origin_201912,12,umid_l0,169.0,0.028166666666666666
tuberculose,lgbm,origin_201912,12,umid_l1,145.0,0.024166666666666666
tuberculose,lgbm,origin_201912,12,umid_l3,163.0,0.027166666666666665
tuberculose,lgbm,origin_201912,12,umid_l12,158.0,0.026333333333333334
tuberculose,lgbm,origin_201912,12,populacao,498.0,0.083
tuberculose,lgbm,origin_201912,12,dens_demog,304.0,0.050666666666666665
tuberculose,lgbm,origin_201912,12,ppc,688.0,0.11466666666666667
tuberculose,lgbm,origin_201912,12,urbanizacao,415.0,0.06916666666666667
tuberculose,lgbm,origin_201912,12,tgt_month,67.0,0.011166666666666667
tuberculose,lgbm,origin_201912,12,mun_id,404.0,0.06733333333333333
tuberculose,catboost,origin_201912,12,n_tuberculose_l0,4.053362731686331,0.04053362731686331
tuberculose,catboost,origin_201912,12,n_tuberculose_l1,6.652903868590666,0.06652903868590666
tuberculose,catboost,origin_201912,12,n_tuberculose_l2,2.2166841303649076,0.022166841303649078
tuberculose,catboost,origin_201912,12,n_tuberculose_l3,2.304336268409953,0.023043362684099532
tuberculose,catboost,origin_201912,12,n_tuberculose_l6,2.2861230964135575,0.022861230964135573
tuberculose,catboost,origin_201912,12,n_tuberculose_l12,3.2056926078888575,0.032056926078888576
tuberculose,catboost,origin_201912,12,n_tuberculose_l13,2.0500463606783152,0.02050046360678315
tuberculose,catboost,origin_201912,12,n_tuberculose_r3,8.227651192200675,0.08227651192200675
tuberculose,catboost,origin_201912,12,n_tuberculose_r6,11.01625562951469,0.1101625562951469
tuberculose,catboost,origin_201912,12,n_tuberculose_r12,7.588145413651181,0.0758814541365118
tuberculose,catboost,origin_201912,12,evapot_l0,0.44504501178534167,0.004450450117853417
tuberculose,catboost,origin_201912,12,evapot_l1,0.5098508785126474,0.005098508785126474
tuberculose,catboost,origin_201912,12,evapot_l3,0.39370171934903364,0.003937017193490337
tuberculose,catboost,origin_201912,12,evapot_l12,0.6659485880569018,0.0066594858805690185
tuberculose,catboost,origin_201912,12,precip_l0,1.118222207130666,0.01118222207130666
tuberculose,catboost,origin_201912,12,precip_l1,0.6022637174082368,0.006022637174082368
tuberculose,catboost,origin_201912,12,precip_l3,1.2355705469588432,0.012355705469588432
tuberculose,catboost,origin_201912,12,precip_l12,0.6498565591115864,0.006498565591115863
tuberculose,catboost,origin_201912,12,temp_min_l0,0.7021070462910916,0.007021070462910915
tuberculose,catboost,origin_201912,12,temp_min_l1,0.5859773462944171,0.005859773462944171
tuberculose,catboost,origin_201912,12,temp_min_l3,1.3691703737272436,0.013691703737272435
tuberculose,catboost,origin_201912,12,temp_min_l12,0.533316281027011,0.00533316281027011
tuberculose,catboost,origin_201912,12,temp_max_l0,0.5944353915252861,0.005944353915252862
tuberculose,catboost,origin_201912,12,temp_max_l1,0.49329201903257675,0.004932920190325768
tuberculose,catboost,origin_201912,12,temp_max_l3,0.6785689386950605,0.006785689386950605
tuberculose,catboost,origin_201912,12,temp_max_l12,0.640244953608434,0.00640244953608434
tuberculose,catboost,origin_201912,12,umid_l0,1.125628060626623,0.011256280606266229
tuberculose,catboost,origin_201912,12,umid_l1,0.7990513064701639,0.00799051306470164
tuberculose,catboost,origin_201912,12,umid_l3,0.9677991988873704,0.009677991988873704
tuberculose,catboost,origin_201912,12,umid_l12,0.8652836740162191,0.00865283674016219
tuberculose,catboost,origin_201912,12,populacao,8.890087349648628,0.08890087349648627
tuberculose,catboost,origin_201912,12,dens_demog,5.429445775726623,0.054294457757266226
tuberculose,catboost,origin_201912,12,ppc,10.782741736820869,0.1078274173682087
tuberculose,catboost,origin_201912,12,urbanizacao,3.7781634950724126,0.037781634950724126
tuberculose,catboost,origin_201912,12,tgt_month,0.6085411413333516,0.006085411413333516
tuberculose,catboost,origin_201912,12,mun_id,5.934485383484259,0.05934485383484259
tuberculose,xgboost,origin_201912,12,n_tuberculose_l0,0.050427861511707306,0.050427865236997604
tuberculose,xgboost,origin_201912,12,n_tuberculose_l1,0.0009126163204200566,0.0009126163786277175
tuberculose,xgboost,origin_201912,12,n_tuberculose_l2,0.0010602278634905815,0.0010602279799059033
tuberculose,xgboost,origin_201912,12,n_tuberculose_l3,0.004562518559396267,0.004562519025057554
tuberculose,xgboost,origin_201912,12,n_tuberculose_l6,0.002537938766181469,0.0025379389990121126
tuberculose,xgboost,origin_201912,12,n_tuberculose_l12,0.005118584260344505,0.005118584726005793
tuberculose,xgboost,origin_201912,12,n_tuberculose_l13,0.009658720344305038,0.009658721275627613
tuberculose,xgboost,origin_201912,12,n_tuberculose_r3,0.03212866932153702,0.032128673046827316
tuberculose,xgboost,origin_201912,12,n_tuberculose_r6,0.43120715022087097,0.43120718002319336
tuberculose,xgboost,origin_201912,12,n_tuberculose_r12,0.2796405851840973,0.2796406149864197
tuberculose,xgboost,origin_201912,12,evapot_l0,0.0010997187346220016,0.0010997188510373235
tuberculose,xgboost,origin_201912,12,evapot_l1,0.0015748435398563743,0.001574843656271696
tuberculose,xgboost,origin_201912,12,evapot_l3,0.0014430336887016892,0.001443033805117011
tuberculose,xgboost,origin_201912,12,evapot_l12,0.0014216783456504345,0.0014216784620657563
tuberculose,xgboost,origin_201912,12,precip_l0,0.0014627381460741162,0.001462738262489438
tuberculose,xgboost,origin_201912,12,precip_l1,0.0012798005482181907,0.0012798006646335125
tuberculose,xgboost,origin_201912,12,precip_l3,0.0015464627649635077,0.0015464628813788295
tuberculose,xgboost,origin_201912,12,precip_l12,0.0016809162916615605,0.0016809164080768824
tuberculose,xgboost,origin_201912,12,temp_min_l0,0.00169249321334064,0.001692493329755962
tuberculose,xgboost,origin_201912,12,temp_min_l1,0.0016628524754196405,0.0016628525918349624
tuberculose,xgboost,origin_201912,12,temp_min_l3,0.0016494543524459004,0.0016494544688612223
tuberculose,xgboost,origin_201912,12,temp_min_l12,0.0017202700255438685,0.0017202701419591904
tuberculose,xgboost,origin_201912,12,temp_max_l0,0.0015709507279098034,0.0015709508443251252
tuberculose,xgboost,origin_201912,12,temp_max_l1,0.0015320362290367484,0.0015320363454520702
tuberculose,xgboost,origin_201912,12,temp_max_l3,0.001890948973596096,0.0018909490900114179
tuberculose,xgboost,origin_201912,12,temp_max_l12,0.0018296143971383572,0.001829614513553679
tuberculose,xgboost,origin_201912,12,umid_l0,0.0016599209047853947,0.0016599210212007165
tuberculose,xgboost,origin_201912,12,umid_l1,0.001595116569660604,0.0015951166860759258
tuberculose,xgboost,origin_201912,12,umid_l3,0.0018323857802897692,0.001832385896705091
tuberculose,xgboost,origin_201912,12,umid_l12,0.0017220067093148828,0.0017220068257302046
tuberculose,xgboost,origin_201912,12,populacao,0.07229413092136383,0.07229413837194443
tuberculose,xgboost,origin_201912,12,dens_demog,0.007143809460103512,0.007143809925764799
tuberculose,xgboost,origin_201912,12,ppc,0.006044559180736542,0.006044559646397829
tuberculose,xgboost,origin_201912,12,urbanizacao,0.0036721201613545418,0.0036721203941851854
tuberculose,xgboost,origin_201912,12,tgt_month,0.0015490464866161346,0.0015490466030314565
tuberculose,xgboost,origin_201912,12,mun_id,0.060174282640218735,0.06017428636550903
tuberculose,lgbm,origin_202012,1,n_tuberculose_l0,298.0,0.049666666666666665
tuberculose,lgbm,origin_202012,1,n_tuberculose_l1,78.0,0.013
tuberculose,lgbm,origin_202012,1,n_tuberculose_l2,101.0,0.016833333333333332
tuberculose,lgbm,origin_202012,1,n_tuberculose_l3,72.0,0.012
tuberculose,lgbm,origin_202012,1,n_tuberculose_l6,64.0,0.010666666666666666
tuberculose,lgbm,origin_202012,1,n_tuberculose_l12,59.0,0.009833333333333333
tuberculose,lgbm,origin_202012,1,n_tuberculose_l13,89.0,0.014833333333333334
tuberculose,lgbm,origin_202012,1,n_tuberculose_r3,271.0,0.04516666666666667
tuberculose,lgbm,origin_202012,1,n_tuberculose_r6,266.0,0.044333333333333336
tuberculose,lgbm,origin_202012,1,n_tuberculose_r12,276.0,0.046
tuberculose,lgbm,origin_202012,1,evapot_l0,138.0,0.023
tuberculose,lgbm,origin_202012,1,evapot_l1,135.0,0.0225
tuberculose,lgbm,origin_202012,1,evapot_l3,135.0,0.0225
tuberculose,lgbm,origin_202012,1,evapot_l12,126.0,0.021
tuberculose,lgbm,origin_202012,1,precip_l0,192.0,0.032
tuberculose,lgbm,origin_202012,1,precip_l1,142.0,0.023666666666666666
tuberculose,lgbm,origin_202012,1,precip_l3,229.0,0.03816666666666667
tuberculose,lgbm,origin_202012,1,precip_l12,153.0,0.0255
tuberculose,lgbm,origin_202012,1,temp_min_l0,140.0,0.023333333333333334
tuberculose,lgbm,origin_202012,1,temp_min_l1,108.0,0.018
tuberculose,lgbm,origin_202012,1,temp_min_l3,189.0,0.0315
tuberculose,lgbm,origin_202012,1,temp_min_l12,166.0,0.027666666666666666
tuberculose,lgbm,origin_202012,1,temp_max_l0,134.0,0.022333333333333334
tuberculose,lgbm,origin_202012,1,temp_max_l1,143.0,0.023833333333333335
tuberculose,lgbm,origin_202012,1,temp_max_l3,140.0,0.023333333333333334
tuberculose,lgbm,origin_202012,1,temp_max_l12,166.0,0.027666666666666666
tuberculose,lgbm,origin_202012,1,umid_l0,188.0,0.03133333333333333
tuberculose,lgbm,origin_202012,1,umid_l1,193.0,0.03216666666666667
tuberculose,lgbm,origin_202012,1,umid_l3,215.0,0.035833333333333335
tuberculose,lgbm,origin_202012,1,umid_l12,187.0,0.031166666666666665
tuberculose,lgbm,origin_202012,1,populacao,164.0,0.027333333333333334
tuberculose,lgbm,origin_202012,1,dens_demog,89.0,0.014833333333333334
tuberculose,lgbm,origin_202012,1,ppc,263.0,0.043833333333333335
tuberculose,lgbm,origin_202012,1,urbanizacao,141.0,0.0235
tuberculose,lgbm,origin_202012,1,tgt_month,169.0,0.028166666666666666
tuberculose,lgbm,origin_202012,1,mun_id,381.0,0.0635
tuberculose,catboost,origin_202012,1,n_tuberculose_l0,5.64354559157478,0.05643545591574779
tuberculose,catboost,origin_202012,1,n_tuberculose_l1,4.47484044131112,0.04474840441311119
tuberculose,catboost,origin_202012,1,n_tuberculose_l2,6.738710791856375,0.06738710791856374
tuberculose,catboost,origin_202012,1,n_tuberculose_l3,2.8923787261141816,0.028923787261141812
tuberculose,catboost,origin_202012,1,n_tuberculose_l6,1.315470495943202,0.013154704959432018
tuberculose,catboost,origin_202012,1,n_tuberculose_l12,0.9892570816074068,0.009892570816074066
tuberculose,catboost,origin_202012,1,n_tuberculose_l13,3.6659512757568913,0.03665951275756891
tuberculose,catboost,origin_202012,1,n_tuberculose_r3,31.614794356584042,0.31614794356584036
tuberculose,catboost,origin_202012,1,n_tuberculose_r6,11.968961215926445,0.11968961215926444
tuberculose,catboost,origin_202012,1,n_tuberculose_r12,12.263598884725567,0.12263598884725566
tuberculose,catboost,origin_202012,1,evapot_l0,0.2815870782936154,0.0028158707829361537
tuberculose,catboost,origin_202012,1,evapot_l1,0.5072124761255972,0.005072124761255971
tuberculose,catboost,origin_202012,1,evapot_l3,0.5092508280876246,0.005092508280876245
tuberculose,catboost,origin_202012,1,evapot_l12,0.683522708246008,0.00683522708246008
tuberculose,catboost,origin_202012,1,precip_l0,0.6228340460867168,0.006228340460867167
tuberculose,catboost,origin_202012,1,precip_l1,0.6815163524365637,0.006815163524365636
tuberculose,catboost,origin_202012,1,precip_l3,1.2950642687022462,0.01295064268702246
tuberculose,catboost,origin_202012,1,precip_l12,0.7988114203219497,0.007988114203219496
tuberculose,catboost,origin_202012,1,temp_min_l0,0.46888029669916054,0.004688802966991605
tuberculose,catboost,origin_202012,1,temp_min_l1,0.2945963842836364,0.0029459638428363634
tuberculose,catboost,origin_202012,1,temp_min_l3,0.44675570997244113,0.004467557099724411
tuberculose,catboost,origin_202012,1,temp_min_l12,0.5987661389277487,0.005987661389277486
tuberculose,catboost,origin_202012,1,temp_max_l0,0.8113829921391386,0.008113829921391385
tuberculose,catboost,origin_202012,1,temp_max_l1,0.5574970215331193,0.005574970215331192
tuberculose,catboost,origin_202012,1,temp_max_l3,0.5918673014981677,0.005918673014981676
tuberculose,catboost,origin_202012,1,temp_max_l12,0.5060048621669644,0.005060048621669643
tuberculose,catboost,origin_202012,1,umid_l0,0.6535385941721363,0.006535385941721363
tuberculose,catboost,origin_202012,1,umid_l1,0.6387046490647585,0.006387046490647585
tuberculose,catboost,origin_202012,1,umid_l3,0.8910261005007432,0.008910261005007431
tuberculose,catboost,origin_202012,1,umid_l12,0.7153860825623445,0.0071538608256234435
tuberculose,catboost,origin_202012,1,populacao,1.2261496514062664,0.012261496514062662
tuberculose,catboost,origin_202012,1,dens_demog,1.1279972055332597,0.011279972055332595
tuberculose,catboost,origin_202012,1,ppc,1.394546216323089,0.01394546216323089
tuberculose,catboost,origin_202012,1,urbanizacao,1.0182271622868615,0.010182271622868614
tuberculose,catboost,origin_202012,1,tgt_month,0.27509998519226436,0.002750999851922643
tuberculose,catboost,origin_202012,1,mun_id,0.8362656060375697,0.008362656060375695
tuberculose,xgboost,origin_202012,1,n_tuberculose_l0,0.18967869877815247,0.18967871367931366
tuberculose,xgboost,origin_202012,1,n_tuberculose_l1,0.021728888154029846,0.021728890016674995
tuberculose,xgboost,origin_202012,1,n_tuberculose_l2,0.0211348794400692,0.021134881302714348
tuberculose,xgboost,origin_202012,1,n_tuberculose_l3,0.005075029097497463,0.0050750295631587505
tuberculose,xgboost,origin_202012,1,n_tuberculose_l6,0.006297188811004162,0.006297189276665449
tuberculose,xgboost,origin_202012,1,n_tuberculose_l12,0.001326266909018159,0.0013262670254334807
tuberculose,xgboost,origin_202012,1,n_tuberculose_l13,0.002162211574614048,0.0021622118074446917
tuberculose,xgboost,origin_202012,1,n_tuberculose_r3,0.4901728332042694,0.4901728630065918
tuberculose,xgboost,origin_202012,1,n_tuberculose_r6,0.1734175980091095,0.1734176129102707
tuberculose,xgboost,origin_202012,1,n_tuberculose_r12,0.0425696037709713,0.0425696074962616
tuberculose,xgboost,origin_202012,1,evapot_l0,0.001154341152869165,0.0011543412692844868
tuberculose,xgboost,origin_202012,1,evapot_l1,0.0012689563445746899,0.0012689564609900117
tuberculose,xgboost,origin_202012,1,evapot_l3,0.0012157708406448364,0.0012157709570601583
tuberculose,xgboost,origin_202012,1,evapot_l12,0.001508460845798254,0.0015084609622135758
tuberculose,xgboost,origin_202012,1,precip_l0,0.00141899473965168,0.0014189948560670018
tuberculose,xgboost,origin_202012,1,precip_l1,0.0014001522213220596,0.0014001523377373815
tuberculose,xgboost,origin_202012,1,precip_l3,0.0015197426546365023,0.001519742771051824
tuberculose,xgboost,origin_202012,1,precip_l12,0.0014310089172795415,0.0014310090336948633
tuberculose,xgboost,origin_202012,1,temp_min_l0,0.00136718456633389,0.0013671846827492118
tuberculose,xgboost,origin_202012,1,temp_min_l1,0.0013391454704105854,0.0013391455868259072
tuberculose,xgboost,origin_202012,1,temp_min_l3,0.0014649260556325316,0.0014649261720478535
tuberculose,xgboost,origin_202012,1,temp_min_l12,0.001451658783480525,0.0014516588998958468
tuberculose,xgboost,origin_202012,1,temp_max_l0,0.0014027300057932734,0.0014027301222085953
tuberculose,xgboost,origin_202012,1,temp_max_l1,0.001398128573782742,0.0013981286901980639
tuberculose,xgboost,origin_202012,1,temp_max_l3,0.0015754399355500937,0.0015754400519654155
tuberculose,xgboost,origin_202012,1,temp_max_l12,0.0013532387092709541,0.001353238825686276
tuberculose,xgboost,origin_202012,1,umid_l0,0.0015540797030553222,0.001554079819470644
tuberculose,xgboost,origin_202012,1,umid_l1,0.001536556868813932,0.0015365569852292538
tuberculose,xgboost,origin_202012,1,umid_l3,0.0015015951357781887,0.0015015952521935105
tuberculose,xgboost,origin_202012,1,umid_l12,0.001370562007650733,0.0013705621240660548
tuberculose,xgboost,origin_202012,1,populacao,0.001768004149198532,0.001768004265613854
tuberculose,xgboost,origin_202012,1,dens_demog,0.0017216965788975358,0.0017216966953128576
tuberculose,xgboost,origin_202012,1,ppc,0.0020662005990743637,0.0020662008319050074
tuberculose,xgboost,origin_202012,1,urbanizacao,0.008043925277888775,0.00804392620921135
tuberculose,xgboost,origin_202012,1,tgt_month,0.0020669319201260805,0.002066932152956724
tuberculose,xgboost,origin_202012,1,mun_id,0.0025373215321451426,0.002537321764975786
tuberculose,lgbm,origin_202012,3,n_tuberculose_l0,264.0,0.044
tuberculose,lgbm,origin_202012,3,n_tuberculose_l1,72.0,0.012
tuberculose,lgbm,origin_202012,3,n_tuberculose_l2,88.0,0.014666666666666666
tuberculose,lgbm,origin_202012,3,n_tuberculose_l3,67.0,0.011166666666666667
tuberculose,lgbm,origin_202012,3,n_tuberculose_l6,79.0,0.013166666666666667
tuberculose,lgbm,origin_202012,3,n_tuberculose_l12,105.0,0.0175
tuberculose,lgbm,origin_202012,3,n_tuberculose_l13,107.0,0.017833333333333333
tuberculose,lgbm,origin_202012,3,n_tuberculose_r3,205.0,0.034166666666666665
tuberculose,lgbm,origin_202012,3,n_tuberculose_r6,234.0,0.039
tuberculose,lgbm,origin_202012,3,n_tuberculose_r12,262.0,0.043666666666666666
tuberculose,lgbm,origin_202012,3,evapot_l0,121.0,0.020166666666666666
tuberculose,lgbm,origin_202012,3,evapot_l1,90.0,0.015
tuberculose,lgbm,origin_202012,3,evapot_l3,113.0,0.018833333333333334
tuberculose,lgbm,origin_202012,3,evapot_l12,89.0,0.014833333333333334
tuberculose,lgbm,origin_202012,3,precip_l0,151.0,0.025166666666666667
tuberculose,lgbm,origin_202012,3,precip_l1,203.0,0.03383333333333333
tuberculose,lgbm,origin_202012,3,precip_l3,141.0,0.0235
tuberculose,lgbm,origin_202012,3,precip_l12,205.0,0.034166666666666665
tuberculose,lgbm,origin_202012,3,temp_min_l0,103.0,0.017166666666666667
tuberculose,lgbm,origin_202012,3,temp_min_l1,152.0,0.025333333333333333
tuberculose,lgbm,origin_202012,3,temp_min_l3,156.0,0.026
tuberculose,lgbm,origin_202012,3,temp_min_l12,162.0,0.027
tuberculose,lgbm,origin_202012,3,temp_max_l0,109.0,0.018166666666666668
tuberculose,lgbm,origin_202012,3,temp_max_l1,114.0,0.019
tuberculose,lgbm,origin_202012,3,temp_max_l3,116.0,0.019333333333333334
tuberculose,lgbm,origin_202012,3,temp_max_l12,143.0,0.023833333333333335
tuberculose,lgbm,origin_202012,3,umid_l0,225.0,0.0375
tuberculose,lgbm,origin_202012,3,umid_l1,217.0,0.036166666666666666
tuberculose,lgbm,origin_202012,3,umid_l3,166.0,0.027666666666666666
tuberculose,lgbm,origin_202012,3,umid_l12,167.0,0.027833333333333335
tuberculose,lgbm,origin_202012,3,populacao,265.0,0.04416666666666667
tuberculose,lgbm,origin_202012,3,dens_demog,143.0,0.023833333333333335
tuberculose,lgbm,origin_202012,3,ppc,425.0,0.07083333333333333
tuberculose,lgbm,origin_202012,3,urbanizacao,196.0,0.03266666666666666
tuberculose,lgbm,origin_202012,3,tgt_month,119.0,0.019833333333333335
tuberculose,lgbm,origin_202012,3,mun_id,426.0,0.071
tuberculose,catboost,origin_202012,3,n_tuberculose_l0,10.281787733652774,0.10281787733652771
tuberculose,catboost,origin_202012,3,n_tuberculose_l1,6.103319313732368,0.061033193137323666
tuberculose,catboost,origin_202012,3,n_tuberculose_l2,9.692438636045129,0.09692438636045125
tuberculose,catboost,origin_202012,3,n_tuberculose_l3,1.9858997675222714,0.019858997675222707
tuberculose,catboost,origin_202012,3,n_tuberculose_l6,8.703786252753451,0.08703786252753448
tuberculose,catboost,origin_202012,3,n_tuberculose_l12,1.0599005895626898,0.010599005895626895
tuberculose,catboost,origin_202012,3,n_tuberculose_l13,1.693377704395386,0.016933777043953855
tuberculose,catboost,origin_202012,3,n_tuberculose_r3,6.32105186400879,0.06321051864008788
tuberculose,catboost,origin_202012,3,n_tuberculose_r6,12.083673184129962,0.12083673184129959
tuberculose,catboost,origin_202012,3,n_tuberculose_r12,13.223015012556798,0.13223015012556794
tuberculose,catboost,origin_202012,3,evapot_l0,0.49801623675826356,0.004980162367582634
tuberculose,catboost,origin_202012,3,evapot_l1,0.3773382982417127,0.003773382982417126
tuberculose,catboost,origin_202012,3,evapot_l3,0.8281720100386929,0.008281720100386927
tuberculose,catboost,origin_202012,3,evapot_l12,0.42757320517940356,0.004275732051794034
tuberculose,catboost,origin_202012,3,precip_l0,0.3023395063855591,0.0030233950638555904
tuberculose,catboost,origin_202012,3,precip_l1,0.8262503971102848,0.008262503971102845
tuberculose,catboost,origin_202012,3,precip_l3,0.7452388557197659,0.007452388557197657
tuberculose,catboost,origin_202012,3,precip_l12,0.9742668372985805,0.009742668372985803
tuberculose,catboost,origin_202012,3,temp_min_l0,0.5016894922278285,0.005016894922278284
tuberculose,catboost,origin_202012,3,temp_min_l1,0.7085101317151636,0.007085101317151635
tuberculose,catboost,origin_202012,3,temp_min_l3,0.9879220298150687,0.009879220298150684
tuberculose,catboost,origin_202012,3,temp_min_l12,0.5581937388603284,0.005581937388603283
tuberculose,catboost,origin_202012,3,temp_max_l0,0.6981528229089978,0.006981528229089976
tuberculose,catboost,origin_202012,3,temp_max_l1,0.5151580072899921,0.005151580072899919
tuberculose,catboost,origin_202012,3,temp_max_l3,0.6251024591015151,0.006251024591015149
tuberculose,catboost,origin_202012,3,temp_max_l12,1.0776008153002516,0.010776008153002514
tuberculose,catboost,origin_202012,3,umid_l0,1.136279844898142,0.011362798448981417
tuberculose,catboost,origin_202012,3,umid_l1,1.294339484081502,0.012943394840815015
tuberculose,catboost,origin_202012,3,umid_l3,1.0308731623419016,0.010308731623419014
tuberculose,catboost,origin_202012,3,umid_l12,0.7166783406852714,0.007166783406852712
tuberculose,catboost,origin_202012,3,populacao,2.457796845672023,0.024577968456720226
tuberculose,catboost,origin_202012,3,dens_demog,1.8675709132013336,0.01867570913201333
tuberculose,catboost,origin_202012,3,ppc,5.393254156726602,0.053932541567266006
tuberculose,catboost,origin_202012,3,urbanizacao,2.040393245787468,0.020403932457874675
tuberculose,catboost,origin_202012,3,tgt_month,0.24345341700866882,0.0024345341700866877
tuberculose,catboost,origin_202012,3,mun_id,2.0195856872860807,0.020195856872860803
tuberculose,xgboost,origin_202012,3,n_tuberculose_l0,0.10017386823892593,0.10017388314008713
tuberculose,xgboost,origin_202012,3,n_tuberculose_l1,0.015739908441901207,0.015739912167191505
tuberculose,xgboost,origin_202012,3,n_tuberculose_l2,0.004509677179157734,0.0045096781104803085
tuberculose,xgboost,origin_202012,3,n_tuberculose_l3,0.0048445179127156734,0.004844518844038248
tuberculose,xgboost,origin_202012,3,n_tuberculose_l6,0.0028226282447576523,0.0028226287104189396
tuberculose,xgboost,origin_202012,3,n_tuberculose_l12,0.003813317511230707,0.003813318209722638
tuberculose,xgboost,origin_202012,3,n_tuberculose_l13,0.005262530874460936,0.00526253180578351
tuberculose,xgboost,origin_202012,3,n_tuberculose_r3,0.4165889322757721,0.41658899188041687
tuberculose,xgboost,origin_202012,3,n_tuberculose_r6,0.32754814624786377,0.32754820585250854
tuberculose,xgboost,origin_202012,3,n_tuberculose_r12,0.0636298656463623,0.0636298805475235
tuberculose,xgboost,origin_202012,3,evapot_l0,0.0012367046438157558,0.0012367048766463995
tuberculose,xgboost,origin_202012,3,evapot_l1,0.0011862420942634344,0.001186242327094078
tuberculose,xgboost,origin_202012,3,evapot_l3,0.0013531728181988,0.0013531730510294437
tuberculose,xgboost,origin_202012,3,evapot_l12,0.0013101473450660706,0.0013101475778967142
tuberculose,xgboost,origin_202012,3,precip_l0,0.0013247360475361347,0.0013247362803667784
tuberculose,xgboost,origin_202012,3,precip_l1,0.0014345826348289847,0.0014345828676596284
tuberculose,xgboost,origin_202012,3,precip_l3,0.0012197565520182252,0.0012197567848488688
tuberculose,xgboost,origin_202012,3,precip_l12,0.0016223745187744498,0.0016223747516050935
tuberculose,xgboost,origin_202012,3,temp_min_l0,0.0012900169240310788,0.0012900171568617225
tuberculose,xgboost,origin_202012,3,temp_min_l1,0.0012954368721693754,0.001295437105000019
tuberculose,xgboost,origin_202012,3,temp_min_l3,0.0015692199813202024,0.001569220214150846
tuberculose,xgboost,origin_202012,3,temp_min_l12,0.0014374010497704148,0.0014374012826010585
tuberculose,xgboost,origin_202012,3,temp_max_l0,0.0013322678860276937,0.0013322681188583374
tuberculose,xgboost,origin_202012,3,temp_max_l1,0.0013215141370892525,0.0013215143699198961
tuberculose,xgboost,origin_202012,3,temp_max_l3,0.0013760753208771348,0.0013760755537077785
tuberculose,xgboost,origin_202012,3,temp_max_l12,0.0015735281631350517,0.0015735283959656954
tuberculose,xgboost,origin_202012,3,umid_l0,0.001560110249556601,0.0015601104823872447
tuberculose,xgboost,origin_202012,3,umid_l1,0.0015382053097710013,0.001538205542601645
tuberculose,xgboost,origin_202012,3,umid_l3,0.00149039167445153,0.0014903919072821736
tuberculose,xgboost,origin_202012,3,umid_l12,0.001526981359347701,0.0015269815921783447
tuberculose,xgboost,origin_202012,3,populacao,0.002720795338973403,0.0027207958046346903
tuberculose,xgboost,origin_202012,3,dens_demog,0.0018842333229258657,0.0018842336721718311
tuberculose,xgboost,origin_202012,3,ppc,0.002874232828617096,0.0028742332942783833
tuberculose,xgboost,origin_202012,3,urbanizacao,0.0024591097608208656,0.002459110226482153
tuberculose,xgboost,origin_202012,3,tgt_month,0.0017525068251416087,0.0017525071743875742
tuberculose,xgboost,origin_202012,3,mun_id,0.015376754105091095,0.015376756899058819
tuberculose,lgbm,origin_202012,6,n_tuberculose_l0,116.0,0.019333333333333334
tuberculose,lgbm,origin_202012,6,n_tuberculose_l1,84.0,0.014
tuberculose,lgbm,origin_202012,6,n_tuberculose_l2,43.0,0.007166666666666667
tuberculose,lgbm,origin_202012,6,n_tuberculose_l3,59.0,0.009833333333333333
tuberculose,lgbm,origin_202012,6,n_tuberculose_l6,81.0,0.0135
tuberculose,lgbm,origin_202012,6,n_tuberculose_l12,57.0,0.0095
tuberculose,lgbm,origin_202012,6,n_tuberculose_l13,129.0,0.0215
tuberculose,lgbm,origin_202012,6,n_tuberculose_r3,235.0,0.03916666666666667
tuberculose,lgbm,origin_202012,6,n_tuberculose_r6,185.0,0.030833333333333334
tuberculose,lgbm,origin_202012,6,n_tuberculose_r12,315.0,0.0525
tuberculose,lgbm,origin_202012,6,evapot_l0,100.0,0.016666666666666666
tuberculose,lgbm,origin_202012,6,evapot_l1,97.0,0.016166666666666666
tuberculose,lgbm,origin_202012,6,evapot_l3,150.0,0.025
tuberculose,lgbm,origin_202012,6,evapot_l12,110.0,0.018333333333333333
tuberculose,lgbm,origin_202012,6,precip_l0,108.0,0.018
tuberculose,lgbm,origin_202012,6,precip_l1,163.0,0.027166666666666665
tuberculose,lgbm,origin_202012,6,precip_l3,122.0,0.02033333333333333
tuberculose,lgbm,origin_202012,6,precip_l12,189.0,0.0315
tuberculose,lgbm,origin_202012,6,temp_min_l0,126.0,0.021
tuberculose,lgbm,origin_202012,6,temp_min_l1,136.0,0.02266666666666667
tuberculose,lgbm,origin_202012,6,temp_min_l3,160.0,0.02666666666666667
tuberculose,lgbm,origin_202012,6,temp_min_l12,132.0,0.022
tuberculose,lgbm,origin_202012,6,temp_max_l0,113.0,0.018833333333333334
tuberculose,lgbm,origin_202012,6,temp_max_l1,80.0,0.013333333333333334
tuberculose,lgbm,origin_202012,6,temp_max_l3,130.0,0.021666666666666667
tuberculose,lgbm,origin_202012,6,temp_max_l12,156.0,0.026
tuberculose,lgbm,origin_202012,6,umid_l0,190.0,0.03166666666666667
tuberculose,lgbm,origin_202012,6,umid_l1,128.0,0.021333333333333333
tuberculose,lgbm,origin_202012,6,umid_l3,158.0,0.026333333333333334
tuberculose,lgbm,origin_202012,6,umid_l12,169.0,0.028166666666666666
tuberculose,lgbm,origin_202012,6,populacao,337.0,0.05616666666666666
tuberculose,lgbm,origin_202012,6,dens_demog,277.0,0.04616666666666667
tuberculose,lgbm,origin_202012,6,ppc,595.0,0.09916666666666667
tuberculose,lgbm,origin_202012,6,urbanizacao,214.0,0.035666666666666666
tuberculose,lgbm,origin_202012,6,tgt_month,99.0,0.0165
tuberculose,lgbm,origin_202012,6,mun_id,457.0,0.07616666666666666
tuberculose,catboost,origin_202012,6,n_tuberculose_l0,5.884957725622321,0.05884957725622319
tuberculose,catboost,origin_202012,6,n_tuberculose_l1,4.372783606889444,0.04372783606889442
tuberculose,catboost,origin_202012,6,n_tuberculose_l2,0.25709177866579563,0.002570917786657955
tuberculose,catboost,origin_202012,6,n_tuberculose_l3,6.16293969497747,0.06162939694977467
tuberculose,catboost,origin_202012,6,n_tuberculose_l6,3.247509348665312,0.03247509348665311
tuberculose,catboost,origin_202012,6,n_tuberculose_l12,1.475433004613046,0.014754330046130453
tuberculose,catboost,origin_202012,6,n_tuberculose_l13,7.682258849891954,0.07682258849891951
tuberculose,catboost,origin_202012,6,n_tuberculose_r3,10.006043409052882,0.10006043409052878
tuberculose,catboost,origin_202012,6,n_tuberculose_r6,9.722946224934374,0.0972294622493437
tuberculose,catboost,origin_202012,6,n_tuberculose_r12,16.777721641883076,0.1677772164188307
tuberculose,catboost,origin_202012,6,evapot_l0,0.1691308060539879,0.001691308060539878
tuberculose,catboost,origin_202012,6,evapot_l1,0.6108975558256973,0.00610897555825697
tuberculose,catboost,origin_202012,6,evapot_l3,0.9780404347060843,0.009780404347060838
tuberculose,catboost,origin_202012,6,evapot_l12,0.49097835849266,0.0049097835849265985
tuberculose,catboost,origin_202012,6,precip_l0,0.4944066403917141,0.004944066403917139
tuberculose,catboost,origin_202012,6,precip_l1,0.5934040159802773,0.00593404015980277
tuberculose,catboost,origin_202012,6,precip_l3,0.45789353426305324,0.004578935342630531
tuberculose,catboost,origin_202012,6,precip_l12,1.3269753592109952,0.013269753592109947
tuberculose,catboost,origin_202012,6,temp_min_l0,0.6933507538862624,0.006933507538862621
tuberculose,catboost,origin_202012,6,temp_min_l1,0.7995608569298756,0.007995608569298752
tuberculose,catboost,origin_202012,6,temp_min_l3,0.6976664620404188,0.006976664620404185
tuberculose,catboost,origin_202012,6,temp_min_l12,0.3077007640292727,0.0030770076402927256
tuberculose,catboost,origin_202012,6,temp_max_l0,0.4590011052980675,0.0045900110529806725
tuberculose,catboost,origin_202012,6,temp_max_l1,0.4289643848527685,0.004289643848527683
tuberculose,catboost,origin_202012,6,temp_max_l3,0.7745588605376232,0.0077455886053762295
tuberculose,catboost,origin_202012,6,temp_max_l12,0.5758769739521876,0.005758769739521874
tuberculose,catboost,origin_202012,6,umid_l0,0.8895148532110971,0.008895148532110967
tuberculose,catboost,origin_202012,6,umid_l1,0.8063318482903598,0.008063318482903594
tuberculose,catboost,origin_202012,6,umid_l3,0.8726403295231234,0.00872640329523123
tuberculose,catboost,origin_202012,6,umid_l12,0.5187614588520776,0.005187614588520774
tuberculose,catboost,origin_202012,6,populacao,4.61654992003422,0.046165499200342186
tuberculose,catboost,origin_202012,6,dens_demog,2.3103701634285985,0.023103701634285975
tuberculose,catboost,origin_202012,6,ppc,7.354184550778484,0.07354184550778481
tuberculose,catboost,origin_202012,6,urbanizacao,3.726450018070291,0.037264500180702896
tuberculose,catboost,origin_202012,6,tgt_month,0.17791458337061744,0.0017791458337061737
tuberculose,catboost,origin_202012,6,mun_id,3.279190122794544,0.032791901227945425
tuberculose,xgboost,origin_202012,6,n_tuberculose_l0,0.05974959582090378,0.05974959582090378
tuberculose,xgboost,origin_202012,6,n_tuberculose_l1,0.0813119113445282,0.0813119113445282
tuberculose,xgboost,origin_202012,6,n_tuberculose_l2,0.0011178915156051517,0.0011178915156051517
tuberculose,xgboost,origin_202012,6,n_tuberculose_l3,0.0012777772499248385,0.0012777772499248385
tuberculose,xgboost,origin_202012,6,n_tuberculose_l6,0.0017433970933780074,0.0017433970933780074
tuberculose,xgboost,origin_202012,6,n_tuberculose_l12,0.006746357306838036,0.006746357306838036
tuberculose,xgboost,origin_202012,6,n_tuberculose_l13,0.006360576953738928,0.006360576953738928
tuberculose,xgboost,origin_202012,6,n_tuberculose_r3,0.4075891673564911,0.4075891673564911
tuberculose,xgboost,origin_202012,6,n_tuberculose_r6,0.2923825979232788,0.2923825979232788
tuberculose,xgboost,origin_202012,6,n_tuberculose_r12,0.05209605023264885,0.05209605023264885
tuberculose,xgboost,origin_202012,6,evapot_l0,0.0011577557306736708,0.0011577557306736708
tuberculose,xgboost,origin_202012,6,evapot_l1,0.0012483644532039762,0.0012483644532039762
tuberculose,xgboost,origin_202012,6,evapot_l3,0.0014098071260377765,0.0014098071260377765
tuberculose,xgboost,origin_202012,6,evapot_l12,0.0012978257145732641,0.0012978257145732641
tuberculose,xgboost,origin_202012,6,precip_l0,0.0011868384899571538,0.0011868384899571538
tuberculose,xgboost,origin_202012,6,precip_l1,0.0011436832137405872,0.0011436832137405872
tuberculose,xgboost,origin_202012,6,precip_l3,0.001306011457927525,0.001306011457927525
tuberculose,xgboost,origin_202012,6,precip_l12,0.001437717699445784,0.001437717699445784
tuberculose,xgboost,origin_202012,6,temp_min_l0,0.0012240653159096837,0.0012240653159096837
tuberculose,xgboost,origin_202012,6,temp_min_l1,0.0013244065921753645,0.0013244065921753645
tuberculose,xgboost,origin_202012,6,temp_min_l3,0.0015084721380844712,0.0015084721380844712
tuberculose,xgboost,origin_202012,6,temp_min_l12,0.0014489337336272001,0.0014489337336272001
tuberculose,xgboost,origin_202012,6,temp_max_l0,0.001327943173237145,0.001327943173237145
tuberculose,xgboost,origin_202012,6,temp_max_l1,0.0013201734982430935,0.0013201734982430935
tuberculose,xgboost,origin_202012,6,temp_max_l3,0.0013893331633880734,0.0013893331633880734
tuberculose,xgboost,origin_202012,6,temp_max_l12,0.0015388668980449438,0.0015388668980449438
tuberculose,xgboost,origin_202012,6,umid_l0,0.0013256354723125696,0.0013256354723125696
tuberculose,xgboost,origin_202012,6,umid_l1,0.0013028680114075541,0.0013028680114075541
tuberculose,xgboost,origin_202012,6,umid_l3,0.0013332613743841648,0.0013332613743841648
tuberculose,xgboost,origin_202012,6,umid_l12,0.0012934909900650382,0.0012934909900650382
tuberculose,xgboost,origin_202012,6,populacao,0.006279466208070517,0.006279466208070517
tuberculose,xgboost,origin_202012,6,dens_demog,0.0023225394543260336,0.0023225394543260336
tuberculose,xgboost,origin_202012,6,ppc,0.003161889733746648,0.003161889733746648
tuberculose,xgboost,origin_202012,6,urbanizacao,0.005725648254156113,0.005725648254156113
tuberculose,xgboost,origin_202012,6,tgt_month,0.0014652195386588573,0.0014652195386588573
tuberculose,xgboost,origin_202012,6,mun_id,0.04414454847574234,0.04414454847574234
tuberculose,lgbm,origin_202012,12,n_tuberculose_l0,84.0,0.014
tuberculose,lgbm,origin_202012,12,n_tuberculose_l1,38.0,0.006333333333333333
tuberculose,lgbm,origin_202012,12,n_tuberculose_l2,38.0,0.006333333333333333
tuberculose,lgbm,origin_202012,12,n_tuberculose_l3,75.0,0.0125
tuberculose,lgbm,origin_202012,12,n_tuberculose_l6,53.0,0.008833333333333334
tuberculose,lgbm,origin_202012,12,n_tuberculose_l12,92.0,0.015333333333333332
tuberculose,lgbm,origin_202012,12,n_tuberculose_l13,116.0,0.019333333333333334
tuberculose,lgbm,origin_202012,12,n_tuberculose_r3,114.0,0.019
tuberculose,lgbm,origin_202012,12,n_tuberculose_r6,208.0,0.034666666666666665
tuberculose,lgbm,origin_202012,12,n_tuberculose_r12,279.0,0.0465
tuberculose,lgbm,origin_202012,12,evapot_l0,85.0,0.014166666666666666
tuberculose,lgbm,origin_202012,12,evapot_l1,97.0,0.016166666666666666
tuberculose,lgbm,origin_202012,12,evapot_l3,115.0,0.019166666666666665
tuberculose,lgbm,origin_202012,12,evapot_l12,82.0,0.013666666666666667
tuberculose,lgbm,origin_202012,12,precip_l0,178.0,0.029666666666666668
tuberculose,lgbm,origin_202012,12,precip_l1,105.0,0.0175
tuberculose,lgbm,origin_202012,12,precip_l3,113.0,0.018833333333333334
tuberculose,lgbm,origin_202012,12,precip_l12,167.0,0.027833333333333335
tuberculose,lgbm,origin_202012,12,temp_min_l0,155.0,0.025833333333333333
tuberculose,lgbm,origin_202012,12,temp_min_l1,94.0,0.015666666666666666
tuberculose,lgbm,origin_202012,12,temp_min_l3,150.0,0.025
tuberculose,lgbm,origin_202012,12,temp_min_l12,110.0,0.018333333333333333
tuberculose,lgbm,origin_202012,12,temp_max_l0,95.0,0.015833333333333335
tuberculose,lgbm,origin_202012,12,temp_max_l1,85.0,0.014166666666666666
tuberculose,lgbm,origin_202012,12,temp_max_l3,154.0,0.025666666666666667
tuberculose,lgbm,origin_202012,12,temp_max_l12,103.0,0.017166666666666667
tuberculose,lgbm,origin_202012,12,umid_l0,157.0,0.026166666666666668
tuberculose,lgbm,origin_202012,12,umid_l1,172.0,0.028666666666666667
tuberculose,lgbm,origin_202012,12,umid_l3,161.0,0.026833333333333334
tuberculose,lgbm,origin_202012,12,umid_l12,202.0,0.033666666666666664
tuberculose,lgbm,origin_202012,12,populacao,463.0,0.07716666666666666
tuberculose,lgbm,origin_202012,12,dens_demog,288.0,0.048
tuberculose,lgbm,origin_202012,12,ppc,659.0,0.10983333333333334
tuberculose,lgbm,origin_202012,12,urbanizacao,399.0,0.0665
tuberculose,lgbm,origin_202012,12,tgt_month,72.0,0.012
tuberculose,lgbm,origin_202012,12,mun_id,442.0,0.07366666666666667
tuberculose,catboost,origin_202012,12,n_tuberculose_l0,3.194846947384313,0.03194846947384313
tuberculose,catboost,origin_202012,12,n_tuberculose_l1,0.7948739704883755,0.007948739704883755
tuberculose,catboost,origin_202012,12,n_tuberculose_l2,1.3161103319856176,0.013161103319856177
tuberculose,catboost,origin_202012,12,n_tuberculose_l3,2.140099484871763,0.021400994848717634
tuberculose,catboost,origin_202012,12,n_tuberculose_l6,4.9690916721706175,0.04969091672170618
tuberculose,catboost,origin_202012,12,n_tuberculose_l12,1.4020610304428252,0.014020610304428253
tuberculose,catboost,origin_202012,12,n_tuberculose_l13,3.3471724332017363,0.033471724332017366
tuberculose,catboost,origin_202012,12,n_tuberculose_r3,6.031720206167468,0.060317202061674687
tuberculose,catboost,origin_202012,12,n_tuberculose_r6,7.725865311668216,0.07725865311668217
tuberculose,catboost,origin_202012,12,n_tuberculose_r12,19.679226232786604,0.19679226232786606
tuberculose,catboost,origin_202012,12,evapot_l0,0.5020754590955383,0.005020754590955384
tuberculose,catboost,origin_202012,12,evapot_l1,1.0545001345832958,0.01054500134583296
tuberculose,catboost,origin_202012,12,evapot_l3,0.6932129465359997,0.006932129465359998
tuberculose,catboost,origin_202012,12,evapot_l12,0.3820603138601489,0.0038206031386014893
tuberculose,catboost,origin_202012,12,precip_l0,1.3089062008397696,0.013089062008397698
tuberculose,catboost,origin_202012,12,precip_l1,0.4196797734274939,0.00419679773427494
tuberculose,catboost,origin_202012,12,precip_l3,0.9723642496176903,0.009723642496176904
tuberculose,catboost,origin_202012,12,precip_l12,1.0609254321432404,0.010609254321432405
tuberculose,catboost,origin_202012,12,temp_min_l0,0.6461427515597974,0.0064614275155979745
tuberculose,catboost,origin_202012,12,temp_min_l1,0.462735219434617,0.004627352194346171
tuberculose,catboost,origin_202012,12,temp_min_l3,0.9800805180751923,0.009800805180751923
tuberculose,catboost,origin_202012,12,temp_min_l12,0.4411967814500981,0.0044119678145009816
tuberculose,catboost,origin_202012,12,temp_max_l0,0.7752429763041968,0.007752429763041969
tuberculose,catboost,origin_202012,12,temp_max_l1,0.5664722107000799,0.0056647221070008
tuberculose,catboost,origin_202012,12,temp_max_l3,0.4309245797570994,0.004309245797570995
tuberculose,catboost,origin_202012,12,temp_max_l12,1.0884253353646547,0.010884253353646548
tuberculose,catboost,origin_202012,12,umid_l0,1.4320020218490785,0.014320020218490787
tuberculose,catboost,origin_202012,12,umid_l1,0.6815501763982055,0.006815501763982055
tuberculose,catboost,origin_202012,12,umid_l3,1.1995755054844046,0.011995755054844048
tuberculose,catboost,origin_202012,12,umid_l12,0.8170281030677596,0.008170281030677597
tuberculose,catboost,origin_202012,12,populacao,7.417477969586162,0.07417477969586163
tuberculose,catboost,origin_202012,12,dens_demog,4.190030094595729,0.04190030094595729
tuberculose,catboost,origin_202012,12,ppc,11.051969253294326,0.11051969253294328
tuberculose,catboost,origin_202012,12,urbanizacao,3.5018866779402953,0.035018866779402955
tuberculose,catboost,origin_202012,12,tgt_month,0.2966861817408986,0.0029668618174089867
tuberculose,catboost,origin_202012,12,mun_id,7.025781512126685,0.07025781512126686
tuberculose,xgboost,origin_202012,12,n_tuberculose_l0,0.0296190045773983,0.0296190083026886
tuberculose,xgboost,origin_202012,12,n_tuberculose_l1,0.007336026523262262,0.007336027454584837
tuberculose,xgboost,origin_202012,12,n_tuberculose_l2,0.0046602110378444195,0.004660211503505707
tuberculose,xgboost,origin_202012,12,n_tuberculose_l3,0.006104185711592436,0.0061041866429150105
tuberculose,xgboost,origin_202012,12,n_tuberculose_l6,0.003919653128832579,0.003919653594493866
tuberculose,xgboost,origin_202012,12,n_tuberculose_l12,0.0037100743502378464,0.0037100748158991337
tuberculose,xgboost,origin_202012,12,n_tuberculose_l13,0.009053271263837814,0.009053272195160389
tuberculose,xgboost,origin_202012,12,n_tuberculose_r3,0.04667973518371582,0.04667973890900612
tuberculose,xgboost,origin_202012,12,n_tuberculose_r6,0.43528932332992554,0.4352893829345703
tuberculose,xgboost,origin_202012,12,n_tuberculose_r12,0.2849715054035187,0.28497153520584106
tuberculose,xgboost,origin_202012,12,evapot_l0,0.0011404658434912562,0.001140465959906578
tuberculose,xgboost,origin_202012,12,evapot_l1,0.0015773955965414643,0.001577395829372108
tuberculose,xgboost,origin_202012,12,evapot_l3,0.0013772184029221535,0.0013772185193374753
tuberculose,xgboost,origin_202012,12,evapot_l12,0.001526086125522852,0.0015260863583534956
tuberculose,xgboost,origin_202012,12,precip_l0,0.0014444516273215413,0.0014444517437368631
tuberculose,xgboost,origin_202012,12,precip_l1,0.0013038042234256864,0.0013038043398410082
tuberculose,xgboost,origin_202012,12,precip_l3,0.0018257892224937677,0.0018257894553244114
tuberculose,xgboost,origin_202012,12,precip_l12,0.0014888133155182004,0.001488813548348844
tuberculose,xgboost,origin_202012,12,temp_min_l0,0.001614188076928258,0.0016141883097589016
tuberculose,xgboost,origin_202012,12,temp_min_l1,0.0015972449909895658,0.0015972452238202095
tuberculose,xgboost,origin_202012,12,temp_min_l3,0.0016963259549811482,0.001696326187811792
tuberculose,xgboost,origin_202012,12,temp_min_l12,0.001656612497754395,0.0016566127305850387
tuberculose,xgboost,origin_202012,12,temp_max_l0,0.0015385682927444577,0.0015385685255751014
tuberculose,xgboost,origin_202012,12,temp_max_l1,0.0014223491307348013,0.0014223492471501231
tuberculose,xgboost,origin_202012,12,temp_max_l3,0.0016927681863307953,0.001692768419161439
tuberculose,xgboost,origin_202012,12,temp_max_l12,0.0018311155727133155,0.0018311158055439591
tuberculose,xgboost,origin_202012,12,umid_l0,0.001820091623812914,0.0018200918566435575
tuberculose,xgboost,origin_202012,12,umid_l1,0.0018185173394158483,0.001818517572246492
tuberculose,xgboost,origin_202012,12,umid_l3,0.001936130109243095,0.0019361303420737386
tuberculose,xgboost,origin_202012,12,umid_l12,0.0017610095674172044,0.001761009800247848
tuberculose,xgboost,origin_202012,12,populacao,0.030613720417022705,0.030613724142313004
tuberculose,xgboost,origin_202012,12,dens_demog,0.004431380424648523,0.004431380890309811
tuberculose,xgboost,origin_202012,12,ppc,0.005844905972480774,0.005844906438142061
tuberculose,xgboost,origin_202012,12,urbanizacao,0.0046704113483428955,0.004670411814004183
tuberculose,xgboost,origin_202012,12,tgt_month,0.001614576787687838,0.0016145770205184817
tuberculose,xgboost,origin_202012,12,mun_id,0.08941304683685303,0.08941305428743362
tuberculose,lgbm,origin_202112,1,n_tuberculose_l0,271.0,0.04516666666666667
tuberculose,lgbm,origin_202112,1,n_tuberculose_l1,97.0,0.016166666666666666
tuberculose,lgbm,origin_202112,1,n_tuberculose_l2,102.0,0.017
tuberculose,lgbm,origin_202112,1,n_tuberculose_l3,93.0,0.0155
tuberculose,lgbm,origin_202112,1,n_tuberculose_l6,84.0,0.014
tuberculose,lgbm,origin_202112,1,n_tuberculose_l12,77.0,0.012833333333333334
tuberculose,lgbm,origin_202112,1,n_tuberculose_l13,98.0,0.01633333333333333
tuberculose,lgbm,origin_202112,1,n_tuberculose_r3,266.0,0.044333333333333336
tuberculose,lgbm,origin_202112,1,n_tuberculose_r6,250.0,0.041666666666666664
tuberculose,lgbm,origin_202112,1,n_tuberculose_r12,300.0,0.05
tuberculose,lgbm,origin_202112,1,evapot_l0,125.0,0.020833333333333332
tuberculose,lgbm,origin_202112,1,evapot_l1,126.0,0.021
tuberculose,lgbm,origin_202112,1,evapot_l3,102.0,0.017
tuberculose,lgbm,origin_202112,1,evapot_l12,141.0,0.0235
tuberculose,lgbm,origin_202112,1,precip_l0,203.0,0.03383333333333333
tuberculose,lgbm,origin_202112,1,precip_l1,145.0,0.024166666666666666
tuberculose,lgbm,origin_202112,1,precip_l3,245.0,0.04083333333333333
tuberculose,lgbm,origin_202112,1,precip_l12,115.0,0.019166666666666665
tuberculose,lgbm,origin_202112,1,temp_min_l0,141.0,0.0235
tuberculose,lgbm,origin_202112,1,temp_min_l1,123.0,0.0205
tuberculose,lgbm,origin_202112,1,temp_min_l3,173.0,0.028833333333333332
tuberculose,lgbm,origin_202112,1,temp_min_l12,174.0,0.029
tuberculose,lgbm,origin_202112,1,temp_max_l0,123.0,0.0205
tuberculose,lgbm,origin_202112,1,temp_max_l1,129.0,0.0215
tuberculose,lgbm,origin_202112,1,temp_max_l3,148.0,0.024666666666666667
tuberculose,lgbm,origin_202112,1,temp_max_l12,135.0,0.0225
tuberculose,lgbm,origin_202112,1,umid_l0,220.0,0.03666666666666667
tuberculose,lgbm,origin_202112,1,umid_l1,188.0,0.03133333333333333
tuberculose,lgbm,origin_202112,1,umid_l3,234.0,0.039
tuberculose,lgbm,origin_202112,1,umid_l12,158.0,0.026333333333333334
tuberculose,lgbm,origin_202112,1,populacao,152.0,0.025333333333333333
tuberculose,lgbm,origin_202112,1,dens_demog,114.0,0.019
tuberculose,lgbm,origin_202112,1,ppc,253.0,0.042166666666666665
tuberculose,lgbm,origin_202112,1,urbanizacao,112.0,0.018666666666666668
tuberculose,lgbm,origin_202112,1,tgt_month,179.0,0.029833333333333333
tuberculose,lgbm,origin_202112,1,mun_id,404.0,0.06733333333333333
tuberculose,catboost,origin_202112,1,n_tuberculose_l0,7.501149019818728,0.07501149019818727
tuberculose,catboost,origin_202112,1,n_tuberculose_l1,8.00847132205407,0.08008471322054071
tuberculose,catboost,origin_202112,1,n_tuberculose_l2,1.818361688018904,0.01818361688018904
tuberculose,catboost,origin_202112,1,n_tuberculose_l3,2.4814157864303468,0.02481415786430347
tuberculose,catboost,origin_202112,1,n_tuberculose_l6,0.33736974808771714,0.0033736974808771716
tuberculose,catboost,origin_202112,1,n_tuberculose_l12,0.7334055527994654,0.007334055527994654
tuberculose,catboost,origin_202112,1,n_tuberculose_l13,5.0478845289445164,0.050478845289445164
tuberculose,catboost,origin_202112,1,n_tuberculose_r3,10.647316654817788,0.10647316654817787
tuberculose,catboost,origin_202112,1,n_tuberculose_r6,14.14976445279155,0.1414976445279155
tuberculose,catboost,origin_202112,1,n_tuberculose_r12,27.673599983680692,0.2767359998368069
tuberculose,catboost,origin_202112,1,evapot_l0,0.46529522281778074,0.0046529522281778075
tuberculose,catboost,origin_202112,1,evapot_l1,0.7918427124397381,0.007918427124397382
tuberculose,catboost,origin_202112,1,evapot_l3,0.393688894454526,0.00393688894454526
tuberculose,catboost,origin_202112,1,evapot_l12,0.6281359455127153,0.006281359455127153
tuberculose,catboost,origin_202112,1,precip_l0,0.754991558385029,0.007549915583850289
tuberculose,catboost,origin_202112,1,precip_l1,0.7592580443256572,0.007592580443256573
tuberculose,catboost,origin_202112,1,precip_l3,0.9540191535171714,0.009540191535171714
tuberculose,catboost,origin_202112,1,precip_l12,0.5892374468861297,0.005892374468861297
tuberculose,catboost,origin_202112,1,temp_min_l0,0.8173327844460613,0.008173327844460614
tuberculose,catboost,origin_202112,1,temp_min_l1,0.4776869764132127,0.004776869764132127
tuberculose,catboost,origin_202112,1,temp_min_l3,0.7357378587932919,0.007357378587932919
tuberculose,catboost,origin_202112,1,temp_min_l12,0.7609475749139037,0.007609475749139037
tuberculose,catboost,origin_202112,1,temp_max_l0,0.35353784642603525,0.0035353784642603524
tuberculose,catboost,origin_202112,1,temp_max_l1,0.4880117012645509,0.004880117012645509
tuberculose,catboost,origin_202112,1,temp_max_l3,0.6700749776920705,0.006700749776920705
tuberculose,catboost,origin_202112,1,temp_max_l12,0.7629777436871964,0.007629777436871964
tuberculose,catboost,origin_202112,1,umid_l0,0.8350715460479254,0.008350715460479254
tuberculose,catboost,origin_202112,1,umid_l1,0.5965213974352633,0.005965213974352634
tuberculose,catboost,origin_202112,1,umid_l3,0.9928514320659472,0.009928514320659472
tuberculose,catboost,origin_202112,1,umid_l12,0.5501764648578289,0.005501764648578289
tuberculose,catboost,origin_202112,1,populacao,1.4769211030947895,0.014769211030947894
tuberculose,catboost,origin_202112,1,dens_demog,1.5266493389297333,0.015266493389297333
tuberculose,catboost,origin_202112,1,ppc,3.1956482406121887,0.03195648240612189
tuberculose,catboost,origin_202112,1,urbanizacao,0.8266535216973193,0.008266535216973193
tuberculose,catboost,origin_202112,1,tgt_month,0.2835647568321812,0.0028356475683218117
tuberculose,catboost,origin_202112,1,mun_id,0.9144270190079772,0.009144270190079773
tuberculose,xgboost,origin_202112,1,n_tuberculose_l0,0.21280011534690857,0.21280008554458618
tuberculose,xgboost,origin_202112,1,n_tuberculose_l1,0.03382832929491997,0.03382832556962967
tuberculose,xgboost,origin_202112,1,n_tuberculose_l2,0.008029277436435223,0.008029276505112648
tuberculose,xgboost,origin_202112,1,n_tuberculose_l3,0.009115146473050117,0.009115145541727543
tuberculose,xgboost,origin_202112,1,n_tuberculose_l6,0.0024083799216896296,0.002408379688858986
tuberculose,xgboost,origin_202112,1,n_tuberculose_l12,0.0016689657932147384,0.0016689655603840947
tuberculose,xgboost,origin_202112,1,n_tuberculose_l13,0.003252783790230751,0.0032527833245694637
tuberculose,xgboost,origin_202112,1,n_tuberculose_r3,0.4791889786720276,0.4791889190673828
tuberculose,xgboost,origin_202112,1,n_tuberculose_r6,0.19414030015468597,0.1941402703523636
tuberculose,xgboost,origin_202112,1,n_tuberculose_r12,0.01609860360622406,0.01609860174357891
tuberculose,xgboost,origin_202112,1,evapot_l0,0.0011729988036677241,0.0011729986872524023
tuberculose,xgboost,origin_202112,1,evapot_l1,0.0012547386577352881,0.0012547385413199663
tuberculose,xgboost,origin_202112,1,evapot_l3,0.001337320078164339,0.0013373199617490172
tuberculose,xgboost,origin_202112,1,evapot_l12,0.001295972615480423,0.0012959724990651011
tuberculose,xgboost,origin_202112,1,precip_l0,0.0013460894115269184,0.0013460892951115966
tuberculose,xgboost,origin_202112,1,precip_l1,0.0012998342281207442,0.0012998341117054224
tuberculose,xgboost,origin_202112,1,precip_l3,0.001555069931782782,0.0015550696989521384
tuberculose,xgboost,origin_202112,1,precip_l12,0.001351003535091877,0.0013510034186765552
tuberculose,xgboost,origin_202112,1,temp_min_l0,0.0012951311655342579,0.001295131049118936
tuberculose,xgboost,origin_202112,1,temp_min_l1,0.0013757743872702122,0.0013757742708548903
tuberculose,xgboost,origin_202112,1,temp_min_l3,0.001467702561058104,0.0014677023282274604
tuberculose,xgboost,origin_202112,1,temp_min_l12,0.001395130529999733,0.0013951304135844111
tuberculose,xgboost,origin_202112,1,temp_max_l0,0.0013350379886105657,0.0013350378721952438
tuberculose,xgboost,origin_202112,1,temp_max_l1,0.0013568258145824075,0.0013568256981670856
tuberculose,xgboost,origin_202112,1,temp_max_l3,0.0014430731534957886,0.0014430730370804667
tuberculose,xgboost,origin_202112,1,temp_max_l12,0.001475072931498289,0.0014750726986676455
tuberculose,xgboost,origin_202112,1,umid_l0,0.0015444736927747726,0.001544473459944129
tuberculose,xgboost,origin_202112,1,umid_l1,0.0013775613624602556,0.0013775612460449338
tuberculose,xgboost,origin_202112,1,umid_l3,0.001493139541707933,0.0014931393088772893
tuberculose,xgboost,origin_202112,1,umid_l12,0.001357697881758213,0.0013576977653428912
tuberculose,xgboost,origin_202112,1,populacao,0.0016181992832571268,0.0016181990504264832
tuberculose,xgboost,origin_202112,1,dens_demog,0.0022192392498254776,0.002219239016994834
tuberculose,xgboost,origin_202112,1,ppc,0.0020538526587188244,0.0020538524258881807
tuberculose,xgboost,origin_202112,1,urbanizacao,0.0016526704421266913,0.0016526702092960477
tuberculose,xgboost,origin_202112,1,tgt_month,0.001838746597059071,0.0018387463642284274
tuberculose,xgboost,origin_202112,1,mun_id,0.0025567139964550734,0.0025567137636244297
tuberculose,lgbm,origin_202112,3,n_tuberculose_l0,272.0,0.04533333333333334
tuberculose,lgbm,origin_202112,3,n_tuberculose_l1,84.0,0.014
tuberculose,lgbm,origin_202112,3,n_tuberculose_l2,72.0,0.012
tuberculose,lgbm,origin_202112,3,n_tuberculose_l3,63.0,0.0105
tuberculose,lgbm,origin_202112,3,n_tuberculose_l6,79.0,0.013166666666666667
tuberculose,lgbm,origin_202112,3,n_tuberculose_l12,86.0,0.014333333333333333
tuberculose,lgbm,origin_202112,3,n_tuberculose_l13,101.0,0.016833333333333332
tuberculose,lgbm,origin_202112,3,n_tuberculose_r3,194.0,0.03233333333333333
tuberculose,lgbm,origin_202112,3,n_tuberculose_r6,237.0,0.0395
tuberculose,lgbm,origin_202112,3,n_tuberculose_r12,265.0,0.04416666666666667
tuberculose,lgbm,origin_202112,3,evapot_l0,140.0,0.023333333333333334
tuberculose,lgbm,origin_202112,3,evapot_l1,118.0,0.019666666666666666
tuberculose,lgbm,origin_202112,3,evapot_l3,130.0,0.021666666666666667
tuberculose,lgbm,origin_202112,3,evapot_l12,93.0,0.0155
tuberculose,lgbm,origin_202112,3,precip_l0,172.0,0.028666666666666667
tuberculose,lgbm,origin_202112,3,precip_l1,176.0,0.029333333333333333
tuberculose,lgbm,origin_202112,3,precip_l3,128.0,0.021333333333333333
tuberculose,lgbm,origin_202112,3,precip_l12,194.0,0.03233333333333333
tuberculose,lgbm,origin_202112,3,temp_min_l0,127.0,0.021166666666666667
tuberculose,lgbm,origin_202112,3,temp_min_l1,152.0,0.025333333333333333
tuberculose,lgbm,origin_202112,3,temp_min_l3,183.0,0.0305
tuberculose,lgbm,origin_202112,3,temp_min_l12,124.0,0.020666666666666667
tuberculose,lgbm,origin_202112,3,temp_max_l0,104.0,0.017333333333333333
tuberculose,lgbm,origin_202112,3,temp_max_l1,96.0,0.016
tuberculose,lgbm,origin_202112,3,temp_max_l3,123.0,0.0205
tuberculose,lgbm,origin_202112,3,temp_max_l12,125.0,0.020833333333333332
tuberculose,lgbm,origin_202112,3,umid_l0,217.0,0.036166666666666666
tuberculose,lgbm,origin_202112,3,umid_l1,218.0,0.036333333333333336
tuberculose,lgbm,origin_202112,3,umid_l3,199.0,0.033166666666666664
tuberculose,lgbm,origin_202112,3,umid_l12,180.0,0.03
tuberculose,lgbm,origin_202112,3,populacao,236.0,0.03933333333333333
tuberculose,lgbm,origin_202112,3,dens_demog,159.0,0.0265
tuberculose,lgbm,origin_202112,3,ppc,416.0,0.06933333333333333
tuberculose,lgbm,origin_202112,3,urbanizacao,180.0,0.03
tuberculose,lgbm,origin_202112,3,tgt_month,100.0,0.016666666666666666
tuberculose,lgbm,origin_202112,3,mun_id,457.0,0.07616666666666666
tuberculose,catboost,origin_202112,3,n_tuberculose_l0,6.349321200069327,0.06349321200069326
tuberculose,catboost,origin_202112,3,n_tuberculose_l1,9.519172761604374,0.0951917276160437
tuberculose,catboost,origin_202112,3,n_tuberculose_l2,2.3940989787466602,0.023940989787466595
tuberculose,catboost,origin_202112,3,n_tuberculose_l3,2.3424607968052586,0.02342460796805258
tuberculose,catboost,origin_202112,3,n_tuberculose_l6,4.030568902415311,0.0403056890241531
tuberculose,catboost,origin_202112,3,n_tuberculose_l12,0.43180195960262413,0.00431801959602624
tuberculose,catboost,origin_202112,3,n_tuberculose_l13,0.9818969380903988,0.009818969380903986
tuberculose,catboost,origin_202112,3,n_tuberculose_r3,14.191302506856484,0.1419130250685648
tuberculose,catboost,origin_202112,3,n_tuberculose_r6,10.332542654741234,0.10332542654741231
tuberculose,catboost,origin_202112,3,n_tuberculose_r12,21.09894616916231,0.21098946169162305
tuberculose,catboost,origin_202112,3,evapot_l0,0.6043137441330066,0.006043137441330065
tuberculose,catboost,origin_202112,3,evapot_l1,0.33201796705027214,0.0033201796705027205
tuberculose,catboost,origin_202112,3,evapot_l3,0.6942069493143435,0.006942069493143433
tuberculose,catboost,origin_202112,3,evapot_l12,0.5081400314065553,0.005081400314065551
tuberculose,catboost,origin_202112,3,precip_l0,0.8645824981524538,0.008645824981524535
tuberculose,catboost,origin_202112,3,precip_l1,0.8356040834851872,0.00835604083485187
tuberculose,catboost,origin_202112,3,precip_l3,0.7740080770612934,0.007740080770612932
tuberculose,catboost,origin_202112,3,precip_l12,0.9830008790176937,0.009830008790176934
tuberculose,catboost,origin_202112,3,temp_min_l0,0.24910956598426692,0.0024910956598426684
tuberculose,catboost,origin_202112,3,temp_min_l1,0.7664342357942375,0.007664342357942373
tuberculose,catboost,origin_202112,3,temp_min_l3,0.7094070187718581,0.007094070187718579
tuberculose,catboost,origin_202112,3,temp_min_l12,0.5982489631611985,0.005982489631611983
tuberculose,catboost,origin_202112,3,temp_max_l0,0.4516497175300131,0.00451649717530013
tuberculose,catboost,origin_202112,3,temp_max_l1,0.5236917826011888,0.005236917826011886
tuberculose,catboost,origin_202112,3,temp_max_l3,0.8210740234126154,0.008210740234126152
tuberculose,catboost,origin_202112,3,temp_max_l12,0.6431725250027094,0.006431725250027092
tuberculose,catboost,origin_202112,3,umid_l0,1.2807852130705013,0.012807852130705009
tuberculose,catboost,origin_202112,3,umid_l1,1.0774463948311843,0.01077446394831184
tuberculose,catboost,origin_202112,3,umid_l3,0.8086365768420753,0.00808636576842075
tuberculose,catboost,origin_202112,3,umid_l12,0.7024403700038433,0.007024403700038431
tuberculose,catboost,origin_202112,3,populacao,3.184717719182642,0.03184717719182641
tuberculose,catboost,origin_202112,3,dens_demog,2.599997517840398,0.02599997517840397
tuberculose,catboost,origin_202112,3,ppc,3.661314090452226,0.03661314090452225
tuberculose,catboost,origin_202112,3,urbanizacao,2.7684923833835584,0.027684923833835577
tuberculose,catboost,origin_202112,3,tgt_month,0.34073802593629027,0.0034073802593629016
tuberculose,catboost,origin_202112,3,mun_id,1.544656778484402,0.015446567784844016
tuberculose,xgboost,origin_202112,3,n_tuberculose_l0,0.12554170191287994,0.12554168701171875
tuberculose,xgboost,origin_202112,3,n_tuberculose_l1,0.02860299125313759,0.02860298752784729
tuberculose,xgboost,origin_202112,3,n_tuberculose_l2,0.0033902230206876993,0.003390222555026412
tuberculose,xgboost,origin_202112,3,n_tuberculose_l3,0.0013975583715364337,0.0013975582551211119
tuberculose,xgboost,origin_202112,3,n_tuberculose_l6,0.004693324211984873,0.0046933237463235855
tuberculose,xgboost,origin_202112,3,n_tuberculose_l12,0.001914729131385684,0.0019147288985550404
tuberculose,xgboost,origin_202112,3,n_tuberculose_l13,0.00674463203176856,0.006744631100445986
tuberculose,xgboost,origin_202112,3,n_tuberculose_r3,0.44078853726387024,0.44078847765922546
tuberculose,xgboost,origin_202112,3,n_tuberculose_r6,0.2887294292449951,0.28872939944267273
tuberculose,xgboost,origin_202112,3,n_tuberculose_r12,0.052062276750802994,0.0520622693002224
tuberculose,xgboost,origin_202112,3,evapot_l0,0.0014310525730252266,0.0014310524566099048
tuberculose,xgboost,origin_202112,3,evapot_l1,0.0012718038633465767,0.0012718037469312549
tuberculose,xgboost,origin_202112,3,evapot_l3,0.0013342100428417325,0.0013342099264264107
tuberculose,xgboost,origin_202112,3,evapot_l12,0.0014146461617201567,0.0014146460453048348
tuberculose,xgboost,origin_202112,3,precip_l0,0.001307469792664051,0.0013074696762487292
tuberculose,xgboost,origin_202112,3,precip_l1,0.0015976596623659134,0.0015976594295352697
tuberculose,xgboost,origin_202112,3,precip_l3,0.0012526812497526407,0.001252681133337319
tuberculose,xgboost,origin_202112,3,precip_l12,0.0016210005851462483,0.0016210003523156047
tuberculose,xgboost,origin_202112,3,temp_min_l0,0.0014875720953568816,0.001487571862526238
tuberculose,xgboost,origin_202112,3,temp_min_l1,0.0013433885760605335,0.0013433884596452117
tuberculose,xgboost,origin_202112,3,temp_min_l3,0.0014107461320236325,0.0014107460156083107
tuberculose,xgboost,origin_202112,3,temp_min_l12,0.0014640438603237271,0.0014640437439084053
tuberculose,xgboost,origin_202112,3,temp_max_l0,0.0013082347577437758,0.001308234641328454
tuberculose,xgboost,origin_202112,3,temp_max_l1,0.0012953648110851645,0.0012953646946698427
tuberculose,xgboost,origin_202112,3,temp_max_l3,0.001437585218809545,0.0014375851023942232
tuberculose,xgboost,origin_202112,3,temp_max_l12,0.0015523763140663505,0.0015523760812357068
tuberculose,xgboost,origin_202112,3,umid_l0,0.0014788972912356257,0.001478897058404982
tuberculose,xgboost,origin_202112,3,umid_l1,0.001523347687907517,0.0015233474550768733
tuberculose,xgboost,origin_202112,3,umid_l3,0.0015537373255938292,0.0015537370927631855
tuberculose,xgboost,origin_202112,3,umid_l12,0.001646241988055408,0.0016462417552247643
tuberculose,xgboost,origin_202112,3,populacao,0.0029792184941470623,0.002979218028485775
tuberculose,xgboost,origin_202112,3,dens_demog,0.0020144761074334383,0.0020144758746027946
tuberculose,xgboost,origin_202112,3,ppc,0.002739060204476118,0.0027390599716454744
tuberculose,xgboost,origin_202112,3,urbanizacao,0.004302464425563812,0.004302463959902525
tuberculose,xgboost,origin_202112,3,tgt_month,0.0017504898132756352,0.0017504895804449916
tuberculose,xgboost,origin_202112,3,mun_id,0.0036169257946312428,0.0036169253289699554
tuberculose,lgbm,origin_202112,6,n_tuberculose_l0,120.0,0.02
tuberculose,lgbm,origin_202112,6,n_tuberculose_l1,64.0,0.010666666666666666
tuberculose,lgbm,origin_202112,6,n_tuberculose_l2,47.0,0.007833333333333333
tuberculose,lgbm,origin_202112,6,n_tuberculose_l3,52.0,0.008666666666666666
tuberculose,lgbm,origin_202112,6,n_tuberculose_l6,68.0,0.011333333333333334
tuberculose,lgbm,origin_202112,6,n_tuberculose_l12,84.0,0.014
tuberculose,lgbm,origin_202112,6,n_tuberculose_l13,125.0,0.020833333333333332
tuberculose,lgbm,origin_202112,6,n_tuberculose_r3,222.0,0.037
tuberculose,lgbm,origin_202112,6,n_tuberculose_r6,176.0,0.029333333333333333
tuberculose,lgbm,origin_202112,6,n_tuberculose_r12,297.0,0.0495
tuberculose,lgbm,origin_202112,6,evapot_l0,95.0,0.015833333333333335
tuberculose,lgbm,origin_202112,6,evapot_l1,106.0,0.017666666666666667
tuberculose,lgbm,origin_202112,6,evapot_l3,137.0,0.022833333333333334
tuberculose,lgbm,origin_202112,6,evapot_l12,110.0,0.018333333333333333
tuberculose,lgbm,origin_202112,6,precip_l0,138.0,0.023
tuberculose,lgbm,origin_202112,6,precip_l1,141.0,0.0235
tuberculose,lgbm,origin_202112,6,precip_l3,115.0,0.019166666666666665
tuberculose,lgbm,origin_202112,6,precip_l12,163.0,0.027166666666666665
tuberculose,lgbm,origin_202112,6,temp_min_l0,135.0,0.0225
tuberculose,lgbm,origin_202112,6,temp_min_l1,150.0,0.025
tuberculose,lgbm,origin_202112,6,temp_min_l3,143.0,0.023833333333333335
tuberculose,lgbm,origin_202112,6,temp_min_l12,139.0,0.023166666666666665
tuberculose,lgbm,origin_202112,6,temp_max_l0,114.0,0.019
tuberculose,lgbm,origin_202112,6,temp_max_l1,116.0,0.019333333333333334
tuberculose,lgbm,origin_202112,6,temp_max_l3,156.0,0.026
tuberculose,lgbm,origin_202112,6,temp_max_l12,161.0,0.026833333333333334
tuberculose,lgbm,origin_202112,6,umid_l0,164.0,0.027333333333333334
tuberculose,lgbm,origin_202112,6,umid_l1,145.0,0.024166666666666666
tuberculose,lgbm,origin_202112,6,umid_l3,203.0,0.03383333333333333
tuberculose,lgbm,origin_202112,6,umid_l12,176.0,0.029333333333333333
tuberculose,lgbm,origin_202112,6,populacao,319.0,0.05316666666666667
tuberculose,lgbm,origin_202112,6,dens_demog,259.0,0.043166666666666666
tuberculose,lgbm,origin_202112,6,ppc,573.0,0.0955
tuberculose,lgbm,origin_202112,6,urbanizacao,240.0,0.04
tuberculose,lgbm,origin_202112,6,tgt_month,85.0,0.014166666666666666
tuberculose,lgbm,origin_202112,6,mun_id,462.0,0.077
tuberculose,catboost,origin_202112,6,n_tuberculose_l0,2.9882591812053354,0.029882591812053355
tuberculose,catboost,origin_202112,6,n_tuberculose_l1,3.118201328824117,0.03118201328824117
tuberculose,catboost,origin_202112,6,n_tuberculose_l2,4.850126472269876,0.04850126472269876
tuberculose,catboost,origin_202112,6,n_tuberculose_l3,1.6130990421450768,0.016130990421450768
tuberculose,catboost,origin_202112,6,n_tuberculose_l6,1.1581475166847406,0.011581475166847406
tuberculose,catboost,origin_202112,6,n_tuberculose_l12,2.129410099079238,0.021294100990792382
tuberculose,catboost,origin_202112,6,n_tuberculose_l13,2.536064768150242,0.02536064768150242
tuberculose,catboost,origin_202112,6,n_tuberculose_r3,10.601261288555246,0.10601261288555247
tuberculose,catboost,origin_202112,6,n_tuberculose_r6,10.229292482561055,0.10229292482561055
tuberculose,catboost,origin_202112,6,n_tuberculose_r12,23.73096551823098,0.23730965518230981
tuberculose,catboost,origin_202112,6,evapot_l0,0.7711380523255903,0.007711380523255903
tuberculose,catboost,origin_202112,6,evapot_l1,0.43512795142208366,0.0043512795142208365
tuberculose,catboost,origin_202112,6,evapot_l3,0.8311277699597328,0.008311277699597329
tuberculose,catboost,origin_202112,6,evapot_l12,0.5214210069971423,0.005214210069971423
tuberculose,catboost,origin_202112,6,precip_l0,0.28793662253001656,0.0028793662253001656
tuberculose,catboost,origin_202112,6,precip_l1,0.4182601342918805,0.0041826013429188055
tuberculose,catboost,origin_202112,6,precip_l3,1.0438400378874175,0.010438400378874176
tuberculose,catboost,origin_202112,6,precip_l12,1.0809873050211287,0.010809873050211288
tuberculose,catboost,origin_202112,6,temp_min_l0,0.7082451858221035,0.007082451858221035
tuberculose,catboost,origin_202112,6,temp_min_l1,0.8666571995394603,0.008666571995394603
tuberculose,catboost,origin_202112,6,temp_min_l3,0.8002544027481229,0.00800254402748123
tuberculose,catboost,origin_202112,6,temp_min_l12,0.7251862181785199,0.007251862181785199
tuberculose,catboost,origin_202112,6,temp_max_l0,0.4198065488937405,0.004198065488937405
tuberculose,catboost,origin_202112,6,temp_max_l1,0.3767062802686666,0.003767062802686666
tuberculose,catboost,origin_202112,6,temp_max_l3,0.9206138671201997,0.009206138671201996
tuberculose,catboost,origin_202112,6,temp_max_l12,0.6848285161976139,0.006848285161976139
tuberculose,catboost,origin_202112,6,umid_l0,0.9102415751718004,0.009102415751718003
tuberculose,catboost,origin_202112,6,umid_l1,0.7450910051097848,0.007450910051097848
tuberculose,catboost,origin_202112,6,umid_l3,1.1779538708189399,0.011779538708189399
tuberculose,catboost,origin_202112,6,umid_l12,0.541891701599354,0.0054189170159935395
tuberculose,catboost,origin_202112,6,populacao,3.058503249698761,0.030585032496987612
tuberculose,catboost,origin_202112,6,dens_demog,3.500210671861537,0.035002106718615374
tuberculose,catboost,origin_202112,6,ppc,9.391108636028166,0.09391108636028166
tuberculose,catboost,origin_202112,6,urbanizacao,2.9193364220061335,0.029193364220061337
tuberculose,catboost,origin_202112,6,tgt_month,0.43331094938439324,0.004333109493843933
tuberculose,catboost,origin_202112,6,mun_id,3.475387121411797,0.03475387121411797
tuberculose,xgboost,origin_202112,6,n_tuberculose_l0,0.06586910784244537,0.06586910039186478
tuberculose,xgboost,origin_202112,6,n_tuberculose_l1,0.05562629923224449,0.055626291781663895
tuberculose,xgboost,origin_202112,6,n_tuberculose_l2,0.0011843785177916288,0.001184378401376307
tuberculose,xgboost,origin_202112,6,n_tuberculose_l3,0.0052938759326934814,0.005293875467032194
tuberculose,xgboost,origin_202112,6,n_tuberculose_l6,0.0018997436854988337,0.00189974345266819
tuberculose,xgboost,origin_202112,6,n_tuberculose_l12,0.008097972720861435,0.00809797178953886
tuberculose,xgboost,origin_202112,6,n_tuberculose_l13,0.006356382742524147,0.006356381811201572
tuberculose,xgboost,origin_202112,6,n_tuberculose_r3,0.459249347448349,0.4592492878437042
tuberculose,xgboost,origin_202112,6,n_tuberculose_r6,0.2425127625465393,0.24251273274421692
tuberculose,xgboost,origin_202112,6,n_tuberculose_r12,0.059236910194158554,0.05923690274357796
tuberculose,xgboost,origin_202112,6,evapot_l0,0.0011180496076121926,0.0011180494911968708
tuberculose,xgboost,origin_202112,6,evapot_l1,0.0013448381796479225,0.0013448380632326007
tuberculose,xgboost,origin_202112,6,evapot_l3,0.0015600040787830949,0.0015600038459524512
tuberculose,xgboost,origin_202112,6,evapot_l12,0.001319509232416749,0.0013195091160014272
tuberculose,xgboost,origin_202112,6,precip_l0,0.0011856256751343608,0.001185625558719039
tuberculose,xgboost,origin_202112,6,precip_l1,0.001330631086602807,0.0013306309701874852
tuberculose,xgboost,origin_202112,6,precip_l3,0.0013054950395599008,0.001305494923144579
tuberculose,xgboost,origin_202112,6,precip_l12,0.0014086896553635597,0.001408689538948238
tuberculose,xgboost,origin_202112,6,temp_min_l0,0.0013187555596232414,0.0013187554432079196
tuberculose,xgboost,origin_202112,6,temp_min_l1,0.0013473411090672016,0.0013473409926518798
tuberculose,xgboost,origin_202112,6,temp_min_l3,0.0016918029868975282,0.0016918027540668845
tuberculose,xgboost,origin_202112,6,temp_min_l12,0.0015747540164738894,0.0015747537836432457
tuberculose,xgboost,origin_202112,6,temp_max_l0,0.0014964338624849916,0.001496433629654348
tuberculose,xgboost,origin_202112,6,temp_max_l1,0.0012718085199594498,0.001271808403544128
tuberculose,xgboost,origin_202112,6,temp_max_l3,0.001396561972796917,0.0013965618563815951
tuberculose,xgboost,origin_202112,6,temp_max_l12,0.0016755949473008513,0.0016755947144702077
tuberculose,xgboost,origin_202112,6,umid_l0,0.0015951503301039338,0.0015951500972732902
tuberculose,xgboost,origin_202112,6,umid_l1,0.0015045164618641138,0.0015045162290334702
tuberculose,xgboost,origin_202112,6,umid_l3,0.0014812751905992627,0.001481274957768619
tuberculose,xgboost,origin_202112,6,umid_l12,0.0014359777560457587,0.001435977639630437
tuberculose,xgboost,origin_202112,6,populacao,0.004652680363506079,0.004652679897844791
tuberculose,xgboost,origin_202112,6,dens_demog,0.0030135854613035917,0.0030135849956423044
tuberculose,xgboost,origin_202112,6,ppc,0.0030889995396137238,0.0030889990739524364
tuberculose,xgboost,origin_202112,6,urbanizacao,0.007134648971259594,0.007134648039937019
tuberculose,xgboost,origin_202112,6,tgt_month,0.0016494840383529663,0.0016494838055223227
tuberculose,xgboost,origin_202112,6,mun_id,0.04677092656493187,0.04677092283964157
tuberculose,lgbm,origin_202112,12,n_tuberculose_l0,80.0,0.013333333333333334
tuberculose,lgbm,origin_202112,12,n_tuberculose_l1,30.0,0.005
tuberculose,lgbm,origin_202112,12,n_tuberculose_l2,44.0,0.007333333333333333
tuberculose,lgbm,origin_202112,12,n_tuberculose_l3,55.0,0.009166666666666667
tuberculose,lgbm,origin_202112,12,n_tuberculose_l6,60.0,0.01
tuberculose,lgbm,origin_202112,12,n_tuberculose_l12,97.0,0.016166666666666666
tuberculose,lgbm,origin_202112,12,n_tuberculose_l13,127.0,0.021166666666666667
tuberculose,lgbm,origin_202112,12,n_tuberculose_r3,109.0,0.018166666666666668
tuberculose,lgbm,origin_202112,12,n_tuberculose_r6,194.0,0.03233333333333333
tuberculose,lgbm,origin_202112,12,n_tuberculose_r12,282.0,0.047
tuberculose,lgbm,origin_202112,12,evapot_l0,108.0,0.018
tuberculose,lgbm,origin_202112,12,evapot_l1,103.0,0.017166666666666667
tuberculose,lgbm,origin_202112,12,evapot_l3,110.0,0.018333333333333333
tuberculose,lgbm,origin_202112,12,evapot_l12,81.0,0.0135
tuberculose,lgbm,origin_202112,12,precip_l0,149.0,0.024833333333333332
tuberculose,lgbm,origin_202112,12,precip_l1,130.0,0.021666666666666667
tuberculose,lgbm,origin_202112,12,precip_l3,136.0,0.02266666666666667
tuberculose,lgbm,origin_202112,12,precip_l12,149.0,0.024833333333333332
tuberculose,lgbm,origin_202112,12,temp_min_l0,136.0,0.02266666666666667
tuberculose,lgbm,origin_202112,12,temp_min_l1,126.0,0.021
tuberculose,lgbm,origin_202112,12,temp_min_l3,149.0,0.024833333333333332
tuberculose,lgbm,origin_202112,12,temp_min_l12,156.0,0.026
tuberculose,lgbm,origin_202112,12,temp_max_l0,74.0,0.012333333333333333
tuberculose,lgbm,origin_202112,12,temp_max_l1,96.0,0.016
tuberculose,lgbm,origin_202112,12,temp_max_l3,144.0,0.024
tuberculose,lgbm,origin_202112,12,temp_max_l12,116.0,0.019333333333333334
tuberculose,lgbm,origin_202112,12,umid_l0,162.0,0.027
tuberculose,lgbm,origin_202112,12,umid_l1,151.0,0.025166666666666667
tuberculose,lgbm,origin_202112,12,umid_l3,145.0,0.024166666666666666
tuberculose,lgbm,origin_202112,12,umid_l12,195.0,0.0325
tuberculose,lgbm,origin_202112,12,populacao,457.0,0.07616666666666666
tuberculose,lgbm,origin_202112,12,dens_demog,260.0,0.043333333333333335
tuberculose,lgbm,origin_202112,12,ppc,668.0,0.11133333333333334
tuberculose,lgbm,origin_202112,12,urbanizacao,401.0,0.06683333333333333
tuberculose,lgbm,origin_202112,12,tgt_month,65.0,0.010833333333333334
tuberculose,lgbm,origin_202112,12,mun_id,455.0,0.07583333333333334
tuberculose,catboost,origin_202112,12,n_tuberculose_l0,3.9686679698772904,0.0396866796987729
tuberculose,catboost,origin_202112,12,n_tuberculose_l1,4.180519788132651,0.04180519788132651
tuberculose,catboost,origin_202112,12,n_tuberculose_l2,2.5419852242337617,0.02541985224233762
tuberculose,catboost,origin_202112,12,n_tuberculose_l3,2.0623908424487443,0.02062390842448744
tuberculose,catboost,origin_202112,12,n_tuberculose_l6,0.8072588951377534,0.008072588951377534
tuberculose,catboost,origin_202112,12,n_tuberculose_l12,2.711365276193833,0.02711365276193833
tuberculose,catboost,origin_202112,12,n_tuberculose_l13,2.984776859489555,0.029847768594895553
tuberculose,catboost,origin_202112,12,n_tuberculose_r3,7.481446899519742,0.07481446899519742
tuberculose,catboost,origin_202112,12,n_tuberculose_r6,10.183367219447154,0.10183367219447154
tuberculose,catboost,origin_202112,12,n_tuberculose_r12,14.388369804936577,0.14388369804936577
tuberculose,catboost,origin_202112,12,evapot_l0,0.3156997896405198,0.0031569978964051983
tuberculose,catboost,origin_202112,12,evapot_l1,0.8210234391792518,0.008210234391792519
tuberculose,catboost,origin_202112,12,evapot_l3,0.522590714553024,0.00522590714553024
tuberculose,catboost,origin_202112,12,evapot_l12,0.44148970759890505,0.00441489707598905
tuberculose,catboost,origin_202112,12,precip_l0,1.1683106291654697,0.011683106291654697
tuberculose,catboost,origin_202112,12,precip_l1,0.5056650199902925,0.005056650199902924
tuberculose,catboost,origin_202112,12,precip_l3,0.5135696475159346,0.005135696475159346
tuberculose,catboost,origin_202112,12,precip_l12,0.6960722727611619,0.006960722727611619
tuberculose,catboost,origin_202112,12,temp_min_l0,0.8309421022232341,0.00830942102223234
tuberculose,catboost,origin_202112,12,temp_min_l1,0.5367377204484954,0.005367377204484955
tuberculose,catboost,origin_202112,12,temp_min_l3,0.9285581587024229,0.009285581587024229
tuberculose,catboost,origin_202112,12,temp_min_l12,0.5294455435321108,0.005294455435321108
tuberculose,catboost,origin_202112,12,temp_max_l0,1.1000830686484153,0.011000830686484154
tuberculose,catboost,origin_202112,12,temp_max_l1,0.6355994854918017,0.006355994854918017
tuberculose,catboost,origin_202112,12,temp_max_l3,0.3812290259243808,0.003812290259243808
tuberculose,catboost,origin_202112,12,temp_max_l12,0.7848846332176755,0.007848846332176756
tuberculose,catboost,origin_202112,12,umid_l0,1.2116176696528134,0.012116176696528133
tuberculose,catboost,origin_202112,12,umid_l1,0.9956279087447895,0.009956279087447895
tuberculose,catboost,origin_202112,12,umid_l3,0.969651567373985,0.00969651567373985
tuberculose,catboost,origin_202112,12,umid_l12,0.73805794471,0.007380579447099999
tuberculose,catboost,origin_202112,12,populacao,6.448207002996705,0.06448207002996705
tuberculose,catboost,origin_202112,12,dens_demog,4.766855896665892,0.04766855896665892
tuberculose,catboost,origin_202112,12,ppc,13.158997595955594,0.13158997595955593
tuberculose,catboost,origin_202112,12,urbanizacao,2.680444513429445,0.026804445134294447
tuberculose,catboost,origin_202112,12,tgt_month,0.04905147586131856,0.0004905147586131857
tuberculose,catboost,origin_202112,12,mun_id,6.959438686599306,0.06959438686599306
tuberculose,xgboost,origin_202112,12,n_tuberculose_l0,0.04564651474356651,0.04564651474356651
tuberculose,xgboost,origin_202112,12,n_tuberculose_l1,0.0011016103671863675,0.0011016103671863675
tuberculose,xgboost,origin_202112,12,n_tuberculose_l2,0.0026905282866209745,0.0026905282866209745
tuberculose,xgboost,origin_202112,12,n_tuberculose_l3,0.006107591092586517,0.006107591092586517
tuberculose,xgboost,origin_202112,12,n_tuberculose_l6,0.005744032096117735,0.005744032096117735
tuberculose,xgboost,origin_202112,12,n_tuberculose_l12,0.004856638610363007,0.004856638610363007
tuberculose,xgboost,origin_202112,12,n_tuberculose_l13,0.010509353131055832,0.010509353131055832
tuberculose,xgboost,origin_202112,12,n_tuberculose_r3,0.06564659625291824,0.06564659625291824
tuberculose,xgboost,origin_202112,12,n_tuberculose_r6,0.39484307169914246,0.39484307169914246
tuberculose,xgboost,origin_202112,12,n_tuberculose_r12,0.27262529730796814,0.27262529730796814
tuberculose,xgboost,origin_202112,12,evapot_l0,0.0010666409507393837,0.0010666409507393837
tuberculose,xgboost,origin_202112,12,evapot_l1,0.0016160319792106748,0.0016160319792106748
tuberculose,xgboost,origin_202112,12,evapot_l3,0.0013831149553880095,0.0013831149553880095
tuberculose,xgboost,origin_202112,12,evapot_l12,0.001564447651617229,0.001564447651617229
tuberculose,xgboost,origin_202112,12,precip_l0,0.0016888017999008298,0.0016888017999008298
tuberculose,xgboost,origin_202112,12,precip_l1,0.0011626894120126963,0.0011626894120126963
tuberculose,xgboost,origin_202112,12,precip_l3,0.0016949934652075171,0.0016949934652075171
tuberculose,xgboost,origin_202112,12,precip_l12,0.0015331691829487681,0.0015331691829487681
tuberculose,xgboost,origin_202112,12,temp_min_l0,0.001564257312566042,0.001564257312566042
tuberculose,xgboost,origin_202112,12,temp_min_l1,0.0013909506378695369,0.0013909506378695369
tuberculose,xgboost,origin_202112,12,temp_min_l3,0.0016675179358571768,0.0016675179358571768
tuberculose,xgboost,origin_202112,12,temp_min_l12,0.0015446323668584228,0.0015446323668584228
tuberculose,xgboost,origin_202112,12,temp_max_l0,0.0018135426798835397,0.0018135426798835397
tuberculose,xgboost,origin_202112,12,temp_max_l1,0.0017157647525891662,0.0017157647525891662
tuberculose,xgboost,origin_202112,12,temp_max_l3,0.001921857357956469,0.001921857357956469
tuberculose,xgboost,origin_202112,12,temp_max_l12,0.001802676124498248,0.001802676124498248
tuberculose,xgboost,origin_202112,12,umid_l0,0.0018147979862987995,0.0018147979862987995
tuberculose,xgboost,origin_202112,12,umid_l1,0.0017731728730723262,0.0017731728730723262
tuberculose,xgboost,origin_202112,12,umid_l3,0.0017174077220261097,0.0017174077220261097
tuberculose,xgboost,origin_202112,12,umid_l12,0.0017378359334543347,0.0017378359334543347
tuberculose,xgboost,origin_202112,12,populacao,0.06853516399860382,0.06853516399860382
tuberculose,xgboost,origin_202112,12,dens_demog,0.005508960224688053,0.005508960224688053
tuberculose,xgboost,origin_202112,12,ppc,0.005724709015339613,0.005724709015339613
tuberculose,xgboost,origin_202112,12,urbanizacao,0.006916575133800507,0.006916575133800507
tuberculose,xgboost,origin_202112,12,tgt_month,0.0017202201997861266,0.0017202201997861266
tuberculose,xgboost,origin_202112,12,mun_id,0.06964878737926483,0.06964878737926483
tuberculose,lgbm,origin_202212,1,n_tuberculose_l0,267.0,0.0445
tuberculose,lgbm,origin_202212,1,n_tuberculose_l1,83.0,0.013833333333333333
tuberculose,lgbm,origin_202212,1,n_tuberculose_l2,87.0,0.0145
tuberculose,lgbm,origin_202212,1,n_tuberculose_l3,96.0,0.016
tuberculose,lgbm,origin_202212,1,n_tuberculose_l6,87.0,0.0145
tuberculose,lgbm,origin_202212,1,n_tuberculose_l12,68.0,0.011333333333333334
tuberculose,lgbm,origin_202212,1,n_tuberculose_l13,91.0,0.015166666666666667
tuberculose,lgbm,origin_202212,1,n_tuberculose_r3,270.0,0.045
tuberculose,lgbm,origin_202212,1,n_tuberculose_r6,265.0,0.04416666666666667
tuberculose,lgbm,origin_202212,1,n_tuberculose_r12,290.0,0.04833333333333333
tuberculose,lgbm,origin_202212,1,evapot_l0,121.0,0.020166666666666666
tuberculose,lgbm,origin_202212,1,evapot_l1,130.0,0.021666666666666667
tuberculose,lgbm,origin_202212,1,evapot_l3,126.0,0.021
tuberculose,lgbm,origin_202212,1,evapot_l12,118.0,0.019666666666666666
tuberculose,lgbm,origin_202212,1,precip_l0,213.0,0.0355
tuberculose,lgbm,origin_202212,1,precip_l1,159.0,0.0265
tuberculose,lgbm,origin_202212,1,precip_l3,240.0,0.04
tuberculose,lgbm,origin_202212,1,precip_l12,163.0,0.027166666666666665
tuberculose,lgbm,origin_202212,1,temp_min_l0,149.0,0.024833333333333332
tuberculose,lgbm,origin_202212,1,temp_min_l1,119.0,0.019833333333333335
tuberculose,lgbm,origin_202212,1,temp_min_l3,196.0,0.03266666666666666
tuberculose,lgbm,origin_202212,1,temp_min_l12,190.0,0.03166666666666667
tuberculose,lgbm,origin_202212,1,temp_max_l0,139.0,0.023166666666666665
tuberculose,lgbm,origin_202212,1,temp_max_l1,124.0,0.020666666666666667
tuberculose,lgbm,origin_202212,1,temp_max_l3,143.0,0.023833333333333335
tuberculose,lgbm,origin_202212,1,temp_max_l12,133.0,0.022166666666666668
tuberculose,lgbm,origin_202212,1,umid_l0,181.0,0.030166666666666668
tuberculose,lgbm,origin_202212,1,umid_l1,157.0,0.026166666666666668
tuberculose,lgbm,origin_202212,1,umid_l3,233.0,0.03883333333333333
tuberculose,lgbm,origin_202212,1,umid_l12,184.0,0.030666666666666665
tuberculose,lgbm,origin_202212,1,populacao,161.0,0.026833333333333334
tuberculose,lgbm,origin_202212,1,dens_demog,100.0,0.016666666666666666
tuberculose,lgbm,origin_202212,1,ppc,265.0,0.04416666666666667
tuberculose,lgbm,origin_202212,1,urbanizacao,83.0,0.013833333333333333
tuberculose,lgbm,origin_202212,1,tgt_month,165.0,0.0275
tuberculose,lgbm,origin_202212,1,mun_id,404.0,0.06733333333333333
tuberculose,catboost,origin_202212,1,n_tuberculose_l0,5.696437294170347,0.056964372941703485
tuberculose,catboost,origin_202212,1,n_tuberculose_l1,3.804604725173906,0.038046047251739074
tuberculose,catboost,origin_202212,1,n_tuberculose_l2,1.9251104358414983,0.01925110435841499
tuberculose,catboost,origin_202212,1,n_tuberculose_l3,0.7527311706559806,0.007527311706559808
tuberculose,catboost,origin_202212,1,n_tuberculose_l6,7.354966762365844,0.07354966762365847
tuberculose,catboost,origin_202212,1,n_tuberculose_l12,1.498796000272232,0.014987960002722324
tuberculose,catboost,origin_202212,1,n_tuberculose_l13,5.454753746910966,0.054547537469109675
tuberculose,catboost,origin_202212,1,n_tuberculose_r3,12.818260760215962,0.12818260760215966
tuberculose,catboost,origin_202212,1,n_tuberculose_r6,19.44530743723638,0.19445307437236387
tuberculose,catboost,origin_202212,1,n_tuberculose_r12,20.11589122909968,0.20115891229099686
tuberculose,catboost,origin_202212,1,evapot_l0,0.37419703350102956,0.0037419703350102967
tuberculose,catboost,origin_202212,1,evapot_l1,0.4018029455662257,0.004018029455662258
tuberculose,catboost,origin_202212,1,evapot_l3,0.32524479403599926,0.0032524479403599938
tuberculose,catboost,origin_202212,1,evapot_l12,0.7022093248925064,0.007022093248925066
tuberculose,catboost,origin_202212,1,precip_l0,1.024696408108148,0.010246964081081483
tuberculose,catboost,origin_202212,1,precip_l1,0.6429332286905223,0.006429332286905225
tuberculose,catboost,origin_202212,1,precip_l3,0.9876682413242468,0.009876682413242471
tuberculose,catboost,origin_202212,1,precip_l12,0.6009584659567967,0.006009584659567969
tuberculose,catboost,origin_202212,1,temp_min_l0,0.583118288154523,0.0058311828815452325
tuberculose,catboost,origin_202212,1,temp_min_l1,0.2924701015379775,0.0029247010153797756
tuberculose,catboost,origin_202212,1,temp_min_l3,0.4490884546196156,0.004490884546196157
tuberculose,catboost,origin_202212,1,temp_min_l12,0.5505152305535538,0.00550515230553554
tuberculose,catboost,origin_202212,1,temp_max_l0,0.516706451692527,0.0051670645169252715
tuberculose,catboost,origin_202212,1,temp_max_l1,0.3594508686076513,0.003594508686076514
tuberculose,catboost,origin_202212,1,temp_max_l3,0.33844465314884303,0.003384446531488431
tuberculose,catboost,origin_202212,1,temp_max_l12,0.47018521801578583,0.004701852180157859
tuberculose,catboost,origin_202212,1,umid_l0,0.6693165358258426,0.006693165358258428
tuberculose,catboost,origin_202212,1,umid_l1,0.5429945167818734,0.005429945167818736
tuberculose,catboost,origin_202212,1,umid_l3,0.7713825433747423,0.007713825433747426
tuberculose,catboost,origin_202212,1,umid_l12,0.42121127117905255,0.004212112711790526
tuberculose,catboost,origin_202212,1,populacao,4.313934708562436,0.04313934708562437
tuberculose,catboost,origin_202212,1,dens_demog,1.2110740569045695,0.012110740569045698
tuberculose,catboost,origin_202212,1,ppc,2.165577584146399,0.021655775841463998
tuberculose,catboost,origin_202212,1,urbanizacao,1.4742575821008768,0.014742575821008772
tuberculose,catboost,origin_202212,1,tgt_month,0.2590884789187165,0.0025908847891871656
tuberculose,catboost,origin_202212,1,mun_id,0.6846134518567366,0.006846134518567368
tuberculose,xgboost,origin_202212,1,n_tuberculose_l0,0.17613469064235687,0.17613470554351807
tuberculose,xgboost,origin_202212,1,n_tuberculose_l1,0.04091649502515793,0.04091649875044823
tuberculose,xgboost,origin_202212,1,n_tuberculose_l2,0.009044785983860493,0.009044786915183067
tuberculose,xgboost,origin_202212,1,n_tuberculose_l3,0.0111209936439991,0.011120994575321674
tuberculose,xgboost,origin_202212,1,n_tuberculose_l6,0.0038186090532690287,0.0038186092860996723
tuberculose,xgboost,origin_202212,1,n_tuberculose_l12,0.0011145329335704446,0.0011145330499857664
tuberculose,xgboost,origin_202212,1,n_tuberculose_l13,0.0017392761074006557,0.0017392762238159776
tuberculose,xgboost,origin_202212,1,n_tuberculose_r3,0.4655718505382538,0.46557188034057617
tuberculose,xgboost,origin_202212,1,n_tuberculose_r6,0.23299120366573334,0.23299121856689453
tuberculose,xgboost,origin_202212,1,n_tuberculose_r12,0.013019838370382786,0.01301983930170536
tuberculose,xgboost,origin_202212,1,evapot_l0,0.001116295694373548,0.0011162958107888699
tuberculose,xgboost,origin_202212,1,evapot_l1,0.0012321571120992303,0.0012321572285145521
tuberculose,xgboost,origin_202212,1,evapot_l3,0.0012088281800970435,0.0012088282965123653
tuberculose,xgboost,origin_202212,1,evapot_l12,0.001339274225756526,0.0013392743421718478
tuberculose,xgboost,origin_202212,1,precip_l0,0.0012796323280781507,0.0012796324444934726
tuberculose,xgboost,origin_202212,1,precip_l1,0.001246415777131915,0.001246415893547237
tuberculose,xgboost,origin_202212,1,precip_l3,0.00145225808955729,0.001452258205972612
tuberculose,xgboost,origin_202212,1,precip_l12,0.0013081663055345416,0.0013081664219498634
tuberculose,xgboost,origin_202212,1,temp_min_l0,0.0013398517621681094,0.0013398518785834312
tuberculose,xgboost,origin_202212,1,temp_min_l1,0.0012967418879270554,0.0012967420043423772
tuberculose,xgboost,origin_202212,1,temp_min_l3,0.0013998326612636447,0.0013998327776789665
tuberculose,xgboost,origin_202212,1,temp_min_l12,0.001326843397691846,0.0013268435141071677
tuberculose,xgboost,origin_202212,1,temp_max_l0,0.0012592390412464738,0.0012592391576617956
tuberculose,xgboost,origin_202212,1,temp_max_l1,0.0013526675757020712,0.001352667692117393
tuberculose,xgboost,origin_202212,1,temp_max_l3,0.001421865075826645,0.0014218651922419667
tuberculose,xgboost,origin_202212,1,temp_max_l12,0.001486260793171823,0.0014862609095871449
tuberculose,xgboost,origin_202212,1,umid_l0,0.001452022697776556,0.0014520228141918778
tuberculose,xgboost,origin_202212,1,umid_l1,0.0012708783615380526,0.0012708784779533744
tuberculose,xgboost,origin_202212,1,umid_l3,0.0014917622320353985,0.0014917623484507203
tuberculose,xgboost,origin_202212,1,umid_l12,0.0013327633496373892,0.001332763466052711
tuberculose,xgboost,origin_202212,1,populacao,0.001594678033143282,0.0015946781495586038
tuberculose,xgboost,origin_202212,1,dens_demog,0.001323902397416532,0.0013239025138318539
tuberculose,xgboost,origin_202212,1,ppc,0.001910755061544478,0.0019107551779597998
tuberculose,xgboost,origin_202212,1,urbanizacao,0.008180475793778896,0.008180476725101471
tuberculose,xgboost,origin_202212,1,tgt_month,0.0018693848978728056,0.0018693850142881274
tuberculose,xgboost,origin_202212,1,mun_id,0.0030346885323524475,0.003034688765183091
tuberculose,lgbm,origin_202212,3,n_tuberculose_l0,269.0,0.044833333333333336
tuberculose,lgbm,origin_202212,3,n_tuberculose_l1,85.0,0.014166666666666666
tuberculose,lgbm,origin_202212,3,n_tuberculose_l2,85.0,0.014166666666666666
tuberculose,lgbm,origin_202212,3,n_tuberculose_l3,64.0,0.010666666666666666
tuberculose,lgbm,origin_202212,3,n_tuberculose_l6,92.0,0.015333333333333332
tuberculose,lgbm,origin_202212,3,n_tuberculose_l12,66.0,0.011
tuberculose,lgbm,origin_202212,3,n_tuberculose_l13,103.0,0.017166666666666667
tuberculose,lgbm,origin_202212,3,n_tuberculose_r3,221.0,0.036833333333333336
tuberculose,lgbm,origin_202212,3,n_tuberculose_r6,258.0,0.043
tuberculose,lgbm,origin_202212,3,n_tuberculose_r12,288.0,0.048
tuberculose,lgbm,origin_202212,3,evapot_l0,115.0,0.019166666666666665
tuberculose,lgbm,origin_202212,3,evapot_l1,106.0,0.017666666666666667
tuberculose,lgbm,origin_202212,3,evapot_l3,136.0,0.02266666666666667
tuberculose,lgbm,origin_202212,3,evapot_l12,101.0,0.016833333333333332
tuberculose,lgbm,origin_202212,3,precip_l0,156.0,0.026
tuberculose,lgbm,origin_202212,3,precip_l1,164.0,0.027333333333333334
tuberculose,lgbm,origin_202212,3,precip_l3,175.0,0.029166666666666667
tuberculose,lgbm,origin_202212,3,precip_l12,191.0,0.03183333333333333
tuberculose,lgbm,origin_202212,3,temp_min_l0,110.0,0.018333333333333333
tuberculose,lgbm,origin_202212,3,temp_min_l1,137.0,0.022833333333333334
tuberculose,lgbm,origin_202212,3,temp_min_l3,124.0,0.020666666666666667
tuberculose,lgbm,origin_202212,3,temp_min_l12,126.0,0.021
tuberculose,lgbm,origin_202212,3,temp_max_l0,120.0,0.02
tuberculose,lgbm,origin_202212,3,temp_max_l1,99.0,0.0165
tuberculose,lgbm,origin_202212,3,temp_max_l3,107.0,0.017833333333333333
tuberculose,lgbm,origin_202212,3,temp_max_l12,129.0,0.0215
tuberculose,lgbm,origin_202212,3,umid_l0,157.0,0.026166666666666668
tuberculose,lgbm,origin_202212,3,umid_l1,252.0,0.042
tuberculose,lgbm,origin_202212,3,umid_l3,204.0,0.034
tuberculose,lgbm,origin_202212,3,umid_l12,186.0,0.031
tuberculose,lgbm,origin_202212,3,populacao,234.0,0.039
tuberculose,lgbm,origin_202212,3,dens_demog,148.0,0.024666666666666667
tuberculose,lgbm,origin_202212,3,ppc,454.0,0.07566666666666666
tuberculose,lgbm,origin_202212,3,urbanizacao,194.0,0.03233333333333333
tuberculose,lgbm,origin_202212,3,tgt_month,120.0,0.02
tuberculose,lgbm,origin_202212,3,mun_id,424.0,0.07066666666666667
tuberculose,catboost,origin_202212,3,n_tuberculose_l0,3.7165859494105966,0.03716585949410597
tuberculose,catboost,origin_202212,3,n_tuberculose_l1,1.190366472887001,0.011903664728870009
tuberculose,catboost,origin_202212,3,n_tuberculose_l2,0.8258991770216948,0.008258991770216948
tuberculose,catboost,origin_202212,3,n_tuberculose_l3,2.0232011364296203,0.020232011364296202
tuberculose,catboost,origin_202212,3,n_tuberculose_l6,0.43400047036794914,0.004340004703679491
tuberculose,catboost,origin_202212,3,n_tuberculose_l12,3.2034429019961723,0.03203442901996172
tuberculose,catboost,origin_202212,3,n_tuberculose_l13,3.474589531605956,0.03474589531605956
tuberculose,catboost,origin_202212,3,n_tuberculose_r3,13.127100782606306,0.13127100782606305
tuberculose,catboost,origin_202212,3,n_tuberculose_r6,14.172070911041592,0.14172070911041593
tuberculose,catboost,origin_202212,3,n_tuberculose_r12,26.786047424027036,0.2678604742402704
tuberculose,catboost,origin_202212,3,evapot_l0,0.7670644851711584,0.007670644851711584
tuberculose,catboost,origin_202212,3,evapot_l1,0.3823552551953029,0.003823552551953029
tuberculose,catboost,origin_202212,3,evapot_l3,0.6364902176444688,0.006364902176444687
tuberculose,catboost,origin_202212,3,evapot_l12,0.4072972120599408,0.004072972120599408
tuberculose,catboost,origin_202212,3,precip_l0,0.6309587811260051,0.0063095878112600515
tuberculose,catboost,origin_202212,3,precip_l1,0.9910002339820085,0.009910002339820085
tuberculose,catboost,origin_202212,3,precip_l3,0.8247699227128176,0.008247699227128176
tuberculose,catboost,origin_202212,3,precip_l12,0.8272064442687511,0.00827206444268751
tuberculose,catboost,origin_202212,3,temp_min_l0,0.41153893785201323,0.0041153893785201325
tuberculose,catboost,origin_202212,3,temp_min_l1,0.7452210821325242,0.007452210821325242
tuberculose,catboost,origin_202212,3,temp_min_l3,0.6439866685308606,0.0064398666853086066
tuberculose,catboost,origin_202212,3,temp_min_l12,0.6787977941698707,0.0067879779416987075
tuberculose,catboost,origin_202212,3,temp_max_l0,0.4331703775815634,0.004331703775815634
tuberculose,catboost,origin_202212,3,temp_max_l1,0.7430761206417987,0.007430761206417987
tuberculose,catboost,origin_202212,3,temp_max_l3,0.6778341297639139,0.006778341297639139
tuberculose,catboost,origin_202212,3,temp_max_l12,0.7484681938344374,0.007484681938344374
tuberculose,catboost,origin_202212,3,umid_l0,1.149391633584427,0.011493916335844269
tuberculose,catboost,origin_202212,3,umid_l1,1.0411361367395557,0.010411361367395558
tuberculose,catboost,origin_202212,3,umid_l3,0.7755229007438162,0.007755229007438163
tuberculose,catboost,origin_202212,3,umid_l12,0.9554816707043003,0.009554816707043003
tuberculose,catboost,origin_202212,3,populacao,4.945007920035549,0.04945007920035548
tuberculose,catboost,origin_202212,3,dens_demog,2.234538828574635,0.022345388285746347
tuberculose,catboost,origin_202212,3,ppc,5.251277020648408,0.05251277020648408
tuberculose,catboost,origin_202212,3,urbanizacao,2.5757752000414786,0.025757752000414788
tuberculose,catboost,origin_202212,3,tgt_month,0.27726153553183785,0.0027726153553183784
tuberculose,catboost,origin_202212,3,mun_id,1.2920665393346225,0.012920665393346225
tuberculose,xgboost,origin_202212,3,n_tuberculose_l0,0.11386970430612564,0.11386970430612564
tuberculose,xgboost,origin_202212,3,n_tuberculose_l1,0.017670411616563797,0.017670411616563797
tuberculose,xgboost,origin_202212,3,n_tuberculose_l2,0.00349368411116302,0.00349368411116302
tuberculose,xgboost,origin_202212,3,n_tuberculose_l3,0.001562083256430924,0.001562083256430924
tuberculose,xgboost,origin_202212,3,n_tuberculose_l6,0.0024636294692754745,0.0024636294692754745
tuberculose,xgboost,origin_202212,3,n_tuberculose_l12,0.002133873524144292,0.002133873524144292
tuberculose,xgboost,origin_202212,3,n_tuberculose_l13,0.008732354268431664,0.008732354268431664
tuberculose,xgboost,origin_202212,3,n_tuberculose_r3,0.44540753960609436,0.44540753960609436
tuberculose,xgboost,origin_202212,3,n_tuberculose_r6,0.3145892024040222,0.3145892024040222
tuberculose,xgboost,origin_202212,3,n_tuberculose_r12,0.028239687904715538,0.028239687904715538
tuberculose,xgboost,origin_202212,3,evapot_l0,0.0012152506969869137,0.0012152506969869137
tuberculose,xgboost,origin_202212,3,evapot_l1,0.0011789909331128001,0.0011789909331128001
tuberculose,xgboost,origin_202212,3,evapot_l3,0.0013072487199679017,0.0013072487199679017
tuberculose,xgboost,origin_202212,3,evapot_l12,0.001271959743462503,0.001271959743462503
tuberculose,xgboost,origin_202212,3,precip_l0,0.001323322532698512,0.001323322532698512
tuberculose,xgboost,origin_202212,3,precip_l1,0.0015082636382430792,0.0015082636382430792
tuberculose,xgboost,origin_202212,3,precip_l3,0.0012666922993957996,0.0012666922993957996
tuberculose,xgboost,origin_202212,3,precip_l12,0.0014422766398638487,0.0014422766398638487
tuberculose,xgboost,origin_202212,3,temp_min_l0,0.0013627208536490798,0.0013627208536490798
tuberculose,xgboost,origin_202212,3,temp_min_l1,0.0014419319340959191,0.0014419319340959191
tuberculose,xgboost,origin_202212,3,temp_min_l3,0.0013348874635994434,0.0013348874635994434
tuberculose,xgboost,origin_202212,3,temp_min_l12,0.0017520665423944592,0.0017520665423944592
tuberculose,xgboost,origin_202212,3,temp_max_l0,0.0013058928307145834,0.0013058928307145834
tuberculose,xgboost,origin_202212,3,temp_max_l1,0.0013053399743512273,0.0013053399743512273
tuberculose,xgboost,origin_202212,3,temp_max_l3,0.0012275752378627658,0.0012275752378627658
tuberculose,xgboost,origin_202212,3,temp_max_l12,0.0015498081920668483,0.0015498081920668483
tuberculose,xgboost,origin_202212,3,umid_l0,0.0013648616150021553,0.0013648616150021553
tuberculose,xgboost,origin_202212,3,umid_l1,0.0015507868956774473,0.0015507868956774473
tuberculose,xgboost,origin_202212,3,umid_l3,0.0014490855392068624,0.0014490855392068624
tuberculose,xgboost,origin_202212,3,umid_l12,0.0013747136108577251,0.0013747136108577251
tuberculose,xgboost,origin_202212,3,populacao,0.006485240999609232,0.006485240999609232
tuberculose,xgboost,origin_202212,3,dens_demog,0.0019254967337474227,0.0019254967337474227
tuberculose,xgboost,origin_202212,3,ppc,0.002553052268922329,0.002553052268922329
tuberculose,xgboost,origin_202212,3,urbanizacao,0.007514940574765205,0.007514940574765205
tuberculose,xgboost,origin_202212,3,tgt_month,0.0016933046281337738,0.0016933046281337738
tuberculose,xgboost,origin_202212,3,mun_id,0.014132117852568626,0.014132117852568626
tuberculose,lgbm,origin_202212,6,n_tuberculose_l0,132.0,0.022
tuberculose,lgbm,origin_202212,6,n_tuberculose_l1,67.0,0.011166666666666667
tuberculose,lgbm,origin_202212,6,n_tuberculose_l2,54.0,0.009
tuberculose,lgbm,origin_202212,6,n_tuberculose_l3,56.0,0.009333333333333334
tuberculose,lgbm,origin_202212,6,n_tuberculose_l6,67.0,0.011166666666666667
tuberculose,lgbm,origin_202212,6,n_tuberculose_l12,75.0,0.0125
tuberculose,lgbm,origin_202212,6,n_tuberculose_l13,133.0,0.022166666666666668
tuberculose,lgbm,origin_202212,6,n_tuberculose_r3,229.0,0.03816666666666667
tuberculose,lgbm,origin_202212,6,n_tuberculose_r6,204.0,0.034
tuberculose,lgbm,origin_202212,6,n_tuberculose_r12,291.0,0.0485
tuberculose,lgbm,origin_202212,6,evapot_l0,85.0,0.014166666666666666
tuberculose,lgbm,origin_202212,6,evapot_l1,100.0,0.016666666666666666
tuberculose,lgbm,origin_202212,6,evapot_l3,152.0,0.025333333333333333
tuberculose,lgbm,origin_202212,6,evapot_l12,115.0,0.019166666666666665
tuberculose,lgbm,origin_202212,6,precip_l0,117.0,0.0195
tuberculose,lgbm,origin_202212,6,precip_l1,144.0,0.024
tuberculose,lgbm,origin_202212,6,precip_l3,119.0,0.019833333333333335
tuberculose,lgbm,origin_202212,6,precip_l12,178.0,0.029666666666666668
tuberculose,lgbm,origin_202212,6,temp_min_l0,130.0,0.021666666666666667
tuberculose,lgbm,origin_202212,6,temp_min_l1,120.0,0.02
tuberculose,lgbm,origin_202212,6,temp_min_l3,155.0,0.025833333333333333
tuberculose,lgbm,origin_202212,6,temp_min_l12,118.0,0.019666666666666666
tuberculose,lgbm,origin_202212,6,temp_max_l0,106.0,0.017666666666666667
tuberculose,lgbm,origin_202212,6,temp_max_l1,105.0,0.0175
tuberculose,lgbm,origin_202212,6,temp_max_l3,148.0,0.024666666666666667
tuberculose,lgbm,origin_202212,6,temp_max_l12,150.0,0.025
tuberculose,lgbm,origin_202212,6,umid_l0,183.0,0.0305
tuberculose,lgbm,origin_202212,6,umid_l1,148.0,0.024666666666666667
tuberculose,lgbm,origin_202212,6,umid_l3,172.0,0.028666666666666667
tuberculose,lgbm,origin_202212,6,umid_l12,170.0,0.028333333333333332
tuberculose,lgbm,origin_202212,6,populacao,316.0,0.05266666666666667
tuberculose,lgbm,origin_202212,6,dens_demog,272.0,0.04533333333333334
tuberculose,lgbm,origin_202212,6,ppc,572.0,0.09533333333333334
tuberculose,lgbm,origin_202212,6,urbanizacao,219.0,0.0365
tuberculose,lgbm,origin_202212,6,tgt_month,107.0,0.017833333333333333
tuberculose,lgbm,origin_202212,6,mun_id,491.0,0.08183333333333333
tuberculose,catboost,origin_202212,6,n_tuberculose_l0,3.593171034908889,0.03593171034908889
tuberculose,catboost,origin_202212,6,n_tuberculose_l1,1.3023894175697635,0.013023894175697635
tuberculose,catboost,origin_202212,6,n_tuberculose_l2,5.531426412030721,0.05531426412030721
tuberculose,catboost,origin_202212,6,n_tuberculose_l3,1.1360707615502101,0.011360707615502102
tuberculose,catboost,origin_202212,6,n_tuberculose_l6,1.6584208260751347,0.016584208260751347
tuberculose,catboost,origin_202212,6,n_tuberculose_l12,6.202498252876924,0.06202498252876924
tuberculose,catboost,origin_202212,6,n_tuberculose_l13,1.2147736722740505,0.012147736722740506
tuberculose,catboost,origin_202212,6,n_tuberculose_r3,19.363726429258964,0.19363726429258965
tuberculose,catboost,origin_202212,6,n_tuberculose_r6,14.500240518442626,0.14500240518442625
tuberculose,catboost,origin_202212,6,n_tuberculose_r12,10.826211358199254,0.10826211358199254
tuberculose,catboost,origin_202212,6,evapot_l0,0.4170225551569501,0.004170225551569501
tuberculose,catboost,origin_202212,6,evapot_l1,0.7226630736388105,0.007226630736388105
tuberculose,catboost,origin_202212,6,evapot_l3,1.0168817246886883,0.010168817246886883
tuberculose,catboost,origin_202212,6,evapot_l12,0.5017076688049417,0.005017076688049417
tuberculose,catboost,origin_202212,6,precip_l0,0.8809914022273875,0.008809914022273874
tuberculose,catboost,origin_202212,6,precip_l1,0.5562181226799979,0.005562181226799979
tuberculose,catboost,origin_202212,6,precip_l3,0.5396664300788261,0.005396664300788261
tuberculose,catboost,origin_202212,6,precip_l12,0.9056133347992861,0.009056133347992861
tuberculose,catboost,origin_202212,6,temp_min_l0,0.47652741990604813,0.0047652741990604815
tuberculose,catboost,origin_202212,6,temp_min_l1,0.7462427334684739,0.007462427334684739
tuberculose,catboost,origin_202212,6,temp_min_l3,0.7042334047949063,0.007042334047949062
tuberculose,catboost,origin_202212,6,temp_min_l12,0.45183842925384726,0.004518384292538473
tuberculose,catboost,origin_202212,6,temp_max_l0,0.6082062445456017,0.006082062445456017
tuberculose,catboost,origin_202212,6,temp_max_l1,0.642114562019696,0.006421145620196959
tuberculose,catboost,origin_202212,6,temp_max_l3,0.6861459998196817,0.006861459998196817
tuberculose,catboost,origin_202212,6,temp_max_l12,0.6001221713458142,0.0060012217134581426
tuberculose,catboost,origin_202212,6,umid_l0,1.1342387374179392,0.011342387374179393
tuberculose,catboost,origin_202212,6,umid_l1,0.9011191590856837,0.009011191590856837
tuberculose,catboost,origin_202212,6,umid_l3,1.2081758672492076,0.012081758672492076
tuberculose,catboost,origin_202212,6,umid_l12,0.8868277087830864,0.008868277087830863
tuberculose,catboost,origin_202212,6,populacao,4.276685411571437,0.04276685411571437
tuberculose,catboost,origin_202212,6,dens_demog,2.803790092261954,0.028037900922619537
tuberculose,catboost,origin_202212,6,ppc,7.166177423202499,0.071661774232025
tuberculose,catboost,origin_202212,6,urbanizacao,2.886508242236115,0.028865082422361146
tuberculose,catboost,origin_202212,6,tgt_month,0.18396939992147274,0.0018396939992147273
tuberculose,catboost,origin_202212,6,mun_id,2.7673839978550996,0.027673839978550996
tuberculose,xgboost,origin_202212,6,n_tuberculose_l0,0.053984664380550385,0.05398465320467949
tuberculose,xgboost,origin_202212,6,n_tuberculose_l1,0.05171336233615875,0.05171335116028786
tuberculose,xgboost,origin_202212,6,n_tuberculose_l2,0.0010650441981852055,0.0010650439653545618
tuberculose,xgboost,origin_202212,6,n_tuberculose_l3,0.008260959759354591,0.008260957896709442
tuberculose,xgboost,origin_202212,6,n_tuberculose_l6,0.0017773543950170279,0.0017773539293557405
tuberculose,xgboost,origin_202212,6,n_tuberculose_l12,0.0029126720037311316,0.0029126713052392006
tuberculose,xgboost,origin_202212,6,n_tuberculose_l13,0.008555601350963116,0.008555599488317966
tuberculose,xgboost,origin_202212,6,n_tuberculose_r3,0.41523680090904236,0.4152367115020752
tuberculose,xgboost,origin_202212,6,n_tuberculose_r6,0.31846871972084045,0.3184686303138733
tuberculose,xgboost,origin_202212,6,n_tuberculose_r12,0.05977778136730194,0.05977776646614075
tuberculose,xgboost,origin_202212,6,evapot_l0,0.001144113950431347,0.0011441137176007032
tuberculose,xgboost,origin_202212,6,evapot_l1,0.0012658812338486314,0.001265880884602666
tuberculose,xgboost,origin_202212,6,evapot_l3,0.0013479598565027118,0.0013479595072567463
tuberculose,xgboost,origin_202212,6,evapot_l12,0.001196591998450458,0.0011965917656198144
tuberculose,xgboost,origin_202212,6,precip_l0,0.0011247568763792515,0.0011247566435486078
tuberculose,xgboost,origin_202212,6,precip_l1,0.0011997512774541974,0.0011997510446235538
tuberculose,xgboost,origin_202212,6,precip_l3,0.0011583055602386594,0.0011583053274080157
tuberculose,xgboost,origin_202212,6,precip_l12,0.0014464578125625849,0.0014464574633166194
tuberculose,xgboost,origin_202212,6,temp_min_l0,0.0012962095206603408,0.0012962091714143753
tuberculose,xgboost,origin_202212,6,temp_min_l1,0.0012151604751124978,0.0012151602422818542
tuberculose,xgboost,origin_202212,6,temp_min_l3,0.0014567617326974869,0.0014567613834515214
tuberculose,xgboost,origin_202212,6,temp_min_l12,0.00150800752453506,0.0015080071752890944
tuberculose,xgboost,origin_202212,6,temp_max_l0,0.0013154855696484447,0.0013154852204024792
tuberculose,xgboost,origin_202212,6,temp_max_l1,0.0012396159581840038,0.0012396156089380383
tuberculose,xgboost,origin_202212,6,temp_max_l3,0.0014289398677647114,0.001428939518518746
tuberculose,xgboost,origin_202212,6,temp_max_l12,0.001516201184131205,0.0015162008348852396
tuberculose,xgboost,origin_202212,6,umid_l0,0.0014444987755268812,0.0014444984262809157
tuberculose,xgboost,origin_202212,6,umid_l1,0.0012811691267415881,0.0012811687774956226
tuberculose,xgboost,origin_202212,6,umid_l3,0.0014030752936378121,0.0014030749443918467
tuberculose,xgboost,origin_202212,6,umid_l12,0.001419658656232059,0.0014196583069860935
tuberculose,xgboost,origin_202212,6,populacao,0.004213005769997835,0.0042130048386752605
tuberculose,xgboost,origin_202212,6,dens_demog,0.00214847968891263,0.0021484792232513428
tuberculose,xgboost,origin_202212,6,ppc,0.0032271184027194977,0.0032271177042275667
tuberculose,xgboost,origin_202212,6,urbanizacao,0.006421459373086691,0.006421457976102829
tuberculose,xgboost,origin_202212,6,tgt_month,0.0015137544833123684,0.001513754134066403
tuberculose,xgboost,origin_202212,6,mun_id,0.03431478142738342,0.034314773976802826
tuberculose,lgbm,origin_202212,12,n_tuberculose_l0,78.0,0.013
tuberculose,lgbm,origin_202212,12,n_tuberculose_l1,50.0,0.008333333333333333
tuberculose,lgbm,origin_202212,12,n_tuberculose_l2,25.0,0.004166666666666667
tuberculose,lgbm,origin_202212,12,n_tuberculose_l3,33.0,0.0055
tuberculose,lgbm,origin_202212,12,n_tuberculose_l6,57.0,0.0095
tuberculose,lgbm,origin_202212,12,n_tuberculose_l12,112.0,0.018666666666666668
tuberculose,lgbm,origin_202212,12,n_tuberculose_l13,115.0,0.019166666666666665
tuberculose,lgbm,origin_202212,12,n_tuberculose_r3,120.0,0.02
tuberculose,lgbm,origin_202212,12,n_tuberculose_r6,213.0,0.0355
tuberculose,lgbm,origin_202212,12,n_tuberculose_r12,280.0,0.04666666666666667
tuberculose,lgbm,origin_202212,12,evapot_l0,85.0,0.014166666666666666
tuberculose,lgbm,origin_202212,12,evapot_l1,81.0,0.0135
tuberculose,lgbm,origin_202212,12,evapot_l3,94.0,0.015666666666666666
tuberculose,lgbm,origin_202212,12,evapot_l12,109.0,0.018166666666666668
tuberculose,lgbm,origin_202212,12,precip_l0,171.0,0.0285
tuberculose,lgbm,origin_202212,12,precip_l1,118.0,0.019666666666666666
tuberculose,lgbm,origin_202212,12,precip_l3,144.0,0.024
tuberculose,lgbm,origin_202212,12,precip_l12,180.0,0.03
tuberculose,lgbm,origin_202212,12,temp_min_l0,153.0,0.0255
tuberculose,lgbm,origin_202212,12,temp_min_l1,125.0,0.020833333333333332
tuberculose,lgbm,origin_202212,12,temp_min_l3,162.0,0.027
tuberculose,lgbm,origin_202212,12,temp_min_l12,148.0,0.024666666666666667
tuberculose,lgbm,origin_202212,12,temp_max_l0,100.0,0.016666666666666666
tuberculose,lgbm,origin_202212,12,temp_max_l1,110.0,0.018333333333333333
tuberculose,lgbm,origin_202212,12,temp_max_l3,119.0,0.019833333333333335
tuberculose,lgbm,origin_202212,12,temp_max_l12,129.0,0.0215
tuberculose,lgbm,origin_202212,12,umid_l0,142.0,0.023666666666666666
tuberculose,lgbm,origin_202212,12,umid_l1,146.0,0.024333333333333332
tuberculose,lgbm,origin_202212,12,umid_l3,145.0,0.024166666666666666
tuberculose,lgbm,origin_202212,12,umid_l12,164.0,0.027333333333333334
tuberculose,lgbm,origin_202212,12,populacao,408.0,0.068
tuberculose,lgbm,origin_202212,12,dens_demog,325.0,0.05416666666666667
tuberculose,lgbm,origin_202212,12,ppc,658.0,0.10966666666666666
tuberculose,lgbm,origin_202212,12,urbanizacao,387.0,0.0645
tuberculose,lgbm,origin_202212,12,tgt_month,75.0,0.0125
tuberculose,lgbm,origin_202212,12,mun_id,439.0,0.07316666666666667
tuberculose,catboost,origin_202212,12,n_tuberculose_l0,2.133298956846363,0.02133298956846362
tuberculose,catboost,origin_202212,12,n_tuberculose_l1,3.5168443082162533,0.03516844308216252
tuberculose,catboost,origin_202212,12,n_tuberculose_l2,1.5974424157865064,0.015974424157865055
tuberculose,catboost,origin_202212,12,n_tuberculose_l3,1.2220033310309344,0.012220033310309339
tuberculose,catboost,origin_202212,12,n_tuberculose_l6,0.6400676898910174,0.006400676898910171
tuberculose,catboost,origin_202212,12,n_tuberculose_l12,2.1811614354754836,0.021811614354754826
tuberculose,catboost,origin_202212,12,n_tuberculose_l13,2.6995474982244456,0.026995474982244444
tuberculose,catboost,origin_202212,12,n_tuberculose_r3,8.292995628924235,0.08292995628924231
tuberculose,catboost,origin_202212,12,n_tuberculose_r6,10.016683326469613,0.10016683326469608
tuberculose,catboost,origin_202212,12,n_tuberculose_r12,20.648346955325444,0.20648346955325436
tuberculose,catboost,origin_202212,12,evapot_l0,0.4105808546630894,0.004105808546630892
tuberculose,catboost,origin_202212,12,evapot_l1,0.41858960988071514,0.00418589609880715
tuberculose,catboost,origin_202212,12,evapot_l3,0.4412726435498784,0.004412726435498782
tuberculose,catboost,origin_202212,12,evapot_l12,0.4790354988823237,0.004790354988823235
tuberculose,catboost,origin_202212,12,precip_l0,1.0662839857497586,0.010662839857497582
tuberculose,catboost,origin_202212,12,precip_l1,0.5381143292528323,0.005381143292528321
tuberculose,catboost,origin_202212,12,precip_l3,0.4998650626468478,0.004998650626468476
tuberculose,catboost,origin_202212,12,precip_l12,0.6941954465125272,0.006941954465125269
tuberculose,catboost,origin_202212,12,temp_min_l0,0.604007946544019,0.0060400794654401875
tuberculose,catboost,origin_202212,12,temp_min_l1,0.8637530057260462,0.008637530057260458
tuberculose,catboost,origin_202212,12,temp_min_l3,0.8767224551426771,0.008767224551426768
tuberculose,catboost,origin_202212,12,temp_min_l12,0.4560470357864202,0.0045604703578642
tuberculose,catboost,origin_202212,12,temp_max_l0,0.6918910898215427,0.006918910898215424
tuberculose,catboost,origin_202212,12,temp_max_l1,0.7873471077629801,0.007873471077629798
tuberculose,catboost,origin_202212,12,temp_max_l3,0.549749040547339,0.005497490405473387
tuberculose,catboost,origin_202212,12,temp_max_l12,0.8857428010753354,0.00885742801075335
tuberculose,catboost,origin_202212,12,umid_l0,0.6511562719179864,0.006511562719179862
tuberculose,catboost,origin_202212,12,umid_l1,0.7534095621441332,0.007534095621441329
tuberculose,catboost,origin_202212,12,umid_l3,0.8464597070149373,0.00846459707014937
tuberculose,catboost,origin_202212,12,umid_l12,0.5908375269555104,0.005908375269555102
tuberculose,catboost,origin_202212,12,populacao,5.801636210744762,0.0580163621074476
tuberculose,catboost,origin_202212,12,dens_demog,5.798396269026691,0.057983962690266885
tuberculose,catboost,origin_202212,12,ppc,12.608743780200223,0.12608743780200218
tuberculose,catboost,origin_202212,12,urbanizacao,4.357235609516445,0.043572356095164425
tuberculose,catboost,origin_202212,12,tgt_month,0.31680041004874104,0.003168004100487409
tuberculose,catboost,origin_202212,12,mun_id,5.063735192695964,0.050637351926959624
tuberculose,xgboost,origin_202212,12,n_tuberculose_l0,0.032080668956041336,0.032080672681331635
tuberculose,xgboost,origin_202212,12,n_tuberculose_l1,0.0007699650013819337,0.0007699651177972555
tuberculose,xgboost,origin_202212,12,n_tuberculose_l2,0.002887546783313155,0.002887547016143799
tuberculose,xgboost,origin_202212,12,n_tuberculose_l3,0.003030829830095172,0.0030308302957564592
tuberculose,xgboost,origin_202212,12,n_tuberculose_l6,0.0019704378210008144,0.001970438053831458
tuberculose,xgboost,origin_202212,12,n_tuberculose_l12,0.0036573209799826145,0.003657321445643902
tuberculose,xgboost,origin_202212,12,n_tuberculose_l13,0.009953632950782776,0.00995363388210535
tuberculose,xgboost,origin_202212,12,n_tuberculose_r3,0.07238740473985672,0.07238741219043732
tuberculose,xgboost,origin_202212,12,n_tuberculose_r6,0.44040244817733765,0.4404025077819824
tuberculose,xgboost,origin_202212,12,n_tuberculose_r12,0.2781122922897339,0.2781123220920563
tuberculose,xgboost,origin_202212,12,evapot_l0,0.0009490405791439116,0.0009490406955592334
tuberculose,xgboost,origin_202212,12,evapot_l1,0.0013078690972179174,0.0013078692136332393
tuberculose,xgboost,origin_202212,12,evapot_l3,0.0012310920283198357,0.0012310921447351575
tuberculose,xgboost,origin_202212,12,evapot_l12,0.001388975651934743,0.0013889757683500648
tuberculose,xgboost,origin_202212,12,precip_l0,0.0014253058470785618,0.0014253059634938836
tuberculose,xgboost,origin_202212,12,precip_l1,0.0011517286766320467,0.0011517287930473685
tuberculose,xgboost,origin_202212,12,precip_l3,0.0015499887522310019,0.0015499889850616455
tuberculose,xgboost,origin_202212,12,precip_l12,0.0015533356927335262,0.0015533359255641699
tuberculose,xgboost,origin_202212,12,temp_min_l0,0.0015094284899532795,0.0015094287227839231
tuberculose,xgboost,origin_202212,12,temp_min_l1,0.0011130537604913116,0.0011130538769066334
tuberculose,xgboost,origin_202212,12,temp_min_l3,0.0014892206527292728,0.0014892208855599165
tuberculose,xgboost,origin_202212,12,temp_min_l12,0.001526207779534161,0.0015262080123648047
tuberculose,xgboost,origin_202212,12,temp_max_l0,0.0016398780280724168,0.0016398782609030604
tuberculose,xgboost,origin_202212,12,temp_max_l1,0.0016431406838819385,0.0016431409167125821
tuberculose,xgboost,origin_202212,12,temp_max_l3,0.0015656208852306008,0.0015656211180612445
tuberculose,xgboost,origin_202212,12,temp_max_l12,0.0020227977074682713,0.002022797940298915
tuberculose,xgboost,origin_202212,12,umid_l0,0.001803822466172278,0.0018038226990029216
tuberculose,xgboost,origin_202212,12,umid_l1,0.0015543077606707811,0.0015543079935014248
tuberculose,xgboost,origin_202212,12,umid_l3,0.0015486428746953607,0.0015486431075260043
tuberculose,xgboost,origin_202212,12,umid_l12,0.0015220165951177478,0.0015220168279483914
tuberculose,xgboost,origin_202212,12,populacao,0.0052795615047216415,0.005279561970382929
tuberculose,xgboost,origin_202212,12,dens_demog,0.006219710689038038,0.006219711620360613
tuberculose,xgboost,origin_202212,12,ppc,0.005671870429068804,0.005671870894730091
tuberculose,xgboost,origin_202212,12,urbanizacao,0.0055161649361252785,0.005516165401786566
tuberculose,xgboost,origin_202212,12,tgt_month,0.0015929208602756262,0.0015929210931062698
tuberculose,xgboost,origin_202212,12,mun_id,0.10097167640924454,0.10097169131040573
